name,gdb_subset_index,formula,natoms,n_freq,freq_mode_status,n_freq_positive,n_freq_zero,n_freq_negative,smiles_match,inchi_match,has_comment
dsC7O2H10nsd_0001.xyz,1,"(('Br', 0), ('C', 7), ('Cl', 0), ('F', 0), ('H', 10), ('I', 0), ('N', 0), ('O', 2), ('S', 0))",19,51,complete,51,0,0,False,True,True
dsC7O2H10nsd_0002.xyz,2,"(('Br', 0), ('C', 7), ('Cl', 0), ('F', 0), ('H', 10), ('I', 0), ('N', 0), ('O', 2), ('S', 0))",19,51,complete,51,0,0,False,True,True
dsC7O2H10nsd_0003.xyz,3,"(('Br', 0), ('C', 7), ('Cl', 0), ('F', 0), ('H', 10), ('I', 0), ('N', 0), ('O', 2), ('S', 0))",19,51,complete,51,0,0,False,True,True
dsC7O2H10nsd_0004.xyz,4,"(('Br', 0), ('C', 7), ('Cl', 0), ('F', 0), ('H', 10), ('I', 0), ('N', 0), ('O', 2), ('S', 0))",19,51,complete,51,0,0,False,False,True
dsC7O2H10nsd_0005.xyz,5,"(('Br', 0), ('C', 7), ('Cl', 0), ('F', 0), ('H', 10), ('I', 0), ('N', 0), ('O', 2), ('S', 0))",19,51,complete,51,0,0,False,False,True
dsC7O2H10nsd_0006.xyz,6,"(('Br', 0), ('C', 7), ('Cl', 0), ('F', 0), ('H', 10), ('I', 0), ('N', 0), ('O', 2), ('S', 0))",19,51,complete,51,0,0,False,True,True
dsC7O2H10nsd_0007.xyz,7,"(('Br', 0), ('C', 7), ('Cl', 0), ('F', 0), ('H', 10), ('I', 0), ('N', 0), ('O', 2), ('S', 0))",19,51,complete,51,0,0,False,False,True
dsC7O2H10nsd_0008.xyz,8,"(('Br', 0), ('C', 7), ('Cl', 0), ('F', 0), ('H', 10), ('I', 0), ('N', 0), ('O', 2), ('S', 0))",19,51,complete,51,0,0,False,False,True
dsC7O2H10nsd_0009.xyz,9,"(('Br', 0), ('C', 7), ('Cl', 0), ('F', 0), ('H', 10), ('I', 0), ('N', 0), ('O', 2), ('S', 0))",19,51,complete,51,0,0,False,False,True
dsC7O2H10nsd_0010.xyz,10,"(('Br', 0), ('C', 7), ('Cl', 0), ('F', 0), ('H', 10), ('I', 0), ('N', 0), ('O', 2), ('S', 0))",19,51,complete,51,0,0,False,False,True
dsC7O2H10nsd_0011.xyz,11,"(('Br', 0), ('C', 7), ('Cl', 0), ('F', 0), ('H', 10), ('I', 0), ('N', 0), ('O', 2), ('S', 0))",19,102,incomplete_count,102,0,0,False,True,True
dsC7O2H10nsd_0012.xyz,12,"(('Br', 0), ('C', 7), ('Cl', 0), ('F', 0), ('H', 10), ('I', 0), ('N', 0), ('O', 2), ('S', 0))",19,51,complete,51,0,0,False,False,True
dsC7O2H10nsd_0013.xyz,13,"(('Br', 0), ('C', 7), ('Cl', 0), ('F', 0), ('H', 10), ('I', 0), ('N', 0), ('O', 2), ('S', 0))",19,51,complete,51,0,0,False,True,True
dsC7O2H10nsd_0014.xyz,14,"(('Br', 0), ('C', 7), ('Cl', 0), ('F', 0), ('H', 10), ('I', 0), ('N', 0), ('O', 2), ('S', 0))",19,51,complete,51,0,0,False,False,True
dsC7O2H10nsd_0015.xyz,15,"(('Br', 0), ('C', 7), ('Cl', 0), ('F', 0), ('H', 10), ('I', 0), ('N', 0), ('O', 2), ('S', 0))",19,51,complete,51,0,0,False,True,True
dsC7O2H10nsd_0016.xyz,16,"(('Br', 0), ('C', 7), ('Cl', 0), ('F', 0), ('H', 10), ('I', 0), ('N', 0), ('O', 2), ('S', 0))",19,51,complete,51,0,0,False,False,True
dsC7O2H10nsd_0017.xyz,17,"(('Br', 0), ('C', 7), ('Cl', 0), ('F', 0), ('H', 10), ('I', 0), ('N', 0), ('O', 2), ('S', 0))",19,51,complete,51,0,0,False,False,True
dsC7O2H10nsd_0018.xyz,18,"(('Br', 0), ('C', 7), ('Cl', 0), ('F', 0), ('H', 10), ('I', 0), ('N', 0), ('O', 2), ('S', 0))",19,51,complete,51,0,0,False,False,True
dsC7O2H10nsd_0019.xyz,19,"(('Br', 0), ('C', 7), ('Cl', 0), ('F', 0), ('H', 10), ('I', 0), ('N', 0), ('O', 2), ('S', 0))",19,51,complete,51,0,0,False,False,True
dsC7O2H10nsd_0020.xyz,20,"(('Br', 0), ('C', 7), ('Cl', 0), ('F', 0), ('H', 10), ('I', 0), ('N', 0), ('O', 2), ('S', 0))",19,51,complete,51,0,0,False,False,True
dsC7O2H10nsd_0021.xyz,21,"(('Br', 0), ('C', 7), ('Cl', 0), ('F', 0), ('H', 10), ('I', 0), ('N', 0), ('O', 2), ('S', 0))",19,51,complete,51,0,0,False,False,True
dsC7O2H10nsd_0022.xyz,22,"(('Br', 0), ('C', 7), ('Cl', 0), ('F', 0), ('H', 10), ('I', 0), ('N', 0), ('O', 2), ('S', 0))",19,51,complete,51,0,0,False,True,True
dsC7O2H10nsd_0023.xyz,23,"(('Br', 0), ('C', 7), ('Cl', 0), ('F', 0), ('H', 10), ('I', 0), ('N', 0), ('O', 2), ('S', 0))",19,51,complete,51,0,0,False,True,True
dsC7O2H10nsd_0024.xyz,24,"(('Br', 0), ('C', 7), ('Cl', 0), ('F', 0), ('H', 10), ('I', 0), ('N', 0), ('O', 2), ('S', 0))",19,102,incomplete_count,102,0,0,False,True,True
dsC7O2H10nsd_0025.xyz,25,"(('Br', 0), ('C', 7), ('Cl', 0), ('F', 0), ('H', 10), ('I', 0), ('N', 0), ('O', 2), ('S', 0))",19,51,complete,51,0,0,False,True,True
dsC7O2H10nsd_0026.xyz,26,"(('Br', 0), ('C', 7), ('Cl', 0), ('F', 0), ('H', 10), ('I', 0), ('N', 0), ('O', 2), ('S', 0))",19,51,complete,51,0,0,False,True,True
dsC7O2H10nsd_0027.xyz,27,"(('Br', 0), ('C', 7), ('Cl', 0), ('F', 0), ('H', 10), ('I', 0), ('N', 0), ('O', 2), ('S', 0))",19,51,complete,51,0,0,False,True,True
dsC7O2H10nsd_0028.xyz,28,"(('Br', 0), ('C', 7), ('Cl', 0), ('F', 0), ('H', 10), ('I', 0), ('N', 0), ('O', 2), ('S', 0))",19,51,complete,51,0,0,False,True,True
dsC7O2H10nsd_0029.xyz,29,"(('Br', 0), ('C', 7), ('Cl', 0), ('F', 0), ('H', 10), ('I', 0), ('N', 0), ('O', 2), ('S', 0))",19,51,complete,51,0,0,False,True,True
dsC7O2H10nsd_0030.xyz,30,"(('Br', 0), ('C', 7), ('Cl', 0), ('F', 0), ('H', 10), ('I', 0), ('N', 0), ('O', 2), ('S', 0))",19,51,complete,51,0,0,False,True,True
dsC7O2H10nsd_0031.xyz,31,"(('Br', 0), ('C', 7), ('Cl', 0), ('F', 0), ('H', 10), ('I', 0), ('N', 0), ('O', 2), ('S', 0))",19,51,complete,51,0,0,False,True,True
dsC7O2H10nsd_0032.xyz,32,"(('Br', 0), ('C', 7), ('Cl', 0), ('F', 0), ('H', 10), ('I', 0), ('N', 0), ('O', 2), ('S', 0))",19,51,complete,51,0,0,False,True,True
dsC7O2H10nsd_0033.xyz,33,"(('Br', 0), ('C', 7), ('Cl', 0), ('F', 0), ('H', 10), ('I', 0), ('N', 0), ('O', 2), ('S', 0))",19,51,complete,51,0,0,False,True,True
dsC7O2H10nsd_0034.xyz,34,"(('Br', 0), ('C', 7), ('Cl', 0), ('F', 0), ('H', 10), ('I', 0), ('N', 0), ('O', 2), ('S', 0))",19,51,complete,51,0,0,False,True,True
dsC7O2H10nsd_0035.xyz,35,"(('Br', 0), ('C', 7), ('Cl', 0), ('F', 0), ('H', 10), ('I', 0), ('N', 0), ('O', 2), ('S', 0))",19,51,complete,51,0,0,False,True,True
dsC7O2H10nsd_0036.xyz,36,"(('Br', 0), ('C', 7), ('Cl', 0), ('F', 0), ('H', 10), ('I', 0), ('N', 0), ('O', 2), ('S', 0))",19,51,complete,51,0,0,False,True,True
dsC7O2H10nsd_0037.xyz,37,"(('Br', 0), ('C', 7), ('Cl', 0), ('F', 0), ('H', 10), ('I', 0), ('N', 0), ('O', 2), ('S', 0))",19,51,complete,51,0,0,False,True,True
dsC7O2H10nsd_0038.xyz,38,"(('Br', 0), ('C', 7), ('Cl', 0), ('F', 0), ('H', 10), ('I', 0), ('N', 0), ('O', 2), ('S', 0))",19,51,complete,51,0,0,False,True,True
dsC7O2H10nsd_0039.xyz,39,"(('Br', 0), ('C', 7), ('Cl', 0), ('F', 0), ('H', 10), ('I', 0), ('N', 0), ('O', 2), ('S', 0))",19,51,complete,51,0,0,False,True,True
dsC7O2H10nsd_0040.xyz,40,"(('Br', 0), ('C', 7), ('Cl', 0), ('F', 0), ('H', 10), ('I', 0), ('N', 0), ('O', 2), ('S', 0))",19,51,complete,51,0,0,False,True,True
dsC7O2H10nsd_0041.xyz,41,"(('Br', 0), ('C', 7), ('Cl', 0), ('F', 0), ('H', 10), ('I', 0), ('N', 0), ('O', 2), ('S', 0))",19,51,complete,51,0,0,False,True,True
dsC7O2H10nsd_0042.xyz,42,"(('Br', 0), ('C', 7), ('Cl', 0), ('F', 0), ('H', 10), ('I', 0), ('N', 0), ('O', 2), ('S', 0))",19,51,complete,51,0,0,False,True,True
dsC7O2H10nsd_0043.xyz,43,"(('Br', 0), ('C', 7), ('Cl', 0), ('F', 0), ('H', 10), ('I', 0), ('N', 0), ('O', 2), ('S', 0))",19,51,complete,51,0,0,False,True,True
dsC7O2H10nsd_0044.xyz,44,"(('Br', 0), ('C', 7), ('Cl', 0), ('F', 0), ('H', 10), ('I', 0), ('N', 0), ('O', 2), ('S', 0))",19,51,complete,51,0,0,False,True,True
dsC7O2H10nsd_0045.xyz,45,"(('Br', 0), ('C', 7), ('Cl', 0), ('F', 0), ('H', 10), ('I', 0), ('N', 0), ('O', 2), ('S', 0))",19,51,complete,51,0,0,False,True,True
dsC7O2H10nsd_0046.xyz,46,"(('Br', 0), ('C', 7), ('Cl', 0), ('F', 0), ('H', 10), ('I', 0), ('N', 0), ('O', 2), ('S', 0))",19,51,complete,51,0,0,False,True,True
dsC7O2H10nsd_0047.xyz,47,"(('Br', 0), ('C', 7), ('Cl', 0), ('F', 0), ('H', 10), ('I', 0), ('N', 0), ('O', 2), ('S', 0))",19,51,complete,51,0,0,False,True,True
dsC7O2H10nsd_0048.xyz,48,"(('Br', 0), ('C', 7), ('Cl', 0), ('F', 0), ('H', 10), ('I', 0), ('N', 0), ('O', 2), ('S', 0))",19,51,complete,51,0,0,False,True,True
dsC7O2H10nsd_0049.xyz,49,"(('Br', 0), ('C', 7), ('Cl', 0), ('F', 0), ('H', 10), ('I', 0), ('N', 0), ('O', 2), ('S', 0))",19,51,complete,51,0,0,False,True,True
dsC7O2H10nsd_0050.xyz,50,"(('Br', 0), ('C', 7), ('Cl', 0), ('F', 0), ('H', 10), ('I', 0), ('N', 0), ('O', 2), ('S', 0))",19,51,complete,51,0,0,False,True,True
dsC7O2H10nsd_0051.xyz,51,"(('Br', 0), ('C', 7), ('Cl', 0), ('F', 0), ('H', 10), ('I', 0), ('N', 0), ('O', 2), ('S', 0))",19,51,complete,51,0,0,False,True,True
dsC7O2H10nsd_0052.xyz,52,"(('Br', 0), ('C', 7), ('Cl', 0), ('F', 0), ('H', 10), ('I', 0), ('N', 0), ('O', 2), ('S', 0))",19,102,incomplete_count,102,0,0,False,True,True
dsC7O2H10nsd_0053.xyz,53,"(('Br', 0), ('C', 7), ('Cl', 0), ('F', 0), ('H', 10), ('I', 0), ('N', 0), ('O', 2), ('S', 0))",19,51,complete,51,0,0,False,True,True
dsC7O2H10nsd_0054.xyz,54,"(('Br', 0), ('C', 7), ('Cl', 0), ('F', 0), ('H', 10), ('I', 0), ('N', 0), ('O', 2), ('S', 0))",19,51,complete,51,0,0,False,True,True
dsC7O2H10nsd_0055.xyz,55,"(('Br', 0), ('C', 7), ('Cl', 0), ('F', 0), ('H', 10), ('I', 0), ('N', 0), ('O', 2), ('S', 0))",19,51,complete,51,0,0,False,True,True
dsC7O2H10nsd_0056.xyz,56,"(('Br', 0), ('C', 7), ('Cl', 0), ('F', 0), ('H', 10), ('I', 0), ('N', 0), ('O', 2), ('S', 0))",19,51,complete,51,0,0,False,True,True
dsC7O2H10nsd_0057.xyz,57,"(('Br', 0), ('C', 7), ('Cl', 0), ('F', 0), ('H', 10), ('I', 0), ('N', 0), ('O', 2), ('S', 0))",19,51,complete,51,0,0,False,True,True
dsC7O2H10nsd_0058.xyz,58,"(('Br', 0), ('C', 7), ('Cl', 0), ('F', 0), ('H', 10), ('I', 0), ('N', 0), ('O', 2), ('S', 0))",19,51,complete,51,0,0,False,True,True
dsC7O2H10nsd_0059.xyz,59,"(('Br', 0), ('C', 7), ('Cl', 0), ('F', 0), ('H', 10), ('I', 0), ('N', 0), ('O', 2), ('S', 0))",19,51,complete,51,0,0,False,True,True
dsC7O2H10nsd_0060.xyz,60,"(('Br', 0), ('C', 7), ('Cl', 0), ('F', 0), ('H', 10), ('I', 0), ('N', 0), ('O', 2), ('S', 0))",19,51,complete,51,0,0,False,True,True
dsC7O2H10nsd_0061.xyz,61,"(('Br', 0), ('C', 7), ('Cl', 0), ('F', 0), ('H', 10), ('I', 0), ('N', 0), ('O', 2), ('S', 0))",19,51,complete,51,0,0,False,True,True
dsC7O2H10nsd_0062.xyz,62,"(('Br', 0), ('C', 7), ('Cl', 0), ('F', 0), ('H', 10), ('I', 0), ('N', 0), ('O', 2), ('S', 0))",19,102,incomplete_count,102,0,0,False,True,True
dsC7O2H10nsd_0063.xyz,63,"(('Br', 0), ('C', 7), ('Cl', 0), ('F', 0), ('H', 10), ('I', 0), ('N', 0), ('O', 2), ('S', 0))",19,51,complete,51,0,0,False,True,True
dsC7O2H10nsd_0064.xyz,64,"(('Br', 0), ('C', 7), ('Cl', 0), ('F', 0), ('H', 10), ('I', 0), ('N', 0), ('O', 2), ('S', 0))",19,51,complete,51,0,0,False,True,True
dsC7O2H10nsd_0065.xyz,65,"(('Br', 0), ('C', 7), ('Cl', 0), ('F', 0), ('H', 10), ('I', 0), ('N', 0), ('O', 2), ('S', 0))",19,102,incomplete_count,102,0,0,False,True,True
dsC7O2H10nsd_0066.xyz,66,"(('Br', 0), ('C', 7), ('Cl', 0), ('F', 0), ('H', 10), ('I', 0), ('N', 0), ('O', 2), ('S', 0))",19,51,complete,51,0,0,False,True,True
dsC7O2H10nsd_0067.xyz,67,"(('Br', 0), ('C', 7), ('Cl', 0), ('F', 0), ('H', 10), ('I', 0), ('N', 0), ('O', 2), ('S', 0))",19,51,complete,51,0,0,False,True,True
dsC7O2H10nsd_0068.xyz,68,"(('Br', 0), ('C', 7), ('Cl', 0), ('F', 0), ('H', 10), ('I', 0), ('N', 0), ('O', 2), ('S', 0))",19,51,complete,51,0,0,False,True,True
dsC7O2H10nsd_0069.xyz,69,"(('Br', 0), ('C', 7), ('Cl', 0), ('F', 0), ('H', 10), ('I', 0), ('N', 0), ('O', 2), ('S', 0))",19,51,complete,51,0,0,False,True,True
dsC7O2H10nsd_0070.xyz,70,"(('Br', 0), ('C', 7), ('Cl', 0), ('F', 0), ('H', 10), ('I', 0), ('N', 0), ('O', 2), ('S', 0))",19,51,complete,51,0,0,False,True,True
dsC7O2H10nsd_0071.xyz,71,"(('Br', 0), ('C', 7), ('Cl', 0), ('F', 0), ('H', 10), ('I', 0), ('N', 0), ('O', 2), ('S', 0))",19,51,complete,51,0,0,False,True,True
dsC7O2H10nsd_0072.xyz,72,"(('Br', 0), ('C', 7), ('Cl', 0), ('F', 0), ('H', 10), ('I', 0), ('N', 0), ('O', 2), ('S', 0))",19,51,complete,51,0,0,False,True,True
dsC7O2H10nsd_0073.xyz,73,"(('Br', 0), ('C', 7), ('Cl', 0), ('F', 0), ('H', 10), ('I', 0), ('N', 0), ('O', 2), ('S', 0))",19,51,complete,51,0,0,False,True,True
dsC7O2H10nsd_0074.xyz,74,"(('Br', 0), ('C', 7), ('Cl', 0), ('F', 0), ('H', 10), ('I', 0), ('N', 0), ('O', 2), ('S', 0))",19,51,complete,51,0,0,False,True,True
dsC7O2H10nsd_0075.xyz,75,"(('Br', 0), ('C', 7), ('Cl', 0), ('F', 0), ('H', 10), ('I', 0), ('N', 0), ('O', 2), ('S', 0))",19,51,complete,51,0,0,False,True,True
dsC7O2H10nsd_0076.xyz,76,"(('Br', 0), ('C', 7), ('Cl', 0), ('F', 0), ('H', 10), ('I', 0), ('N', 0), ('O', 2), ('S', 0))",19,51,complete,51,0,0,False,True,True
dsC7O2H10nsd_0077.xyz,77,"(('Br', 0), ('C', 7), ('Cl', 0), ('F', 0), ('H', 10), ('I', 0), ('N', 0), ('O', 2), ('S', 0))",19,51,complete,51,0,0,False,True,True
dsC7O2H10nsd_0078.xyz,78,"(('Br', 0), ('C', 7), ('Cl', 0), ('F', 0), ('H', 10), ('I', 0), ('N', 0), ('O', 2), ('S', 0))",19,51,complete,51,0,0,False,False,True
dsC7O2H10nsd_0079.xyz,79,"(('Br', 0), ('C', 7), ('Cl', 0), ('F', 0), ('H', 10), ('I', 0), ('N', 0), ('O', 2), ('S', 0))",19,51,complete,51,0,0,False,False,True
dsC7O2H10nsd_0080.xyz,80,"(('Br', 0), ('C', 7), ('Cl', 0), ('F', 0), ('H', 10), ('I', 0), ('N', 0), ('O', 2), ('S', 0))",19,51,complete,51,0,0,False,False,True
dsC7O2H10nsd_0081.xyz,81,"(('Br', 0), ('C', 7), ('Cl', 0), ('F', 0), ('H', 10), ('I', 0), ('N', 0), ('O', 2), ('S', 0))",19,51,complete,51,0,0,False,False,True
dsC7O2H10nsd_0082.xyz,82,"(('Br', 0), ('C', 7), ('Cl', 0), ('F', 0), ('H', 10), ('I', 0), ('N', 0), ('O', 2), ('S', 0))",19,51,complete,51,0,0,True,True,True
dsC7O2H10nsd_0083.xyz,83,"(('Br', 0), ('C', 7), ('Cl', 0), ('F', 0), ('H', 10), ('I', 0), ('N', 0), ('O', 2), ('S', 0))",19,51,complete,51,0,0,True,True,True
dsC7O2H10nsd_0084.xyz,84,"(('Br', 0), ('C', 7), ('Cl', 0), ('F', 0), ('H', 10), ('I', 0), ('N', 0), ('O', 2), ('S', 0))",19,51,complete,51,0,0,False,False,True
dsC7O2H10nsd_0085.xyz,85,"(('Br', 0), ('C', 7), ('Cl', 0), ('F', 0), ('H', 10), ('I', 0), ('N', 0), ('O', 2), ('S', 0))",19,51,complete,51,0,0,False,False,True
dsC7O2H10nsd_0086.xyz,86,"(('Br', 0), ('C', 7), ('Cl', 0), ('F', 0), ('H', 10), ('I', 0), ('N', 0), ('O', 2), ('S', 0))",19,51,complete,51,0,0,True,True,True
dsC7O2H10nsd_0087.xyz,87,"(('Br', 0), ('C', 7), ('Cl', 0), ('F', 0), ('H', 10), ('I', 0), ('N', 0), ('O', 2), ('S', 0))",19,51,complete,51,0,0,True,True,True
dsC7O2H10nsd_0088.xyz,88,"(('Br', 0), ('C', 7), ('Cl', 0), ('F', 0), ('H', 10), ('I', 0), ('N', 0), ('O', 2), ('S', 0))",19,51,complete,51,0,0,False,False,True
dsC7O2H10nsd_0089.xyz,89,"(('Br', 0), ('C', 7), ('Cl', 0), ('F', 0), ('H', 10), ('I', 0), ('N', 0), ('O', 2), ('S', 0))",19,51,complete,51,0,0,True,True,True
dsC7O2H10nsd_0090.xyz,90,"(('Br', 0), ('C', 7), ('Cl', 0), ('F', 0), ('H', 10), ('I', 0), ('N', 0), ('O', 2), ('S', 0))",19,51,complete,51,0,0,False,False,True
dsC7O2H10nsd_0091.xyz,91,"(('Br', 0), ('C', 7), ('Cl', 0), ('F', 0), ('H', 10), ('I', 0), ('N', 0), ('O', 2), ('S', 0))",19,51,complete,51,0,0,False,False,True
dsC7O2H10nsd_0092.xyz,92,"(('Br', 0), ('C', 7), ('Cl', 0), ('F', 0), ('H', 10), ('I', 0), ('N', 0), ('O', 2), ('S', 0))",19,51,complete,51,0,0,True,True,True
dsC7O2H10nsd_0093.xyz,93,"(('Br', 0), ('C', 7), ('Cl', 0), ('F', 0), ('H', 10), ('I', 0), ('N', 0), ('O', 2), ('S', 0))",19,51,complete,51,0,0,False,False,True
dsC7O2H10nsd_0094.xyz,94,"(('Br', 0), ('C', 7), ('Cl', 0), ('F', 0), ('H', 10), ('I', 0), ('N', 0), ('O', 2), ('S', 0))",19,51,complete,51,0,0,True,True,True
dsC7O2H10nsd_0095.xyz,95,"(('Br', 0), ('C', 7), ('Cl', 0), ('F', 0), ('H', 10), ('I', 0), ('N', 0), ('O', 2), ('S', 0))",19,51,complete,51,0,0,False,False,True
dsC7O2H10nsd_0096.xyz,96,"(('Br', 0), ('C', 7), ('Cl', 0), ('F', 0), ('H', 10), ('I', 0), ('N', 0), ('O', 2), ('S', 0))",19,51,complete,51,0,0,False,False,True
dsC7O2H10nsd_0097.xyz,97,"(('Br', 0), ('C', 7), ('Cl', 0), ('F', 0), ('H', 10), ('I', 0), ('N', 0), ('O', 2), ('S', 0))",19,51,complete,51,0,0,False,False,True
dsC7O2H10nsd_0098.xyz,98,"(('Br', 0), ('C', 7), ('Cl', 0), ('F', 0), ('H', 10), ('I', 0), ('N', 0), ('O', 2), ('S', 0))",19,51,complete,51,0,0,False,False,True
dsC7O2H10nsd_0099.xyz,99,"(('Br', 0), ('C', 7), ('Cl', 0), ('F', 0), ('H', 10), ('I', 0), ('N', 0), ('O', 2), ('S', 0))",19,51,complete,51,0,0,False,False,True
dsC7O2H10nsd_0100.xyz,100,"(('Br', 0), ('C', 7), ('Cl', 0), ('F', 0), ('H', 10), ('I', 0), ('N', 0), ('O', 2), ('S', 0))",19,51,complete,51,0,0,False,False,True
dsC7O2H10nsd_0101.xyz,101,"(('Br', 0), ('C', 7), ('Cl', 0), ('F', 0), ('H', 10), ('I', 0), ('N', 0), ('O', 2), ('S', 0))",19,51,complete,51,0,0,False,False,True
dsC7O2H10nsd_0102.xyz,102,"(('Br', 0), ('C', 7), ('Cl', 0), ('F', 0), ('H', 10), ('I', 0), ('N', 0), ('O', 2), ('S', 0))",19,51,complete,51,0,0,False,False,True
dsC7O2H10nsd_0103.xyz,103,"(('Br', 0), ('C', 7), ('Cl', 0), ('F', 0), ('H', 10), ('I', 0), ('N', 0), ('O', 2), ('S', 0))",19,51,complete,51,0,0,False,False,True
dsC7O2H10nsd_0104.xyz,104,"(('Br', 0), ('C', 7), ('Cl', 0), ('F', 0), ('H', 10), ('I', 0), ('N', 0), ('O', 2), ('S', 0))",19,51,complete,51,0,0,False,False,True
dsC7O2H10nsd_0105.xyz,105,"(('Br', 0), ('C', 7), ('Cl', 0), ('F', 0), ('H', 10), ('I', 0), ('N', 0), ('O', 2), ('S', 0))",19,51,complete,51,0,0,False,False,True
dsC7O2H10nsd_0106.xyz,106,"(('Br', 0), ('C', 7), ('Cl', 0), ('F', 0), ('H', 10), ('I', 0), ('N', 0), ('O', 2), ('S', 0))",19,51,complete,51,0,0,False,False,True
dsC7O2H10nsd_0107.xyz,107,"(('Br', 0), ('C', 7), ('Cl', 0), ('F', 0), ('H', 10), ('I', 0), ('N', 0), ('O', 2), ('S', 0))",19,51,complete,51,0,0,False,False,True
dsC7O2H10nsd_0108.xyz,108,"(('Br', 0), ('C', 7), ('Cl', 0), ('F', 0), ('H', 10), ('I', 0), ('N', 0), ('O', 2), ('S', 0))",19,51,complete,51,0,0,False,False,True
dsC7O2H10nsd_0109.xyz,109,"(('Br', 0), ('C', 7), ('Cl', 0), ('F', 0), ('H', 10), ('I', 0), ('N', 0), ('O', 2), ('S', 0))",19,51,complete,51,0,0,False,False,True
dsC7O2H10nsd_0110.xyz,110,"(('Br', 0), ('C', 7), ('Cl', 0), ('F', 0), ('H', 10), ('I', 0), ('N', 0), ('O', 2), ('S', 0))",19,51,complete,51,0,0,False,False,True
dsC7O2H10nsd_0111.xyz,111,"(('Br', 0), ('C', 7), ('Cl', 0), ('F', 0), ('H', 10), ('I', 0), ('N', 0), ('O', 2), ('S', 0))",19,51,complete,51,0,0,False,False,True
dsC7O2H10nsd_0112.xyz,112,"(('Br', 0), ('C', 7), ('Cl', 0), ('F', 0), ('H', 10), ('I', 0), ('N', 0), ('O', 2), ('S', 0))",19,51,complete,51,0,0,False,False,True
dsC7O2H10nsd_0113.xyz,113,"(('Br', 0), ('C', 7), ('Cl', 0), ('F', 0), ('H', 10), ('I', 0), ('N', 0), ('O', 2), ('S', 0))",19,51,complete,51,0,0,False,False,True
dsC7O2H10nsd_0114.xyz,114,"(('Br', 0), ('C', 7), ('Cl', 0), ('F', 0), ('H', 10), ('I', 0), ('N', 0), ('O', 2), ('S', 0))",19,51,complete,51,0,0,False,True,True
dsC7O2H10nsd_0115.xyz,115,"(('Br', 0), ('C', 7), ('Cl', 0), ('F', 0), ('H', 10), ('I', 0), ('N', 0), ('O', 2), ('S', 0))",19,51,complete,51,0,0,False,True,True
dsC7O2H10nsd_0116.xyz,116,"(('Br', 0), ('C', 7), ('Cl', 0), ('F', 0), ('H', 10), ('I', 0), ('N', 0), ('O', 2), ('S', 0))",19,51,complete,51,0,0,False,False,True
dsC7O2H10nsd_0117.xyz,117,"(('Br', 0), ('C', 7), ('Cl', 0), ('F', 0), ('H', 10), ('I', 0), ('N', 0), ('O', 2), ('S', 0))",19,51,complete,51,0,0,False,False,True
dsC7O2H10nsd_0118.xyz,118,"(('Br', 0), ('C', 7), ('Cl', 0), ('F', 0), ('H', 10), ('I', 0), ('N', 0), ('O', 2), ('S', 0))",19,51,complete,51,0,0,False,False,True
dsC7O2H10nsd_0119.xyz,119,"(('Br', 0), ('C', 7), ('Cl', 0), ('F', 0), ('H', 10), ('I', 0), ('N', 0), ('O', 2), ('S', 0))",19,51,complete,51,0,0,False,False,True
dsC7O2H10nsd_0120.xyz,120,"(('Br', 0), ('C', 7), ('Cl', 0), ('F', 0), ('H', 10), ('I', 0), ('N', 0), ('O', 2), ('S', 0))",19,51,complete,51,0,0,False,False,True
dsC7O2H10nsd_0121.xyz,121,"(('Br', 0), ('C', 7), ('Cl', 0), ('F', 0), ('H', 10), ('I', 0), ('N', 0), ('O', 2), ('S', 0))",19,51,complete,51,0,0,False,False,True
dsC7O2H10nsd_0122.xyz,122,"(('Br', 0), ('C', 7), ('Cl', 0), ('F', 0), ('H', 10), ('I', 0), ('N', 0), ('O', 2), ('S', 0))",19,51,complete,51,0,0,False,False,True
dsC7O2H10nsd_0123.xyz,123,"(('Br', 0), ('C', 7), ('Cl', 0), ('F', 0), ('H', 10), ('I', 0), ('N', 0), ('O', 2), ('S', 0))",19,51,complete,51,0,0,False,False,True
dsC7O2H10nsd_0124.xyz,124,"(('Br', 0), ('C', 7), ('Cl', 0), ('F', 0), ('H', 10), ('I', 0), ('N', 0), ('O', 2), ('S', 0))",19,51,complete,51,0,0,False,False,True
dsC7O2H10nsd_0125.xyz,125,"(('Br', 0), ('C', 7), ('Cl', 0), ('F', 0), ('H', 10), ('I', 0), ('N', 0), ('O', 2), ('S', 0))",19,51,complete,51,0,0,False,False,True
dsC7O2H10nsd_0126.xyz,126,"(('Br', 0), ('C', 7), ('Cl', 0), ('F', 0), ('H', 10), ('I', 0), ('N', 0), ('O', 2), ('S', 0))",19,51,complete,51,0,0,False,False,True
dsC7O2H10nsd_0127.xyz,127,"(('Br', 0), ('C', 7), ('Cl', 0), ('F', 0), ('H', 10), ('I', 0), ('N', 0), ('O', 2), ('S', 0))",19,51,complete,51,0,0,False,False,True
dsC7O2H10nsd_0128.xyz,128,"(('Br', 0), ('C', 7), ('Cl', 0), ('F', 0), ('H', 10), ('I', 0), ('N', 0), ('O', 2), ('S', 0))",19,51,complete,51,0,0,False,False,True
dsC7O2H10nsd_0129.xyz,129,"(('Br', 0), ('C', 7), ('Cl', 0), ('F', 0), ('H', 10), ('I', 0), ('N', 0), ('O', 2), ('S', 0))",19,51,complete,51,0,0,False,False,True
dsC7O2H10nsd_0130.xyz,130,"(('Br', 0), ('C', 7), ('Cl', 0), ('F', 0), ('H', 10), ('I', 0), ('N', 0), ('O', 2), ('S', 0))",19,51,complete,51,0,0,False,False,True
dsC7O2H10nsd_0131.xyz,131,"(('Br', 0), ('C', 7), ('Cl', 0), ('F', 0), ('H', 10), ('I', 0), ('N', 0), ('O', 2), ('S', 0))",19,51,complete,51,0,0,False,False,True
dsC7O2H10nsd_0132.xyz,132,"(('Br', 0), ('C', 7), ('Cl', 0), ('F', 0), ('H', 10), ('I', 0), ('N', 0), ('O', 2), ('S', 0))",19,51,complete,51,0,0,False,False,True
dsC7O2H10nsd_0133.xyz,133,"(('Br', 0), ('C', 7), ('Cl', 0), ('F', 0), ('H', 10), ('I', 0), ('N', 0), ('O', 2), ('S', 0))",19,51,complete,51,0,0,False,False,True
dsC7O2H10nsd_0134.xyz,134,"(('Br', 0), ('C', 7), ('Cl', 0), ('F', 0), ('H', 10), ('I', 0), ('N', 0), ('O', 2), ('S', 0))",19,51,complete,51,0,0,False,False,True
dsC7O2H10nsd_0135.xyz,135,"(('Br', 0), ('C', 7), ('Cl', 0), ('F', 0), ('H', 10), ('I', 0), ('N', 0), ('O', 2), ('S', 0))",19,51,complete,51,0,0,False,False,True
dsC7O2H10nsd_0136.xyz,136,"(('Br', 0), ('C', 7), ('Cl', 0), ('F', 0), ('H', 10), ('I', 0), ('N', 0), ('O', 2), ('S', 0))",19,51,complete,51,0,0,False,False,True
dsC7O2H10nsd_0137.xyz,137,"(('Br', 0), ('C', 7), ('Cl', 0), ('F', 0), ('H', 10), ('I', 0), ('N', 0), ('O', 2), ('S', 0))",19,51,complete,51,0,0,False,False,True
dsC7O2H10nsd_0138.xyz,138,"(('Br', 0), ('C', 7), ('Cl', 0), ('F', 0), ('H', 10), ('I', 0), ('N', 0), ('O', 2), ('S', 0))",19,51,complete,51,0,0,False,False,True
dsC7O2H10nsd_0139.xyz,139,"(('Br', 0), ('C', 7), ('Cl', 0), ('F', 0), ('H', 10), ('I', 0), ('N', 0), ('O', 2), ('S', 0))",19,51,complete,51,0,0,False,False,True
dsC7O2H10nsd_0140.xyz,140,"(('Br', 0), ('C', 7), ('Cl', 0), ('F', 0), ('H', 10), ('I', 0), ('N', 0), ('O', 2), ('S', 0))",19,51,complete,51,0,0,False,False,True
dsC7O2H10nsd_0141.xyz,141,"(('Br', 0), ('C', 7), ('Cl', 0), ('F', 0), ('H', 10), ('I', 0), ('N', 0), ('O', 2), ('S', 0))",19,51,complete,51,0,0,False,False,True
dsC7O2H10nsd_0142.xyz,142,"(('Br', 0), ('C', 7), ('Cl', 0), ('F', 0), ('H', 10), ('I', 0), ('N', 0), ('O', 2), ('S', 0))",19,51,complete,51,0,0,False,False,True
dsC7O2H10nsd_0143.xyz,143,"(('Br', 0), ('C', 7), ('Cl', 0), ('F', 0), ('H', 10), ('I', 0), ('N', 0), ('O', 2), ('S', 0))",19,51,complete,51,0,0,False,False,True
dsC7O2H10nsd_0144.xyz,144,"(('Br', 0), ('C', 7), ('Cl', 0), ('F', 0), ('H', 10), ('I', 0), ('N', 0), ('O', 2), ('S', 0))",19,51,complete,51,0,0,False,False,True
dsC7O2H10nsd_0145.xyz,145,"(('Br', 0), ('C', 7), ('Cl', 0), ('F', 0), ('H', 10), ('I', 0), ('N', 0), ('O', 2), ('S', 0))",19,51,complete,51,0,0,False,False,True
dsC7O2H10nsd_0146.xyz,146,"(('Br', 0), ('C', 7), ('Cl', 0), ('F', 0), ('H', 10), ('I', 0), ('N', 0), ('O', 2), ('S', 0))",19,51,complete,51,0,0,False,False,True
dsC7O2H10nsd_0147.xyz,147,"(('Br', 0), ('C', 7), ('Cl', 0), ('F', 0), ('H', 10), ('I', 0), ('N', 0), ('O', 2), ('S', 0))",19,51,complete,51,0,0,False,False,True
dsC7O2H10nsd_0148.xyz,148,"(('Br', 0), ('C', 7), ('Cl', 0), ('F', 0), ('H', 10), ('I', 0), ('N', 0), ('O', 2), ('S', 0))",19,51,complete,51,0,0,False,False,True
dsC7O2H10nsd_0149.xyz,149,"(('Br', 0), ('C', 7), ('Cl', 0), ('F', 0), ('H', 10), ('I', 0), ('N', 0), ('O', 2), ('S', 0))",19,51,complete,51,0,0,False,False,True
dsC7O2H10nsd_0150.xyz,150,"(('Br', 0), ('C', 7), ('Cl', 0), ('F', 0), ('H', 10), ('I', 0), ('N', 0), ('O', 2), ('S', 0))",19,51,complete,51,0,0,False,False,True
dsC7O2H10nsd_0151.xyz,151,"(('Br', 0), ('C', 7), ('Cl', 0), ('F', 0), ('H', 10), ('I', 0), ('N', 0), ('O', 2), ('S', 0))",19,51,complete,51,0,0,False,False,True
dsC7O2H10nsd_0152.xyz,152,"(('Br', 0), ('C', 7), ('Cl', 0), ('F', 0), ('H', 10), ('I', 0), ('N', 0), ('O', 2), ('S', 0))",19,51,complete,51,0,0,False,False,True
dsC7O2H10nsd_0153.xyz,153,"(('Br', 0), ('C', 7), ('Cl', 0), ('F', 0), ('H', 10), ('I', 0), ('N', 0), ('O', 2), ('S', 0))",19,51,complete,51,0,0,False,False,True
dsC7O2H10nsd_0154.xyz,154,"(('Br', 0), ('C', 7), ('Cl', 0), ('F', 0), ('H', 10), ('I', 0), ('N', 0), ('O', 2), ('S', 0))",19,51,complete,51,0,0,False,False,True
dsC7O2H10nsd_0155.xyz,155,"(('Br', 0), ('C', 7), ('Cl', 0), ('F', 0), ('H', 10), ('I', 0), ('N', 0), ('O', 2), ('S', 0))",19,51,complete,51,0,0,False,False,True
dsC7O2H10nsd_0156.xyz,156,"(('Br', 0), ('C', 7), ('Cl', 0), ('F', 0), ('H', 10), ('I', 0), ('N', 0), ('O', 2), ('S', 0))",19,51,complete,51,0,0,False,False,True
dsC7O2H10nsd_0157.xyz,157,"(('Br', 0), ('C', 7), ('Cl', 0), ('F', 0), ('H', 10), ('I', 0), ('N', 0), ('O', 2), ('S', 0))",19,51,complete,51,0,0,False,False,True
dsC7O2H10nsd_0158.xyz,158,"(('Br', 0), ('C', 7), ('Cl', 0), ('F', 0), ('H', 10), ('I', 0), ('N', 0), ('O', 2), ('S', 0))",19,51,complete,51,0,0,False,False,True
dsC7O2H10nsd_0159.xyz,159,"(('Br', 0), ('C', 7), ('Cl', 0), ('F', 0), ('H', 10), ('I', 0), ('N', 0), ('O', 2), ('S', 0))",19,51,complete,51,0,0,False,False,True
dsC7O2H10nsd_0160.xyz,160,"(('Br', 0), ('C', 7), ('Cl', 0), ('F', 0), ('H', 10), ('I', 0), ('N', 0), ('O', 2), ('S', 0))",19,51,complete,51,0,0,False,False,True
dsC7O2H10nsd_0161.xyz,161,"(('Br', 0), ('C', 7), ('Cl', 0), ('F', 0), ('H', 10), ('I', 0), ('N', 0), ('O', 2), ('S', 0))",19,51,complete,51,0,0,False,False,True
dsC7O2H10nsd_0162.xyz,162,"(('Br', 0), ('C', 7), ('Cl', 0), ('F', 0), ('H', 10), ('I', 0), ('N', 0), ('O', 2), ('S', 0))",19,51,complete,51,0,0,False,False,True
dsC7O2H10nsd_0163.xyz,163,"(('Br', 0), ('C', 7), ('Cl', 0), ('F', 0), ('H', 10), ('I', 0), ('N', 0), ('O', 2), ('S', 0))",19,51,complete,51,0,0,False,False,True
dsC7O2H10nsd_0164.xyz,164,"(('Br', 0), ('C', 7), ('Cl', 0), ('F', 0), ('H', 10), ('I', 0), ('N', 0), ('O', 2), ('S', 0))",19,51,complete,51,0,0,False,False,True
dsC7O2H10nsd_0165.xyz,165,"(('Br', 0), ('C', 7), ('Cl', 0), ('F', 0), ('H', 10), ('I', 0), ('N', 0), ('O', 2), ('S', 0))",19,51,complete,51,0,0,False,False,True
dsC7O2H10nsd_0166.xyz,166,"(('Br', 0), ('C', 7), ('Cl', 0), ('F', 0), ('H', 10), ('I', 0), ('N', 0), ('O', 2), ('S', 0))",19,51,complete,51,0,0,False,False,True
dsC7O2H10nsd_0167.xyz,167,"(('Br', 0), ('C', 7), ('Cl', 0), ('F', 0), ('H', 10), ('I', 0), ('N', 0), ('O', 2), ('S', 0))",19,51,complete,51,0,0,False,False,True
dsC7O2H10nsd_0168.xyz,168,"(('Br', 0), ('C', 7), ('Cl', 0), ('F', 0), ('H', 10), ('I', 0), ('N', 0), ('O', 2), ('S', 0))",19,51,complete,51,0,0,False,False,True
dsC7O2H10nsd_0169.xyz,169,"(('Br', 0), ('C', 7), ('Cl', 0), ('F', 0), ('H', 10), ('I', 0), ('N', 0), ('O', 2), ('S', 0))",19,51,complete,51,0,0,False,False,True
dsC7O2H10nsd_0170.xyz,170,"(('Br', 0), ('C', 7), ('Cl', 0), ('F', 0), ('H', 10), ('I', 0), ('N', 0), ('O', 2), ('S', 0))",19,51,complete,51,0,0,False,False,True
dsC7O2H10nsd_0171.xyz,171,"(('Br', 0), ('C', 7), ('Cl', 0), ('F', 0), ('H', 10), ('I', 0), ('N', 0), ('O', 2), ('S', 0))",19,51,complete,51,0,0,False,False,True
dsC7O2H10nsd_0172.xyz,172,"(('Br', 0), ('C', 7), ('Cl', 0), ('F', 0), ('H', 10), ('I', 0), ('N', 0), ('O', 2), ('S', 0))",19,51,complete,51,0,0,False,False,True
dsC7O2H10nsd_0173.xyz,173,"(('Br', 0), ('C', 7), ('Cl', 0), ('F', 0), ('H', 10), ('I', 0), ('N', 0), ('O', 2), ('S', 0))",19,51,complete,51,0,0,False,False,True
dsC7O2H10nsd_0174.xyz,174,"(('Br', 0), ('C', 7), ('Cl', 0), ('F', 0), ('H', 10), ('I', 0), ('N', 0), ('O', 2), ('S', 0))",19,51,complete,51,0,0,False,False,True
dsC7O2H10nsd_0175.xyz,175,"(('Br', 0), ('C', 7), ('Cl', 0), ('F', 0), ('H', 10), ('I', 0), ('N', 0), ('O', 2), ('S', 0))",19,51,complete,51,0,0,False,False,True
dsC7O2H10nsd_0176.xyz,176,"(('Br', 0), ('C', 7), ('Cl', 0), ('F', 0), ('H', 10), ('I', 0), ('N', 0), ('O', 2), ('S', 0))",19,51,complete,51,0,0,False,False,True
dsC7O2H10nsd_0177.xyz,177,"(('Br', 0), ('C', 7), ('Cl', 0), ('F', 0), ('H', 10), ('I', 0), ('N', 0), ('O', 2), ('S', 0))",19,51,complete,51,0,0,False,False,True
dsC7O2H10nsd_0178.xyz,178,"(('Br', 0), ('C', 7), ('Cl', 0), ('F', 0), ('H', 10), ('I', 0), ('N', 0), ('O', 2), ('S', 0))",19,51,complete,51,0,0,False,False,True
dsC7O2H10nsd_0179.xyz,179,"(('Br', 0), ('C', 7), ('Cl', 0), ('F', 0), ('H', 10), ('I', 0), ('N', 0), ('O', 2), ('S', 0))",19,51,complete,51,0,0,False,False,True
dsC7O2H10nsd_0180.xyz,180,"(('Br', 0), ('C', 7), ('Cl', 0), ('F', 0), ('H', 10), ('I', 0), ('N', 0), ('O', 2), ('S', 0))",19,51,complete,51,0,0,False,False,True
dsC7O2H10nsd_0181.xyz,181,"(('Br', 0), ('C', 7), ('Cl', 0), ('F', 0), ('H', 10), ('I', 0), ('N', 0), ('O', 2), ('S', 0))",19,51,complete,51,0,0,False,False,True
dsC7O2H10nsd_0182.xyz,182,"(('Br', 0), ('C', 7), ('Cl', 0), ('F', 0), ('H', 10), ('I', 0), ('N', 0), ('O', 2), ('S', 0))",19,51,complete,51,0,0,False,False,True
dsC7O2H10nsd_0183.xyz,183,"(('Br', 0), ('C', 7), ('Cl', 0), ('F', 0), ('H', 10), ('I', 0), ('N', 0), ('O', 2), ('S', 0))",19,51,complete,51,0,0,False,False,True
dsC7O2H10nsd_0184.xyz,184,"(('Br', 0), ('C', 7), ('Cl', 0), ('F', 0), ('H', 10), ('I', 0), ('N', 0), ('O', 2), ('S', 0))",19,51,complete,51,0,0,False,False,True
dsC7O2H10nsd_0185.xyz,185,"(('Br', 0), ('C', 7), ('Cl', 0), ('F', 0), ('H', 10), ('I', 0), ('N', 0), ('O', 2), ('S', 0))",19,102,incomplete_count,102,0,0,False,False,True
dsC7O2H10nsd_0186.xyz,186,"(('Br', 0), ('C', 7), ('Cl', 0), ('F', 0), ('H', 10), ('I', 0), ('N', 0), ('O', 2), ('S', 0))",19,51,complete,51,0,0,False,False,True
dsC7O2H10nsd_0187.xyz,187,"(('Br', 0), ('C', 7), ('Cl', 0), ('F', 0), ('H', 10), ('I', 0), ('N', 0), ('O', 2), ('S', 0))",19,51,complete,51,0,0,False,False,True
dsC7O2H10nsd_0188.xyz,188,"(('Br', 0), ('C', 7), ('Cl', 0), ('F', 0), ('H', 10), ('I', 0), ('N', 0), ('O', 2), ('S', 0))",19,51,complete,51,0,0,False,False,True
dsC7O2H10nsd_0189.xyz,189,"(('Br', 0), ('C', 7), ('Cl', 0), ('F', 0), ('H', 10), ('I', 0), ('N', 0), ('O', 2), ('S', 0))",19,51,complete,51,0,0,False,False,True
dsC7O2H10nsd_0190.xyz,190,"(('Br', 0), ('C', 7), ('Cl', 0), ('F', 0), ('H', 10), ('I', 0), ('N', 0), ('O', 2), ('S', 0))",19,51,complete,51,0,0,False,False,True
dsC7O2H10nsd_0191.xyz,191,"(('Br', 0), ('C', 7), ('Cl', 0), ('F', 0), ('H', 10), ('I', 0), ('N', 0), ('O', 2), ('S', 0))",19,51,complete,51,0,0,False,False,True
dsC7O2H10nsd_0192.xyz,192,"(('Br', 0), ('C', 7), ('Cl', 0), ('F', 0), ('H', 10), ('I', 0), ('N', 0), ('O', 2), ('S', 0))",19,51,complete,51,0,0,False,False,True
dsC7O2H10nsd_0193.xyz,193,"(('Br', 0), ('C', 7), ('Cl', 0), ('F', 0), ('H', 10), ('I', 0), ('N', 0), ('O', 2), ('S', 0))",19,51,complete,51,0,0,False,False,True
dsC7O2H10nsd_0194.xyz,194,"(('Br', 0), ('C', 7), ('Cl', 0), ('F', 0), ('H', 10), ('I', 0), ('N', 0), ('O', 2), ('S', 0))",19,51,complete,51,0,0,False,False,True
dsC7O2H10nsd_0195.xyz,195,"(('Br', 0), ('C', 7), ('Cl', 0), ('F', 0), ('H', 10), ('I', 0), ('N', 0), ('O', 2), ('S', 0))",19,51,complete,51,0,0,False,False,True
dsC7O2H10nsd_0196.xyz,196,"(('Br', 0), ('C', 7), ('Cl', 0), ('F', 0), ('H', 10), ('I', 0), ('N', 0), ('O', 2), ('S', 0))",19,51,complete,51,0,0,False,False,True
dsC7O2H10nsd_0197.xyz,197,"(('Br', 0), ('C', 7), ('Cl', 0), ('F', 0), ('H', 10), ('I', 0), ('N', 0), ('O', 2), ('S', 0))",19,51,complete,51,0,0,False,False,True
dsC7O2H10nsd_0198.xyz,198,"(('Br', 0), ('C', 7), ('Cl', 0), ('F', 0), ('H', 10), ('I', 0), ('N', 0), ('O', 2), ('S', 0))",19,51,complete,51,0,0,False,False,True
dsC7O2H10nsd_0199.xyz,199,"(('Br', 0), ('C', 7), ('Cl', 0), ('F', 0), ('H', 10), ('I', 0), ('N', 0), ('O', 2), ('S', 0))",19,51,complete,51,0,0,False,False,True
dsC7O2H10nsd_0200.xyz,200,"(('Br', 0), ('C', 7), ('Cl', 0), ('F', 0), ('H', 10), ('I', 0), ('N', 0), ('O', 2), ('S', 0))",19,51,complete,51,0,0,False,False,True
dsC7O2H10nsd_0201.xyz,201,"(('Br', 0), ('C', 7), ('Cl', 0), ('F', 0), ('H', 10), ('I', 0), ('N', 0), ('O', 2), ('S', 0))",19,51,complete,51,0,0,False,False,True
dsC7O2H10nsd_0202.xyz,202,"(('Br', 0), ('C', 7), ('Cl', 0), ('F', 0), ('H', 10), ('I', 0), ('N', 0), ('O', 2), ('S', 0))",19,51,complete,51,0,0,False,False,True
dsC7O2H10nsd_0203.xyz,203,"(('Br', 0), ('C', 7), ('Cl', 0), ('F', 0), ('H', 10), ('I', 0), ('N', 0), ('O', 2), ('S', 0))",19,51,complete,51,0,0,False,False,True
dsC7O2H10nsd_0204.xyz,204,"(('Br', 0), ('C', 7), ('Cl', 0), ('F', 0), ('H', 10), ('I', 0), ('N', 0), ('O', 2), ('S', 0))",19,51,complete,51,0,0,False,False,True
dsC7O2H10nsd_0205.xyz,205,"(('Br', 0), ('C', 7), ('Cl', 0), ('F', 0), ('H', 10), ('I', 0), ('N', 0), ('O', 2), ('S', 0))",19,51,complete,51,0,0,False,False,True
dsC7O2H10nsd_0206.xyz,206,"(('Br', 0), ('C', 7), ('Cl', 0), ('F', 0), ('H', 10), ('I', 0), ('N', 0), ('O', 2), ('S', 0))",19,51,complete,51,0,0,False,False,True
dsC7O2H10nsd_0207.xyz,207,"(('Br', 0), ('C', 7), ('Cl', 0), ('F', 0), ('H', 10), ('I', 0), ('N', 0), ('O', 2), ('S', 0))",19,51,complete,51,0,0,False,False,True
dsC7O2H10nsd_0208.xyz,208,"(('Br', 0), ('C', 7), ('Cl', 0), ('F', 0), ('H', 10), ('I', 0), ('N', 0), ('O', 2), ('S', 0))",19,51,complete,51,0,0,False,False,True
dsC7O2H10nsd_0209.xyz,209,"(('Br', 0), ('C', 7), ('Cl', 0), ('F', 0), ('H', 10), ('I', 0), ('N', 0), ('O', 2), ('S', 0))",19,51,complete,51,0,0,False,False,True
dsC7O2H10nsd_0210.xyz,210,"(('Br', 0), ('C', 7), ('Cl', 0), ('F', 0), ('H', 10), ('I', 0), ('N', 0), ('O', 2), ('S', 0))",19,51,complete,51,0,0,False,False,True
dsC7O2H10nsd_0211.xyz,211,"(('Br', 0), ('C', 7), ('Cl', 0), ('F', 0), ('H', 10), ('I', 0), ('N', 0), ('O', 2), ('S', 0))",19,51,complete,51,0,0,False,False,True
dsC7O2H10nsd_0212.xyz,212,"(('Br', 0), ('C', 7), ('Cl', 0), ('F', 0), ('H', 10), ('I', 0), ('N', 0), ('O', 2), ('S', 0))",19,51,complete,51,0,0,False,False,True
dsC7O2H10nsd_0213.xyz,213,"(('Br', 0), ('C', 7), ('Cl', 0), ('F', 0), ('H', 10), ('I', 0), ('N', 0), ('O', 2), ('S', 0))",19,51,complete,51,0,0,False,False,True
dsC7O2H10nsd_0214.xyz,214,"(('Br', 0), ('C', 7), ('Cl', 0), ('F', 0), ('H', 10), ('I', 0), ('N', 0), ('O', 2), ('S', 0))",19,51,complete,51,0,0,False,False,True
dsC7O2H10nsd_0215.xyz,215,"(('Br', 0), ('C', 7), ('Cl', 0), ('F', 0), ('H', 10), ('I', 0), ('N', 0), ('O', 2), ('S', 0))",19,51,complete,51,0,0,False,False,True
dsC7O2H10nsd_0216.xyz,216,"(('Br', 0), ('C', 7), ('Cl', 0), ('F', 0), ('H', 10), ('I', 0), ('N', 0), ('O', 2), ('S', 0))",19,51,complete,51,0,0,False,False,True
dsC7O2H10nsd_0217.xyz,217,"(('Br', 0), ('C', 7), ('Cl', 0), ('F', 0), ('H', 10), ('I', 0), ('N', 0), ('O', 2), ('S', 0))",19,51,complete,51,0,0,False,False,True
dsC7O2H10nsd_0218.xyz,218,"(('Br', 0), ('C', 7), ('Cl', 0), ('F', 0), ('H', 10), ('I', 0), ('N', 0), ('O', 2), ('S', 0))",19,51,complete,51,0,0,False,False,True
dsC7O2H10nsd_0219.xyz,219,"(('Br', 0), ('C', 7), ('Cl', 0), ('F', 0), ('H', 10), ('I', 0), ('N', 0), ('O', 2), ('S', 0))",19,51,complete,51,0,0,False,False,True
dsC7O2H10nsd_0220.xyz,220,"(('Br', 0), ('C', 7), ('Cl', 0), ('F', 0), ('H', 10), ('I', 0), ('N', 0), ('O', 2), ('S', 0))",19,51,complete,51,0,0,False,False,True
dsC7O2H10nsd_0221.xyz,221,"(('Br', 0), ('C', 7), ('Cl', 0), ('F', 0), ('H', 10), ('I', 0), ('N', 0), ('O', 2), ('S', 0))",19,51,complete,51,0,0,False,False,True
dsC7O2H10nsd_0222.xyz,222,"(('Br', 0), ('C', 7), ('Cl', 0), ('F', 0), ('H', 10), ('I', 0), ('N', 0), ('O', 2), ('S', 0))",19,51,complete,51,0,0,False,False,True
dsC7O2H10nsd_0223.xyz,223,"(('Br', 0), ('C', 7), ('Cl', 0), ('F', 0), ('H', 10), ('I', 0), ('N', 0), ('O', 2), ('S', 0))",19,51,complete,51,0,0,False,False,True
dsC7O2H10nsd_0224.xyz,224,"(('Br', 0), ('C', 7), ('Cl', 0), ('F', 0), ('H', 10), ('I', 0), ('N', 0), ('O', 2), ('S', 0))",19,51,complete,51,0,0,False,False,True
dsC7O2H10nsd_0225.xyz,225,"(('Br', 0), ('C', 7), ('Cl', 0), ('F', 0), ('H', 10), ('I', 0), ('N', 0), ('O', 2), ('S', 0))",19,51,complete,51,0,0,False,False,True
dsC7O2H10nsd_0226.xyz,226,"(('Br', 0), ('C', 7), ('Cl', 0), ('F', 0), ('H', 10), ('I', 0), ('N', 0), ('O', 2), ('S', 0))",19,51,complete,51,0,0,False,False,True
dsC7O2H10nsd_0227.xyz,227,"(('Br', 0), ('C', 7), ('Cl', 0), ('F', 0), ('H', 10), ('I', 0), ('N', 0), ('O', 2), ('S', 0))",19,51,complete,51,0,0,False,False,True
dsC7O2H10nsd_0228.xyz,228,"(('Br', 0), ('C', 7), ('Cl', 0), ('F', 0), ('H', 10), ('I', 0), ('N', 0), ('O', 2), ('S', 0))",19,51,complete,51,0,0,False,False,True
dsC7O2H10nsd_0229.xyz,229,"(('Br', 0), ('C', 7), ('Cl', 0), ('F', 0), ('H', 10), ('I', 0), ('N', 0), ('O', 2), ('S', 0))",19,51,complete,51,0,0,False,False,True
dsC7O2H10nsd_0230.xyz,230,"(('Br', 0), ('C', 7), ('Cl', 0), ('F', 0), ('H', 10), ('I', 0), ('N', 0), ('O', 2), ('S', 0))",19,51,complete,51,0,0,False,False,True
dsC7O2H10nsd_0231.xyz,231,"(('Br', 0), ('C', 7), ('Cl', 0), ('F', 0), ('H', 10), ('I', 0), ('N', 0), ('O', 2), ('S', 0))",19,51,complete,51,0,0,False,False,True
dsC7O2H10nsd_0232.xyz,232,"(('Br', 0), ('C', 7), ('Cl', 0), ('F', 0), ('H', 10), ('I', 0), ('N', 0), ('O', 2), ('S', 0))",19,51,complete,51,0,0,False,False,True
dsC7O2H10nsd_0233.xyz,233,"(('Br', 0), ('C', 7), ('Cl', 0), ('F', 0), ('H', 10), ('I', 0), ('N', 0), ('O', 2), ('S', 0))",19,51,complete,51,0,0,False,False,True
dsC7O2H10nsd_0234.xyz,234,"(('Br', 0), ('C', 7), ('Cl', 0), ('F', 0), ('H', 10), ('I', 0), ('N', 0), ('O', 2), ('S', 0))",19,51,complete,51,0,0,False,False,True
dsC7O2H10nsd_0235.xyz,235,"(('Br', 0), ('C', 7), ('Cl', 0), ('F', 0), ('H', 10), ('I', 0), ('N', 0), ('O', 2), ('S', 0))",19,51,complete,51,0,0,False,False,True
dsC7O2H10nsd_0236.xyz,236,"(('Br', 0), ('C', 7), ('Cl', 0), ('F', 0), ('H', 10), ('I', 0), ('N', 0), ('O', 2), ('S', 0))",19,51,complete,51,0,0,False,False,True
dsC7O2H10nsd_0237.xyz,237,"(('Br', 0), ('C', 7), ('Cl', 0), ('F', 0), ('H', 10), ('I', 0), ('N', 0), ('O', 2), ('S', 0))",19,51,complete,51,0,0,False,False,True
dsC7O2H10nsd_0238.xyz,238,"(('Br', 0), ('C', 7), ('Cl', 0), ('F', 0), ('H', 10), ('I', 0), ('N', 0), ('O', 2), ('S', 0))",19,51,complete,51,0,0,False,False,True
dsC7O2H10nsd_0239.xyz,239,"(('Br', 0), ('C', 7), ('Cl', 0), ('F', 0), ('H', 10), ('I', 0), ('N', 0), ('O', 2), ('S', 0))",19,51,complete,51,0,0,False,False,True
dsC7O2H10nsd_0240.xyz,240,"(('Br', 0), ('C', 7), ('Cl', 0), ('F', 0), ('H', 10), ('I', 0), ('N', 0), ('O', 2), ('S', 0))",19,51,complete,51,0,0,False,False,True
dsC7O2H10nsd_0241.xyz,241,"(('Br', 0), ('C', 7), ('Cl', 0), ('F', 0), ('H', 10), ('I', 0), ('N', 0), ('O', 2), ('S', 0))",19,51,complete,51,0,0,False,False,True
dsC7O2H10nsd_0242.xyz,242,"(('Br', 0), ('C', 7), ('Cl', 0), ('F', 0), ('H', 10), ('I', 0), ('N', 0), ('O', 2), ('S', 0))",19,51,complete,51,0,0,False,False,True
dsC7O2H10nsd_0243.xyz,243,"(('Br', 0), ('C', 7), ('Cl', 0), ('F', 0), ('H', 10), ('I', 0), ('N', 0), ('O', 2), ('S', 0))",19,51,complete,51,0,0,False,False,True
dsC7O2H10nsd_0244.xyz,244,"(('Br', 0), ('C', 7), ('Cl', 0), ('F', 0), ('H', 10), ('I', 0), ('N', 0), ('O', 2), ('S', 0))",19,51,complete,51,0,0,False,False,True
dsC7O2H10nsd_0245.xyz,245,"(('Br', 0), ('C', 7), ('Cl', 0), ('F', 0), ('H', 10), ('I', 0), ('N', 0), ('O', 2), ('S', 0))",19,51,complete,51,0,0,False,False,True
dsC7O2H10nsd_0246.xyz,246,"(('Br', 0), ('C', 7), ('Cl', 0), ('F', 0), ('H', 10), ('I', 0), ('N', 0), ('O', 2), ('S', 0))",19,51,complete,51,0,0,False,False,True
dsC7O2H10nsd_0247.xyz,247,"(('Br', 0), ('C', 7), ('Cl', 0), ('F', 0), ('H', 10), ('I', 0), ('N', 0), ('O', 2), ('S', 0))",19,51,complete,51,0,0,False,False,True
dsC7O2H10nsd_0248.xyz,248,"(('Br', 0), ('C', 7), ('Cl', 0), ('F', 0), ('H', 10), ('I', 0), ('N', 0), ('O', 2), ('S', 0))",19,51,complete,51,0,0,False,False,True
dsC7O2H10nsd_0249.xyz,249,"(('Br', 0), ('C', 7), ('Cl', 0), ('F', 0), ('H', 10), ('I', 0), ('N', 0), ('O', 2), ('S', 0))",19,51,complete,51,0,0,False,False,True
dsC7O2H10nsd_0250.xyz,250,"(('Br', 0), ('C', 7), ('Cl', 0), ('F', 0), ('H', 10), ('I', 0), ('N', 0), ('O', 2), ('S', 0))",19,51,complete,51,0,0,False,False,True
dsC7O2H10nsd_0251.xyz,251,"(('Br', 0), ('C', 7), ('Cl', 0), ('F', 0), ('H', 10), ('I', 0), ('N', 0), ('O', 2), ('S', 0))",19,51,complete,51,0,0,False,False,True
dsC7O2H10nsd_0252.xyz,252,"(('Br', 0), ('C', 7), ('Cl', 0), ('F', 0), ('H', 10), ('I', 0), ('N', 0), ('O', 2), ('S', 0))",19,51,complete,51,0,0,False,False,True
dsC7O2H10nsd_0253.xyz,253,"(('Br', 0), ('C', 7), ('Cl', 0), ('F', 0), ('H', 10), ('I', 0), ('N', 0), ('O', 2), ('S', 0))",19,51,complete,51,0,0,False,False,True
dsC7O2H10nsd_0254.xyz,254,"(('Br', 0), ('C', 7), ('Cl', 0), ('F', 0), ('H', 10), ('I', 0), ('N', 0), ('O', 2), ('S', 0))",19,51,complete,51,0,0,False,False,True
dsC7O2H10nsd_0255.xyz,255,"(('Br', 0), ('C', 7), ('Cl', 0), ('F', 0), ('H', 10), ('I', 0), ('N', 0), ('O', 2), ('S', 0))",19,51,complete,51,0,0,False,False,True
dsC7O2H10nsd_0256.xyz,256,"(('Br', 0), ('C', 7), ('Cl', 0), ('F', 0), ('H', 10), ('I', 0), ('N', 0), ('O', 2), ('S', 0))",19,51,complete,51,0,0,False,False,True
dsC7O2H10nsd_0257.xyz,257,"(('Br', 0), ('C', 7), ('Cl', 0), ('F', 0), ('H', 10), ('I', 0), ('N', 0), ('O', 2), ('S', 0))",19,51,complete,51,0,0,False,False,True
dsC7O2H10nsd_0258.xyz,258,"(('Br', 0), ('C', 7), ('Cl', 0), ('F', 0), ('H', 10), ('I', 0), ('N', 0), ('O', 2), ('S', 0))",19,51,complete,51,0,0,False,False,True
dsC7O2H10nsd_0259.xyz,259,"(('Br', 0), ('C', 7), ('Cl', 0), ('F', 0), ('H', 10), ('I', 0), ('N', 0), ('O', 2), ('S', 0))",19,51,complete,51,0,0,False,False,True
dsC7O2H10nsd_0260.xyz,260,"(('Br', 0), ('C', 7), ('Cl', 0), ('F', 0), ('H', 10), ('I', 0), ('N', 0), ('O', 2), ('S', 0))",19,51,complete,51,0,0,False,False,True
dsC7O2H10nsd_0261.xyz,261,"(('Br', 0), ('C', 7), ('Cl', 0), ('F', 0), ('H', 10), ('I', 0), ('N', 0), ('O', 2), ('S', 0))",19,51,complete,51,0,0,False,False,True
dsC7O2H10nsd_0262.xyz,262,"(('Br', 0), ('C', 7), ('Cl', 0), ('F', 0), ('H', 10), ('I', 0), ('N', 0), ('O', 2), ('S', 0))",19,51,complete,51,0,0,False,False,True
dsC7O2H10nsd_0263.xyz,263,"(('Br', 0), ('C', 7), ('Cl', 0), ('F', 0), ('H', 10), ('I', 0), ('N', 0), ('O', 2), ('S', 0))",19,51,complete,51,0,0,False,False,True
dsC7O2H10nsd_0264.xyz,264,"(('Br', 0), ('C', 7), ('Cl', 0), ('F', 0), ('H', 10), ('I', 0), ('N', 0), ('O', 2), ('S', 0))",19,51,complete,51,0,0,False,False,True
dsC7O2H10nsd_0265.xyz,265,"(('Br', 0), ('C', 7), ('Cl', 0), ('F', 0), ('H', 10), ('I', 0), ('N', 0), ('O', 2), ('S', 0))",19,51,complete,51,0,0,False,False,True
dsC7O2H10nsd_0266.xyz,266,"(('Br', 0), ('C', 7), ('Cl', 0), ('F', 0), ('H', 10), ('I', 0), ('N', 0), ('O', 2), ('S', 0))",19,51,complete,51,0,0,False,False,True
dsC7O2H10nsd_0267.xyz,267,"(('Br', 0), ('C', 7), ('Cl', 0), ('F', 0), ('H', 10), ('I', 0), ('N', 0), ('O', 2), ('S', 0))",19,51,complete,51,0,0,False,False,True
dsC7O2H10nsd_0268.xyz,268,"(('Br', 0), ('C', 7), ('Cl', 0), ('F', 0), ('H', 10), ('I', 0), ('N', 0), ('O', 2), ('S', 0))",19,51,complete,51,0,0,False,False,True
dsC7O2H10nsd_0269.xyz,269,"(('Br', 0), ('C', 7), ('Cl', 0), ('F', 0), ('H', 10), ('I', 0), ('N', 0), ('O', 2), ('S', 0))",19,51,complete,51,0,0,False,False,True
dsC7O2H10nsd_0270.xyz,270,"(('Br', 0), ('C', 7), ('Cl', 0), ('F', 0), ('H', 10), ('I', 0), ('N', 0), ('O', 2), ('S', 0))",19,51,complete,51,0,0,False,False,True
dsC7O2H10nsd_0271.xyz,271,"(('Br', 0), ('C', 7), ('Cl', 0), ('F', 0), ('H', 10), ('I', 0), ('N', 0), ('O', 2), ('S', 0))",19,51,complete,51,0,0,False,False,True
dsC7O2H10nsd_0272.xyz,272,"(('Br', 0), ('C', 7), ('Cl', 0), ('F', 0), ('H', 10), ('I', 0), ('N', 0), ('O', 2), ('S', 0))",19,51,complete,51,0,0,False,False,True
dsC7O2H10nsd_0273.xyz,273,"(('Br', 0), ('C', 7), ('Cl', 0), ('F', 0), ('H', 10), ('I', 0), ('N', 0), ('O', 2), ('S', 0))",19,51,complete,51,0,0,False,False,True
dsC7O2H10nsd_0274.xyz,274,"(('Br', 0), ('C', 7), ('Cl', 0), ('F', 0), ('H', 10), ('I', 0), ('N', 0), ('O', 2), ('S', 0))",19,51,complete,51,0,0,False,False,True
dsC7O2H10nsd_0275.xyz,275,"(('Br', 0), ('C', 7), ('Cl', 0), ('F', 0), ('H', 10), ('I', 0), ('N', 0), ('O', 2), ('S', 0))",19,51,complete,51,0,0,False,False,True
dsC7O2H10nsd_0276.xyz,276,"(('Br', 0), ('C', 7), ('Cl', 0), ('F', 0), ('H', 10), ('I', 0), ('N', 0), ('O', 2), ('S', 0))",19,51,complete,51,0,0,False,False,True
dsC7O2H10nsd_0277.xyz,277,"(('Br', 0), ('C', 7), ('Cl', 0), ('F', 0), ('H', 10), ('I', 0), ('N', 0), ('O', 2), ('S', 0))",19,51,complete,51,0,0,False,False,True
dsC7O2H10nsd_0278.xyz,278,"(('Br', 0), ('C', 7), ('Cl', 0), ('F', 0), ('H', 10), ('I', 0), ('N', 0), ('O', 2), ('S', 0))",19,51,complete,51,0,0,False,False,True
dsC7O2H10nsd_0279.xyz,279,"(('Br', 0), ('C', 7), ('Cl', 0), ('F', 0), ('H', 10), ('I', 0), ('N', 0), ('O', 2), ('S', 0))",19,51,complete,51,0,0,False,False,True
dsC7O2H10nsd_0280.xyz,280,"(('Br', 0), ('C', 7), ('Cl', 0), ('F', 0), ('H', 10), ('I', 0), ('N', 0), ('O', 2), ('S', 0))",19,51,complete,51,0,0,False,False,True
dsC7O2H10nsd_0281.xyz,281,"(('Br', 0), ('C', 7), ('Cl', 0), ('F', 0), ('H', 10), ('I', 0), ('N', 0), ('O', 2), ('S', 0))",19,51,complete,51,0,0,False,False,True
dsC7O2H10nsd_0282.xyz,282,"(('Br', 0), ('C', 7), ('Cl', 0), ('F', 0), ('H', 10), ('I', 0), ('N', 0), ('O', 2), ('S', 0))",19,51,complete,51,0,0,False,False,True
dsC7O2H10nsd_0283.xyz,283,"(('Br', 0), ('C', 7), ('Cl', 0), ('F', 0), ('H', 10), ('I', 0), ('N', 0), ('O', 2), ('S', 0))",19,51,complete,51,0,0,False,False,True
dsC7O2H10nsd_0284.xyz,284,"(('Br', 0), ('C', 7), ('Cl', 0), ('F', 0), ('H', 10), ('I', 0), ('N', 0), ('O', 2), ('S', 0))",19,51,complete,51,0,0,False,False,True
dsC7O2H10nsd_0285.xyz,285,"(('Br', 0), ('C', 7), ('Cl', 0), ('F', 0), ('H', 10), ('I', 0), ('N', 0), ('O', 2), ('S', 0))",19,51,complete,51,0,0,False,False,True
dsC7O2H10nsd_0286.xyz,286,"(('Br', 0), ('C', 7), ('Cl', 0), ('F', 0), ('H', 10), ('I', 0), ('N', 0), ('O', 2), ('S', 0))",19,51,complete,51,0,0,False,False,True
dsC7O2H10nsd_0287.xyz,287,"(('Br', 0), ('C', 7), ('Cl', 0), ('F', 0), ('H', 10), ('I', 0), ('N', 0), ('O', 2), ('S', 0))",19,51,complete,51,0,0,False,False,True
dsC7O2H10nsd_0288.xyz,288,"(('Br', 0), ('C', 7), ('Cl', 0), ('F', 0), ('H', 10), ('I', 0), ('N', 0), ('O', 2), ('S', 0))",19,51,complete,51,0,0,False,False,True
dsC7O2H10nsd_0289.xyz,289,"(('Br', 0), ('C', 7), ('Cl', 0), ('F', 0), ('H', 10), ('I', 0), ('N', 0), ('O', 2), ('S', 0))",19,51,complete,51,0,0,False,False,True
dsC7O2H10nsd_0290.xyz,290,"(('Br', 0), ('C', 7), ('Cl', 0), ('F', 0), ('H', 10), ('I', 0), ('N', 0), ('O', 2), ('S', 0))",19,51,complete,51,0,0,False,False,True
dsC7O2H10nsd_0291.xyz,291,"(('Br', 0), ('C', 7), ('Cl', 0), ('F', 0), ('H', 10), ('I', 0), ('N', 0), ('O', 2), ('S', 0))",19,51,complete,51,0,0,False,False,True
dsC7O2H10nsd_0292.xyz,292,"(('Br', 0), ('C', 7), ('Cl', 0), ('F', 0), ('H', 10), ('I', 0), ('N', 0), ('O', 2), ('S', 0))",19,51,complete,51,0,0,False,False,True
dsC7O2H10nsd_0293.xyz,293,"(('Br', 0), ('C', 7), ('Cl', 0), ('F', 0), ('H', 10), ('I', 0), ('N', 0), ('O', 2), ('S', 0))",19,51,complete,51,0,0,False,False,True
dsC7O2H10nsd_0294.xyz,294,"(('Br', 0), ('C', 7), ('Cl', 0), ('F', 0), ('H', 10), ('I', 0), ('N', 0), ('O', 2), ('S', 0))",19,51,complete,51,0,0,False,False,True
dsC7O2H10nsd_0295.xyz,295,"(('Br', 0), ('C', 7), ('Cl', 0), ('F', 0), ('H', 10), ('I', 0), ('N', 0), ('O', 2), ('S', 0))",19,51,complete,51,0,0,False,False,True
dsC7O2H10nsd_0296.xyz,296,"(('Br', 0), ('C', 7), ('Cl', 0), ('F', 0), ('H', 10), ('I', 0), ('N', 0), ('O', 2), ('S', 0))",19,51,complete,51,0,0,False,False,True
dsC7O2H10nsd_0297.xyz,297,"(('Br', 0), ('C', 7), ('Cl', 0), ('F', 0), ('H', 10), ('I', 0), ('N', 0), ('O', 2), ('S', 0))",19,51,complete,51,0,0,False,False,True
dsC7O2H10nsd_0298.xyz,298,"(('Br', 0), ('C', 7), ('Cl', 0), ('F', 0), ('H', 10), ('I', 0), ('N', 0), ('O', 2), ('S', 0))",19,51,complete,51,0,0,False,False,True
dsC7O2H10nsd_0299.xyz,299,"(('Br', 0), ('C', 7), ('Cl', 0), ('F', 0), ('H', 10), ('I', 0), ('N', 0), ('O', 2), ('S', 0))",19,51,complete,51,0,0,False,False,True
dsC7O2H10nsd_0300.xyz,300,"(('Br', 0), ('C', 7), ('Cl', 0), ('F', 0), ('H', 10), ('I', 0), ('N', 0), ('O', 2), ('S', 0))",19,51,complete,51,0,0,False,False,True
dsC7O2H10nsd_0301.xyz,301,"(('Br', 0), ('C', 7), ('Cl', 0), ('F', 0), ('H', 10), ('I', 0), ('N', 0), ('O', 2), ('S', 0))",19,51,complete,51,0,0,False,False,True
dsC7O2H10nsd_0302.xyz,302,"(('Br', 0), ('C', 7), ('Cl', 0), ('F', 0), ('H', 10), ('I', 0), ('N', 0), ('O', 2), ('S', 0))",19,51,complete,51,0,0,False,False,True
dsC7O2H10nsd_0303.xyz,303,"(('Br', 0), ('C', 7), ('Cl', 0), ('F', 0), ('H', 10), ('I', 0), ('N', 0), ('O', 2), ('S', 0))",19,51,complete,51,0,0,False,False,True
dsC7O2H10nsd_0304.xyz,304,"(('Br', 0), ('C', 7), ('Cl', 0), ('F', 0), ('H', 10), ('I', 0), ('N', 0), ('O', 2), ('S', 0))",19,51,complete,51,0,0,False,False,True
dsC7O2H10nsd_0305.xyz,305,"(('Br', 0), ('C', 7), ('Cl', 0), ('F', 0), ('H', 10), ('I', 0), ('N', 0), ('O', 2), ('S', 0))",19,51,complete,51,0,0,False,False,True
dsC7O2H10nsd_0306.xyz,306,"(('Br', 0), ('C', 7), ('Cl', 0), ('F', 0), ('H', 10), ('I', 0), ('N', 0), ('O', 2), ('S', 0))",19,51,complete,51,0,0,False,False,True
dsC7O2H10nsd_0307.xyz,307,"(('Br', 0), ('C', 7), ('Cl', 0), ('F', 0), ('H', 10), ('I', 0), ('N', 0), ('O', 2), ('S', 0))",19,51,complete,51,0,0,False,False,True
dsC7O2H10nsd_0308.xyz,308,"(('Br', 0), ('C', 7), ('Cl', 0), ('F', 0), ('H', 10), ('I', 0), ('N', 0), ('O', 2), ('S', 0))",19,51,complete,51,0,0,False,False,True
dsC7O2H10nsd_0309.xyz,309,"(('Br', 0), ('C', 7), ('Cl', 0), ('F', 0), ('H', 10), ('I', 0), ('N', 0), ('O', 2), ('S', 0))",19,51,complete,51,0,0,False,False,True
dsC7O2H10nsd_0310.xyz,310,"(('Br', 0), ('C', 7), ('Cl', 0), ('F', 0), ('H', 10), ('I', 0), ('N', 0), ('O', 2), ('S', 0))",19,51,complete,51,0,0,False,False,True
dsC7O2H10nsd_0311.xyz,311,"(('Br', 0), ('C', 7), ('Cl', 0), ('F', 0), ('H', 10), ('I', 0), ('N', 0), ('O', 2), ('S', 0))",19,51,complete,51,0,0,False,False,True
dsC7O2H10nsd_0312.xyz,312,"(('Br', 0), ('C', 7), ('Cl', 0), ('F', 0), ('H', 10), ('I', 0), ('N', 0), ('O', 2), ('S', 0))",19,51,complete,51,0,0,False,False,True
dsC7O2H10nsd_0313.xyz,313,"(('Br', 0), ('C', 7), ('Cl', 0), ('F', 0), ('H', 10), ('I', 0), ('N', 0), ('O', 2), ('S', 0))",19,51,complete,51,0,0,False,False,True
dsC7O2H10nsd_0314.xyz,314,"(('Br', 0), ('C', 7), ('Cl', 0), ('F', 0), ('H', 10), ('I', 0), ('N', 0), ('O', 2), ('S', 0))",19,51,complete,51,0,0,False,False,True
dsC7O2H10nsd_0315.xyz,315,"(('Br', 0), ('C', 7), ('Cl', 0), ('F', 0), ('H', 10), ('I', 0), ('N', 0), ('O', 2), ('S', 0))",19,51,complete,51,0,0,False,False,True
dsC7O2H10nsd_0316.xyz,316,"(('Br', 0), ('C', 7), ('Cl', 0), ('F', 0), ('H', 10), ('I', 0), ('N', 0), ('O', 2), ('S', 0))",19,51,complete,51,0,0,False,False,True
dsC7O2H10nsd_0317.xyz,317,"(('Br', 0), ('C', 7), ('Cl', 0), ('F', 0), ('H', 10), ('I', 0), ('N', 0), ('O', 2), ('S', 0))",19,51,complete,51,0,0,False,False,True
dsC7O2H10nsd_0318.xyz,318,"(('Br', 0), ('C', 7), ('Cl', 0), ('F', 0), ('H', 10), ('I', 0), ('N', 0), ('O', 2), ('S', 0))",19,51,complete,51,0,0,False,False,True
dsC7O2H10nsd_0319.xyz,319,"(('Br', 0), ('C', 7), ('Cl', 0), ('F', 0), ('H', 10), ('I', 0), ('N', 0), ('O', 2), ('S', 0))",19,51,complete,51,0,0,False,False,True
dsC7O2H10nsd_0320.xyz,320,"(('Br', 0), ('C', 7), ('Cl', 0), ('F', 0), ('H', 10), ('I', 0), ('N', 0), ('O', 2), ('S', 0))",19,51,complete,51,0,0,False,False,True
dsC7O2H10nsd_0321.xyz,321,"(('Br', 0), ('C', 7), ('Cl', 0), ('F', 0), ('H', 10), ('I', 0), ('N', 0), ('O', 2), ('S', 0))",19,51,complete,51,0,0,False,False,True
dsC7O2H10nsd_0322.xyz,322,"(('Br', 0), ('C', 7), ('Cl', 0), ('F', 0), ('H', 10), ('I', 0), ('N', 0), ('O', 2), ('S', 0))",19,51,complete,51,0,0,False,False,True
dsC7O2H10nsd_0323.xyz,323,"(('Br', 0), ('C', 7), ('Cl', 0), ('F', 0), ('H', 10), ('I', 0), ('N', 0), ('O', 2), ('S', 0))",19,51,complete,51,0,0,False,False,True
dsC7O2H10nsd_0324.xyz,324,"(('Br', 0), ('C', 7), ('Cl', 0), ('F', 0), ('H', 10), ('I', 0), ('N', 0), ('O', 2), ('S', 0))",19,51,complete,51,0,0,False,False,True
dsC7O2H10nsd_0325.xyz,325,"(('Br', 0), ('C', 7), ('Cl', 0), ('F', 0), ('H', 10), ('I', 0), ('N', 0), ('O', 2), ('S', 0))",19,51,complete,51,0,0,False,False,True
dsC7O2H10nsd_0326.xyz,326,"(('Br', 0), ('C', 7), ('Cl', 0), ('F', 0), ('H', 10), ('I', 0), ('N', 0), ('O', 2), ('S', 0))",19,51,complete,51,0,0,False,False,True
dsC7O2H10nsd_0327.xyz,327,"(('Br', 0), ('C', 7), ('Cl', 0), ('F', 0), ('H', 10), ('I', 0), ('N', 0), ('O', 2), ('S', 0))",19,51,complete,51,0,0,False,False,True
dsC7O2H10nsd_0328.xyz,328,"(('Br', 0), ('C', 7), ('Cl', 0), ('F', 0), ('H', 10), ('I', 0), ('N', 0), ('O', 2), ('S', 0))",19,102,incomplete_count,102,0,0,False,False,True
dsC7O2H10nsd_0329.xyz,329,"(('Br', 0), ('C', 7), ('Cl', 0), ('F', 0), ('H', 10), ('I', 0), ('N', 0), ('O', 2), ('S', 0))",19,51,complete,51,0,0,False,False,True
dsC7O2H10nsd_0330.xyz,330,"(('Br', 0), ('C', 7), ('Cl', 0), ('F', 0), ('H', 10), ('I', 0), ('N', 0), ('O', 2), ('S', 0))",19,51,complete,51,0,0,False,False,True
dsC7O2H10nsd_0331.xyz,331,"(('Br', 0), ('C', 7), ('Cl', 0), ('F', 0), ('H', 10), ('I', 0), ('N', 0), ('O', 2), ('S', 0))",19,51,complete,51,0,0,False,False,True
dsC7O2H10nsd_0332.xyz,332,"(('Br', 0), ('C', 7), ('Cl', 0), ('F', 0), ('H', 10), ('I', 0), ('N', 0), ('O', 2), ('S', 0))",19,51,complete,51,0,0,False,False,True
dsC7O2H10nsd_0333.xyz,333,"(('Br', 0), ('C', 7), ('Cl', 0), ('F', 0), ('H', 10), ('I', 0), ('N', 0), ('O', 2), ('S', 0))",19,51,complete,51,0,0,False,False,True
dsC7O2H10nsd_0334.xyz,334,"(('Br', 0), ('C', 7), ('Cl', 0), ('F', 0), ('H', 10), ('I', 0), ('N', 0), ('O', 2), ('S', 0))",19,51,complete,51,0,0,False,False,True
dsC7O2H10nsd_0335.xyz,335,"(('Br', 0), ('C', 7), ('Cl', 0), ('F', 0), ('H', 10), ('I', 0), ('N', 0), ('O', 2), ('S', 0))",19,51,complete,51,0,0,False,False,True
dsC7O2H10nsd_0336.xyz,336,"(('Br', 0), ('C', 7), ('Cl', 0), ('F', 0), ('H', 10), ('I', 0), ('N', 0), ('O', 2), ('S', 0))",19,51,complete,51,0,0,False,False,True
dsC7O2H10nsd_0337.xyz,337,"(('Br', 0), ('C', 7), ('Cl', 0), ('F', 0), ('H', 10), ('I', 0), ('N', 0), ('O', 2), ('S', 0))",19,51,complete,51,0,0,False,False,True
dsC7O2H10nsd_0338.xyz,338,"(('Br', 0), ('C', 7), ('Cl', 0), ('F', 0), ('H', 10), ('I', 0), ('N', 0), ('O', 2), ('S', 0))",19,51,complete,51,0,0,False,False,True
dsC7O2H10nsd_0339.xyz,339,"(('Br', 0), ('C', 7), ('Cl', 0), ('F', 0), ('H', 10), ('I', 0), ('N', 0), ('O', 2), ('S', 0))",19,51,complete,51,0,0,False,False,True
dsC7O2H10nsd_0340.xyz,340,"(('Br', 0), ('C', 7), ('Cl', 0), ('F', 0), ('H', 10), ('I', 0), ('N', 0), ('O', 2), ('S', 0))",19,51,complete,51,0,0,False,False,True
dsC7O2H10nsd_0341.xyz,341,"(('Br', 0), ('C', 7), ('Cl', 0), ('F', 0), ('H', 10), ('I', 0), ('N', 0), ('O', 2), ('S', 0))",19,51,complete,51,0,0,False,False,True
dsC7O2H10nsd_0342.xyz,342,"(('Br', 0), ('C', 7), ('Cl', 0), ('F', 0), ('H', 10), ('I', 0), ('N', 0), ('O', 2), ('S', 0))",19,51,complete,51,0,0,False,False,True
dsC7O2H10nsd_0343.xyz,343,"(('Br', 0), ('C', 7), ('Cl', 0), ('F', 0), ('H', 10), ('I', 0), ('N', 0), ('O', 2), ('S', 0))",19,51,complete,51,0,0,False,False,True
dsC7O2H10nsd_0344.xyz,344,"(('Br', 0), ('C', 7), ('Cl', 0), ('F', 0), ('H', 10), ('I', 0), ('N', 0), ('O', 2), ('S', 0))",19,51,complete,51,0,0,False,False,True
dsC7O2H10nsd_0345.xyz,345,"(('Br', 0), ('C', 7), ('Cl', 0), ('F', 0), ('H', 10), ('I', 0), ('N', 0), ('O', 2), ('S', 0))",19,51,complete,51,0,0,False,False,True
dsC7O2H10nsd_0346.xyz,346,"(('Br', 0), ('C', 7), ('Cl', 0), ('F', 0), ('H', 10), ('I', 0), ('N', 0), ('O', 2), ('S', 0))",19,51,complete,51,0,0,False,False,True
dsC7O2H10nsd_0347.xyz,347,"(('Br', 0), ('C', 7), ('Cl', 0), ('F', 0), ('H', 10), ('I', 0), ('N', 0), ('O', 2), ('S', 0))",19,51,complete,51,0,0,False,False,True
dsC7O2H10nsd_0348.xyz,348,"(('Br', 0), ('C', 7), ('Cl', 0), ('F', 0), ('H', 10), ('I', 0), ('N', 0), ('O', 2), ('S', 0))",19,51,complete,51,0,0,False,False,True
dsC7O2H10nsd_0349.xyz,349,"(('Br', 0), ('C', 7), ('Cl', 0), ('F', 0), ('H', 10), ('I', 0), ('N', 0), ('O', 2), ('S', 0))",19,51,complete,51,0,0,False,False,True
dsC7O2H10nsd_0350.xyz,350,"(('Br', 0), ('C', 7), ('Cl', 0), ('F', 0), ('H', 10), ('I', 0), ('N', 0), ('O', 2), ('S', 0))",19,51,complete,51,0,0,False,False,True
dsC7O2H10nsd_0351.xyz,351,"(('Br', 0), ('C', 7), ('Cl', 0), ('F', 0), ('H', 10), ('I', 0), ('N', 0), ('O', 2), ('S', 0))",19,51,complete,51,0,0,False,False,True
dsC7O2H10nsd_0352.xyz,352,"(('Br', 0), ('C', 7), ('Cl', 0), ('F', 0), ('H', 10), ('I', 0), ('N', 0), ('O', 2), ('S', 0))",19,51,complete,51,0,0,False,False,True
dsC7O2H10nsd_0353.xyz,353,"(('Br', 0), ('C', 7), ('Cl', 0), ('F', 0), ('H', 10), ('I', 0), ('N', 0), ('O', 2), ('S', 0))",19,51,complete,51,0,0,False,False,True
dsC7O2H10nsd_0354.xyz,354,"(('Br', 0), ('C', 7), ('Cl', 0), ('F', 0), ('H', 10), ('I', 0), ('N', 0), ('O', 2), ('S', 0))",19,51,complete,51,0,0,True,True,True
dsC7O2H10nsd_0355.xyz,355,"(('Br', 0), ('C', 7), ('Cl', 0), ('F', 0), ('H', 10), ('I', 0), ('N', 0), ('O', 2), ('S', 0))",19,51,complete,51,0,0,False,False,True
dsC7O2H10nsd_0356.xyz,356,"(('Br', 0), ('C', 7), ('Cl', 0), ('F', 0), ('H', 10), ('I', 0), ('N', 0), ('O', 2), ('S', 0))",19,51,complete,51,0,0,False,False,True
dsC7O2H10nsd_0357.xyz,357,"(('Br', 0), ('C', 7), ('Cl', 0), ('F', 0), ('H', 10), ('I', 0), ('N', 0), ('O', 2), ('S', 0))",19,51,complete,51,0,0,False,False,True
dsC7O2H10nsd_0358.xyz,358,"(('Br', 0), ('C', 7), ('Cl', 0), ('F', 0), ('H', 10), ('I', 0), ('N', 0), ('O', 2), ('S', 0))",19,51,complete,51,0,0,True,True,True
dsC7O2H10nsd_0359.xyz,359,"(('Br', 0), ('C', 7), ('Cl', 0), ('F', 0), ('H', 10), ('I', 0), ('N', 0), ('O', 2), ('S', 0))",19,51,complete,51,0,0,False,False,True
dsC7O2H10nsd_0360.xyz,360,"(('Br', 0), ('C', 7), ('Cl', 0), ('F', 0), ('H', 10), ('I', 0), ('N', 0), ('O', 2), ('S', 0))",19,51,complete,51,0,0,False,False,True
dsC7O2H10nsd_0361.xyz,361,"(('Br', 0), ('C', 7), ('Cl', 0), ('F', 0), ('H', 10), ('I', 0), ('N', 0), ('O', 2), ('S', 0))",19,51,complete,51,0,0,False,False,True
dsC7O2H10nsd_0362.xyz,362,"(('Br', 0), ('C', 7), ('Cl', 0), ('F', 0), ('H', 10), ('I', 0), ('N', 0), ('O', 2), ('S', 0))",19,51,complete,51,0,0,False,False,True
dsC7O2H10nsd_0363.xyz,363,"(('Br', 0), ('C', 7), ('Cl', 0), ('F', 0), ('H', 10), ('I', 0), ('N', 0), ('O', 2), ('S', 0))",19,51,complete,51,0,0,False,False,True
dsC7O2H10nsd_0364.xyz,364,"(('Br', 0), ('C', 7), ('Cl', 0), ('F', 0), ('H', 10), ('I', 0), ('N', 0), ('O', 2), ('S', 0))",19,51,complete,51,0,0,False,False,True
dsC7O2H10nsd_0365.xyz,365,"(('Br', 0), ('C', 7), ('Cl', 0), ('F', 0), ('H', 10), ('I', 0), ('N', 0), ('O', 2), ('S', 0))",19,51,complete,51,0,0,False,False,True
dsC7O2H10nsd_0366.xyz,366,"(('Br', 0), ('C', 7), ('Cl', 0), ('F', 0), ('H', 10), ('I', 0), ('N', 0), ('O', 2), ('S', 0))",19,51,complete,51,0,0,False,False,True
dsC7O2H10nsd_0367.xyz,367,"(('Br', 0), ('C', 7), ('Cl', 0), ('F', 0), ('H', 10), ('I', 0), ('N', 0), ('O', 2), ('S', 0))",19,51,complete,51,0,0,False,False,True
dsC7O2H10nsd_0368.xyz,368,"(('Br', 0), ('C', 7), ('Cl', 0), ('F', 0), ('H', 10), ('I', 0), ('N', 0), ('O', 2), ('S', 0))",19,51,complete,51,0,0,False,False,True
dsC7O2H10nsd_0369.xyz,369,"(('Br', 0), ('C', 7), ('Cl', 0), ('F', 0), ('H', 10), ('I', 0), ('N', 0), ('O', 2), ('S', 0))",19,51,complete,51,0,0,False,False,True
dsC7O2H10nsd_0370.xyz,370,"(('Br', 0), ('C', 7), ('Cl', 0), ('F', 0), ('H', 10), ('I', 0), ('N', 0), ('O', 2), ('S', 0))",19,51,complete,51,0,0,False,False,True
dsC7O2H10nsd_0371.xyz,371,"(('Br', 0), ('C', 7), ('Cl', 0), ('F', 0), ('H', 10), ('I', 0), ('N', 0), ('O', 2), ('S', 0))",19,51,complete,51,0,0,False,False,True
dsC7O2H10nsd_0372.xyz,372,"(('Br', 0), ('C', 7), ('Cl', 0), ('F', 0), ('H', 10), ('I', 0), ('N', 0), ('O', 2), ('S', 0))",19,51,complete,51,0,0,False,False,True
dsC7O2H10nsd_0373.xyz,373,"(('Br', 0), ('C', 7), ('Cl', 0), ('F', 0), ('H', 10), ('I', 0), ('N', 0), ('O', 2), ('S', 0))",19,51,complete,51,0,0,False,True,True
dsC7O2H10nsd_0374.xyz,374,"(('Br', 0), ('C', 7), ('Cl', 0), ('F', 0), ('H', 10), ('I', 0), ('N', 0), ('O', 2), ('S', 0))",19,102,incomplete_count,102,0,0,False,False,True
dsC7O2H10nsd_0375.xyz,375,"(('Br', 0), ('C', 7), ('Cl', 0), ('F', 0), ('H', 10), ('I', 0), ('N', 0), ('O', 2), ('S', 0))",19,51,complete,51,0,0,False,True,True
dsC7O2H10nsd_0376.xyz,376,"(('Br', 0), ('C', 7), ('Cl', 0), ('F', 0), ('H', 10), ('I', 0), ('N', 0), ('O', 2), ('S', 0))",19,51,complete,51,0,0,False,False,True
dsC7O2H10nsd_0377.xyz,377,"(('Br', 0), ('C', 7), ('Cl', 0), ('F', 0), ('H', 10), ('I', 0), ('N', 0), ('O', 2), ('S', 0))",19,51,complete,51,0,0,False,False,True
dsC7O2H10nsd_0378.xyz,378,"(('Br', 0), ('C', 7), ('Cl', 0), ('F', 0), ('H', 10), ('I', 0), ('N', 0), ('O', 2), ('S', 0))",19,51,complete,51,0,0,False,False,True
dsC7O2H10nsd_0379.xyz,379,"(('Br', 0), ('C', 7), ('Cl', 0), ('F', 0), ('H', 10), ('I', 0), ('N', 0), ('O', 2), ('S', 0))",19,51,complete,51,0,0,False,False,True
dsC7O2H10nsd_0380.xyz,380,"(('Br', 0), ('C', 7), ('Cl', 0), ('F', 0), ('H', 10), ('I', 0), ('N', 0), ('O', 2), ('S', 0))",19,51,complete,51,0,0,False,False,True
dsC7O2H10nsd_0381.xyz,381,"(('Br', 0), ('C', 7), ('Cl', 0), ('F', 0), ('H', 10), ('I', 0), ('N', 0), ('O', 2), ('S', 0))",19,51,complete,51,0,0,False,False,True
dsC7O2H10nsd_0382.xyz,382,"(('Br', 0), ('C', 7), ('Cl', 0), ('F', 0), ('H', 10), ('I', 0), ('N', 0), ('O', 2), ('S', 0))",19,51,complete,51,0,0,False,False,True
dsC7O2H10nsd_0383.xyz,383,"(('Br', 0), ('C', 7), ('Cl', 0), ('F', 0), ('H', 10), ('I', 0), ('N', 0), ('O', 2), ('S', 0))",19,51,complete,51,0,0,False,False,True
dsC7O2H10nsd_0384.xyz,384,"(('Br', 0), ('C', 7), ('Cl', 0), ('F', 0), ('H', 10), ('I', 0), ('N', 0), ('O', 2), ('S', 0))",19,51,complete,51,0,0,False,False,True
dsC7O2H10nsd_0385.xyz,385,"(('Br', 0), ('C', 7), ('Cl', 0), ('F', 0), ('H', 10), ('I', 0), ('N', 0), ('O', 2), ('S', 0))",19,51,complete,51,0,0,False,False,True
dsC7O2H10nsd_0386.xyz,386,"(('Br', 0), ('C', 7), ('Cl', 0), ('F', 0), ('H', 10), ('I', 0), ('N', 0), ('O', 2), ('S', 0))",19,51,complete,51,0,0,False,False,True
dsC7O2H10nsd_0387.xyz,387,"(('Br', 0), ('C', 7), ('Cl', 0), ('F', 0), ('H', 10), ('I', 0), ('N', 0), ('O', 2), ('S', 0))",19,51,complete,51,0,0,False,False,True
dsC7O2H10nsd_0388.xyz,388,"(('Br', 0), ('C', 7), ('Cl', 0), ('F', 0), ('H', 10), ('I', 0), ('N', 0), ('O', 2), ('S', 0))",19,51,complete,51,0,0,False,False,True
dsC7O2H10nsd_0389.xyz,389,"(('Br', 0), ('C', 7), ('Cl', 0), ('F', 0), ('H', 10), ('I', 0), ('N', 0), ('O', 2), ('S', 0))",19,51,complete,51,0,0,False,False,True
dsC7O2H10nsd_0390.xyz,390,"(('Br', 0), ('C', 7), ('Cl', 0), ('F', 0), ('H', 10), ('I', 0), ('N', 0), ('O', 2), ('S', 0))",19,51,complete,51,0,0,False,False,True
dsC7O2H10nsd_0391.xyz,391,"(('Br', 0), ('C', 7), ('Cl', 0), ('F', 0), ('H', 10), ('I', 0), ('N', 0), ('O', 2), ('S', 0))",19,51,complete,51,0,0,False,False,True
dsC7O2H10nsd_0392.xyz,392,"(('Br', 0), ('C', 7), ('Cl', 0), ('F', 0), ('H', 10), ('I', 0), ('N', 0), ('O', 2), ('S', 0))",19,51,complete,51,0,0,False,False,True
dsC7O2H10nsd_0393.xyz,393,"(('Br', 0), ('C', 7), ('Cl', 0), ('F', 0), ('H', 10), ('I', 0), ('N', 0), ('O', 2), ('S', 0))",19,51,complete,51,0,0,False,True,True
dsC7O2H10nsd_0394.xyz,394,"(('Br', 0), ('C', 7), ('Cl', 0), ('F', 0), ('H', 10), ('I', 0), ('N', 0), ('O', 2), ('S', 0))",19,51,complete,51,0,0,False,False,True
dsC7O2H10nsd_0395.xyz,395,"(('Br', 0), ('C', 7), ('Cl', 0), ('F', 0), ('H', 10), ('I', 0), ('N', 0), ('O', 2), ('S', 0))",19,51,complete,51,0,0,False,True,True
dsC7O2H10nsd_0396.xyz,396,"(('Br', 0), ('C', 7), ('Cl', 0), ('F', 0), ('H', 10), ('I', 0), ('N', 0), ('O', 2), ('S', 0))",19,51,complete,51,0,0,False,False,True
dsC7O2H10nsd_0397.xyz,397,"(('Br', 0), ('C', 7), ('Cl', 0), ('F', 0), ('H', 10), ('I', 0), ('N', 0), ('O', 2), ('S', 0))",19,51,complete,51,0,0,False,False,True
dsC7O2H10nsd_0398.xyz,398,"(('Br', 0), ('C', 7), ('Cl', 0), ('F', 0), ('H', 10), ('I', 0), ('N', 0), ('O', 2), ('S', 0))",19,51,complete,51,0,0,False,False,True
dsC7O2H10nsd_0399.xyz,399,"(('Br', 0), ('C', 7), ('Cl', 0), ('F', 0), ('H', 10), ('I', 0), ('N', 0), ('O', 2), ('S', 0))",19,51,complete,51,0,0,False,False,True
dsC7O2H10nsd_0400.xyz,400,"(('Br', 0), ('C', 7), ('Cl', 0), ('F', 0), ('H', 10), ('I', 0), ('N', 0), ('O', 2), ('S', 0))",19,51,complete,51,0,0,False,False,True
dsC7O2H10nsd_0401.xyz,401,"(('Br', 0), ('C', 7), ('Cl', 0), ('F', 0), ('H', 10), ('I', 0), ('N', 0), ('O', 2), ('S', 0))",19,51,complete,51,0,0,False,False,True
dsC7O2H10nsd_0402.xyz,402,"(('Br', 0), ('C', 7), ('Cl', 0), ('F', 0), ('H', 10), ('I', 0), ('N', 0), ('O', 2), ('S', 0))",19,51,complete,51,0,0,False,False,True
dsC7O2H10nsd_0403.xyz,403,"(('Br', 0), ('C', 7), ('Cl', 0), ('F', 0), ('H', 10), ('I', 0), ('N', 0), ('O', 2), ('S', 0))",19,51,complete,51,0,0,False,False,True
dsC7O2H10nsd_0404.xyz,404,"(('Br', 0), ('C', 7), ('Cl', 0), ('F', 0), ('H', 10), ('I', 0), ('N', 0), ('O', 2), ('S', 0))",19,51,complete,51,0,0,False,False,True
dsC7O2H10nsd_0405.xyz,405,"(('Br', 0), ('C', 7), ('Cl', 0), ('F', 0), ('H', 10), ('I', 0), ('N', 0), ('O', 2), ('S', 0))",19,51,complete,51,0,0,False,False,True
dsC7O2H10nsd_0406.xyz,406,"(('Br', 0), ('C', 7), ('Cl', 0), ('F', 0), ('H', 10), ('I', 0), ('N', 0), ('O', 2), ('S', 0))",19,51,complete,51,0,0,False,False,True
dsC7O2H10nsd_0407.xyz,407,"(('Br', 0), ('C', 7), ('Cl', 0), ('F', 0), ('H', 10), ('I', 0), ('N', 0), ('O', 2), ('S', 0))",19,51,complete,51,0,0,False,False,True
dsC7O2H10nsd_0408.xyz,408,"(('Br', 0), ('C', 7), ('Cl', 0), ('F', 0), ('H', 10), ('I', 0), ('N', 0), ('O', 2), ('S', 0))",19,51,complete,51,0,0,False,False,True
dsC7O2H10nsd_0409.xyz,409,"(('Br', 0), ('C', 7), ('Cl', 0), ('F', 0), ('H', 10), ('I', 0), ('N', 0), ('O', 2), ('S', 0))",19,51,complete,51,0,0,False,False,True
dsC7O2H10nsd_0410.xyz,410,"(('Br', 0), ('C', 7), ('Cl', 0), ('F', 0), ('H', 10), ('I', 0), ('N', 0), ('O', 2), ('S', 0))",19,51,complete,51,0,0,False,False,True
dsC7O2H10nsd_0411.xyz,411,"(('Br', 0), ('C', 7), ('Cl', 0), ('F', 0), ('H', 10), ('I', 0), ('N', 0), ('O', 2), ('S', 0))",19,51,complete,51,0,0,False,False,True
dsC7O2H10nsd_0412.xyz,412,"(('Br', 0), ('C', 7), ('Cl', 0), ('F', 0), ('H', 10), ('I', 0), ('N', 0), ('O', 2), ('S', 0))",19,51,complete,51,0,0,False,False,True
dsC7O2H10nsd_0413.xyz,413,"(('Br', 0), ('C', 7), ('Cl', 0), ('F', 0), ('H', 10), ('I', 0), ('N', 0), ('O', 2), ('S', 0))",19,51,complete,51,0,0,False,False,True
dsC7O2H10nsd_0414.xyz,414,"(('Br', 0), ('C', 7), ('Cl', 0), ('F', 0), ('H', 10), ('I', 0), ('N', 0), ('O', 2), ('S', 0))",19,51,complete,51,0,0,False,False,True
dsC7O2H10nsd_0415.xyz,415,"(('Br', 0), ('C', 7), ('Cl', 0), ('F', 0), ('H', 10), ('I', 0), ('N', 0), ('O', 2), ('S', 0))",19,51,complete,51,0,0,False,False,True
dsC7O2H10nsd_0416.xyz,416,"(('Br', 0), ('C', 7), ('Cl', 0), ('F', 0), ('H', 10), ('I', 0), ('N', 0), ('O', 2), ('S', 0))",19,51,complete,51,0,0,False,True,True
dsC7O2H10nsd_0417.xyz,417,"(('Br', 0), ('C', 7), ('Cl', 0), ('F', 0), ('H', 10), ('I', 0), ('N', 0), ('O', 2), ('S', 0))",19,51,complete,51,0,0,False,False,True
dsC7O2H10nsd_0418.xyz,418,"(('Br', 0), ('C', 7), ('Cl', 0), ('F', 0), ('H', 10), ('I', 0), ('N', 0), ('O', 2), ('S', 0))",19,51,complete,51,0,0,False,False,True
dsC7O2H10nsd_0419.xyz,419,"(('Br', 0), ('C', 7), ('Cl', 0), ('F', 0), ('H', 10), ('I', 0), ('N', 0), ('O', 2), ('S', 0))",19,51,complete,51,0,0,False,False,True
dsC7O2H10nsd_0420.xyz,420,"(('Br', 0), ('C', 7), ('Cl', 0), ('F', 0), ('H', 10), ('I', 0), ('N', 0), ('O', 2), ('S', 0))",19,51,complete,51,0,0,False,False,True
dsC7O2H10nsd_0421.xyz,421,"(('Br', 0), ('C', 7), ('Cl', 0), ('F', 0), ('H', 10), ('I', 0), ('N', 0), ('O', 2), ('S', 0))",19,51,complete,51,0,0,False,False,True
dsC7O2H10nsd_0422.xyz,422,"(('Br', 0), ('C', 7), ('Cl', 0), ('F', 0), ('H', 10), ('I', 0), ('N', 0), ('O', 2), ('S', 0))",19,51,complete,51,0,0,False,False,True
dsC7O2H10nsd_0423.xyz,423,"(('Br', 0), ('C', 7), ('Cl', 0), ('F', 0), ('H', 10), ('I', 0), ('N', 0), ('O', 2), ('S', 0))",19,51,complete,51,0,0,False,False,True
dsC7O2H10nsd_0424.xyz,424,"(('Br', 0), ('C', 7), ('Cl', 0), ('F', 0), ('H', 10), ('I', 0), ('N', 0), ('O', 2), ('S', 0))",19,51,complete,51,0,0,False,False,True
dsC7O2H10nsd_0425.xyz,425,"(('Br', 0), ('C', 7), ('Cl', 0), ('F', 0), ('H', 10), ('I', 0), ('N', 0), ('O', 2), ('S', 0))",19,51,complete,51,0,0,False,True,True
dsC7O2H10nsd_0426.xyz,426,"(('Br', 0), ('C', 7), ('Cl', 0), ('F', 0), ('H', 10), ('I', 0), ('N', 0), ('O', 2), ('S', 0))",19,51,complete,51,0,0,False,False,True
dsC7O2H10nsd_0427.xyz,427,"(('Br', 0), ('C', 7), ('Cl', 0), ('F', 0), ('H', 10), ('I', 0), ('N', 0), ('O', 2), ('S', 0))",19,51,complete,51,0,0,False,False,True
dsC7O2H10nsd_0428.xyz,428,"(('Br', 0), ('C', 7), ('Cl', 0), ('F', 0), ('H', 10), ('I', 0), ('N', 0), ('O', 2), ('S', 0))",19,51,complete,51,0,0,False,False,True
dsC7O2H10nsd_0429.xyz,429,"(('Br', 0), ('C', 7), ('Cl', 0), ('F', 0), ('H', 10), ('I', 0), ('N', 0), ('O', 2), ('S', 0))",19,51,complete,51,0,0,False,False,True
dsC7O2H10nsd_0430.xyz,430,"(('Br', 0), ('C', 7), ('Cl', 0), ('F', 0), ('H', 10), ('I', 0), ('N', 0), ('O', 2), ('S', 0))",19,51,complete,51,0,0,False,False,True
dsC7O2H10nsd_0431.xyz,431,"(('Br', 0), ('C', 7), ('Cl', 0), ('F', 0), ('H', 10), ('I', 0), ('N', 0), ('O', 2), ('S', 0))",19,51,complete,51,0,0,False,False,True
dsC7O2H10nsd_0432.xyz,432,"(('Br', 0), ('C', 7), ('Cl', 0), ('F', 0), ('H', 10), ('I', 0), ('N', 0), ('O', 2), ('S', 0))",19,51,complete,51,0,0,False,False,True
dsC7O2H10nsd_0433.xyz,433,"(('Br', 0), ('C', 7), ('Cl', 0), ('F', 0), ('H', 10), ('I', 0), ('N', 0), ('O', 2), ('S', 0))",19,51,complete,51,0,0,False,False,True
dsC7O2H10nsd_0434.xyz,434,"(('Br', 0), ('C', 7), ('Cl', 0), ('F', 0), ('H', 10), ('I', 0), ('N', 0), ('O', 2), ('S', 0))",19,51,complete,51,0,0,False,False,True
dsC7O2H10nsd_0435.xyz,435,"(('Br', 0), ('C', 7), ('Cl', 0), ('F', 0), ('H', 10), ('I', 0), ('N', 0), ('O', 2), ('S', 0))",19,51,complete,51,0,0,False,False,True
dsC7O2H10nsd_0436.xyz,436,"(('Br', 0), ('C', 7), ('Cl', 0), ('F', 0), ('H', 10), ('I', 0), ('N', 0), ('O', 2), ('S', 0))",19,51,complete,51,0,0,False,False,True
dsC7O2H10nsd_0437.xyz,437,"(('Br', 0), ('C', 7), ('Cl', 0), ('F', 0), ('H', 10), ('I', 0), ('N', 0), ('O', 2), ('S', 0))",19,51,complete,51,0,0,False,False,True
dsC7O2H10nsd_0438.xyz,438,"(('Br', 0), ('C', 7), ('Cl', 0), ('F', 0), ('H', 10), ('I', 0), ('N', 0), ('O', 2), ('S', 0))",19,51,complete,51,0,0,False,False,True
dsC7O2H10nsd_0439.xyz,439,"(('Br', 0), ('C', 7), ('Cl', 0), ('F', 0), ('H', 10), ('I', 0), ('N', 0), ('O', 2), ('S', 0))",19,51,complete,51,0,0,False,False,True
dsC7O2H10nsd_0440.xyz,440,"(('Br', 0), ('C', 7), ('Cl', 0), ('F', 0), ('H', 10), ('I', 0), ('N', 0), ('O', 2), ('S', 0))",19,51,complete,51,0,0,False,False,True
dsC7O2H10nsd_0441.xyz,441,"(('Br', 0), ('C', 7), ('Cl', 0), ('F', 0), ('H', 10), ('I', 0), ('N', 0), ('O', 2), ('S', 0))",19,51,complete,51,0,0,False,False,True
dsC7O2H10nsd_0442.xyz,442,"(('Br', 0), ('C', 7), ('Cl', 0), ('F', 0), ('H', 10), ('I', 0), ('N', 0), ('O', 2), ('S', 0))",19,51,complete,51,0,0,False,False,True
dsC7O2H10nsd_0443.xyz,443,"(('Br', 0), ('C', 7), ('Cl', 0), ('F', 0), ('H', 10), ('I', 0), ('N', 0), ('O', 2), ('S', 0))",19,51,complete,51,0,0,False,False,True
dsC7O2H10nsd_0444.xyz,444,"(('Br', 0), ('C', 7), ('Cl', 0), ('F', 0), ('H', 10), ('I', 0), ('N', 0), ('O', 2), ('S', 0))",19,51,complete,51,0,0,False,False,True
dsC7O2H10nsd_0445.xyz,445,"(('Br', 0), ('C', 7), ('Cl', 0), ('F', 0), ('H', 10), ('I', 0), ('N', 0), ('O', 2), ('S', 0))",19,51,complete,51,0,0,False,False,True
dsC7O2H10nsd_0446.xyz,446,"(('Br', 0), ('C', 7), ('Cl', 0), ('F', 0), ('H', 10), ('I', 0), ('N', 0), ('O', 2), ('S', 0))",19,51,complete,51,0,0,False,False,True
dsC7O2H10nsd_0447.xyz,447,"(('Br', 0), ('C', 7), ('Cl', 0), ('F', 0), ('H', 10), ('I', 0), ('N', 0), ('O', 2), ('S', 0))",19,51,complete,51,0,0,False,False,True
dsC7O2H10nsd_0448.xyz,448,"(('Br', 0), ('C', 7), ('Cl', 0), ('F', 0), ('H', 10), ('I', 0), ('N', 0), ('O', 2), ('S', 0))",19,51,complete,51,0,0,False,False,True
dsC7O2H10nsd_0449.xyz,449,"(('Br', 0), ('C', 7), ('Cl', 0), ('F', 0), ('H', 10), ('I', 0), ('N', 0), ('O', 2), ('S', 0))",19,51,complete,51,0,0,False,False,True
dsC7O2H10nsd_0450.xyz,450,"(('Br', 0), ('C', 7), ('Cl', 0), ('F', 0), ('H', 10), ('I', 0), ('N', 0), ('O', 2), ('S', 0))",19,51,complete,51,0,0,False,False,True
dsC7O2H10nsd_0451.xyz,451,"(('Br', 0), ('C', 7), ('Cl', 0), ('F', 0), ('H', 10), ('I', 0), ('N', 0), ('O', 2), ('S', 0))",19,51,complete,51,0,0,False,False,True
dsC7O2H10nsd_0452.xyz,452,"(('Br', 0), ('C', 7), ('Cl', 0), ('F', 0), ('H', 10), ('I', 0), ('N', 0), ('O', 2), ('S', 0))",19,51,complete,51,0,0,False,False,True
dsC7O2H10nsd_0453.xyz,453,"(('Br', 0), ('C', 7), ('Cl', 0), ('F', 0), ('H', 10), ('I', 0), ('N', 0), ('O', 2), ('S', 0))",19,51,complete,51,0,0,False,False,True
dsC7O2H10nsd_0454.xyz,454,"(('Br', 0), ('C', 7), ('Cl', 0), ('F', 0), ('H', 10), ('I', 0), ('N', 0), ('O', 2), ('S', 0))",19,51,complete,51,0,0,False,False,True
dsC7O2H10nsd_0455.xyz,455,"(('Br', 0), ('C', 7), ('Cl', 0), ('F', 0), ('H', 10), ('I', 0), ('N', 0), ('O', 2), ('S', 0))",19,51,complete,51,0,0,False,False,True
dsC7O2H10nsd_0456.xyz,456,"(('Br', 0), ('C', 7), ('Cl', 0), ('F', 0), ('H', 10), ('I', 0), ('N', 0), ('O', 2), ('S', 0))",19,51,complete,51,0,0,False,False,True
dsC7O2H10nsd_0457.xyz,457,"(('Br', 0), ('C', 7), ('Cl', 0), ('F', 0), ('H', 10), ('I', 0), ('N', 0), ('O', 2), ('S', 0))",19,51,complete,51,0,0,False,False,True
dsC7O2H10nsd_0458.xyz,458,"(('Br', 0), ('C', 7), ('Cl', 0), ('F', 0), ('H', 10), ('I', 0), ('N', 0), ('O', 2), ('S', 0))",19,51,complete,51,0,0,False,False,True
dsC7O2H10nsd_0459.xyz,459,"(('Br', 0), ('C', 7), ('Cl', 0), ('F', 0), ('H', 10), ('I', 0), ('N', 0), ('O', 2), ('S', 0))",19,51,complete,51,0,0,False,False,True
dsC7O2H10nsd_0460.xyz,460,"(('Br', 0), ('C', 7), ('Cl', 0), ('F', 0), ('H', 10), ('I', 0), ('N', 0), ('O', 2), ('S', 0))",19,51,complete,51,0,0,False,False,True
dsC7O2H10nsd_0461.xyz,461,"(('Br', 0), ('C', 7), ('Cl', 0), ('F', 0), ('H', 10), ('I', 0), ('N', 0), ('O', 2), ('S', 0))",19,51,complete,51,0,0,False,False,True
dsC7O2H10nsd_0462.xyz,462,"(('Br', 0), ('C', 7), ('Cl', 0), ('F', 0), ('H', 10), ('I', 0), ('N', 0), ('O', 2), ('S', 0))",19,51,complete,51,0,0,False,False,True
dsC7O2H10nsd_0463.xyz,463,"(('Br', 0), ('C', 7), ('Cl', 0), ('F', 0), ('H', 10), ('I', 0), ('N', 0), ('O', 2), ('S', 0))",19,51,complete,51,0,0,False,False,True
dsC7O2H10nsd_0464.xyz,464,"(('Br', 0), ('C', 7), ('Cl', 0), ('F', 0), ('H', 10), ('I', 0), ('N', 0), ('O', 2), ('S', 0))",19,51,complete,51,0,0,False,False,True
dsC7O2H10nsd_0465.xyz,465,"(('Br', 0), ('C', 7), ('Cl', 0), ('F', 0), ('H', 10), ('I', 0), ('N', 0), ('O', 2), ('S', 0))",19,51,complete,51,0,0,False,False,True
dsC7O2H10nsd_0466.xyz,466,"(('Br', 0), ('C', 7), ('Cl', 0), ('F', 0), ('H', 10), ('I', 0), ('N', 0), ('O', 2), ('S', 0))",19,51,complete,51,0,0,False,False,True
dsC7O2H10nsd_0467.xyz,467,"(('Br', 0), ('C', 7), ('Cl', 0), ('F', 0), ('H', 10), ('I', 0), ('N', 0), ('O', 2), ('S', 0))",19,51,complete,51,0,0,False,False,True
dsC7O2H10nsd_0468.xyz,468,"(('Br', 0), ('C', 7), ('Cl', 0), ('F', 0), ('H', 10), ('I', 0), ('N', 0), ('O', 2), ('S', 0))",19,51,complete,51,0,0,False,False,True
dsC7O2H10nsd_0469.xyz,469,"(('Br', 0), ('C', 7), ('Cl', 0), ('F', 0), ('H', 10), ('I', 0), ('N', 0), ('O', 2), ('S', 0))",19,51,complete,51,0,0,False,False,True
dsC7O2H10nsd_0470.xyz,470,"(('Br', 0), ('C', 7), ('Cl', 0), ('F', 0), ('H', 10), ('I', 0), ('N', 0), ('O', 2), ('S', 0))",19,51,complete,51,0,0,False,False,True
dsC7O2H10nsd_0471.xyz,471,"(('Br', 0), ('C', 7), ('Cl', 0), ('F', 0), ('H', 10), ('I', 0), ('N', 0), ('O', 2), ('S', 0))",19,51,complete,51,0,0,False,False,True
dsC7O2H10nsd_0472.xyz,472,"(('Br', 0), ('C', 7), ('Cl', 0), ('F', 0), ('H', 10), ('I', 0), ('N', 0), ('O', 2), ('S', 0))",19,51,complete,51,0,0,False,False,True
dsC7O2H10nsd_0473.xyz,473,"(('Br', 0), ('C', 7), ('Cl', 0), ('F', 0), ('H', 10), ('I', 0), ('N', 0), ('O', 2), ('S', 0))",19,51,complete,51,0,0,False,False,True
dsC7O2H10nsd_0474.xyz,474,"(('Br', 0), ('C', 7), ('Cl', 0), ('F', 0), ('H', 10), ('I', 0), ('N', 0), ('O', 2), ('S', 0))",19,51,complete,51,0,0,False,False,True
dsC7O2H10nsd_0475.xyz,475,"(('Br', 0), ('C', 7), ('Cl', 0), ('F', 0), ('H', 10), ('I', 0), ('N', 0), ('O', 2), ('S', 0))",19,51,complete,51,0,0,False,False,True
dsC7O2H10nsd_0476.xyz,476,"(('Br', 0), ('C', 7), ('Cl', 0), ('F', 0), ('H', 10), ('I', 0), ('N', 0), ('O', 2), ('S', 0))",19,51,complete,51,0,0,False,False,True
dsC7O2H10nsd_0477.xyz,477,"(('Br', 0), ('C', 7), ('Cl', 0), ('F', 0), ('H', 10), ('I', 0), ('N', 0), ('O', 2), ('S', 0))",19,51,complete,51,0,0,False,False,True
dsC7O2H10nsd_0478.xyz,478,"(('Br', 0), ('C', 7), ('Cl', 0), ('F', 0), ('H', 10), ('I', 0), ('N', 0), ('O', 2), ('S', 0))",19,51,complete,51,0,0,False,False,True
dsC7O2H10nsd_0479.xyz,479,"(('Br', 0), ('C', 7), ('Cl', 0), ('F', 0), ('H', 10), ('I', 0), ('N', 0), ('O', 2), ('S', 0))",19,51,complete,51,0,0,False,False,True
dsC7O2H10nsd_0480.xyz,480,"(('Br', 0), ('C', 7), ('Cl', 0), ('F', 0), ('H', 10), ('I', 0), ('N', 0), ('O', 2), ('S', 0))",19,51,complete,51,0,0,False,False,True
dsC7O2H10nsd_0481.xyz,481,"(('Br', 0), ('C', 7), ('Cl', 0), ('F', 0), ('H', 10), ('I', 0), ('N', 0), ('O', 2), ('S', 0))",19,102,incomplete_count,102,0,0,False,False,True
dsC7O2H10nsd_0482.xyz,482,"(('Br', 0), ('C', 7), ('Cl', 0), ('F', 0), ('H', 10), ('I', 0), ('N', 0), ('O', 2), ('S', 0))",19,51,complete,51,0,0,False,False,True
dsC7O2H10nsd_0483.xyz,483,"(('Br', 0), ('C', 7), ('Cl', 0), ('F', 0), ('H', 10), ('I', 0), ('N', 0), ('O', 2), ('S', 0))",19,51,complete,51,0,0,False,False,True
dsC7O2H10nsd_0484.xyz,484,"(('Br', 0), ('C', 7), ('Cl', 0), ('F', 0), ('H', 10), ('I', 0), ('N', 0), ('O', 2), ('S', 0))",19,51,complete,51,0,0,False,False,True
dsC7O2H10nsd_0485.xyz,485,"(('Br', 0), ('C', 7), ('Cl', 0), ('F', 0), ('H', 10), ('I', 0), ('N', 0), ('O', 2), ('S', 0))",19,51,complete,51,0,0,False,False,True
dsC7O2H10nsd_0486.xyz,486,"(('Br', 0), ('C', 7), ('Cl', 0), ('F', 0), ('H', 10), ('I', 0), ('N', 0), ('O', 2), ('S', 0))",19,51,complete,51,0,0,False,False,True
dsC7O2H10nsd_0487.xyz,487,"(('Br', 0), ('C', 7), ('Cl', 0), ('F', 0), ('H', 10), ('I', 0), ('N', 0), ('O', 2), ('S', 0))",19,51,complete,51,0,0,False,False,True
dsC7O2H10nsd_0488.xyz,488,"(('Br', 0), ('C', 7), ('Cl', 0), ('F', 0), ('H', 10), ('I', 0), ('N', 0), ('O', 2), ('S', 0))",19,51,complete,51,0,0,False,False,True
dsC7O2H10nsd_0489.xyz,489,"(('Br', 0), ('C', 7), ('Cl', 0), ('F', 0), ('H', 10), ('I', 0), ('N', 0), ('O', 2), ('S', 0))",19,51,complete,51,0,0,False,False,True
dsC7O2H10nsd_0490.xyz,490,"(('Br', 0), ('C', 7), ('Cl', 0), ('F', 0), ('H', 10), ('I', 0), ('N', 0), ('O', 2), ('S', 0))",19,51,complete,51,0,0,False,False,True
dsC7O2H10nsd_0491.xyz,491,"(('Br', 0), ('C', 7), ('Cl', 0), ('F', 0), ('H', 10), ('I', 0), ('N', 0), ('O', 2), ('S', 0))",19,51,complete,51,0,0,False,False,True
dsC7O2H10nsd_0492.xyz,492,"(('Br', 0), ('C', 7), ('Cl', 0), ('F', 0), ('H', 10), ('I', 0), ('N', 0), ('O', 2), ('S', 0))",19,51,complete,51,0,0,False,False,True
dsC7O2H10nsd_0493.xyz,493,"(('Br', 0), ('C', 7), ('Cl', 0), ('F', 0), ('H', 10), ('I', 0), ('N', 0), ('O', 2), ('S', 0))",19,51,complete,51,0,0,False,False,True
dsC7O2H10nsd_0494.xyz,494,"(('Br', 0), ('C', 7), ('Cl', 0), ('F', 0), ('H', 10), ('I', 0), ('N', 0), ('O', 2), ('S', 0))",19,51,complete,51,0,0,False,False,True
dsC7O2H10nsd_0495.xyz,495,"(('Br', 0), ('C', 7), ('Cl', 0), ('F', 0), ('H', 10), ('I', 0), ('N', 0), ('O', 2), ('S', 0))",19,51,complete,51,0,0,False,True,True
dsC7O2H10nsd_0496.xyz,496,"(('Br', 0), ('C', 7), ('Cl', 0), ('F', 0), ('H', 10), ('I', 0), ('N', 0), ('O', 2), ('S', 0))",19,51,complete,51,0,0,False,False,True
dsC7O2H10nsd_0497.xyz,497,"(('Br', 0), ('C', 7), ('Cl', 0), ('F', 0), ('H', 10), ('I', 0), ('N', 0), ('O', 2), ('S', 0))",19,51,complete,51,0,0,False,True,True
dsC7O2H10nsd_0498.xyz,498,"(('Br', 0), ('C', 7), ('Cl', 0), ('F', 0), ('H', 10), ('I', 0), ('N', 0), ('O', 2), ('S', 0))",19,51,complete,51,0,0,False,True,True
dsC7O2H10nsd_0499.xyz,499,"(('Br', 0), ('C', 7), ('Cl', 0), ('F', 0), ('H', 10), ('I', 0), ('N', 0), ('O', 2), ('S', 0))",19,51,complete,51,0,0,False,False,True
dsC7O2H10nsd_0500.xyz,500,"(('Br', 0), ('C', 7), ('Cl', 0), ('F', 0), ('H', 10), ('I', 0), ('N', 0), ('O', 2), ('S', 0))",19,51,complete,51,0,0,False,False,True
dsC7O2H10nsd_0501.xyz,501,"(('Br', 0), ('C', 7), ('Cl', 0), ('F', 0), ('H', 10), ('I', 0), ('N', 0), ('O', 2), ('S', 0))",19,51,complete,51,0,0,False,False,True
dsC7O2H10nsd_0502.xyz,502,"(('Br', 0), ('C', 7), ('Cl', 0), ('F', 0), ('H', 10), ('I', 0), ('N', 0), ('O', 2), ('S', 0))",19,51,complete,51,0,0,False,False,True
dsC7O2H10nsd_0503.xyz,503,"(('Br', 0), ('C', 7), ('Cl', 0), ('F', 0), ('H', 10), ('I', 0), ('N', 0), ('O', 2), ('S', 0))",19,51,complete,51,0,0,False,False,True
dsC7O2H10nsd_0504.xyz,504,"(('Br', 0), ('C', 7), ('Cl', 0), ('F', 0), ('H', 10), ('I', 0), ('N', 0), ('O', 2), ('S', 0))",19,51,complete,51,0,0,False,False,True
dsC7O2H10nsd_0505.xyz,505,"(('Br', 0), ('C', 7), ('Cl', 0), ('F', 0), ('H', 10), ('I', 0), ('N', 0), ('O', 2), ('S', 0))",19,51,complete,51,0,0,False,False,True
dsC7O2H10nsd_0506.xyz,506,"(('Br', 0), ('C', 7), ('Cl', 0), ('F', 0), ('H', 10), ('I', 0), ('N', 0), ('O', 2), ('S', 0))",19,51,complete,51,0,0,False,False,True
dsC7O2H10nsd_0507.xyz,507,"(('Br', 0), ('C', 7), ('Cl', 0), ('F', 0), ('H', 10), ('I', 0), ('N', 0), ('O', 2), ('S', 0))",19,102,incomplete_count,102,0,0,False,False,True
dsC7O2H10nsd_0508.xyz,508,"(('Br', 0), ('C', 7), ('Cl', 0), ('F', 0), ('H', 10), ('I', 0), ('N', 0), ('O', 2), ('S', 0))",19,51,complete,51,0,0,False,False,True
dsC7O2H10nsd_0509.xyz,509,"(('Br', 0), ('C', 7), ('Cl', 0), ('F', 0), ('H', 10), ('I', 0), ('N', 0), ('O', 2), ('S', 0))",19,51,complete,51,0,0,False,False,True
dsC7O2H10nsd_0510.xyz,510,"(('Br', 0), ('C', 7), ('Cl', 0), ('F', 0), ('H', 10), ('I', 0), ('N', 0), ('O', 2), ('S', 0))",19,51,complete,51,0,0,False,False,True
dsC7O2H10nsd_0511.xyz,511,"(('Br', 0), ('C', 7), ('Cl', 0), ('F', 0), ('H', 10), ('I', 0), ('N', 0), ('O', 2), ('S', 0))",19,51,complete,51,0,0,False,False,True
dsC7O2H10nsd_0512.xyz,512,"(('Br', 0), ('C', 7), ('Cl', 0), ('F', 0), ('H', 10), ('I', 0), ('N', 0), ('O', 2), ('S', 0))",19,51,complete,51,0,0,False,False,True
dsC7O2H10nsd_0513.xyz,513,"(('Br', 0), ('C', 7), ('Cl', 0), ('F', 0), ('H', 10), ('I', 0), ('N', 0), ('O', 2), ('S', 0))",19,51,complete,51,0,0,False,False,True
dsC7O2H10nsd_0514.xyz,514,"(('Br', 0), ('C', 7), ('Cl', 0), ('F', 0), ('H', 10), ('I', 0), ('N', 0), ('O', 2), ('S', 0))",19,51,complete,51,0,0,False,False,True
dsC7O2H10nsd_0515.xyz,515,"(('Br', 0), ('C', 7), ('Cl', 0), ('F', 0), ('H', 10), ('I', 0), ('N', 0), ('O', 2), ('S', 0))",19,51,complete,51,0,0,False,False,True
dsC7O2H10nsd_0516.xyz,516,"(('Br', 0), ('C', 7), ('Cl', 0), ('F', 0), ('H', 10), ('I', 0), ('N', 0), ('O', 2), ('S', 0))",19,51,complete,51,0,0,False,False,True
dsC7O2H10nsd_0517.xyz,517,"(('Br', 0), ('C', 7), ('Cl', 0), ('F', 0), ('H', 10), ('I', 0), ('N', 0), ('O', 2), ('S', 0))",19,51,complete,51,0,0,False,False,True
dsC7O2H10nsd_0518.xyz,518,"(('Br', 0), ('C', 7), ('Cl', 0), ('F', 0), ('H', 10), ('I', 0), ('N', 0), ('O', 2), ('S', 0))",19,51,complete,51,0,0,False,False,True
dsC7O2H10nsd_0519.xyz,519,"(('Br', 0), ('C', 7), ('Cl', 0), ('F', 0), ('H', 10), ('I', 0), ('N', 0), ('O', 2), ('S', 0))",19,51,complete,51,0,0,False,False,True
dsC7O2H10nsd_0520.xyz,520,"(('Br', 0), ('C', 7), ('Cl', 0), ('F', 0), ('H', 10), ('I', 0), ('N', 0), ('O', 2), ('S', 0))",19,51,complete,51,0,0,False,False,True
dsC7O2H10nsd_0521.xyz,521,"(('Br', 0), ('C', 7), ('Cl', 0), ('F', 0), ('H', 10), ('I', 0), ('N', 0), ('O', 2), ('S', 0))",19,51,complete,51,0,0,False,False,True
dsC7O2H10nsd_0522.xyz,522,"(('Br', 0), ('C', 7), ('Cl', 0), ('F', 0), ('H', 10), ('I', 0), ('N', 0), ('O', 2), ('S', 0))",19,51,complete,51,0,0,False,False,True
dsC7O2H10nsd_0523.xyz,523,"(('Br', 0), ('C', 7), ('Cl', 0), ('F', 0), ('H', 10), ('I', 0), ('N', 0), ('O', 2), ('S', 0))",19,51,complete,51,0,0,False,False,True
dsC7O2H10nsd_0524.xyz,524,"(('Br', 0), ('C', 7), ('Cl', 0), ('F', 0), ('H', 10), ('I', 0), ('N', 0), ('O', 2), ('S', 0))",19,51,complete,51,0,0,False,False,True
dsC7O2H10nsd_0525.xyz,525,"(('Br', 0), ('C', 7), ('Cl', 0), ('F', 0), ('H', 10), ('I', 0), ('N', 0), ('O', 2), ('S', 0))",19,51,complete,51,0,0,False,False,True
dsC7O2H10nsd_0526.xyz,526,"(('Br', 0), ('C', 7), ('Cl', 0), ('F', 0), ('H', 10), ('I', 0), ('N', 0), ('O', 2), ('S', 0))",19,51,complete,51,0,0,False,False,True
dsC7O2H10nsd_0527.xyz,527,"(('Br', 0), ('C', 7), ('Cl', 0), ('F', 0), ('H', 10), ('I', 0), ('N', 0), ('O', 2), ('S', 0))",19,51,complete,51,0,0,False,False,True
dsC7O2H10nsd_0528.xyz,528,"(('Br', 0), ('C', 7), ('Cl', 0), ('F', 0), ('H', 10), ('I', 0), ('N', 0), ('O', 2), ('S', 0))",19,51,complete,51,0,0,False,False,True
dsC7O2H10nsd_0529.xyz,529,"(('Br', 0), ('C', 7), ('Cl', 0), ('F', 0), ('H', 10), ('I', 0), ('N', 0), ('O', 2), ('S', 0))",19,51,complete,51,0,0,False,False,True
dsC7O2H10nsd_0530.xyz,530,"(('Br', 0), ('C', 7), ('Cl', 0), ('F', 0), ('H', 10), ('I', 0), ('N', 0), ('O', 2), ('S', 0))",19,51,complete,51,0,0,False,False,True
dsC7O2H10nsd_0531.xyz,531,"(('Br', 0), ('C', 7), ('Cl', 0), ('F', 0), ('H', 10), ('I', 0), ('N', 0), ('O', 2), ('S', 0))",19,51,complete,51,0,0,False,False,True
dsC7O2H10nsd_0532.xyz,532,"(('Br', 0), ('C', 7), ('Cl', 0), ('F', 0), ('H', 10), ('I', 0), ('N', 0), ('O', 2), ('S', 0))",19,51,complete,51,0,0,False,False,True
dsC7O2H10nsd_0533.xyz,533,"(('Br', 0), ('C', 7), ('Cl', 0), ('F', 0), ('H', 10), ('I', 0), ('N', 0), ('O', 2), ('S', 0))",19,51,complete,51,0,0,False,False,True
dsC7O2H10nsd_0534.xyz,534,"(('Br', 0), ('C', 7), ('Cl', 0), ('F', 0), ('H', 10), ('I', 0), ('N', 0), ('O', 2), ('S', 0))",19,51,complete,51,0,0,False,False,True
dsC7O2H10nsd_0535.xyz,535,"(('Br', 0), ('C', 7), ('Cl', 0), ('F', 0), ('H', 10), ('I', 0), ('N', 0), ('O', 2), ('S', 0))",19,51,complete,51,0,0,False,False,True
dsC7O2H10nsd_0536.xyz,536,"(('Br', 0), ('C', 7), ('Cl', 0), ('F', 0), ('H', 10), ('I', 0), ('N', 0), ('O', 2), ('S', 0))",19,51,complete,51,0,0,False,False,True
dsC7O2H10nsd_0537.xyz,537,"(('Br', 0), ('C', 7), ('Cl', 0), ('F', 0), ('H', 10), ('I', 0), ('N', 0), ('O', 2), ('S', 0))",19,51,complete,51,0,0,False,False,True
dsC7O2H10nsd_0538.xyz,538,"(('Br', 0), ('C', 7), ('Cl', 0), ('F', 0), ('H', 10), ('I', 0), ('N', 0), ('O', 2), ('S', 0))",19,51,complete,51,0,0,False,False,True
dsC7O2H10nsd_0539.xyz,539,"(('Br', 0), ('C', 7), ('Cl', 0), ('F', 0), ('H', 10), ('I', 0), ('N', 0), ('O', 2), ('S', 0))",19,51,complete,51,0,0,False,False,True
dsC7O2H10nsd_0540.xyz,540,"(('Br', 0), ('C', 7), ('Cl', 0), ('F', 0), ('H', 10), ('I', 0), ('N', 0), ('O', 2), ('S', 0))",19,51,complete,51,0,0,False,False,True
dsC7O2H10nsd_0541.xyz,541,"(('Br', 0), ('C', 7), ('Cl', 0), ('F', 0), ('H', 10), ('I', 0), ('N', 0), ('O', 2), ('S', 0))",19,51,complete,51,0,0,False,False,True
dsC7O2H10nsd_0542.xyz,542,"(('Br', 0), ('C', 7), ('Cl', 0), ('F', 0), ('H', 10), ('I', 0), ('N', 0), ('O', 2), ('S', 0))",19,51,complete,51,0,0,False,False,True
dsC7O2H10nsd_0543.xyz,543,"(('Br', 0), ('C', 7), ('Cl', 0), ('F', 0), ('H', 10), ('I', 0), ('N', 0), ('O', 2), ('S', 0))",19,51,complete,51,0,0,False,False,True
dsC7O2H10nsd_0544.xyz,544,"(('Br', 0), ('C', 7), ('Cl', 0), ('F', 0), ('H', 10), ('I', 0), ('N', 0), ('O', 2), ('S', 0))",19,51,complete,51,0,0,True,True,True
dsC7O2H10nsd_0545.xyz,545,"(('Br', 0), ('C', 7), ('Cl', 0), ('F', 0), ('H', 10), ('I', 0), ('N', 0), ('O', 2), ('S', 0))",19,51,complete,51,0,0,False,False,True
dsC7O2H10nsd_0546.xyz,546,"(('Br', 0), ('C', 7), ('Cl', 0), ('F', 0), ('H', 10), ('I', 0), ('N', 0), ('O', 2), ('S', 0))",19,51,complete,51,0,0,False,False,True
dsC7O2H10nsd_0547.xyz,547,"(('Br', 0), ('C', 7), ('Cl', 0), ('F', 0), ('H', 10), ('I', 0), ('N', 0), ('O', 2), ('S', 0))",19,51,complete,51,0,0,False,False,True
dsC7O2H10nsd_0548.xyz,548,"(('Br', 0), ('C', 7), ('Cl', 0), ('F', 0), ('H', 10), ('I', 0), ('N', 0), ('O', 2), ('S', 0))",19,51,complete,51,0,0,False,False,True
dsC7O2H10nsd_0549.xyz,549,"(('Br', 0), ('C', 7), ('Cl', 0), ('F', 0), ('H', 10), ('I', 0), ('N', 0), ('O', 2), ('S', 0))",19,51,complete,51,0,0,False,False,True
dsC7O2H10nsd_0550.xyz,550,"(('Br', 0), ('C', 7), ('Cl', 0), ('F', 0), ('H', 10), ('I', 0), ('N', 0), ('O', 2), ('S', 0))",19,51,complete,51,0,0,False,False,True
dsC7O2H10nsd_0551.xyz,551,"(('Br', 0), ('C', 7), ('Cl', 0), ('F', 0), ('H', 10), ('I', 0), ('N', 0), ('O', 2), ('S', 0))",19,51,complete,51,0,0,False,False,True
dsC7O2H10nsd_0552.xyz,552,"(('Br', 0), ('C', 7), ('Cl', 0), ('F', 0), ('H', 10), ('I', 0), ('N', 0), ('O', 2), ('S', 0))",19,51,complete,51,0,0,False,False,True
dsC7O2H10nsd_0553.xyz,553,"(('Br', 0), ('C', 7), ('Cl', 0), ('F', 0), ('H', 10), ('I', 0), ('N', 0), ('O', 2), ('S', 0))",19,51,complete,51,0,0,False,False,True
dsC7O2H10nsd_0554.xyz,554,"(('Br', 0), ('C', 7), ('Cl', 0), ('F', 0), ('H', 10), ('I', 0), ('N', 0), ('O', 2), ('S', 0))",19,51,complete,51,0,0,False,False,True
dsC7O2H10nsd_0555.xyz,555,"(('Br', 0), ('C', 7), ('Cl', 0), ('F', 0), ('H', 10), ('I', 0), ('N', 0), ('O', 2), ('S', 0))",19,51,complete,51,0,0,False,False,True
dsC7O2H10nsd_0556.xyz,556,"(('Br', 0), ('C', 7), ('Cl', 0), ('F', 0), ('H', 10), ('I', 0), ('N', 0), ('O', 2), ('S', 0))",19,51,complete,51,0,0,False,False,True
dsC7O2H10nsd_0557.xyz,557,"(('Br', 0), ('C', 7), ('Cl', 0), ('F', 0), ('H', 10), ('I', 0), ('N', 0), ('O', 2), ('S', 0))",19,51,complete,51,0,0,False,False,True
dsC7O2H10nsd_0558.xyz,558,"(('Br', 0), ('C', 7), ('Cl', 0), ('F', 0), ('H', 10), ('I', 0), ('N', 0), ('O', 2), ('S', 0))",19,51,complete,51,0,0,False,False,True
dsC7O2H10nsd_0559.xyz,559,"(('Br', 0), ('C', 7), ('Cl', 0), ('F', 0), ('H', 10), ('I', 0), ('N', 0), ('O', 2), ('S', 0))",19,51,complete,51,0,0,False,False,True
dsC7O2H10nsd_0560.xyz,560,"(('Br', 0), ('C', 7), ('Cl', 0), ('F', 0), ('H', 10), ('I', 0), ('N', 0), ('O', 2), ('S', 0))",19,102,incomplete_count,102,0,0,False,False,True
dsC7O2H10nsd_0561.xyz,561,"(('Br', 0), ('C', 7), ('Cl', 0), ('F', 0), ('H', 10), ('I', 0), ('N', 0), ('O', 2), ('S', 0))",19,51,complete,51,0,0,False,False,True
dsC7O2H10nsd_0562.xyz,562,"(('Br', 0), ('C', 7), ('Cl', 0), ('F', 0), ('H', 10), ('I', 0), ('N', 0), ('O', 2), ('S', 0))",19,51,complete,51,0,0,False,False,True
dsC7O2H10nsd_0563.xyz,563,"(('Br', 0), ('C', 7), ('Cl', 0), ('F', 0), ('H', 10), ('I', 0), ('N', 0), ('O', 2), ('S', 0))",19,51,complete,51,0,0,False,False,True
dsC7O2H10nsd_0564.xyz,564,"(('Br', 0), ('C', 7), ('Cl', 0), ('F', 0), ('H', 10), ('I', 0), ('N', 0), ('O', 2), ('S', 0))",19,51,complete,51,0,0,False,False,True
dsC7O2H10nsd_0565.xyz,565,"(('Br', 0), ('C', 7), ('Cl', 0), ('F', 0), ('H', 10), ('I', 0), ('N', 0), ('O', 2), ('S', 0))",19,51,complete,51,0,0,False,False,True
dsC7O2H10nsd_0566.xyz,566,"(('Br', 0), ('C', 7), ('Cl', 0), ('F', 0), ('H', 10), ('I', 0), ('N', 0), ('O', 2), ('S', 0))",19,51,complete,51,0,0,False,False,True
dsC7O2H10nsd_0567.xyz,567,"(('Br', 0), ('C', 7), ('Cl', 0), ('F', 0), ('H', 10), ('I', 0), ('N', 0), ('O', 2), ('S', 0))",19,51,complete,51,0,0,False,False,True
dsC7O2H10nsd_0568.xyz,568,"(('Br', 0), ('C', 7), ('Cl', 0), ('F', 0), ('H', 10), ('I', 0), ('N', 0), ('O', 2), ('S', 0))",19,51,complete,51,0,0,False,False,True
dsC7O2H10nsd_0569.xyz,569,"(('Br', 0), ('C', 7), ('Cl', 0), ('F', 0), ('H', 10), ('I', 0), ('N', 0), ('O', 2), ('S', 0))",19,51,complete,51,0,0,False,False,True
dsC7O2H10nsd_0570.xyz,570,"(('Br', 0), ('C', 7), ('Cl', 0), ('F', 0), ('H', 10), ('I', 0), ('N', 0), ('O', 2), ('S', 0))",19,51,complete,51,0,0,False,False,True
dsC7O2H10nsd_0571.xyz,571,"(('Br', 0), ('C', 7), ('Cl', 0), ('F', 0), ('H', 10), ('I', 0), ('N', 0), ('O', 2), ('S', 0))",19,51,complete,51,0,0,False,False,True
dsC7O2H10nsd_0572.xyz,572,"(('Br', 0), ('C', 7), ('Cl', 0), ('F', 0), ('H', 10), ('I', 0), ('N', 0), ('O', 2), ('S', 0))",19,51,complete,51,0,0,False,False,True
dsC7O2H10nsd_0573.xyz,573,"(('Br', 0), ('C', 7), ('Cl', 0), ('F', 0), ('H', 10), ('I', 0), ('N', 0), ('O', 2), ('S', 0))",19,51,complete,51,0,0,False,False,True
dsC7O2H10nsd_0574.xyz,574,"(('Br', 0), ('C', 7), ('Cl', 0), ('F', 0), ('H', 10), ('I', 0), ('N', 0), ('O', 2), ('S', 0))",19,51,complete,51,0,0,False,False,True
dsC7O2H10nsd_0575.xyz,575,"(('Br', 0), ('C', 7), ('Cl', 0), ('F', 0), ('H', 10), ('I', 0), ('N', 0), ('O', 2), ('S', 0))",19,51,complete,51,0,0,False,False,True
dsC7O2H10nsd_0576.xyz,576,"(('Br', 0), ('C', 7), ('Cl', 0), ('F', 0), ('H', 10), ('I', 0), ('N', 0), ('O', 2), ('S', 0))",19,51,complete,51,0,0,False,False,True
dsC7O2H10nsd_0577.xyz,577,"(('Br', 0), ('C', 7), ('Cl', 0), ('F', 0), ('H', 10), ('I', 0), ('N', 0), ('O', 2), ('S', 0))",19,51,complete,51,0,0,False,False,True
dsC7O2H10nsd_0578.xyz,578,"(('Br', 0), ('C', 7), ('Cl', 0), ('F', 0), ('H', 10), ('I', 0), ('N', 0), ('O', 2), ('S', 0))",19,51,complete,51,0,0,False,False,True
dsC7O2H10nsd_0579.xyz,579,"(('Br', 0), ('C', 7), ('Cl', 0), ('F', 0), ('H', 10), ('I', 0), ('N', 0), ('O', 2), ('S', 0))",19,51,complete,51,0,0,False,False,True
dsC7O2H10nsd_0580.xyz,580,"(('Br', 0), ('C', 7), ('Cl', 0), ('F', 0), ('H', 10), ('I', 0), ('N', 0), ('O', 2), ('S', 0))",19,51,complete,51,0,0,False,False,True
dsC7O2H10nsd_0581.xyz,581,"(('Br', 0), ('C', 7), ('Cl', 0), ('F', 0), ('H', 10), ('I', 0), ('N', 0), ('O', 2), ('S', 0))",19,51,complete,51,0,0,False,False,True
dsC7O2H10nsd_0582.xyz,582,"(('Br', 0), ('C', 7), ('Cl', 0), ('F', 0), ('H', 10), ('I', 0), ('N', 0), ('O', 2), ('S', 0))",19,51,complete,51,0,0,False,False,True
dsC7O2H10nsd_0583.xyz,583,"(('Br', 0), ('C', 7), ('Cl', 0), ('F', 0), ('H', 10), ('I', 0), ('N', 0), ('O', 2), ('S', 0))",19,51,complete,51,0,0,False,False,True
dsC7O2H10nsd_0584.xyz,584,"(('Br', 0), ('C', 7), ('Cl', 0), ('F', 0), ('H', 10), ('I', 0), ('N', 0), ('O', 2), ('S', 0))",19,51,complete,51,0,0,False,False,True
dsC7O2H10nsd_0585.xyz,585,"(('Br', 0), ('C', 7), ('Cl', 0), ('F', 0), ('H', 10), ('I', 0), ('N', 0), ('O', 2), ('S', 0))",19,51,complete,51,0,0,False,False,True
dsC7O2H10nsd_0586.xyz,586,"(('Br', 0), ('C', 7), ('Cl', 0), ('F', 0), ('H', 10), ('I', 0), ('N', 0), ('O', 2), ('S', 0))",19,51,complete,51,0,0,False,False,True
dsC7O2H10nsd_0587.xyz,587,"(('Br', 0), ('C', 7), ('Cl', 0), ('F', 0), ('H', 10), ('I', 0), ('N', 0), ('O', 2), ('S', 0))",19,51,complete,51,0,0,False,False,True
dsC7O2H10nsd_0588.xyz,588,"(('Br', 0), ('C', 7), ('Cl', 0), ('F', 0), ('H', 10), ('I', 0), ('N', 0), ('O', 2), ('S', 0))",19,51,complete,51,0,0,False,False,True
dsC7O2H10nsd_0589.xyz,589,"(('Br', 0), ('C', 7), ('Cl', 0), ('F', 0), ('H', 10), ('I', 0), ('N', 0), ('O', 2), ('S', 0))",19,51,complete,51,0,0,False,False,True
dsC7O2H10nsd_0590.xyz,590,"(('Br', 0), ('C', 7), ('Cl', 0), ('F', 0), ('H', 10), ('I', 0), ('N', 0), ('O', 2), ('S', 0))",19,51,complete,51,0,0,False,False,True
dsC7O2H10nsd_0591.xyz,591,"(('Br', 0), ('C', 7), ('Cl', 0), ('F', 0), ('H', 10), ('I', 0), ('N', 0), ('O', 2), ('S', 0))",19,51,complete,51,0,0,False,False,True
dsC7O2H10nsd_0592.xyz,592,"(('Br', 0), ('C', 7), ('Cl', 0), ('F', 0), ('H', 10), ('I', 0), ('N', 0), ('O', 2), ('S', 0))",19,51,complete,51,0,0,False,False,True
dsC7O2H10nsd_0593.xyz,593,"(('Br', 0), ('C', 7), ('Cl', 0), ('F', 0), ('H', 10), ('I', 0), ('N', 0), ('O', 2), ('S', 0))",19,51,complete,51,0,0,False,False,True
dsC7O2H10nsd_0594.xyz,594,"(('Br', 0), ('C', 7), ('Cl', 0), ('F', 0), ('H', 10), ('I', 0), ('N', 0), ('O', 2), ('S', 0))",19,51,complete,51,0,0,False,False,True
dsC7O2H10nsd_0595.xyz,595,"(('Br', 0), ('C', 7), ('Cl', 0), ('F', 0), ('H', 10), ('I', 0), ('N', 0), ('O', 2), ('S', 0))",19,51,complete,51,0,0,False,False,True
dsC7O2H10nsd_0596.xyz,596,"(('Br', 0), ('C', 7), ('Cl', 0), ('F', 0), ('H', 10), ('I', 0), ('N', 0), ('O', 2), ('S', 0))",19,51,complete,51,0,0,False,False,True
dsC7O2H10nsd_0597.xyz,597,"(('Br', 0), ('C', 7), ('Cl', 0), ('F', 0), ('H', 10), ('I', 0), ('N', 0), ('O', 2), ('S', 0))",19,51,complete,51,0,0,False,False,True
dsC7O2H10nsd_0598.xyz,598,"(('Br', 0), ('C', 7), ('Cl', 0), ('F', 0), ('H', 10), ('I', 0), ('N', 0), ('O', 2), ('S', 0))",19,51,complete,51,0,0,False,False,True
dsC7O2H10nsd_0599.xyz,599,"(('Br', 0), ('C', 7), ('Cl', 0), ('F', 0), ('H', 10), ('I', 0), ('N', 0), ('O', 2), ('S', 0))",19,51,complete,51,0,0,False,False,True
dsC7O2H10nsd_0600.xyz,600,"(('Br', 0), ('C', 7), ('Cl', 0), ('F', 0), ('H', 10), ('I', 0), ('N', 0), ('O', 2), ('S', 0))",19,102,incomplete_count,102,0,0,False,False,True
dsC7O2H10nsd_0601.xyz,601,"(('Br', 0), ('C', 7), ('Cl', 0), ('F', 0), ('H', 10), ('I', 0), ('N', 0), ('O', 2), ('S', 0))",19,51,complete,51,0,0,False,False,True
dsC7O2H10nsd_0602.xyz,602,"(('Br', 0), ('C', 7), ('Cl', 0), ('F', 0), ('H', 10), ('I', 0), ('N', 0), ('O', 2), ('S', 0))",19,51,complete,51,0,0,False,False,True
dsC7O2H10nsd_0603.xyz,603,"(('Br', 0), ('C', 7), ('Cl', 0), ('F', 0), ('H', 10), ('I', 0), ('N', 0), ('O', 2), ('S', 0))",19,51,complete,51,0,0,False,False,True
dsC7O2H10nsd_0604.xyz,604,"(('Br', 0), ('C', 7), ('Cl', 0), ('F', 0), ('H', 10), ('I', 0), ('N', 0), ('O', 2), ('S', 0))",19,51,complete,51,0,0,False,False,True
dsC7O2H10nsd_0605.xyz,605,"(('Br', 0), ('C', 7), ('Cl', 0), ('F', 0), ('H', 10), ('I', 0), ('N', 0), ('O', 2), ('S', 0))",19,51,complete,51,0,0,False,False,True
dsC7O2H10nsd_0606.xyz,606,"(('Br', 0), ('C', 7), ('Cl', 0), ('F', 0), ('H', 10), ('I', 0), ('N', 0), ('O', 2), ('S', 0))",19,102,incomplete_count,102,0,0,False,False,True
dsC7O2H10nsd_0607.xyz,607,"(('Br', 0), ('C', 7), ('Cl', 0), ('F', 0), ('H', 10), ('I', 0), ('N', 0), ('O', 2), ('S', 0))",19,51,complete,51,0,0,False,False,True
dsC7O2H10nsd_0608.xyz,608,"(('Br', 0), ('C', 7), ('Cl', 0), ('F', 0), ('H', 10), ('I', 0), ('N', 0), ('O', 2), ('S', 0))",19,51,complete,51,0,0,False,False,True
dsC7O2H10nsd_0609.xyz,609,"(('Br', 0), ('C', 7), ('Cl', 0), ('F', 0), ('H', 10), ('I', 0), ('N', 0), ('O', 2), ('S', 0))",19,51,complete,51,0,0,False,False,True
dsC7O2H10nsd_0610.xyz,610,"(('Br', 0), ('C', 7), ('Cl', 0), ('F', 0), ('H', 10), ('I', 0), ('N', 0), ('O', 2), ('S', 0))",19,51,complete,51,0,0,False,False,True
dsC7O2H10nsd_0611.xyz,611,"(('Br', 0), ('C', 7), ('Cl', 0), ('F', 0), ('H', 10), ('I', 0), ('N', 0), ('O', 2), ('S', 0))",19,51,complete,51,0,0,False,False,True
dsC7O2H10nsd_0612.xyz,612,"(('Br', 0), ('C', 7), ('Cl', 0), ('F', 0), ('H', 10), ('I', 0), ('N', 0), ('O', 2), ('S', 0))",19,51,complete,51,0,0,False,False,True
dsC7O2H10nsd_0613.xyz,613,"(('Br', 0), ('C', 7), ('Cl', 0), ('F', 0), ('H', 10), ('I', 0), ('N', 0), ('O', 2), ('S', 0))",19,51,complete,51,0,0,False,False,True
dsC7O2H10nsd_0614.xyz,614,"(('Br', 0), ('C', 7), ('Cl', 0), ('F', 0), ('H', 10), ('I', 0), ('N', 0), ('O', 2), ('S', 0))",19,51,complete,51,0,0,False,False,True
dsC7O2H10nsd_0615.xyz,615,"(('Br', 0), ('C', 7), ('Cl', 0), ('F', 0), ('H', 10), ('I', 0), ('N', 0), ('O', 2), ('S', 0))",19,51,complete,51,0,0,False,False,True
dsC7O2H10nsd_0616.xyz,616,"(('Br', 0), ('C', 7), ('Cl', 0), ('F', 0), ('H', 10), ('I', 0), ('N', 0), ('O', 2), ('S', 0))",19,51,complete,51,0,0,False,False,True
dsC7O2H10nsd_0617.xyz,617,"(('Br', 0), ('C', 7), ('Cl', 0), ('F', 0), ('H', 10), ('I', 0), ('N', 0), ('O', 2), ('S', 0))",19,51,complete,51,0,0,False,False,True
dsC7O2H10nsd_0618.xyz,618,"(('Br', 0), ('C', 7), ('Cl', 0), ('F', 0), ('H', 10), ('I', 0), ('N', 0), ('O', 2), ('S', 0))",19,51,complete,51,0,0,False,False,True
dsC7O2H10nsd_0619.xyz,619,"(('Br', 0), ('C', 7), ('Cl', 0), ('F', 0), ('H', 10), ('I', 0), ('N', 0), ('O', 2), ('S', 0))",19,51,complete,51,0,0,False,False,True
dsC7O2H10nsd_0620.xyz,620,"(('Br', 0), ('C', 7), ('Cl', 0), ('F', 0), ('H', 10), ('I', 0), ('N', 0), ('O', 2), ('S', 0))",19,51,complete,51,0,0,False,False,True
dsC7O2H10nsd_0621.xyz,621,"(('Br', 0), ('C', 7), ('Cl', 0), ('F', 0), ('H', 10), ('I', 0), ('N', 0), ('O', 2), ('S', 0))",19,51,complete,51,0,0,False,False,True
dsC7O2H10nsd_0622.xyz,622,"(('Br', 0), ('C', 7), ('Cl', 0), ('F', 0), ('H', 10), ('I', 0), ('N', 0), ('O', 2), ('S', 0))",19,51,complete,51,0,0,False,False,True
dsC7O2H10nsd_0623.xyz,623,"(('Br', 0), ('C', 7), ('Cl', 0), ('F', 0), ('H', 10), ('I', 0), ('N', 0), ('O', 2), ('S', 0))",19,51,complete,51,0,0,False,False,True
dsC7O2H10nsd_0624.xyz,624,"(('Br', 0), ('C', 7), ('Cl', 0), ('F', 0), ('H', 10), ('I', 0), ('N', 0), ('O', 2), ('S', 0))",19,51,complete,51,0,0,False,False,True
dsC7O2H10nsd_0625.xyz,625,"(('Br', 0), ('C', 7), ('Cl', 0), ('F', 0), ('H', 10), ('I', 0), ('N', 0), ('O', 2), ('S', 0))",19,51,complete,51,0,0,False,False,True
dsC7O2H10nsd_0626.xyz,626,"(('Br', 0), ('C', 7), ('Cl', 0), ('F', 0), ('H', 10), ('I', 0), ('N', 0), ('O', 2), ('S', 0))",19,51,complete,51,0,0,False,False,True
dsC7O2H10nsd_0627.xyz,627,"(('Br', 0), ('C', 7), ('Cl', 0), ('F', 0), ('H', 10), ('I', 0), ('N', 0), ('O', 2), ('S', 0))",19,51,complete,51,0,0,False,False,True
dsC7O2H10nsd_0628.xyz,628,"(('Br', 0), ('C', 7), ('Cl', 0), ('F', 0), ('H', 10), ('I', 0), ('N', 0), ('O', 2), ('S', 0))",19,51,complete,51,0,0,False,False,True
dsC7O2H10nsd_0629.xyz,629,"(('Br', 0), ('C', 7), ('Cl', 0), ('F', 0), ('H', 10), ('I', 0), ('N', 0), ('O', 2), ('S', 0))",19,51,complete,51,0,0,False,False,True
dsC7O2H10nsd_0630.xyz,630,"(('Br', 0), ('C', 7), ('Cl', 0), ('F', 0), ('H', 10), ('I', 0), ('N', 0), ('O', 2), ('S', 0))",19,51,complete,51,0,0,False,False,True
dsC7O2H10nsd_0631.xyz,631,"(('Br', 0), ('C', 7), ('Cl', 0), ('F', 0), ('H', 10), ('I', 0), ('N', 0), ('O', 2), ('S', 0))",19,51,complete,51,0,0,True,True,True
dsC7O2H10nsd_0632.xyz,632,"(('Br', 0), ('C', 7), ('Cl', 0), ('F', 0), ('H', 10), ('I', 0), ('N', 0), ('O', 2), ('S', 0))",19,51,complete,51,0,0,False,True,True
dsC7O2H10nsd_0633.xyz,633,"(('Br', 0), ('C', 7), ('Cl', 0), ('F', 0), ('H', 10), ('I', 0), ('N', 0), ('O', 2), ('S', 0))",19,51,complete,51,0,0,False,False,True
dsC7O2H10nsd_0634.xyz,634,"(('Br', 0), ('C', 7), ('Cl', 0), ('F', 0), ('H', 10), ('I', 0), ('N', 0), ('O', 2), ('S', 0))",19,51,complete,51,0,0,False,False,True
dsC7O2H10nsd_0635.xyz,635,"(('Br', 0), ('C', 7), ('Cl', 0), ('F', 0), ('H', 10), ('I', 0), ('N', 0), ('O', 2), ('S', 0))",19,51,complete,51,0,0,False,False,True
dsC7O2H10nsd_0636.xyz,636,"(('Br', 0), ('C', 7), ('Cl', 0), ('F', 0), ('H', 10), ('I', 0), ('N', 0), ('O', 2), ('S', 0))",19,102,incomplete_count,102,0,0,True,True,True
dsC7O2H10nsd_0637.xyz,637,"(('Br', 0), ('C', 7), ('Cl', 0), ('F', 0), ('H', 10), ('I', 0), ('N', 0), ('O', 2), ('S', 0))",19,51,complete,51,0,0,True,True,True
dsC7O2H10nsd_0638.xyz,638,"(('Br', 0), ('C', 7), ('Cl', 0), ('F', 0), ('H', 10), ('I', 0), ('N', 0), ('O', 2), ('S', 0))",19,51,complete,51,0,0,True,True,True
dsC7O2H10nsd_0639.xyz,639,"(('Br', 0), ('C', 7), ('Cl', 0), ('F', 0), ('H', 10), ('I', 0), ('N', 0), ('O', 2), ('S', 0))",19,51,complete,51,0,0,True,True,True
dsC7O2H10nsd_0640.xyz,640,"(('Br', 0), ('C', 7), ('Cl', 0), ('F', 0), ('H', 10), ('I', 0), ('N', 0), ('O', 2), ('S', 0))",19,51,complete,51,0,0,True,True,True
dsC7O2H10nsd_0641.xyz,641,"(('Br', 0), ('C', 7), ('Cl', 0), ('F', 0), ('H', 10), ('I', 0), ('N', 0), ('O', 2), ('S', 0))",19,51,complete,51,0,0,True,True,True
dsC7O2H10nsd_0642.xyz,642,"(('Br', 0), ('C', 7), ('Cl', 0), ('F', 0), ('H', 10), ('I', 0), ('N', 0), ('O', 2), ('S', 0))",19,51,complete,51,0,0,False,False,True
dsC7O2H10nsd_0643.xyz,643,"(('Br', 0), ('C', 7), ('Cl', 0), ('F', 0), ('H', 10), ('I', 0), ('N', 0), ('O', 2), ('S', 0))",19,51,complete,51,0,0,True,True,True
dsC7O2H10nsd_0644.xyz,644,"(('Br', 0), ('C', 7), ('Cl', 0), ('F', 0), ('H', 10), ('I', 0), ('N', 0), ('O', 2), ('S', 0))",19,51,complete,51,0,0,False,False,True
dsC7O2H10nsd_0645.xyz,645,"(('Br', 0), ('C', 7), ('Cl', 0), ('F', 0), ('H', 10), ('I', 0), ('N', 0), ('O', 2), ('S', 0))",19,51,complete,51,0,0,False,False,True
dsC7O2H10nsd_0646.xyz,646,"(('Br', 0), ('C', 7), ('Cl', 0), ('F', 0), ('H', 10), ('I', 0), ('N', 0), ('O', 2), ('S', 0))",19,51,complete,51,0,0,False,False,True
dsC7O2H10nsd_0647.xyz,647,"(('Br', 0), ('C', 7), ('Cl', 0), ('F', 0), ('H', 10), ('I', 0), ('N', 0), ('O', 2), ('S', 0))",19,51,complete,51,0,0,True,True,True
dsC7O2H10nsd_0648.xyz,648,"(('Br', 0), ('C', 7), ('Cl', 0), ('F', 0), ('H', 10), ('I', 0), ('N', 0), ('O', 2), ('S', 0))",19,51,complete,51,0,0,False,False,True
dsC7O2H10nsd_0649.xyz,649,"(('Br', 0), ('C', 7), ('Cl', 0), ('F', 0), ('H', 10), ('I', 0), ('N', 0), ('O', 2), ('S', 0))",19,51,complete,51,0,0,False,False,True
dsC7O2H10nsd_0650.xyz,650,"(('Br', 0), ('C', 7), ('Cl', 0), ('F', 0), ('H', 10), ('I', 0), ('N', 0), ('O', 2), ('S', 0))",19,51,complete,51,0,0,False,False,True
dsC7O2H10nsd_0651.xyz,651,"(('Br', 0), ('C', 7), ('Cl', 0), ('F', 0), ('H', 10), ('I', 0), ('N', 0), ('O', 2), ('S', 0))",19,51,complete,51,0,0,False,False,True
dsC7O2H10nsd_0652.xyz,652,"(('Br', 0), ('C', 7), ('Cl', 0), ('F', 0), ('H', 10), ('I', 0), ('N', 0), ('O', 2), ('S', 0))",19,51,complete,51,0,0,False,False,True
dsC7O2H10nsd_0653.xyz,653,"(('Br', 0), ('C', 7), ('Cl', 0), ('F', 0), ('H', 10), ('I', 0), ('N', 0), ('O', 2), ('S', 0))",19,51,complete,51,0,0,False,False,True
dsC7O2H10nsd_0654.xyz,654,"(('Br', 0), ('C', 7), ('Cl', 0), ('F', 0), ('H', 10), ('I', 0), ('N', 0), ('O', 2), ('S', 0))",19,51,complete,51,0,0,False,False,True
dsC7O2H10nsd_0655.xyz,655,"(('Br', 0), ('C', 7), ('Cl', 0), ('F', 0), ('H', 10), ('I', 0), ('N', 0), ('O', 2), ('S', 0))",19,51,complete,51,0,0,True,True,True
dsC7O2H10nsd_0656.xyz,656,"(('Br', 0), ('C', 7), ('Cl', 0), ('F', 0), ('H', 10), ('I', 0), ('N', 0), ('O', 2), ('S', 0))",19,51,complete,51,0,0,False,False,True
dsC7O2H10nsd_0657.xyz,657,"(('Br', 0), ('C', 7), ('Cl', 0), ('F', 0), ('H', 10), ('I', 0), ('N', 0), ('O', 2), ('S', 0))",19,51,complete,51,0,0,True,True,True
dsC7O2H10nsd_0658.xyz,658,"(('Br', 0), ('C', 7), ('Cl', 0), ('F', 0), ('H', 10), ('I', 0), ('N', 0), ('O', 2), ('S', 0))",19,51,complete,51,0,0,False,False,True
dsC7O2H10nsd_0659.xyz,659,"(('Br', 0), ('C', 7), ('Cl', 0), ('F', 0), ('H', 10), ('I', 0), ('N', 0), ('O', 2), ('S', 0))",19,51,complete,51,0,0,False,False,True
dsC7O2H10nsd_0660.xyz,660,"(('Br', 0), ('C', 7), ('Cl', 0), ('F', 0), ('H', 10), ('I', 0), ('N', 0), ('O', 2), ('S', 0))",19,51,complete,51,0,0,True,True,True
dsC7O2H10nsd_0661.xyz,661,"(('Br', 0), ('C', 7), ('Cl', 0), ('F', 0), ('H', 10), ('I', 0), ('N', 0), ('O', 2), ('S', 0))",19,51,complete,51,0,0,True,True,True
dsC7O2H10nsd_0662.xyz,662,"(('Br', 0), ('C', 7), ('Cl', 0), ('F', 0), ('H', 10), ('I', 0), ('N', 0), ('O', 2), ('S', 0))",19,51,complete,51,0,0,True,True,True
dsC7O2H10nsd_0663.xyz,663,"(('Br', 0), ('C', 7), ('Cl', 0), ('F', 0), ('H', 10), ('I', 0), ('N', 0), ('O', 2), ('S', 0))",19,51,complete,51,0,0,False,False,True
dsC7O2H10nsd_0664.xyz,664,"(('Br', 0), ('C', 7), ('Cl', 0), ('F', 0), ('H', 10), ('I', 0), ('N', 0), ('O', 2), ('S', 0))",19,51,complete,51,0,0,False,False,True
dsC7O2H10nsd_0665.xyz,665,"(('Br', 0), ('C', 7), ('Cl', 0), ('F', 0), ('H', 10), ('I', 0), ('N', 0), ('O', 2), ('S', 0))",19,51,complete,51,0,0,False,False,True
dsC7O2H10nsd_0666.xyz,666,"(('Br', 0), ('C', 7), ('Cl', 0), ('F', 0), ('H', 10), ('I', 0), ('N', 0), ('O', 2), ('S', 0))",19,51,complete,51,0,0,False,False,True
dsC7O2H10nsd_0667.xyz,667,"(('Br', 0), ('C', 7), ('Cl', 0), ('F', 0), ('H', 10), ('I', 0), ('N', 0), ('O', 2), ('S', 0))",19,51,complete,51,0,0,False,False,True
dsC7O2H10nsd_0668.xyz,668,"(('Br', 0), ('C', 7), ('Cl', 0), ('F', 0), ('H', 10), ('I', 0), ('N', 0), ('O', 2), ('S', 0))",19,51,complete,51,0,0,False,False,True
dsC7O2H10nsd_0669.xyz,669,"(('Br', 0), ('C', 7), ('Cl', 0), ('F', 0), ('H', 10), ('I', 0), ('N', 0), ('O', 2), ('S', 0))",19,51,complete,51,0,0,False,False,True
dsC7O2H10nsd_0670.xyz,670,"(('Br', 0), ('C', 7), ('Cl', 0), ('F', 0), ('H', 10), ('I', 0), ('N', 0), ('O', 2), ('S', 0))",19,51,complete,51,0,0,False,False,True
dsC7O2H10nsd_0671.xyz,671,"(('Br', 0), ('C', 7), ('Cl', 0), ('F', 0), ('H', 10), ('I', 0), ('N', 0), ('O', 2), ('S', 0))",19,51,complete,51,0,0,False,False,True
dsC7O2H10nsd_0672.xyz,672,"(('Br', 0), ('C', 7), ('Cl', 0), ('F', 0), ('H', 10), ('I', 0), ('N', 0), ('O', 2), ('S', 0))",19,51,complete,51,0,0,False,False,True
dsC7O2H10nsd_0673.xyz,673,"(('Br', 0), ('C', 7), ('Cl', 0), ('F', 0), ('H', 10), ('I', 0), ('N', 0), ('O', 2), ('S', 0))",19,51,complete,51,0,0,False,False,True
dsC7O2H10nsd_0674.xyz,674,"(('Br', 0), ('C', 7), ('Cl', 0), ('F', 0), ('H', 10), ('I', 0), ('N', 0), ('O', 2), ('S', 0))",19,51,complete,51,0,0,False,False,True
dsC7O2H10nsd_0675.xyz,675,"(('Br', 0), ('C', 7), ('Cl', 0), ('F', 0), ('H', 10), ('I', 0), ('N', 0), ('O', 2), ('S', 0))",19,51,complete,51,0,0,False,False,True
dsC7O2H10nsd_0676.xyz,676,"(('Br', 0), ('C', 7), ('Cl', 0), ('F', 0), ('H', 10), ('I', 0), ('N', 0), ('O', 2), ('S', 0))",19,51,complete,51,0,0,False,False,True
dsC7O2H10nsd_0677.xyz,677,"(('Br', 0), ('C', 7), ('Cl', 0), ('F', 0), ('H', 10), ('I', 0), ('N', 0), ('O', 2), ('S', 0))",19,51,complete,51,0,0,False,False,True
dsC7O2H10nsd_0678.xyz,678,"(('Br', 0), ('C', 7), ('Cl', 0), ('F', 0), ('H', 10), ('I', 0), ('N', 0), ('O', 2), ('S', 0))",19,51,complete,51,0,0,False,False,True
dsC7O2H10nsd_0679.xyz,679,"(('Br', 0), ('C', 7), ('Cl', 0), ('F', 0), ('H', 10), ('I', 0), ('N', 0), ('O', 2), ('S', 0))",19,51,complete,51,0,0,False,False,True
dsC7O2H10nsd_0680.xyz,680,"(('Br', 0), ('C', 7), ('Cl', 0), ('F', 0), ('H', 10), ('I', 0), ('N', 0), ('O', 2), ('S', 0))",19,51,complete,51,0,0,False,False,True
dsC7O2H10nsd_0681.xyz,681,"(('Br', 0), ('C', 7), ('Cl', 0), ('F', 0), ('H', 10), ('I', 0), ('N', 0), ('O', 2), ('S', 0))",19,51,complete,51,0,0,False,False,True
dsC7O2H10nsd_0682.xyz,682,"(('Br', 0), ('C', 7), ('Cl', 0), ('F', 0), ('H', 10), ('I', 0), ('N', 0), ('O', 2), ('S', 0))",19,51,complete,51,0,0,False,False,True
dsC7O2H10nsd_0683.xyz,683,"(('Br', 0), ('C', 7), ('Cl', 0), ('F', 0), ('H', 10), ('I', 0), ('N', 0), ('O', 2), ('S', 0))",19,51,complete,51,0,0,False,False,True
dsC7O2H10nsd_0684.xyz,684,"(('Br', 0), ('C', 7), ('Cl', 0), ('F', 0), ('H', 10), ('I', 0), ('N', 0), ('O', 2), ('S', 0))",19,51,complete,51,0,0,False,False,True
dsC7O2H10nsd_0685.xyz,685,"(('Br', 0), ('C', 7), ('Cl', 0), ('F', 0), ('H', 10), ('I', 0), ('N', 0), ('O', 2), ('S', 0))",19,51,complete,51,0,0,False,False,True
dsC7O2H10nsd_0686.xyz,686,"(('Br', 0), ('C', 7), ('Cl', 0), ('F', 0), ('H', 10), ('I', 0), ('N', 0), ('O', 2), ('S', 0))",19,51,complete,51,0,0,False,False,True
dsC7O2H10nsd_0687.xyz,687,"(('Br', 0), ('C', 7), ('Cl', 0), ('F', 0), ('H', 10), ('I', 0), ('N', 0), ('O', 2), ('S', 0))",19,102,incomplete_count,102,0,0,False,False,True
dsC7O2H10nsd_0688.xyz,688,"(('Br', 0), ('C', 7), ('Cl', 0), ('F', 0), ('H', 10), ('I', 0), ('N', 0), ('O', 2), ('S', 0))",19,51,complete,51,0,0,False,True,True
dsC7O2H10nsd_0689.xyz,689,"(('Br', 0), ('C', 7), ('Cl', 0), ('F', 0), ('H', 10), ('I', 0), ('N', 0), ('O', 2), ('S', 0))",19,51,complete,51,0,0,False,True,True
dsC7O2H10nsd_0690.xyz,690,"(('Br', 0), ('C', 7), ('Cl', 0), ('F', 0), ('H', 10), ('I', 0), ('N', 0), ('O', 2), ('S', 0))",19,51,complete,51,0,0,False,False,True
dsC7O2H10nsd_0691.xyz,691,"(('Br', 0), ('C', 7), ('Cl', 0), ('F', 0), ('H', 10), ('I', 0), ('N', 0), ('O', 2), ('S', 0))",19,51,complete,51,0,0,False,False,True
dsC7O2H10nsd_0692.xyz,692,"(('Br', 0), ('C', 7), ('Cl', 0), ('F', 0), ('H', 10), ('I', 0), ('N', 0), ('O', 2), ('S', 0))",19,51,complete,51,0,0,False,False,True
dsC7O2H10nsd_0693.xyz,693,"(('Br', 0), ('C', 7), ('Cl', 0), ('F', 0), ('H', 10), ('I', 0), ('N', 0), ('O', 2), ('S', 0))",19,51,complete,51,0,0,False,False,True
dsC7O2H10nsd_0694.xyz,694,"(('Br', 0), ('C', 7), ('Cl', 0), ('F', 0), ('H', 10), ('I', 0), ('N', 0), ('O', 2), ('S', 0))",19,51,complete,51,0,0,False,False,True
dsC7O2H10nsd_0695.xyz,695,"(('Br', 0), ('C', 7), ('Cl', 0), ('F', 0), ('H', 10), ('I', 0), ('N', 0), ('O', 2), ('S', 0))",19,51,complete,51,0,0,False,False,True
dsC7O2H10nsd_0696.xyz,696,"(('Br', 0), ('C', 7), ('Cl', 0), ('F', 0), ('H', 10), ('I', 0), ('N', 0), ('O', 2), ('S', 0))",19,51,complete,51,0,0,False,False,True
dsC7O2H10nsd_0697.xyz,697,"(('Br', 0), ('C', 7), ('Cl', 0), ('F', 0), ('H', 10), ('I', 0), ('N', 0), ('O', 2), ('S', 0))",19,51,complete,51,0,0,False,False,True
dsC7O2H10nsd_0698.xyz,698,"(('Br', 0), ('C', 7), ('Cl', 0), ('F', 0), ('H', 10), ('I', 0), ('N', 0), ('O', 2), ('S', 0))",19,51,complete,51,0,0,True,True,True
dsC7O2H10nsd_0699.xyz,699,"(('Br', 0), ('C', 7), ('Cl', 0), ('F', 0), ('H', 10), ('I', 0), ('N', 0), ('O', 2), ('S', 0))",19,51,complete,51,0,0,True,True,True
dsC7O2H10nsd_0700.xyz,700,"(('Br', 0), ('C', 7), ('Cl', 0), ('F', 0), ('H', 10), ('I', 0), ('N', 0), ('O', 2), ('S', 0))",19,51,complete,51,0,0,True,True,True
dsC7O2H10nsd_0701.xyz,701,"(('Br', 0), ('C', 7), ('Cl', 0), ('F', 0), ('H', 10), ('I', 0), ('N', 0), ('O', 2), ('S', 0))",19,51,complete,51,0,0,True,True,True
dsC7O2H10nsd_0702.xyz,702,"(('Br', 0), ('C', 7), ('Cl', 0), ('F', 0), ('H', 10), ('I', 0), ('N', 0), ('O', 2), ('S', 0))",19,51,complete,51,0,0,True,True,True
dsC7O2H10nsd_0703.xyz,703,"(('Br', 0), ('C', 7), ('Cl', 0), ('F', 0), ('H', 10), ('I', 0), ('N', 0), ('O', 2), ('S', 0))",19,51,complete,51,0,0,False,False,True
dsC7O2H10nsd_0704.xyz,704,"(('Br', 0), ('C', 7), ('Cl', 0), ('F', 0), ('H', 10), ('I', 0), ('N', 0), ('O', 2), ('S', 0))",19,51,complete,51,0,0,True,True,True
dsC7O2H10nsd_0705.xyz,705,"(('Br', 0), ('C', 7), ('Cl', 0), ('F', 0), ('H', 10), ('I', 0), ('N', 0), ('O', 2), ('S', 0))",19,51,complete,51,0,0,True,True,True
dsC7O2H10nsd_0706.xyz,706,"(('Br', 0), ('C', 7), ('Cl', 0), ('F', 0), ('H', 10), ('I', 0), ('N', 0), ('O', 2), ('S', 0))",19,51,complete,51,0,0,False,False,True
dsC7O2H10nsd_0707.xyz,707,"(('Br', 0), ('C', 7), ('Cl', 0), ('F', 0), ('H', 10), ('I', 0), ('N', 0), ('O', 2), ('S', 0))",19,51,complete,51,0,0,False,False,True
dsC7O2H10nsd_0708.xyz,708,"(('Br', 0), ('C', 7), ('Cl', 0), ('F', 0), ('H', 10), ('I', 0), ('N', 0), ('O', 2), ('S', 0))",19,51,complete,51,0,0,False,False,True
dsC7O2H10nsd_0709.xyz,709,"(('Br', 0), ('C', 7), ('Cl', 0), ('F', 0), ('H', 10), ('I', 0), ('N', 0), ('O', 2), ('S', 0))",19,51,complete,51,0,0,False,False,True
dsC7O2H10nsd_0710.xyz,710,"(('Br', 0), ('C', 7), ('Cl', 0), ('F', 0), ('H', 10), ('I', 0), ('N', 0), ('O', 2), ('S', 0))",19,51,complete,51,0,0,False,False,True
dsC7O2H10nsd_0711.xyz,711,"(('Br', 0), ('C', 7), ('Cl', 0), ('F', 0), ('H', 10), ('I', 0), ('N', 0), ('O', 2), ('S', 0))",19,51,complete,51,0,0,False,False,True
dsC7O2H10nsd_0712.xyz,712,"(('Br', 0), ('C', 7), ('Cl', 0), ('F', 0), ('H', 10), ('I', 0), ('N', 0), ('O', 2), ('S', 0))",19,51,complete,51,0,0,False,False,True
dsC7O2H10nsd_0713.xyz,713,"(('Br', 0), ('C', 7), ('Cl', 0), ('F', 0), ('H', 10), ('I', 0), ('N', 0), ('O', 2), ('S', 0))",19,51,complete,51,0,0,False,False,True
dsC7O2H10nsd_0714.xyz,714,"(('Br', 0), ('C', 7), ('Cl', 0), ('F', 0), ('H', 10), ('I', 0), ('N', 0), ('O', 2), ('S', 0))",19,51,complete,51,0,0,False,False,True
dsC7O2H10nsd_0715.xyz,715,"(('Br', 0), ('C', 7), ('Cl', 0), ('F', 0), ('H', 10), ('I', 0), ('N', 0), ('O', 2), ('S', 0))",19,51,complete,51,0,0,False,False,True
dsC7O2H10nsd_0716.xyz,716,"(('Br', 0), ('C', 7), ('Cl', 0), ('F', 0), ('H', 10), ('I', 0), ('N', 0), ('O', 2), ('S', 0))",19,51,complete,51,0,0,False,False,True
dsC7O2H10nsd_0717.xyz,717,"(('Br', 0), ('C', 7), ('Cl', 0), ('F', 0), ('H', 10), ('I', 0), ('N', 0), ('O', 2), ('S', 0))",19,51,complete,51,0,0,False,False,True
dsC7O2H10nsd_0718.xyz,718,"(('Br', 0), ('C', 7), ('Cl', 0), ('F', 0), ('H', 10), ('I', 0), ('N', 0), ('O', 2), ('S', 0))",19,51,complete,51,0,0,False,False,True
dsC7O2H10nsd_0719.xyz,719,"(('Br', 0), ('C', 7), ('Cl', 0), ('F', 0), ('H', 10), ('I', 0), ('N', 0), ('O', 2), ('S', 0))",19,51,complete,51,0,0,False,False,True
dsC7O2H10nsd_0720.xyz,720,"(('Br', 0), ('C', 7), ('Cl', 0), ('F', 0), ('H', 10), ('I', 0), ('N', 0), ('O', 2), ('S', 0))",19,51,complete,51,0,0,False,False,True
dsC7O2H10nsd_0721.xyz,721,"(('Br', 0), ('C', 7), ('Cl', 0), ('F', 0), ('H', 10), ('I', 0), ('N', 0), ('O', 2), ('S', 0))",19,51,complete,51,0,0,False,False,True
dsC7O2H10nsd_0722.xyz,722,"(('Br', 0), ('C', 7), ('Cl', 0), ('F', 0), ('H', 10), ('I', 0), ('N', 0), ('O', 2), ('S', 0))",19,51,complete,51,0,0,False,False,True
dsC7O2H10nsd_0723.xyz,723,"(('Br', 0), ('C', 7), ('Cl', 0), ('F', 0), ('H', 10), ('I', 0), ('N', 0), ('O', 2), ('S', 0))",19,51,complete,51,0,0,False,False,True
dsC7O2H10nsd_0724.xyz,724,"(('Br', 0), ('C', 7), ('Cl', 0), ('F', 0), ('H', 10), ('I', 0), ('N', 0), ('O', 2), ('S', 0))",19,51,complete,51,0,0,False,False,True
dsC7O2H10nsd_0725.xyz,725,"(('Br', 0), ('C', 7), ('Cl', 0), ('F', 0), ('H', 10), ('I', 0), ('N', 0), ('O', 2), ('S', 0))",19,51,complete,51,0,0,False,False,True
dsC7O2H10nsd_0726.xyz,726,"(('Br', 0), ('C', 7), ('Cl', 0), ('F', 0), ('H', 10), ('I', 0), ('N', 0), ('O', 2), ('S', 0))",19,51,complete,51,0,0,False,False,True
dsC7O2H10nsd_0727.xyz,727,"(('Br', 0), ('C', 7), ('Cl', 0), ('F', 0), ('H', 10), ('I', 0), ('N', 0), ('O', 2), ('S', 0))",19,51,complete,51,0,0,False,False,True
dsC7O2H10nsd_0728.xyz,728,"(('Br', 0), ('C', 7), ('Cl', 0), ('F', 0), ('H', 10), ('I', 0), ('N', 0), ('O', 2), ('S', 0))",19,51,complete,51,0,0,True,True,True
dsC7O2H10nsd_0729.xyz,729,"(('Br', 0), ('C', 7), ('Cl', 0), ('F', 0), ('H', 10), ('I', 0), ('N', 0), ('O', 2), ('S', 0))",19,51,complete,51,0,0,False,False,True
dsC7O2H10nsd_0730.xyz,730,"(('Br', 0), ('C', 7), ('Cl', 0), ('F', 0), ('H', 10), ('I', 0), ('N', 0), ('O', 2), ('S', 0))",19,51,complete,51,0,0,False,True,True
dsC7O2H10nsd_0731.xyz,731,"(('Br', 0), ('C', 7), ('Cl', 0), ('F', 0), ('H', 10), ('I', 0), ('N', 0), ('O', 2), ('S', 0))",19,51,complete,51,0,0,False,True,True
dsC7O2H10nsd_0732.xyz,732,"(('Br', 0), ('C', 7), ('Cl', 0), ('F', 0), ('H', 10), ('I', 0), ('N', 0), ('O', 2), ('S', 0))",19,51,complete,51,0,0,False,True,True
dsC7O2H10nsd_0733.xyz,733,"(('Br', 0), ('C', 7), ('Cl', 0), ('F', 0), ('H', 10), ('I', 0), ('N', 0), ('O', 2), ('S', 0))",19,51,complete,51,0,0,False,True,True
dsC7O2H10nsd_0734.xyz,734,"(('Br', 0), ('C', 7), ('Cl', 0), ('F', 0), ('H', 10), ('I', 0), ('N', 0), ('O', 2), ('S', 0))",19,51,complete,51,0,0,False,False,True
dsC7O2H10nsd_0735.xyz,735,"(('Br', 0), ('C', 7), ('Cl', 0), ('F', 0), ('H', 10), ('I', 0), ('N', 0), ('O', 2), ('S', 0))",19,51,complete,51,0,0,False,False,True
dsC7O2H10nsd_0736.xyz,736,"(('Br', 0), ('C', 7), ('Cl', 0), ('F', 0), ('H', 10), ('I', 0), ('N', 0), ('O', 2), ('S', 0))",19,51,complete,51,0,0,False,False,True
dsC7O2H10nsd_0737.xyz,737,"(('Br', 0), ('C', 7), ('Cl', 0), ('F', 0), ('H', 10), ('I', 0), ('N', 0), ('O', 2), ('S', 0))",19,51,complete,51,0,0,False,False,True
dsC7O2H10nsd_0738.xyz,738,"(('Br', 0), ('C', 7), ('Cl', 0), ('F', 0), ('H', 10), ('I', 0), ('N', 0), ('O', 2), ('S', 0))",19,51,complete,51,0,0,True,True,True
dsC7O2H10nsd_0739.xyz,739,"(('Br', 0), ('C', 7), ('Cl', 0), ('F', 0), ('H', 10), ('I', 0), ('N', 0), ('O', 2), ('S', 0))",19,51,complete,51,0,0,True,True,True
dsC7O2H10nsd_0740.xyz,740,"(('Br', 0), ('C', 7), ('Cl', 0), ('F', 0), ('H', 10), ('I', 0), ('N', 0), ('O', 2), ('S', 0))",19,51,complete,51,0,0,False,False,True
dsC7O2H10nsd_0741.xyz,741,"(('Br', 0), ('C', 7), ('Cl', 0), ('F', 0), ('H', 10), ('I', 0), ('N', 0), ('O', 2), ('S', 0))",19,51,complete,51,0,0,True,True,True
dsC7O2H10nsd_0742.xyz,742,"(('Br', 0), ('C', 7), ('Cl', 0), ('F', 0), ('H', 10), ('I', 0), ('N', 0), ('O', 2), ('S', 0))",19,51,complete,51,0,0,True,True,True
dsC7O2H10nsd_0743.xyz,743,"(('Br', 0), ('C', 7), ('Cl', 0), ('F', 0), ('H', 10), ('I', 0), ('N', 0), ('O', 2), ('S', 0))",19,51,complete,51,0,0,False,False,True
dsC7O2H10nsd_0744.xyz,744,"(('Br', 0), ('C', 7), ('Cl', 0), ('F', 0), ('H', 10), ('I', 0), ('N', 0), ('O', 2), ('S', 0))",19,51,complete,51,0,0,False,False,True
dsC7O2H10nsd_0745.xyz,745,"(('Br', 0), ('C', 7), ('Cl', 0), ('F', 0), ('H', 10), ('I', 0), ('N', 0), ('O', 2), ('S', 0))",19,51,complete,51,0,0,False,False,True
dsC7O2H10nsd_0746.xyz,746,"(('Br', 0), ('C', 7), ('Cl', 0), ('F', 0), ('H', 10), ('I', 0), ('N', 0), ('O', 2), ('S', 0))",19,51,complete,51,0,0,False,False,True
dsC7O2H10nsd_0747.xyz,747,"(('Br', 0), ('C', 7), ('Cl', 0), ('F', 0), ('H', 10), ('I', 0), ('N', 0), ('O', 2), ('S', 0))",19,51,complete,51,0,0,False,False,True
dsC7O2H10nsd_0748.xyz,748,"(('Br', 0), ('C', 7), ('Cl', 0), ('F', 0), ('H', 10), ('I', 0), ('N', 0), ('O', 2), ('S', 0))",19,51,complete,51,0,0,False,False,True
dsC7O2H10nsd_0749.xyz,749,"(('Br', 0), ('C', 7), ('Cl', 0), ('F', 0), ('H', 10), ('I', 0), ('N', 0), ('O', 2), ('S', 0))",19,51,complete,51,0,0,False,False,True
dsC7O2H10nsd_0750.xyz,750,"(('Br', 0), ('C', 7), ('Cl', 0), ('F', 0), ('H', 10), ('I', 0), ('N', 0), ('O', 2), ('S', 0))",19,51,complete,51,0,0,False,False,True
dsC7O2H10nsd_0751.xyz,751,"(('Br', 0), ('C', 7), ('Cl', 0), ('F', 0), ('H', 10), ('I', 0), ('N', 0), ('O', 2), ('S', 0))",19,51,complete,51,0,0,False,False,True
dsC7O2H10nsd_0752.xyz,752,"(('Br', 0), ('C', 7), ('Cl', 0), ('F', 0), ('H', 10), ('I', 0), ('N', 0), ('O', 2), ('S', 0))",19,51,complete,51,0,0,False,False,True
dsC7O2H10nsd_0753.xyz,753,"(('Br', 0), ('C', 7), ('Cl', 0), ('F', 0), ('H', 10), ('I', 0), ('N', 0), ('O', 2), ('S', 0))",19,51,complete,51,0,0,False,False,True
dsC7O2H10nsd_0754.xyz,754,"(('Br', 0), ('C', 7), ('Cl', 0), ('F', 0), ('H', 10), ('I', 0), ('N', 0), ('O', 2), ('S', 0))",19,51,complete,51,0,0,False,False,True
dsC7O2H10nsd_0755.xyz,755,"(('Br', 0), ('C', 7), ('Cl', 0), ('F', 0), ('H', 10), ('I', 0), ('N', 0), ('O', 2), ('S', 0))",19,51,complete,51,0,0,False,False,True
dsC7O2H10nsd_0756.xyz,756,"(('Br', 0), ('C', 7), ('Cl', 0), ('F', 0), ('H', 10), ('I', 0), ('N', 0), ('O', 2), ('S', 0))",19,51,complete,51,0,0,False,False,True
dsC7O2H10nsd_0757.xyz,757,"(('Br', 0), ('C', 7), ('Cl', 0), ('F', 0), ('H', 10), ('I', 0), ('N', 0), ('O', 2), ('S', 0))",19,51,complete,51,0,0,True,True,True
dsC7O2H10nsd_0758.xyz,758,"(('Br', 0), ('C', 7), ('Cl', 0), ('F', 0), ('H', 10), ('I', 0), ('N', 0), ('O', 2), ('S', 0))",19,51,complete,51,0,0,True,True,True
dsC7O2H10nsd_0759.xyz,759,"(('Br', 0), ('C', 7), ('Cl', 0), ('F', 0), ('H', 10), ('I', 0), ('N', 0), ('O', 2), ('S', 0))",19,51,complete,51,0,0,True,True,True
dsC7O2H10nsd_0760.xyz,760,"(('Br', 0), ('C', 7), ('Cl', 0), ('F', 0), ('H', 10), ('I', 0), ('N', 0), ('O', 2), ('S', 0))",19,51,complete,51,0,0,True,True,True
dsC7O2H10nsd_0761.xyz,761,"(('Br', 0), ('C', 7), ('Cl', 0), ('F', 0), ('H', 10), ('I', 0), ('N', 0), ('O', 2), ('S', 0))",19,51,complete,51,0,0,False,False,True
dsC7O2H10nsd_0762.xyz,762,"(('Br', 0), ('C', 7), ('Cl', 0), ('F', 0), ('H', 10), ('I', 0), ('N', 0), ('O', 2), ('S', 0))",19,51,complete,51,0,0,False,True,True
dsC7O2H10nsd_0763.xyz,763,"(('Br', 0), ('C', 7), ('Cl', 0), ('F', 0), ('H', 10), ('I', 0), ('N', 0), ('O', 2), ('S', 0))",19,51,complete,51,0,0,False,True,True
dsC7O2H10nsd_0764.xyz,764,"(('Br', 0), ('C', 7), ('Cl', 0), ('F', 0), ('H', 10), ('I', 0), ('N', 0), ('O', 2), ('S', 0))",19,51,complete,51,0,0,False,True,True
dsC7O2H10nsd_0765.xyz,765,"(('Br', 0), ('C', 7), ('Cl', 0), ('F', 0), ('H', 10), ('I', 0), ('N', 0), ('O', 2), ('S', 0))",19,51,complete,51,0,0,False,True,True
dsC7O2H10nsd_0766.xyz,766,"(('Br', 0), ('C', 7), ('Cl', 0), ('F', 0), ('H', 10), ('I', 0), ('N', 0), ('O', 2), ('S', 0))",19,51,complete,51,0,0,False,False,True
dsC7O2H10nsd_0767.xyz,767,"(('Br', 0), ('C', 7), ('Cl', 0), ('F', 0), ('H', 10), ('I', 0), ('N', 0), ('O', 2), ('S', 0))",19,51,complete,51,0,0,False,False,True
dsC7O2H10nsd_0768.xyz,768,"(('Br', 0), ('C', 7), ('Cl', 0), ('F', 0), ('H', 10), ('I', 0), ('N', 0), ('O', 2), ('S', 0))",19,51,complete,51,0,0,False,False,True
dsC7O2H10nsd_0769.xyz,769,"(('Br', 0), ('C', 7), ('Cl', 0), ('F', 0), ('H', 10), ('I', 0), ('N', 0), ('O', 2), ('S', 0))",19,51,complete,51,0,0,False,False,True
dsC7O2H10nsd_0770.xyz,770,"(('Br', 0), ('C', 7), ('Cl', 0), ('F', 0), ('H', 10), ('I', 0), ('N', 0), ('O', 2), ('S', 0))",19,51,complete,51,0,0,False,False,True
dsC7O2H10nsd_0771.xyz,771,"(('Br', 0), ('C', 7), ('Cl', 0), ('F', 0), ('H', 10), ('I', 0), ('N', 0), ('O', 2), ('S', 0))",19,51,complete,51,0,0,True,True,True
dsC7O2H10nsd_0772.xyz,772,"(('Br', 0), ('C', 7), ('Cl', 0), ('F', 0), ('H', 10), ('I', 0), ('N', 0), ('O', 2), ('S', 0))",19,51,complete,51,0,0,True,True,True
dsC7O2H10nsd_0773.xyz,773,"(('Br', 0), ('C', 7), ('Cl', 0), ('F', 0), ('H', 10), ('I', 0), ('N', 0), ('O', 2), ('S', 0))",19,51,complete,51,0,0,True,True,True
dsC7O2H10nsd_0774.xyz,774,"(('Br', 0), ('C', 7), ('Cl', 0), ('F', 0), ('H', 10), ('I', 0), ('N', 0), ('O', 2), ('S', 0))",19,51,complete,51,0,0,True,True,True
dsC7O2H10nsd_0775.xyz,775,"(('Br', 0), ('C', 7), ('Cl', 0), ('F', 0), ('H', 10), ('I', 0), ('N', 0), ('O', 2), ('S', 0))",19,51,complete,51,0,0,True,True,True
dsC7O2H10nsd_0776.xyz,776,"(('Br', 0), ('C', 7), ('Cl', 0), ('F', 0), ('H', 10), ('I', 0), ('N', 0), ('O', 2), ('S', 0))",19,51,complete,51,0,0,True,True,True
dsC7O2H10nsd_0777.xyz,777,"(('Br', 0), ('C', 7), ('Cl', 0), ('F', 0), ('H', 10), ('I', 0), ('N', 0), ('O', 2), ('S', 0))",19,51,complete,51,0,0,True,True,True
dsC7O2H10nsd_0778.xyz,778,"(('Br', 0), ('C', 7), ('Cl', 0), ('F', 0), ('H', 10), ('I', 0), ('N', 0), ('O', 2), ('S', 0))",19,51,complete,51,0,0,True,True,True
dsC7O2H10nsd_0779.xyz,779,"(('Br', 0), ('C', 7), ('Cl', 0), ('F', 0), ('H', 10), ('I', 0), ('N', 0), ('O', 2), ('S', 0))",19,51,complete,51,0,0,True,True,True
dsC7O2H10nsd_0780.xyz,780,"(('Br', 0), ('C', 7), ('Cl', 0), ('F', 0), ('H', 10), ('I', 0), ('N', 0), ('O', 2), ('S', 0))",19,51,complete,51,0,0,True,True,True
dsC7O2H10nsd_0781.xyz,781,"(('Br', 0), ('C', 7), ('Cl', 0), ('F', 0), ('H', 10), ('I', 0), ('N', 0), ('O', 2), ('S', 0))",19,51,complete,51,0,0,True,True,True
dsC7O2H10nsd_0782.xyz,782,"(('Br', 0), ('C', 7), ('Cl', 0), ('F', 0), ('H', 10), ('I', 0), ('N', 0), ('O', 2), ('S', 0))",19,51,complete,51,0,0,False,False,True
dsC7O2H10nsd_0783.xyz,783,"(('Br', 0), ('C', 7), ('Cl', 0), ('F', 0), ('H', 10), ('I', 0), ('N', 0), ('O', 2), ('S', 0))",19,51,complete,51,0,0,True,True,True
dsC7O2H10nsd_0784.xyz,784,"(('Br', 0), ('C', 7), ('Cl', 0), ('F', 0), ('H', 10), ('I', 0), ('N', 0), ('O', 2), ('S', 0))",19,51,complete,51,0,0,True,True,True
dsC7O2H10nsd_0785.xyz,785,"(('Br', 0), ('C', 7), ('Cl', 0), ('F', 0), ('H', 10), ('I', 0), ('N', 0), ('O', 2), ('S', 0))",19,51,complete,51,0,0,False,False,True
dsC7O2H10nsd_0786.xyz,786,"(('Br', 0), ('C', 7), ('Cl', 0), ('F', 0), ('H', 10), ('I', 0), ('N', 0), ('O', 2), ('S', 0))",19,51,complete,51,0,0,True,True,True
dsC7O2H10nsd_0787.xyz,787,"(('Br', 0), ('C', 7), ('Cl', 0), ('F', 0), ('H', 10), ('I', 0), ('N', 0), ('O', 2), ('S', 0))",19,51,complete,51,0,0,False,False,True
dsC7O2H10nsd_0788.xyz,788,"(('Br', 0), ('C', 7), ('Cl', 0), ('F', 0), ('H', 10), ('I', 0), ('N', 0), ('O', 2), ('S', 0))",19,51,complete,51,0,0,True,True,True
dsC7O2H10nsd_0789.xyz,789,"(('Br', 0), ('C', 7), ('Cl', 0), ('F', 0), ('H', 10), ('I', 0), ('N', 0), ('O', 2), ('S', 0))",19,51,complete,51,0,0,False,False,True
dsC7O2H10nsd_0790.xyz,790,"(('Br', 0), ('C', 7), ('Cl', 0), ('F', 0), ('H', 10), ('I', 0), ('N', 0), ('O', 2), ('S', 0))",19,51,complete,51,0,0,False,False,True
dsC7O2H10nsd_0791.xyz,791,"(('Br', 0), ('C', 7), ('Cl', 0), ('F', 0), ('H', 10), ('I', 0), ('N', 0), ('O', 2), ('S', 0))",19,51,complete,51,0,0,False,False,True
dsC7O2H10nsd_0792.xyz,792,"(('Br', 0), ('C', 7), ('Cl', 0), ('F', 0), ('H', 10), ('I', 0), ('N', 0), ('O', 2), ('S', 0))",19,51,complete,51,0,0,False,False,True
dsC7O2H10nsd_0793.xyz,793,"(('Br', 0), ('C', 7), ('Cl', 0), ('F', 0), ('H', 10), ('I', 0), ('N', 0), ('O', 2), ('S', 0))",19,51,complete,51,0,0,True,True,True
dsC7O2H10nsd_0794.xyz,794,"(('Br', 0), ('C', 7), ('Cl', 0), ('F', 0), ('H', 10), ('I', 0), ('N', 0), ('O', 2), ('S', 0))",19,51,complete,51,0,0,True,True,True
dsC7O2H10nsd_0795.xyz,795,"(('Br', 0), ('C', 7), ('Cl', 0), ('F', 0), ('H', 10), ('I', 0), ('N', 0), ('O', 2), ('S', 0))",19,51,complete,51,0,0,False,False,True
dsC7O2H10nsd_0796.xyz,796,"(('Br', 0), ('C', 7), ('Cl', 0), ('F', 0), ('H', 10), ('I', 0), ('N', 0), ('O', 2), ('S', 0))",19,51,complete,51,0,0,False,False,True
dsC7O2H10nsd_0797.xyz,797,"(('Br', 0), ('C', 7), ('Cl', 0), ('F', 0), ('H', 10), ('I', 0), ('N', 0), ('O', 2), ('S', 0))",19,51,complete,51,0,0,False,False,True
dsC7O2H10nsd_0798.xyz,798,"(('Br', 0), ('C', 7), ('Cl', 0), ('F', 0), ('H', 10), ('I', 0), ('N', 0), ('O', 2), ('S', 0))",19,51,complete,51,0,0,False,False,True
dsC7O2H10nsd_0799.xyz,799,"(('Br', 0), ('C', 7), ('Cl', 0), ('F', 0), ('H', 10), ('I', 0), ('N', 0), ('O', 2), ('S', 0))",19,51,complete,51,0,0,False,False,True
dsC7O2H10nsd_0800.xyz,800,"(('Br', 0), ('C', 7), ('Cl', 0), ('F', 0), ('H', 10), ('I', 0), ('N', 0), ('O', 2), ('S', 0))",19,51,complete,51,0,0,False,False,True
dsC7O2H10nsd_0801.xyz,801,"(('Br', 0), ('C', 7), ('Cl', 0), ('F', 0), ('H', 10), ('I', 0), ('N', 0), ('O', 2), ('S', 0))",19,51,complete,51,0,0,False,False,True
dsC7O2H10nsd_0802.xyz,802,"(('Br', 0), ('C', 7), ('Cl', 0), ('F', 0), ('H', 10), ('I', 0), ('N', 0), ('O', 2), ('S', 0))",19,51,complete,51,0,0,False,False,True
dsC7O2H10nsd_0803.xyz,803,"(('Br', 0), ('C', 7), ('Cl', 0), ('F', 0), ('H', 10), ('I', 0), ('N', 0), ('O', 2), ('S', 0))",19,51,complete,51,0,0,False,False,True
dsC7O2H10nsd_0804.xyz,804,"(('Br', 0), ('C', 7), ('Cl', 0), ('F', 0), ('H', 10), ('I', 0), ('N', 0), ('O', 2), ('S', 0))",19,51,complete,51,0,0,False,False,True
dsC7O2H10nsd_0805.xyz,805,"(('Br', 0), ('C', 7), ('Cl', 0), ('F', 0), ('H', 10), ('I', 0), ('N', 0), ('O', 2), ('S', 0))",19,51,complete,51,0,0,False,False,True
dsC7O2H10nsd_0806.xyz,806,"(('Br', 0), ('C', 7), ('Cl', 0), ('F', 0), ('H', 10), ('I', 0), ('N', 0), ('O', 2), ('S', 0))",19,51,complete,51,0,0,False,False,True
dsC7O2H10nsd_0807.xyz,807,"(('Br', 0), ('C', 7), ('Cl', 0), ('F', 0), ('H', 10), ('I', 0), ('N', 0), ('O', 2), ('S', 0))",19,51,complete,51,0,0,False,False,True
dsC7O2H10nsd_0808.xyz,808,"(('Br', 0), ('C', 7), ('Cl', 0), ('F', 0), ('H', 10), ('I', 0), ('N', 0), ('O', 2), ('S', 0))",19,51,complete,51,0,0,False,False,True
dsC7O2H10nsd_0809.xyz,809,"(('Br', 0), ('C', 7), ('Cl', 0), ('F', 0), ('H', 10), ('I', 0), ('N', 0), ('O', 2), ('S', 0))",19,51,complete,51,0,0,False,False,True
dsC7O2H10nsd_0810.xyz,810,"(('Br', 0), ('C', 7), ('Cl', 0), ('F', 0), ('H', 10), ('I', 0), ('N', 0), ('O', 2), ('S', 0))",19,51,complete,51,0,0,False,False,True
dsC7O2H10nsd_0811.xyz,811,"(('Br', 0), ('C', 7), ('Cl', 0), ('F', 0), ('H', 10), ('I', 0), ('N', 0), ('O', 2), ('S', 0))",19,51,complete,51,0,0,False,False,True
dsC7O2H10nsd_0812.xyz,812,"(('Br', 0), ('C', 7), ('Cl', 0), ('F', 0), ('H', 10), ('I', 0), ('N', 0), ('O', 2), ('S', 0))",19,51,complete,51,0,0,True,True,True
dsC7O2H10nsd_0813.xyz,813,"(('Br', 0), ('C', 7), ('Cl', 0), ('F', 0), ('H', 10), ('I', 0), ('N', 0), ('O', 2), ('S', 0))",19,51,complete,51,0,0,True,True,True
dsC7O2H10nsd_0814.xyz,814,"(('Br', 0), ('C', 7), ('Cl', 0), ('F', 0), ('H', 10), ('I', 0), ('N', 0), ('O', 2), ('S', 0))",19,51,complete,51,0,0,True,True,True
dsC7O2H10nsd_0815.xyz,815,"(('Br', 0), ('C', 7), ('Cl', 0), ('F', 0), ('H', 10), ('I', 0), ('N', 0), ('O', 2), ('S', 0))",19,51,complete,51,0,0,False,False,True
dsC7O2H10nsd_0816.xyz,816,"(('Br', 0), ('C', 7), ('Cl', 0), ('F', 0), ('H', 10), ('I', 0), ('N', 0), ('O', 2), ('S', 0))",19,51,complete,51,0,0,False,False,True
dsC7O2H10nsd_0817.xyz,817,"(('Br', 0), ('C', 7), ('Cl', 0), ('F', 0), ('H', 10), ('I', 0), ('N', 0), ('O', 2), ('S', 0))",19,51,complete,51,0,0,False,False,True
dsC7O2H10nsd_0818.xyz,818,"(('Br', 0), ('C', 7), ('Cl', 0), ('F', 0), ('H', 10), ('I', 0), ('N', 0), ('O', 2), ('S', 0))",19,51,complete,51,0,0,False,False,True
dsC7O2H10nsd_0819.xyz,819,"(('Br', 0), ('C', 7), ('Cl', 0), ('F', 0), ('H', 10), ('I', 0), ('N', 0), ('O', 2), ('S', 0))",19,51,complete,51,0,0,False,False,True
dsC7O2H10nsd_0820.xyz,820,"(('Br', 0), ('C', 7), ('Cl', 0), ('F', 0), ('H', 10), ('I', 0), ('N', 0), ('O', 2), ('S', 0))",19,51,complete,51,0,0,False,False,True
dsC7O2H10nsd_0821.xyz,821,"(('Br', 0), ('C', 7), ('Cl', 0), ('F', 0), ('H', 10), ('I', 0), ('N', 0), ('O', 2), ('S', 0))",19,51,complete,51,0,0,False,False,True
dsC7O2H10nsd_0822.xyz,822,"(('Br', 0), ('C', 7), ('Cl', 0), ('F', 0), ('H', 10), ('I', 0), ('N', 0), ('O', 2), ('S', 0))",19,51,complete,51,0,0,False,False,True
dsC7O2H10nsd_0823.xyz,823,"(('Br', 0), ('C', 7), ('Cl', 0), ('F', 0), ('H', 10), ('I', 0), ('N', 0), ('O', 2), ('S', 0))",19,51,complete,51,0,0,False,False,True
dsC7O2H10nsd_0824.xyz,824,"(('Br', 0), ('C', 7), ('Cl', 0), ('F', 0), ('H', 10), ('I', 0), ('N', 0), ('O', 2), ('S', 0))",19,51,complete,51,0,0,False,False,True
dsC7O2H10nsd_0825.xyz,825,"(('Br', 0), ('C', 7), ('Cl', 0), ('F', 0), ('H', 10), ('I', 0), ('N', 0), ('O', 2), ('S', 0))",19,51,complete,51,0,0,False,False,True
dsC7O2H10nsd_0826.xyz,826,"(('Br', 0), ('C', 7), ('Cl', 0), ('F', 0), ('H', 10), ('I', 0), ('N', 0), ('O', 2), ('S', 0))",19,51,complete,51,0,0,False,False,True
dsC7O2H10nsd_0827.xyz,827,"(('Br', 0), ('C', 7), ('Cl', 0), ('F', 0), ('H', 10), ('I', 0), ('N', 0), ('O', 2), ('S', 0))",19,51,complete,51,0,0,False,False,True
dsC7O2H10nsd_0828.xyz,828,"(('Br', 0), ('C', 7), ('Cl', 0), ('F', 0), ('H', 10), ('I', 0), ('N', 0), ('O', 2), ('S', 0))",19,51,complete,51,0,0,False,False,True
dsC7O2H10nsd_0829.xyz,829,"(('Br', 0), ('C', 7), ('Cl', 0), ('F', 0), ('H', 10), ('I', 0), ('N', 0), ('O', 2), ('S', 0))",19,51,complete,51,0,0,False,False,True
dsC7O2H10nsd_0830.xyz,830,"(('Br', 0), ('C', 7), ('Cl', 0), ('F', 0), ('H', 10), ('I', 0), ('N', 0), ('O', 2), ('S', 0))",19,51,complete,51,0,0,False,False,True
dsC7O2H10nsd_0831.xyz,831,"(('Br', 0), ('C', 7), ('Cl', 0), ('F', 0), ('H', 10), ('I', 0), ('N', 0), ('O', 2), ('S', 0))",19,51,complete,51,0,0,False,False,True
dsC7O2H10nsd_0832.xyz,832,"(('Br', 0), ('C', 7), ('Cl', 0), ('F', 0), ('H', 10), ('I', 0), ('N', 0), ('O', 2), ('S', 0))",19,51,complete,51,0,0,False,False,True
dsC7O2H10nsd_0833.xyz,833,"(('Br', 0), ('C', 7), ('Cl', 0), ('F', 0), ('H', 10), ('I', 0), ('N', 0), ('O', 2), ('S', 0))",19,51,complete,51,0,0,False,False,True
dsC7O2H10nsd_0834.xyz,834,"(('Br', 0), ('C', 7), ('Cl', 0), ('F', 0), ('H', 10), ('I', 0), ('N', 0), ('O', 2), ('S', 0))",19,51,complete,51,0,0,True,True,True
dsC7O2H10nsd_0835.xyz,835,"(('Br', 0), ('C', 7), ('Cl', 0), ('F', 0), ('H', 10), ('I', 0), ('N', 0), ('O', 2), ('S', 0))",19,51,complete,51,0,0,False,False,True
dsC7O2H10nsd_0836.xyz,836,"(('Br', 0), ('C', 7), ('Cl', 0), ('F', 0), ('H', 10), ('I', 0), ('N', 0), ('O', 2), ('S', 0))",19,51,complete,51,0,0,False,False,True
dsC7O2H10nsd_0837.xyz,837,"(('Br', 0), ('C', 7), ('Cl', 0), ('F', 0), ('H', 10), ('I', 0), ('N', 0), ('O', 2), ('S', 0))",19,51,complete,51,0,0,False,False,True
dsC7O2H10nsd_0838.xyz,838,"(('Br', 0), ('C', 7), ('Cl', 0), ('F', 0), ('H', 10), ('I', 0), ('N', 0), ('O', 2), ('S', 0))",19,51,complete,51,0,0,False,False,True
dsC7O2H10nsd_0839.xyz,839,"(('Br', 0), ('C', 7), ('Cl', 0), ('F', 0), ('H', 10), ('I', 0), ('N', 0), ('O', 2), ('S', 0))",19,51,complete,51,0,0,False,False,True
dsC7O2H10nsd_0840.xyz,840,"(('Br', 0), ('C', 7), ('Cl', 0), ('F', 0), ('H', 10), ('I', 0), ('N', 0), ('O', 2), ('S', 0))",19,51,complete,51,0,0,False,False,True
dsC7O2H10nsd_0841.xyz,841,"(('Br', 0), ('C', 7), ('Cl', 0), ('F', 0), ('H', 10), ('I', 0), ('N', 0), ('O', 2), ('S', 0))",19,51,complete,51,0,0,False,False,True
dsC7O2H10nsd_0842.xyz,842,"(('Br', 0), ('C', 7), ('Cl', 0), ('F', 0), ('H', 10), ('I', 0), ('N', 0), ('O', 2), ('S', 0))",19,51,complete,51,0,0,False,False,True
dsC7O2H10nsd_0843.xyz,843,"(('Br', 0), ('C', 7), ('Cl', 0), ('F', 0), ('H', 10), ('I', 0), ('N', 0), ('O', 2), ('S', 0))",19,51,complete,51,0,0,False,False,True
dsC7O2H10nsd_0844.xyz,844,"(('Br', 0), ('C', 7), ('Cl', 0), ('F', 0), ('H', 10), ('I', 0), ('N', 0), ('O', 2), ('S', 0))",19,51,complete,51,0,0,False,False,True
dsC7O2H10nsd_0845.xyz,845,"(('Br', 0), ('C', 7), ('Cl', 0), ('F', 0), ('H', 10), ('I', 0), ('N', 0), ('O', 2), ('S', 0))",19,51,complete,51,0,0,False,False,True
dsC7O2H10nsd_0846.xyz,846,"(('Br', 0), ('C', 7), ('Cl', 0), ('F', 0), ('H', 10), ('I', 0), ('N', 0), ('O', 2), ('S', 0))",19,51,complete,51,0,0,False,False,True
dsC7O2H10nsd_0847.xyz,847,"(('Br', 0), ('C', 7), ('Cl', 0), ('F', 0), ('H', 10), ('I', 0), ('N', 0), ('O', 2), ('S', 0))",19,51,complete,51,0,0,True,True,True
dsC7O2H10nsd_0848.xyz,848,"(('Br', 0), ('C', 7), ('Cl', 0), ('F', 0), ('H', 10), ('I', 0), ('N', 0), ('O', 2), ('S', 0))",19,51,complete,51,0,0,False,False,True
dsC7O2H10nsd_0849.xyz,849,"(('Br', 0), ('C', 7), ('Cl', 0), ('F', 0), ('H', 10), ('I', 0), ('N', 0), ('O', 2), ('S', 0))",19,51,complete,51,0,0,False,False,True
dsC7O2H10nsd_0850.xyz,850,"(('Br', 0), ('C', 7), ('Cl', 0), ('F', 0), ('H', 10), ('I', 0), ('N', 0), ('O', 2), ('S', 0))",19,51,complete,51,0,0,False,False,True
dsC7O2H10nsd_0851.xyz,851,"(('Br', 0), ('C', 7), ('Cl', 0), ('F', 0), ('H', 10), ('I', 0), ('N', 0), ('O', 2), ('S', 0))",19,102,incomplete_count,102,0,0,False,False,True
dsC7O2H10nsd_0852.xyz,852,"(('Br', 0), ('C', 7), ('Cl', 0), ('F', 0), ('H', 10), ('I', 0), ('N', 0), ('O', 2), ('S', 0))",19,51,complete,51,0,0,False,False,True
dsC7O2H10nsd_0853.xyz,853,"(('Br', 0), ('C', 7), ('Cl', 0), ('F', 0), ('H', 10), ('I', 0), ('N', 0), ('O', 2), ('S', 0))",19,51,complete,51,0,0,False,False,True
dsC7O2H10nsd_0854.xyz,854,"(('Br', 0), ('C', 7), ('Cl', 0), ('F', 0), ('H', 10), ('I', 0), ('N', 0), ('O', 2), ('S', 0))",19,51,complete,51,0,0,False,False,True
dsC7O2H10nsd_0855.xyz,855,"(('Br', 0), ('C', 7), ('Cl', 0), ('F', 0), ('H', 10), ('I', 0), ('N', 0), ('O', 2), ('S', 0))",19,51,complete,51,0,0,False,False,True
dsC7O2H10nsd_0856.xyz,856,"(('Br', 0), ('C', 7), ('Cl', 0), ('F', 0), ('H', 10), ('I', 0), ('N', 0), ('O', 2), ('S', 0))",19,51,complete,51,0,0,False,False,True
dsC7O2H10nsd_0857.xyz,857,"(('Br', 0), ('C', 7), ('Cl', 0), ('F', 0), ('H', 10), ('I', 0), ('N', 0), ('O', 2), ('S', 0))",19,51,complete,51,0,0,False,False,True
dsC7O2H10nsd_0858.xyz,858,"(('Br', 0), ('C', 7), ('Cl', 0), ('F', 0), ('H', 10), ('I', 0), ('N', 0), ('O', 2), ('S', 0))",19,51,complete,51,0,0,False,False,True
dsC7O2H10nsd_0859.xyz,859,"(('Br', 0), ('C', 7), ('Cl', 0), ('F', 0), ('H', 10), ('I', 0), ('N', 0), ('O', 2), ('S', 0))",19,102,incomplete_count,102,0,0,False,False,True
dsC7O2H10nsd_0860.xyz,860,"(('Br', 0), ('C', 7), ('Cl', 0), ('F', 0), ('H', 10), ('I', 0), ('N', 0), ('O', 2), ('S', 0))",19,51,complete,51,0,0,False,False,True
dsC7O2H10nsd_0861.xyz,861,"(('Br', 0), ('C', 7), ('Cl', 0), ('F', 0), ('H', 10), ('I', 0), ('N', 0), ('O', 2), ('S', 0))",19,51,complete,51,0,0,False,False,True
dsC7O2H10nsd_0862.xyz,862,"(('Br', 0), ('C', 7), ('Cl', 0), ('F', 0), ('H', 10), ('I', 0), ('N', 0), ('O', 2), ('S', 0))",19,51,complete,51,0,0,False,False,True
dsC7O2H10nsd_0863.xyz,863,"(('Br', 0), ('C', 7), ('Cl', 0), ('F', 0), ('H', 10), ('I', 0), ('N', 0), ('O', 2), ('S', 0))",19,51,complete,51,0,0,False,False,True
dsC7O2H10nsd_0864.xyz,864,"(('Br', 0), ('C', 7), ('Cl', 0), ('F', 0), ('H', 10), ('I', 0), ('N', 0), ('O', 2), ('S', 0))",19,51,complete,51,0,0,False,False,True
dsC7O2H10nsd_0865.xyz,865,"(('Br', 0), ('C', 7), ('Cl', 0), ('F', 0), ('H', 10), ('I', 0), ('N', 0), ('O', 2), ('S', 0))",19,51,complete,51,0,0,False,False,True
dsC7O2H10nsd_0866.xyz,866,"(('Br', 0), ('C', 7), ('Cl', 0), ('F', 0), ('H', 10), ('I', 0), ('N', 0), ('O', 2), ('S', 0))",19,51,complete,51,0,0,False,False,True
dsC7O2H10nsd_0867.xyz,867,"(('Br', 0), ('C', 7), ('Cl', 0), ('F', 0), ('H', 10), ('I', 0), ('N', 0), ('O', 2), ('S', 0))",19,51,complete,51,0,0,False,False,True
dsC7O2H10nsd_0868.xyz,868,"(('Br', 0), ('C', 7), ('Cl', 0), ('F', 0), ('H', 10), ('I', 0), ('N', 0), ('O', 2), ('S', 0))",19,51,complete,51,0,0,False,False,True
dsC7O2H10nsd_0869.xyz,869,"(('Br', 0), ('C', 7), ('Cl', 0), ('F', 0), ('H', 10), ('I', 0), ('N', 0), ('O', 2), ('S', 0))",19,51,complete,51,0,0,False,False,True
dsC7O2H10nsd_0870.xyz,870,"(('Br', 0), ('C', 7), ('Cl', 0), ('F', 0), ('H', 10), ('I', 0), ('N', 0), ('O', 2), ('S', 0))",19,51,complete,51,0,0,False,False,True
dsC7O2H10nsd_0871.xyz,871,"(('Br', 0), ('C', 7), ('Cl', 0), ('F', 0), ('H', 10), ('I', 0), ('N', 0), ('O', 2), ('S', 0))",19,51,complete,51,0,0,False,False,True
dsC7O2H10nsd_0872.xyz,872,"(('Br', 0), ('C', 7), ('Cl', 0), ('F', 0), ('H', 10), ('I', 0), ('N', 0), ('O', 2), ('S', 0))",19,51,complete,51,0,0,False,False,True
dsC7O2H10nsd_0873.xyz,873,"(('Br', 0), ('C', 7), ('Cl', 0), ('F', 0), ('H', 10), ('I', 0), ('N', 0), ('O', 2), ('S', 0))",19,51,complete,51,0,0,False,False,True
dsC7O2H10nsd_0874.xyz,874,"(('Br', 0), ('C', 7), ('Cl', 0), ('F', 0), ('H', 10), ('I', 0), ('N', 0), ('O', 2), ('S', 0))",19,51,complete,51,0,0,False,False,True
dsC7O2H10nsd_0875.xyz,875,"(('Br', 0), ('C', 7), ('Cl', 0), ('F', 0), ('H', 10), ('I', 0), ('N', 0), ('O', 2), ('S', 0))",19,51,complete,51,0,0,False,False,True
dsC7O2H10nsd_0876.xyz,876,"(('Br', 0), ('C', 7), ('Cl', 0), ('F', 0), ('H', 10), ('I', 0), ('N', 0), ('O', 2), ('S', 0))",19,102,incomplete_count,102,0,0,False,False,True
dsC7O2H10nsd_0877.xyz,877,"(('Br', 0), ('C', 7), ('Cl', 0), ('F', 0), ('H', 10), ('I', 0), ('N', 0), ('O', 2), ('S', 0))",19,102,incomplete_count,102,0,0,False,False,True
dsC7O2H10nsd_0878.xyz,878,"(('Br', 0), ('C', 7), ('Cl', 0), ('F', 0), ('H', 10), ('I', 0), ('N', 0), ('O', 2), ('S', 0))",19,51,complete,51,0,0,False,False,True
dsC7O2H10nsd_0879.xyz,879,"(('Br', 0), ('C', 7), ('Cl', 0), ('F', 0), ('H', 10), ('I', 0), ('N', 0), ('O', 2), ('S', 0))",19,51,complete,51,0,0,False,False,True
dsC7O2H10nsd_0880.xyz,880,"(('Br', 0), ('C', 7), ('Cl', 0), ('F', 0), ('H', 10), ('I', 0), ('N', 0), ('O', 2), ('S', 0))",19,51,complete,51,0,0,False,False,True
dsC7O2H10nsd_0881.xyz,881,"(('Br', 0), ('C', 7), ('Cl', 0), ('F', 0), ('H', 10), ('I', 0), ('N', 0), ('O', 2), ('S', 0))",19,51,complete,51,0,0,False,False,True
dsC7O2H10nsd_0882.xyz,882,"(('Br', 0), ('C', 7), ('Cl', 0), ('F', 0), ('H', 10), ('I', 0), ('N', 0), ('O', 2), ('S', 0))",19,51,complete,51,0,0,False,False,True
dsC7O2H10nsd_0883.xyz,883,"(('Br', 0), ('C', 7), ('Cl', 0), ('F', 0), ('H', 10), ('I', 0), ('N', 0), ('O', 2), ('S', 0))",19,51,complete,51,0,0,False,False,True
dsC7O2H10nsd_0884.xyz,884,"(('Br', 0), ('C', 7), ('Cl', 0), ('F', 0), ('H', 10), ('I', 0), ('N', 0), ('O', 2), ('S', 0))",19,51,complete,51,0,0,False,False,True
dsC7O2H10nsd_0885.xyz,885,"(('Br', 0), ('C', 7), ('Cl', 0), ('F', 0), ('H', 10), ('I', 0), ('N', 0), ('O', 2), ('S', 0))",19,51,complete,51,0,0,False,False,True
dsC7O2H10nsd_0886.xyz,886,"(('Br', 0), ('C', 7), ('Cl', 0), ('F', 0), ('H', 10), ('I', 0), ('N', 0), ('O', 2), ('S', 0))",19,51,complete,51,0,0,False,False,True
dsC7O2H10nsd_0887.xyz,887,"(('Br', 0), ('C', 7), ('Cl', 0), ('F', 0), ('H', 10), ('I', 0), ('N', 0), ('O', 2), ('S', 0))",19,51,complete,51,0,0,False,False,True
dsC7O2H10nsd_0888.xyz,888,"(('Br', 0), ('C', 7), ('Cl', 0), ('F', 0), ('H', 10), ('I', 0), ('N', 0), ('O', 2), ('S', 0))",19,102,incomplete_count,102,0,0,True,True,True
dsC7O2H10nsd_0889.xyz,889,"(('Br', 0), ('C', 7), ('Cl', 0), ('F', 0), ('H', 10), ('I', 0), ('N', 0), ('O', 2), ('S', 0))",19,51,complete,51,0,0,True,True,True
dsC7O2H10nsd_0890.xyz,890,"(('Br', 0), ('C', 7), ('Cl', 0), ('F', 0), ('H', 10), ('I', 0), ('N', 0), ('O', 2), ('S', 0))",19,51,complete,51,0,0,False,False,True
dsC7O2H10nsd_0891.xyz,891,"(('Br', 0), ('C', 7), ('Cl', 0), ('F', 0), ('H', 10), ('I', 0), ('N', 0), ('O', 2), ('S', 0))",19,51,complete,51,0,0,False,False,True
dsC7O2H10nsd_0892.xyz,892,"(('Br', 0), ('C', 7), ('Cl', 0), ('F', 0), ('H', 10), ('I', 0), ('N', 0), ('O', 2), ('S', 0))",19,51,complete,51,0,0,False,False,True
dsC7O2H10nsd_0893.xyz,893,"(('Br', 0), ('C', 7), ('Cl', 0), ('F', 0), ('H', 10), ('I', 0), ('N', 0), ('O', 2), ('S', 0))",19,51,complete,51,0,0,True,True,True
dsC7O2H10nsd_0894.xyz,894,"(('Br', 0), ('C', 7), ('Cl', 0), ('F', 0), ('H', 10), ('I', 0), ('N', 0), ('O', 2), ('S', 0))",19,51,complete,51,0,0,True,True,True
dsC7O2H10nsd_0895.xyz,895,"(('Br', 0), ('C', 7), ('Cl', 0), ('F', 0), ('H', 10), ('I', 0), ('N', 0), ('O', 2), ('S', 0))",19,51,complete,51,0,0,True,True,True
dsC7O2H10nsd_0896.xyz,896,"(('Br', 0), ('C', 7), ('Cl', 0), ('F', 0), ('H', 10), ('I', 0), ('N', 0), ('O', 2), ('S', 0))",19,51,complete,51,0,0,False,False,True
dsC7O2H10nsd_0897.xyz,897,"(('Br', 0), ('C', 7), ('Cl', 0), ('F', 0), ('H', 10), ('I', 0), ('N', 0), ('O', 2), ('S', 0))",19,51,complete,51,0,0,False,False,True
dsC7O2H10nsd_0898.xyz,898,"(('Br', 0), ('C', 7), ('Cl', 0), ('F', 0), ('H', 10), ('I', 0), ('N', 0), ('O', 2), ('S', 0))",19,51,complete,51,0,0,False,False,True
dsC7O2H10nsd_0899.xyz,899,"(('Br', 0), ('C', 7), ('Cl', 0), ('F', 0), ('H', 10), ('I', 0), ('N', 0), ('O', 2), ('S', 0))",19,51,complete,51,0,0,False,False,True
dsC7O2H10nsd_0900.xyz,900,"(('Br', 0), ('C', 7), ('Cl', 0), ('F', 0), ('H', 10), ('I', 0), ('N', 0), ('O', 2), ('S', 0))",19,51,complete,51,0,0,False,False,True
dsC7O2H10nsd_0901.xyz,901,"(('Br', 0), ('C', 7), ('Cl', 0), ('F', 0), ('H', 10), ('I', 0), ('N', 0), ('O', 2), ('S', 0))",19,51,complete,51,0,0,False,False,True
dsC7O2H10nsd_0902.xyz,902,"(('Br', 0), ('C', 7), ('Cl', 0), ('F', 0), ('H', 10), ('I', 0), ('N', 0), ('O', 2), ('S', 0))",19,51,complete,51,0,0,False,False,True
dsC7O2H10nsd_0903.xyz,903,"(('Br', 0), ('C', 7), ('Cl', 0), ('F', 0), ('H', 10), ('I', 0), ('N', 0), ('O', 2), ('S', 0))",19,51,complete,51,0,0,False,False,True
dsC7O2H10nsd_0904.xyz,904,"(('Br', 0), ('C', 7), ('Cl', 0), ('F', 0), ('H', 10), ('I', 0), ('N', 0), ('O', 2), ('S', 0))",19,51,complete,51,0,0,False,False,True
dsC7O2H10nsd_0905.xyz,905,"(('Br', 0), ('C', 7), ('Cl', 0), ('F', 0), ('H', 10), ('I', 0), ('N', 0), ('O', 2), ('S', 0))",19,51,complete,51,0,0,False,False,True
dsC7O2H10nsd_0906.xyz,906,"(('Br', 0), ('C', 7), ('Cl', 0), ('F', 0), ('H', 10), ('I', 0), ('N', 0), ('O', 2), ('S', 0))",19,51,complete,51,0,0,False,False,True
dsC7O2H10nsd_0907.xyz,907,"(('Br', 0), ('C', 7), ('Cl', 0), ('F', 0), ('H', 10), ('I', 0), ('N', 0), ('O', 2), ('S', 0))",19,51,complete,51,0,0,False,False,True
dsC7O2H10nsd_0908.xyz,908,"(('Br', 0), ('C', 7), ('Cl', 0), ('F', 0), ('H', 10), ('I', 0), ('N', 0), ('O', 2), ('S', 0))",19,51,complete,51,0,0,True,True,True
dsC7O2H10nsd_0909.xyz,909,"(('Br', 0), ('C', 7), ('Cl', 0), ('F', 0), ('H', 10), ('I', 0), ('N', 0), ('O', 2), ('S', 0))",19,51,complete,51,0,0,True,True,True
dsC7O2H10nsd_0910.xyz,910,"(('Br', 0), ('C', 7), ('Cl', 0), ('F', 0), ('H', 10), ('I', 0), ('N', 0), ('O', 2), ('S', 0))",19,51,complete,51,0,0,False,False,True
dsC7O2H10nsd_0911.xyz,911,"(('Br', 0), ('C', 7), ('Cl', 0), ('F', 0), ('H', 10), ('I', 0), ('N', 0), ('O', 2), ('S', 0))",19,51,complete,51,0,0,False,False,True
dsC7O2H10nsd_0912.xyz,912,"(('Br', 0), ('C', 7), ('Cl', 0), ('F', 0), ('H', 10), ('I', 0), ('N', 0), ('O', 2), ('S', 0))",19,51,complete,51,0,0,False,False,True
dsC7O2H10nsd_0913.xyz,913,"(('Br', 0), ('C', 7), ('Cl', 0), ('F', 0), ('H', 10), ('I', 0), ('N', 0), ('O', 2), ('S', 0))",19,51,complete,51,0,0,False,False,True
dsC7O2H10nsd_0914.xyz,914,"(('Br', 0), ('C', 7), ('Cl', 0), ('F', 0), ('H', 10), ('I', 0), ('N', 0), ('O', 2), ('S', 0))",19,51,complete,51,0,0,False,False,True
dsC7O2H10nsd_0915.xyz,915,"(('Br', 0), ('C', 7), ('Cl', 0), ('F', 0), ('H', 10), ('I', 0), ('N', 0), ('O', 2), ('S', 0))",19,51,complete,51,0,0,False,False,True
dsC7O2H10nsd_0916.xyz,916,"(('Br', 0), ('C', 7), ('Cl', 0), ('F', 0), ('H', 10), ('I', 0), ('N', 0), ('O', 2), ('S', 0))",19,51,complete,51,0,0,False,False,True
dsC7O2H10nsd_0917.xyz,917,"(('Br', 0), ('C', 7), ('Cl', 0), ('F', 0), ('H', 10), ('I', 0), ('N', 0), ('O', 2), ('S', 0))",19,51,complete,51,0,0,False,False,True
dsC7O2H10nsd_0918.xyz,918,"(('Br', 0), ('C', 7), ('Cl', 0), ('F', 0), ('H', 10), ('I', 0), ('N', 0), ('O', 2), ('S', 0))",19,51,complete,51,0,0,False,False,True
dsC7O2H10nsd_0919.xyz,919,"(('Br', 0), ('C', 7), ('Cl', 0), ('F', 0), ('H', 10), ('I', 0), ('N', 0), ('O', 2), ('S', 0))",19,51,complete,51,0,0,False,False,True
dsC7O2H10nsd_0920.xyz,920,"(('Br', 0), ('C', 7), ('Cl', 0), ('F', 0), ('H', 10), ('I', 0), ('N', 0), ('O', 2), ('S', 0))",19,51,complete,51,0,0,False,False,True
dsC7O2H10nsd_0921.xyz,921,"(('Br', 0), ('C', 7), ('Cl', 0), ('F', 0), ('H', 10), ('I', 0), ('N', 0), ('O', 2), ('S', 0))",19,51,complete,51,0,0,False,False,True
dsC7O2H10nsd_0922.xyz,922,"(('Br', 0), ('C', 7), ('Cl', 0), ('F', 0), ('H', 10), ('I', 0), ('N', 0), ('O', 2), ('S', 0))",19,51,complete,51,0,0,False,False,True
dsC7O2H10nsd_0923.xyz,923,"(('Br', 0), ('C', 7), ('Cl', 0), ('F', 0), ('H', 10), ('I', 0), ('N', 0), ('O', 2), ('S', 0))",19,51,complete,51,0,0,False,False,True
dsC7O2H10nsd_0924.xyz,924,"(('Br', 0), ('C', 7), ('Cl', 0), ('F', 0), ('H', 10), ('I', 0), ('N', 0), ('O', 2), ('S', 0))",19,51,complete,51,0,0,False,False,True
dsC7O2H10nsd_0925.xyz,925,"(('Br', 0), ('C', 7), ('Cl', 0), ('F', 0), ('H', 10), ('I', 0), ('N', 0), ('O', 2), ('S', 0))",19,51,complete,51,0,0,False,False,True
dsC7O2H10nsd_0926.xyz,926,"(('Br', 0), ('C', 7), ('Cl', 0), ('F', 0), ('H', 10), ('I', 0), ('N', 0), ('O', 2), ('S', 0))",19,51,complete,51,0,0,False,False,True
dsC7O2H10nsd_0927.xyz,927,"(('Br', 0), ('C', 7), ('Cl', 0), ('F', 0), ('H', 10), ('I', 0), ('N', 0), ('O', 2), ('S', 0))",19,51,complete,51,0,0,True,True,True
dsC7O2H10nsd_0928.xyz,928,"(('Br', 0), ('C', 7), ('Cl', 0), ('F', 0), ('H', 10), ('I', 0), ('N', 0), ('O', 2), ('S', 0))",19,51,complete,51,0,0,False,False,True
dsC7O2H10nsd_0929.xyz,929,"(('Br', 0), ('C', 7), ('Cl', 0), ('F', 0), ('H', 10), ('I', 0), ('N', 0), ('O', 2), ('S', 0))",19,51,complete,51,0,0,False,False,True
dsC7O2H10nsd_0930.xyz,930,"(('Br', 0), ('C', 7), ('Cl', 0), ('F', 0), ('H', 10), ('I', 0), ('N', 0), ('O', 2), ('S', 0))",19,51,complete,51,0,0,False,False,True
dsC7O2H10nsd_0931.xyz,931,"(('Br', 0), ('C', 7), ('Cl', 0), ('F', 0), ('H', 10), ('I', 0), ('N', 0), ('O', 2), ('S', 0))",19,51,complete,51,0,0,False,False,True
dsC7O2H10nsd_0932.xyz,932,"(('Br', 0), ('C', 7), ('Cl', 0), ('F', 0), ('H', 10), ('I', 0), ('N', 0), ('O', 2), ('S', 0))",19,51,complete,51,0,0,False,False,True
dsC7O2H10nsd_0933.xyz,933,"(('Br', 0), ('C', 7), ('Cl', 0), ('F', 0), ('H', 10), ('I', 0), ('N', 0), ('O', 2), ('S', 0))",19,51,complete,51,0,0,False,False,True
dsC7O2H10nsd_0934.xyz,934,"(('Br', 0), ('C', 7), ('Cl', 0), ('F', 0), ('H', 10), ('I', 0), ('N', 0), ('O', 2), ('S', 0))",19,51,complete,51,0,0,False,False,True
dsC7O2H10nsd_0935.xyz,935,"(('Br', 0), ('C', 7), ('Cl', 0), ('F', 0), ('H', 10), ('I', 0), ('N', 0), ('O', 2), ('S', 0))",19,51,complete,51,0,0,False,False,True
dsC7O2H10nsd_0936.xyz,936,"(('Br', 0), ('C', 7), ('Cl', 0), ('F', 0), ('H', 10), ('I', 0), ('N', 0), ('O', 2), ('S', 0))",19,51,complete,51,0,0,False,False,True
dsC7O2H10nsd_0937.xyz,937,"(('Br', 0), ('C', 7), ('Cl', 0), ('F', 0), ('H', 10), ('I', 0), ('N', 0), ('O', 2), ('S', 0))",19,51,complete,51,0,0,False,False,True
dsC7O2H10nsd_0938.xyz,938,"(('Br', 0), ('C', 7), ('Cl', 0), ('F', 0), ('H', 10), ('I', 0), ('N', 0), ('O', 2), ('S', 0))",19,51,complete,51,0,0,False,False,True
dsC7O2H10nsd_0939.xyz,939,"(('Br', 0), ('C', 7), ('Cl', 0), ('F', 0), ('H', 10), ('I', 0), ('N', 0), ('O', 2), ('S', 0))",19,51,complete,51,0,0,False,False,True
dsC7O2H10nsd_0940.xyz,940,"(('Br', 0), ('C', 7), ('Cl', 0), ('F', 0), ('H', 10), ('I', 0), ('N', 0), ('O', 2), ('S', 0))",19,51,complete,51,0,0,False,False,True
dsC7O2H10nsd_0941.xyz,941,"(('Br', 0), ('C', 7), ('Cl', 0), ('F', 0), ('H', 10), ('I', 0), ('N', 0), ('O', 2), ('S', 0))",19,51,complete,51,0,0,False,False,True
dsC7O2H10nsd_0942.xyz,942,"(('Br', 0), ('C', 7), ('Cl', 0), ('F', 0), ('H', 10), ('I', 0), ('N', 0), ('O', 2), ('S', 0))",19,51,complete,51,0,0,False,False,True
dsC7O2H10nsd_0943.xyz,943,"(('Br', 0), ('C', 7), ('Cl', 0), ('F', 0), ('H', 10), ('I', 0), ('N', 0), ('O', 2), ('S', 0))",19,51,complete,51,0,0,False,False,True
dsC7O2H10nsd_0944.xyz,944,"(('Br', 0), ('C', 7), ('Cl', 0), ('F', 0), ('H', 10), ('I', 0), ('N', 0), ('O', 2), ('S', 0))",19,51,complete,51,0,0,False,False,True
dsC7O2H10nsd_0945.xyz,945,"(('Br', 0), ('C', 7), ('Cl', 0), ('F', 0), ('H', 10), ('I', 0), ('N', 0), ('O', 2), ('S', 0))",19,51,complete,51,0,0,False,False,True
dsC7O2H10nsd_0946.xyz,946,"(('Br', 0), ('C', 7), ('Cl', 0), ('F', 0), ('H', 10), ('I', 0), ('N', 0), ('O', 2), ('S', 0))",19,51,complete,51,0,0,False,False,True
dsC7O2H10nsd_0947.xyz,947,"(('Br', 0), ('C', 7), ('Cl', 0), ('F', 0), ('H', 10), ('I', 0), ('N', 0), ('O', 2), ('S', 0))",19,51,complete,51,0,0,False,False,True
dsC7O2H10nsd_0948.xyz,948,"(('Br', 0), ('C', 7), ('Cl', 0), ('F', 0), ('H', 10), ('I', 0), ('N', 0), ('O', 2), ('S', 0))",19,51,complete,51,0,0,False,False,True
dsC7O2H10nsd_0949.xyz,949,"(('Br', 0), ('C', 7), ('Cl', 0), ('F', 0), ('H', 10), ('I', 0), ('N', 0), ('O', 2), ('S', 0))",19,51,complete,51,0,0,False,False,True
dsC7O2H10nsd_0950.xyz,950,"(('Br', 0), ('C', 7), ('Cl', 0), ('F', 0), ('H', 10), ('I', 0), ('N', 0), ('O', 2), ('S', 0))",19,51,complete,51,0,0,False,False,True
dsC7O2H10nsd_0951.xyz,951,"(('Br', 0), ('C', 7), ('Cl', 0), ('F', 0), ('H', 10), ('I', 0), ('N', 0), ('O', 2), ('S', 0))",19,51,complete,51,0,0,False,False,True
dsC7O2H10nsd_0952.xyz,952,"(('Br', 0), ('C', 7), ('Cl', 0), ('F', 0), ('H', 10), ('I', 0), ('N', 0), ('O', 2), ('S', 0))",19,51,complete,51,0,0,False,False,True
dsC7O2H10nsd_0953.xyz,953,"(('Br', 0), ('C', 7), ('Cl', 0), ('F', 0), ('H', 10), ('I', 0), ('N', 0), ('O', 2), ('S', 0))",19,51,complete,51,0,0,False,False,True
dsC7O2H10nsd_0954.xyz,954,"(('Br', 0), ('C', 7), ('Cl', 0), ('F', 0), ('H', 10), ('I', 0), ('N', 0), ('O', 2), ('S', 0))",19,51,complete,51,0,0,True,True,True
dsC7O2H10nsd_0955.xyz,955,"(('Br', 0), ('C', 7), ('Cl', 0), ('F', 0), ('H', 10), ('I', 0), ('N', 0), ('O', 2), ('S', 0))",19,51,complete,51,0,0,True,True,True
dsC7O2H10nsd_0956.xyz,956,"(('Br', 0), ('C', 7), ('Cl', 0), ('F', 0), ('H', 10), ('I', 0), ('N', 0), ('O', 2), ('S', 0))",19,51,complete,51,0,0,False,False,True
dsC7O2H10nsd_0957.xyz,957,"(('Br', 0), ('C', 7), ('Cl', 0), ('F', 0), ('H', 10), ('I', 0), ('N', 0), ('O', 2), ('S', 0))",19,51,complete,51,0,0,False,False,True
dsC7O2H10nsd_0958.xyz,958,"(('Br', 0), ('C', 7), ('Cl', 0), ('F', 0), ('H', 10), ('I', 0), ('N', 0), ('O', 2), ('S', 0))",19,51,complete,51,0,0,False,False,True
dsC7O2H10nsd_0959.xyz,959,"(('Br', 0), ('C', 7), ('Cl', 0), ('F', 0), ('H', 10), ('I', 0), ('N', 0), ('O', 2), ('S', 0))",19,51,complete,51,0,0,False,False,True
dsC7O2H10nsd_0960.xyz,960,"(('Br', 0), ('C', 7), ('Cl', 0), ('F', 0), ('H', 10), ('I', 0), ('N', 0), ('O', 2), ('S', 0))",19,51,complete,51,0,0,False,False,True
dsC7O2H10nsd_0961.xyz,961,"(('Br', 0), ('C', 7), ('Cl', 0), ('F', 0), ('H', 10), ('I', 0), ('N', 0), ('O', 2), ('S', 0))",19,51,complete,51,0,0,False,False,True
dsC7O2H10nsd_0962.xyz,962,"(('Br', 0), ('C', 7), ('Cl', 0), ('F', 0), ('H', 10), ('I', 0), ('N', 0), ('O', 2), ('S', 0))",19,51,complete,51,0,0,False,False,True
dsC7O2H10nsd_0963.xyz,963,"(('Br', 0), ('C', 7), ('Cl', 0), ('F', 0), ('H', 10), ('I', 0), ('N', 0), ('O', 2), ('S', 0))",19,51,complete,51,0,0,False,False,True
dsC7O2H10nsd_0964.xyz,964,"(('Br', 0), ('C', 7), ('Cl', 0), ('F', 0), ('H', 10), ('I', 0), ('N', 0), ('O', 2), ('S', 0))",19,51,complete,51,0,0,True,True,True
dsC7O2H10nsd_0965.xyz,965,"(('Br', 0), ('C', 7), ('Cl', 0), ('F', 0), ('H', 10), ('I', 0), ('N', 0), ('O', 2), ('S', 0))",19,51,complete,51,0,0,True,True,True
dsC7O2H10nsd_0966.xyz,966,"(('Br', 0), ('C', 7), ('Cl', 0), ('F', 0), ('H', 10), ('I', 0), ('N', 0), ('O', 2), ('S', 0))",19,51,complete,51,0,0,False,False,True
dsC7O2H10nsd_0967.xyz,967,"(('Br', 0), ('C', 7), ('Cl', 0), ('F', 0), ('H', 10), ('I', 0), ('N', 0), ('O', 2), ('S', 0))",19,51,complete,51,0,0,False,False,True
dsC7O2H10nsd_0968.xyz,968,"(('Br', 0), ('C', 7), ('Cl', 0), ('F', 0), ('H', 10), ('I', 0), ('N', 0), ('O', 2), ('S', 0))",19,51,complete,51,0,0,False,False,True
dsC7O2H10nsd_0969.xyz,969,"(('Br', 0), ('C', 7), ('Cl', 0), ('F', 0), ('H', 10), ('I', 0), ('N', 0), ('O', 2), ('S', 0))",19,51,complete,51,0,0,False,False,True
dsC7O2H10nsd_0970.xyz,970,"(('Br', 0), ('C', 7), ('Cl', 0), ('F', 0), ('H', 10), ('I', 0), ('N', 0), ('O', 2), ('S', 0))",19,51,complete,51,0,0,False,False,True
dsC7O2H10nsd_0971.xyz,971,"(('Br', 0), ('C', 7), ('Cl', 0), ('F', 0), ('H', 10), ('I', 0), ('N', 0), ('O', 2), ('S', 0))",19,51,complete,51,0,0,False,False,True
dsC7O2H10nsd_0972.xyz,972,"(('Br', 0), ('C', 7), ('Cl', 0), ('F', 0), ('H', 10), ('I', 0), ('N', 0), ('O', 2), ('S', 0))",19,51,complete,51,0,0,True,True,True
dsC7O2H10nsd_0973.xyz,973,"(('Br', 0), ('C', 7), ('Cl', 0), ('F', 0), ('H', 10), ('I', 0), ('N', 0), ('O', 2), ('S', 0))",19,51,complete,51,0,0,False,False,True
dsC7O2H10nsd_0974.xyz,974,"(('Br', 0), ('C', 7), ('Cl', 0), ('F', 0), ('H', 10), ('I', 0), ('N', 0), ('O', 2), ('S', 0))",19,51,complete,51,0,0,False,False,True
dsC7O2H10nsd_0975.xyz,975,"(('Br', 0), ('C', 7), ('Cl', 0), ('F', 0), ('H', 10), ('I', 0), ('N', 0), ('O', 2), ('S', 0))",19,51,complete,51,0,0,False,False,True
dsC7O2H10nsd_0976.xyz,976,"(('Br', 0), ('C', 7), ('Cl', 0), ('F', 0), ('H', 10), ('I', 0), ('N', 0), ('O', 2), ('S', 0))",19,51,complete,51,0,0,False,False,True
dsC7O2H10nsd_0977.xyz,977,"(('Br', 0), ('C', 7), ('Cl', 0), ('F', 0), ('H', 10), ('I', 0), ('N', 0), ('O', 2), ('S', 0))",19,51,complete,51,0,0,False,False,True
dsC7O2H10nsd_0978.xyz,978,"(('Br', 0), ('C', 7), ('Cl', 0), ('F', 0), ('H', 10), ('I', 0), ('N', 0), ('O', 2), ('S', 0))",19,51,complete,51,0,0,False,True,True
dsC7O2H10nsd_0979.xyz,979,"(('Br', 0), ('C', 7), ('Cl', 0), ('F', 0), ('H', 10), ('I', 0), ('N', 0), ('O', 2), ('S', 0))",19,51,complete,51,0,0,False,True,True
dsC7O2H10nsd_0980.xyz,980,"(('Br', 0), ('C', 7), ('Cl', 0), ('F', 0), ('H', 10), ('I', 0), ('N', 0), ('O', 2), ('S', 0))",19,51,complete,51,0,0,False,False,True
dsC7O2H10nsd_0981.xyz,981,"(('Br', 0), ('C', 7), ('Cl', 0), ('F', 0), ('H', 10), ('I', 0), ('N', 0), ('O', 2), ('S', 0))",19,51,complete,51,0,0,False,False,True
dsC7O2H10nsd_0982.xyz,982,"(('Br', 0), ('C', 7), ('Cl', 0), ('F', 0), ('H', 10), ('I', 0), ('N', 0), ('O', 2), ('S', 0))",19,51,complete,51,0,0,False,False,True
dsC7O2H10nsd_0983.xyz,983,"(('Br', 0), ('C', 7), ('Cl', 0), ('F', 0), ('H', 10), ('I', 0), ('N', 0), ('O', 2), ('S', 0))",19,51,complete,51,0,0,False,False,True
dsC7O2H10nsd_0984.xyz,984,"(('Br', 0), ('C', 7), ('Cl', 0), ('F', 0), ('H', 10), ('I', 0), ('N', 0), ('O', 2), ('S', 0))",19,51,complete,51,0,0,True,True,True
dsC7O2H10nsd_0985.xyz,985,"(('Br', 0), ('C', 7), ('Cl', 0), ('F', 0), ('H', 10), ('I', 0), ('N', 0), ('O', 2), ('S', 0))",19,51,complete,51,0,0,True,True,True
dsC7O2H10nsd_0986.xyz,986,"(('Br', 0), ('C', 7), ('Cl', 0), ('F', 0), ('H', 10), ('I', 0), ('N', 0), ('O', 2), ('S', 0))",19,51,complete,51,0,0,True,True,True
dsC7O2H10nsd_0987.xyz,987,"(('Br', 0), ('C', 7), ('Cl', 0), ('F', 0), ('H', 10), ('I', 0), ('N', 0), ('O', 2), ('S', 0))",19,51,complete,51,0,0,True,True,True
dsC7O2H10nsd_0988.xyz,988,"(('Br', 0), ('C', 7), ('Cl', 0), ('F', 0), ('H', 10), ('I', 0), ('N', 0), ('O', 2), ('S', 0))",19,51,complete,51,0,0,True,True,True
dsC7O2H10nsd_0989.xyz,989,"(('Br', 0), ('C', 7), ('Cl', 0), ('F', 0), ('H', 10), ('I', 0), ('N', 0), ('O', 2), ('S', 0))",19,102,incomplete_count,102,0,0,False,False,True
dsC7O2H10nsd_0990.xyz,990,"(('Br', 0), ('C', 7), ('Cl', 0), ('F', 0), ('H', 10), ('I', 0), ('N', 0), ('O', 2), ('S', 0))",19,51,complete,51,0,0,True,True,True
dsC7O2H10nsd_0991.xyz,991,"(('Br', 0), ('C', 7), ('Cl', 0), ('F', 0), ('H', 10), ('I', 0), ('N', 0), ('O', 2), ('S', 0))",19,51,complete,51,0,0,False,False,True
dsC7O2H10nsd_0992.xyz,992,"(('Br', 0), ('C', 7), ('Cl', 0), ('F', 0), ('H', 10), ('I', 0), ('N', 0), ('O', 2), ('S', 0))",19,102,incomplete_count,102,0,0,False,False,True
dsC7O2H10nsd_0993.xyz,993,"(('Br', 0), ('C', 7), ('Cl', 0), ('F', 0), ('H', 10), ('I', 0), ('N', 0), ('O', 2), ('S', 0))",19,51,complete,51,0,0,True,True,True
dsC7O2H10nsd_0994.xyz,994,"(('Br', 0), ('C', 7), ('Cl', 0), ('F', 0), ('H', 10), ('I', 0), ('N', 0), ('O', 2), ('S', 0))",19,51,complete,51,0,0,False,False,True
dsC7O2H10nsd_0995.xyz,995,"(('Br', 0), ('C', 7), ('Cl', 0), ('F', 0), ('H', 10), ('I', 0), ('N', 0), ('O', 2), ('S', 0))",19,51,complete,51,0,0,False,False,True
dsC7O2H10nsd_0996.xyz,996,"(('Br', 0), ('C', 7), ('Cl', 0), ('F', 0), ('H', 10), ('I', 0), ('N', 0), ('O', 2), ('S', 0))",19,102,incomplete_count,102,0,0,False,False,True
dsC7O2H10nsd_0997.xyz,997,"(('Br', 0), ('C', 7), ('Cl', 0), ('F', 0), ('H', 10), ('I', 0), ('N', 0), ('O', 2), ('S', 0))",19,51,complete,51,0,0,False,False,True
dsC7O2H10nsd_0998.xyz,998,"(('Br', 0), ('C', 7), ('Cl', 0), ('F', 0), ('H', 10), ('I', 0), ('N', 0), ('O', 2), ('S', 0))",19,51,complete,51,0,0,False,False,True
dsC7O2H10nsd_0999.xyz,999,"(('Br', 0), ('C', 7), ('Cl', 0), ('F', 0), ('H', 10), ('I', 0), ('N', 0), ('O', 2), ('S', 0))",19,51,complete,51,0,0,False,False,True
dsC7O2H10nsd_1000.xyz,1000,"(('Br', 0), ('C', 7), ('Cl', 0), ('F', 0), ('H', 10), ('I', 0), ('N', 0), ('O', 2), ('S', 0))",19,102,incomplete_count,102,0,0,False,False,True
dsC7O2H10nsd_1001.xyz,1001,"(('Br', 0), ('C', 7), ('Cl', 0), ('F', 0), ('H', 10), ('I', 0), ('N', 0), ('O', 2), ('S', 0))",19,102,incomplete_count,102,0,0,False,False,True
dsC7O2H10nsd_1002.xyz,1002,"(('Br', 0), ('C', 7), ('Cl', 0), ('F', 0), ('H', 10), ('I', 0), ('N', 0), ('O', 2), ('S', 0))",19,102,incomplete_count,102,0,0,False,False,True
dsC7O2H10nsd_1003.xyz,1003,"(('Br', 0), ('C', 7), ('Cl', 0), ('F', 0), ('H', 10), ('I', 0), ('N', 0), ('O', 2), ('S', 0))",19,51,complete,51,0,0,False,False,True
dsC7O2H10nsd_1004.xyz,1004,"(('Br', 0), ('C', 7), ('Cl', 0), ('F', 0), ('H', 10), ('I', 0), ('N', 0), ('O', 2), ('S', 0))",19,51,complete,51,0,0,False,False,True
dsC7O2H10nsd_1005.xyz,1005,"(('Br', 0), ('C', 7), ('Cl', 0), ('F', 0), ('H', 10), ('I', 0), ('N', 0), ('O', 2), ('S', 0))",19,102,incomplete_count,102,0,0,False,False,True
dsC7O2H10nsd_1006.xyz,1006,"(('Br', 0), ('C', 7), ('Cl', 0), ('F', 0), ('H', 10), ('I', 0), ('N', 0), ('O', 2), ('S', 0))",19,51,complete,51,0,0,False,False,True
dsC7O2H10nsd_1007.xyz,1007,"(('Br', 0), ('C', 7), ('Cl', 0), ('F', 0), ('H', 10), ('I', 0), ('N', 0), ('O', 2), ('S', 0))",19,51,complete,51,0,0,False,False,True
dsC7O2H10nsd_1008.xyz,1008,"(('Br', 0), ('C', 7), ('Cl', 0), ('F', 0), ('H', 10), ('I', 0), ('N', 0), ('O', 2), ('S', 0))",19,51,complete,51,0,0,False,False,True
dsC7O2H10nsd_1009.xyz,1009,"(('Br', 0), ('C', 7), ('Cl', 0), ('F', 0), ('H', 10), ('I', 0), ('N', 0), ('O', 2), ('S', 0))",19,51,complete,51,0,0,False,False,True
dsC7O2H10nsd_1010.xyz,1010,"(('Br', 0), ('C', 7), ('Cl', 0), ('F', 0), ('H', 10), ('I', 0), ('N', 0), ('O', 2), ('S', 0))",19,51,complete,51,0,0,False,False,True
dsC7O2H10nsd_1011.xyz,1011,"(('Br', 0), ('C', 7), ('Cl', 0), ('F', 0), ('H', 10), ('I', 0), ('N', 0), ('O', 2), ('S', 0))",19,51,complete,51,0,0,False,False,True
dsC7O2H10nsd_1012.xyz,1012,"(('Br', 0), ('C', 7), ('Cl', 0), ('F', 0), ('H', 10), ('I', 0), ('N', 0), ('O', 2), ('S', 0))",19,51,complete,51,0,0,False,False,True
dsC7O2H10nsd_1013.xyz,1013,"(('Br', 0), ('C', 7), ('Cl', 0), ('F', 0), ('H', 10), ('I', 0), ('N', 0), ('O', 2), ('S', 0))",19,51,complete,51,0,0,False,False,True
dsC7O2H10nsd_1014.xyz,1014,"(('Br', 0), ('C', 7), ('Cl', 0), ('F', 0), ('H', 10), ('I', 0), ('N', 0), ('O', 2), ('S', 0))",19,51,complete,51,0,0,False,False,True
dsC7O2H10nsd_1015.xyz,1015,"(('Br', 0), ('C', 7), ('Cl', 0), ('F', 0), ('H', 10), ('I', 0), ('N', 0), ('O', 2), ('S', 0))",19,51,complete,51,0,0,False,False,True
dsC7O2H10nsd_1016.xyz,1016,"(('Br', 0), ('C', 7), ('Cl', 0), ('F', 0), ('H', 10), ('I', 0), ('N', 0), ('O', 2), ('S', 0))",19,51,complete,51,0,0,False,False,True
dsC7O2H10nsd_1017.xyz,1017,"(('Br', 0), ('C', 7), ('Cl', 0), ('F', 0), ('H', 10), ('I', 0), ('N', 0), ('O', 2), ('S', 0))",19,51,complete,51,0,0,False,False,True
dsC7O2H10nsd_1018.xyz,1018,"(('Br', 0), ('C', 7), ('Cl', 0), ('F', 0), ('H', 10), ('I', 0), ('N', 0), ('O', 2), ('S', 0))",19,102,incomplete_count,102,0,0,True,True,True
dsC7O2H10nsd_1019.xyz,1019,"(('Br', 0), ('C', 7), ('Cl', 0), ('F', 0), ('H', 10), ('I', 0), ('N', 0), ('O', 2), ('S', 0))",19,51,complete,51,0,0,False,False,True
dsC7O2H10nsd_1020.xyz,1020,"(('Br', 0), ('C', 7), ('Cl', 0), ('F', 0), ('H', 10), ('I', 0), ('N', 0), ('O', 2), ('S', 0))",19,51,complete,51,0,0,False,False,True
dsC7O2H10nsd_1021.xyz,1021,"(('Br', 0), ('C', 7), ('Cl', 0), ('F', 0), ('H', 10), ('I', 0), ('N', 0), ('O', 2), ('S', 0))",19,51,complete,51,0,0,False,False,True
dsC7O2H10nsd_1022.xyz,1022,"(('Br', 0), ('C', 7), ('Cl', 0), ('F', 0), ('H', 10), ('I', 0), ('N', 0), ('O', 2), ('S', 0))",19,102,incomplete_count,102,0,0,False,False,True
dsC7O2H10nsd_1023.xyz,1023,"(('Br', 0), ('C', 7), ('Cl', 0), ('F', 0), ('H', 10), ('I', 0), ('N', 0), ('O', 2), ('S', 0))",19,51,complete,51,0,0,False,False,True
dsC7O2H10nsd_1024.xyz,1024,"(('Br', 0), ('C', 7), ('Cl', 0), ('F', 0), ('H', 10), ('I', 0), ('N', 0), ('O', 2), ('S', 0))",19,51,complete,51,0,0,False,False,True
dsC7O2H10nsd_1025.xyz,1025,"(('Br', 0), ('C', 7), ('Cl', 0), ('F', 0), ('H', 10), ('I', 0), ('N', 0), ('O', 2), ('S', 0))",19,51,complete,51,0,0,False,False,True
dsC7O2H10nsd_1026.xyz,1026,"(('Br', 0), ('C', 7), ('Cl', 0), ('F', 0), ('H', 10), ('I', 0), ('N', 0), ('O', 2), ('S', 0))",19,51,complete,51,0,0,False,False,True
dsC7O2H10nsd_1027.xyz,1027,"(('Br', 0), ('C', 7), ('Cl', 0), ('F', 0), ('H', 10), ('I', 0), ('N', 0), ('O', 2), ('S', 0))",19,102,incomplete_count,102,0,0,False,False,True
dsC7O2H10nsd_1028.xyz,1028,"(('Br', 0), ('C', 7), ('Cl', 0), ('F', 0), ('H', 10), ('I', 0), ('N', 0), ('O', 2), ('S', 0))",19,51,complete,51,0,0,False,False,True
dsC7O2H10nsd_1029.xyz,1029,"(('Br', 0), ('C', 7), ('Cl', 0), ('F', 0), ('H', 10), ('I', 0), ('N', 0), ('O', 2), ('S', 0))",19,51,complete,51,0,0,False,False,True
dsC7O2H10nsd_1030.xyz,1030,"(('Br', 0), ('C', 7), ('Cl', 0), ('F', 0), ('H', 10), ('I', 0), ('N', 0), ('O', 2), ('S', 0))",19,51,complete,51,0,0,False,False,True
dsC7O2H10nsd_1031.xyz,1031,"(('Br', 0), ('C', 7), ('Cl', 0), ('F', 0), ('H', 10), ('I', 0), ('N', 0), ('O', 2), ('S', 0))",19,102,incomplete_count,102,0,0,False,False,True
dsC7O2H10nsd_1032.xyz,1032,"(('Br', 0), ('C', 7), ('Cl', 0), ('F', 0), ('H', 10), ('I', 0), ('N', 0), ('O', 2), ('S', 0))",19,102,incomplete_count,102,0,0,False,False,True
dsC7O2H10nsd_1033.xyz,1033,"(('Br', 0), ('C', 7), ('Cl', 0), ('F', 0), ('H', 10), ('I', 0), ('N', 0), ('O', 2), ('S', 0))",19,51,complete,51,0,0,False,False,True
dsC7O2H10nsd_1034.xyz,1034,"(('Br', 0), ('C', 7), ('Cl', 0), ('F', 0), ('H', 10), ('I', 0), ('N', 0), ('O', 2), ('S', 0))",19,102,incomplete_count,102,0,0,False,False,True
dsC7O2H10nsd_1035.xyz,1035,"(('Br', 0), ('C', 7), ('Cl', 0), ('F', 0), ('H', 10), ('I', 0), ('N', 0), ('O', 2), ('S', 0))",19,51,complete,51,0,0,True,True,True
dsC7O2H10nsd_1036.xyz,1036,"(('Br', 0), ('C', 7), ('Cl', 0), ('F', 0), ('H', 10), ('I', 0), ('N', 0), ('O', 2), ('S', 0))",19,51,complete,51,0,0,True,True,True
dsC7O2H10nsd_1037.xyz,1037,"(('Br', 0), ('C', 7), ('Cl', 0), ('F', 0), ('H', 10), ('I', 0), ('N', 0), ('O', 2), ('S', 0))",19,51,complete,51,0,0,False,False,True
dsC7O2H10nsd_1038.xyz,1038,"(('Br', 0), ('C', 7), ('Cl', 0), ('F', 0), ('H', 10), ('I', 0), ('N', 0), ('O', 2), ('S', 0))",19,51,complete,51,0,0,False,False,True
dsC7O2H10nsd_1039.xyz,1039,"(('Br', 0), ('C', 7), ('Cl', 0), ('F', 0), ('H', 10), ('I', 0), ('N', 0), ('O', 2), ('S', 0))",19,51,complete,51,0,0,False,False,True
dsC7O2H10nsd_1040.xyz,1040,"(('Br', 0), ('C', 7), ('Cl', 0), ('F', 0), ('H', 10), ('I', 0), ('N', 0), ('O', 2), ('S', 0))",19,51,complete,51,0,0,False,False,True
dsC7O2H10nsd_1041.xyz,1041,"(('Br', 0), ('C', 7), ('Cl', 0), ('F', 0), ('H', 10), ('I', 0), ('N', 0), ('O', 2), ('S', 0))",19,51,complete,51,0,0,False,False,True
dsC7O2H10nsd_1042.xyz,1042,"(('Br', 0), ('C', 7), ('Cl', 0), ('F', 0), ('H', 10), ('I', 0), ('N', 0), ('O', 2), ('S', 0))",19,51,complete,51,0,0,False,False,True
dsC7O2H10nsd_1043.xyz,1043,"(('Br', 0), ('C', 7), ('Cl', 0), ('F', 0), ('H', 10), ('I', 0), ('N', 0), ('O', 2), ('S', 0))",19,51,complete,51,0,0,False,False,True
dsC7O2H10nsd_1044.xyz,1044,"(('Br', 0), ('C', 7), ('Cl', 0), ('F', 0), ('H', 10), ('I', 0), ('N', 0), ('O', 2), ('S', 0))",19,51,complete,51,0,0,True,True,True
dsC7O2H10nsd_1045.xyz,1045,"(('Br', 0), ('C', 7), ('Cl', 0), ('F', 0), ('H', 10), ('I', 0), ('N', 0), ('O', 2), ('S', 0))",19,51,complete,51,0,0,False,False,True
dsC7O2H10nsd_1046.xyz,1046,"(('Br', 0), ('C', 7), ('Cl', 0), ('F', 0), ('H', 10), ('I', 0), ('N', 0), ('O', 2), ('S', 0))",19,51,complete,51,0,0,False,False,True
dsC7O2H10nsd_1047.xyz,1047,"(('Br', 0), ('C', 7), ('Cl', 0), ('F', 0), ('H', 10), ('I', 0), ('N', 0), ('O', 2), ('S', 0))",19,51,complete,51,0,0,False,False,True
dsC7O2H10nsd_1048.xyz,1048,"(('Br', 0), ('C', 7), ('Cl', 0), ('F', 0), ('H', 10), ('I', 0), ('N', 0), ('O', 2), ('S', 0))",19,51,complete,51,0,0,True,True,True
dsC7O2H10nsd_1049.xyz,1049,"(('Br', 0), ('C', 7), ('Cl', 0), ('F', 0), ('H', 10), ('I', 0), ('N', 0), ('O', 2), ('S', 0))",19,51,complete,51,0,0,False,False,True
dsC7O2H10nsd_1050.xyz,1050,"(('Br', 0), ('C', 7), ('Cl', 0), ('F', 0), ('H', 10), ('I', 0), ('N', 0), ('O', 2), ('S', 0))",19,51,complete,51,0,0,False,False,True
dsC7O2H10nsd_1051.xyz,1051,"(('Br', 0), ('C', 7), ('Cl', 0), ('F', 0), ('H', 10), ('I', 0), ('N', 0), ('O', 2), ('S', 0))",19,51,complete,51,0,0,False,False,True
dsC7O2H10nsd_1052.xyz,1052,"(('Br', 0), ('C', 7), ('Cl', 0), ('F', 0), ('H', 10), ('I', 0), ('N', 0), ('O', 2), ('S', 0))",19,51,complete,51,0,0,True,True,True
dsC7O2H10nsd_1053.xyz,1053,"(('Br', 0), ('C', 7), ('Cl', 0), ('F', 0), ('H', 10), ('I', 0), ('N', 0), ('O', 2), ('S', 0))",19,102,incomplete_count,102,0,0,False,True,True
dsC7O2H10nsd_1054.xyz,1054,"(('Br', 0), ('C', 7), ('Cl', 0), ('F', 0), ('H', 10), ('I', 0), ('N', 0), ('O', 2), ('S', 0))",19,51,complete,51,0,0,False,True,True
dsC7O2H10nsd_1055.xyz,1055,"(('Br', 0), ('C', 7), ('Cl', 0), ('F', 0), ('H', 10), ('I', 0), ('N', 0), ('O', 2), ('S', 0))",19,51,complete,51,0,0,False,False,True
dsC7O2H10nsd_1056.xyz,1056,"(('Br', 0), ('C', 7), ('Cl', 0), ('F', 0), ('H', 10), ('I', 0), ('N', 0), ('O', 2), ('S', 0))",19,102,incomplete_count,102,0,0,True,True,True
dsC7O2H10nsd_1057.xyz,1057,"(('Br', 0), ('C', 7), ('Cl', 0), ('F', 0), ('H', 10), ('I', 0), ('N', 0), ('O', 2), ('S', 0))",19,102,incomplete_count,102,0,0,True,True,True
dsC7O2H10nsd_1058.xyz,1058,"(('Br', 0), ('C', 7), ('Cl', 0), ('F', 0), ('H', 10), ('I', 0), ('N', 0), ('O', 2), ('S', 0))",19,51,complete,51,0,0,True,True,True
dsC7O2H10nsd_1059.xyz,1059,"(('Br', 0), ('C', 7), ('Cl', 0), ('F', 0), ('H', 10), ('I', 0), ('N', 0), ('O', 2), ('S', 0))",19,51,complete,51,0,0,True,True,True
dsC7O2H10nsd_1060.xyz,1060,"(('Br', 0), ('C', 7), ('Cl', 0), ('F', 0), ('H', 10), ('I', 0), ('N', 0), ('O', 2), ('S', 0))",19,51,complete,51,0,0,True,True,True
dsC7O2H10nsd_1061.xyz,1061,"(('Br', 0), ('C', 7), ('Cl', 0), ('F', 0), ('H', 10), ('I', 0), ('N', 0), ('O', 2), ('S', 0))",19,51,complete,51,0,0,True,True,True
dsC7O2H10nsd_1062.xyz,1062,"(('Br', 0), ('C', 7), ('Cl', 0), ('F', 0), ('H', 10), ('I', 0), ('N', 0), ('O', 2), ('S', 0))",19,51,complete,51,0,0,True,True,True
dsC7O2H10nsd_1063.xyz,1063,"(('Br', 0), ('C', 7), ('Cl', 0), ('F', 0), ('H', 10), ('I', 0), ('N', 0), ('O', 2), ('S', 0))",19,51,complete,51,0,0,False,False,True
dsC7O2H10nsd_1064.xyz,1064,"(('Br', 0), ('C', 7), ('Cl', 0), ('F', 0), ('H', 10), ('I', 0), ('N', 0), ('O', 2), ('S', 0))",19,51,complete,51,0,0,False,False,True
dsC7O2H10nsd_1065.xyz,1065,"(('Br', 0), ('C', 7), ('Cl', 0), ('F', 0), ('H', 10), ('I', 0), ('N', 0), ('O', 2), ('S', 0))",19,51,complete,51,0,0,False,False,True
dsC7O2H10nsd_1066.xyz,1066,"(('Br', 0), ('C', 7), ('Cl', 0), ('F', 0), ('H', 10), ('I', 0), ('N', 0), ('O', 2), ('S', 0))",19,51,complete,51,0,0,False,False,True
dsC7O2H10nsd_1067.xyz,1067,"(('Br', 0), ('C', 7), ('Cl', 0), ('F', 0), ('H', 10), ('I', 0), ('N', 0), ('O', 2), ('S', 0))",19,51,complete,51,0,0,False,False,True
dsC7O2H10nsd_1068.xyz,1068,"(('Br', 0), ('C', 7), ('Cl', 0), ('F', 0), ('H', 10), ('I', 0), ('N', 0), ('O', 2), ('S', 0))",19,51,complete,51,0,0,False,False,True
dsC7O2H10nsd_1069.xyz,1069,"(('Br', 0), ('C', 7), ('Cl', 0), ('F', 0), ('H', 10), ('I', 0), ('N', 0), ('O', 2), ('S', 0))",19,51,complete,51,0,0,True,True,True
dsC7O2H10nsd_1070.xyz,1070,"(('Br', 0), ('C', 7), ('Cl', 0), ('F', 0), ('H', 10), ('I', 0), ('N', 0), ('O', 2), ('S', 0))",19,51,complete,51,0,0,False,False,True
dsC7O2H10nsd_1071.xyz,1071,"(('Br', 0), ('C', 7), ('Cl', 0), ('F', 0), ('H', 10), ('I', 0), ('N', 0), ('O', 2), ('S', 0))",19,51,complete,51,0,0,False,False,True
dsC7O2H10nsd_1072.xyz,1072,"(('Br', 0), ('C', 7), ('Cl', 0), ('F', 0), ('H', 10), ('I', 0), ('N', 0), ('O', 2), ('S', 0))",19,51,complete,51,0,0,False,False,True
dsC7O2H10nsd_1073.xyz,1073,"(('Br', 0), ('C', 7), ('Cl', 0), ('F', 0), ('H', 10), ('I', 0), ('N', 0), ('O', 2), ('S', 0))",19,51,complete,51,0,0,False,False,True
dsC7O2H10nsd_1074.xyz,1074,"(('Br', 0), ('C', 7), ('Cl', 0), ('F', 0), ('H', 10), ('I', 0), ('N', 0), ('O', 2), ('S', 0))",19,51,complete,51,0,0,False,True,True
dsC7O2H10nsd_1075.xyz,1075,"(('Br', 0), ('C', 7), ('Cl', 0), ('F', 0), ('H', 10), ('I', 0), ('N', 0), ('O', 2), ('S', 0))",19,51,complete,51,0,0,False,False,True
dsC7O2H10nsd_1076.xyz,1076,"(('Br', 0), ('C', 7), ('Cl', 0), ('F', 0), ('H', 10), ('I', 0), ('N', 0), ('O', 2), ('S', 0))",19,51,complete,51,0,0,False,False,True
dsC7O2H10nsd_1077.xyz,1077,"(('Br', 0), ('C', 7), ('Cl', 0), ('F', 0), ('H', 10), ('I', 0), ('N', 0), ('O', 2), ('S', 0))",19,51,complete,51,0,0,False,False,True
dsC7O2H10nsd_1078.xyz,1078,"(('Br', 0), ('C', 7), ('Cl', 0), ('F', 0), ('H', 10), ('I', 0), ('N', 0), ('O', 2), ('S', 0))",19,51,complete,51,0,0,False,True,True
dsC7O2H10nsd_1079.xyz,1079,"(('Br', 0), ('C', 7), ('Cl', 0), ('F', 0), ('H', 10), ('I', 0), ('N', 0), ('O', 2), ('S', 0))",19,51,complete,51,0,0,False,False,True
dsC7O2H10nsd_1080.xyz,1080,"(('Br', 0), ('C', 7), ('Cl', 0), ('F', 0), ('H', 10), ('I', 0), ('N', 0), ('O', 2), ('S', 0))",19,51,complete,51,0,0,False,False,True
dsC7O2H10nsd_1081.xyz,1081,"(('Br', 0), ('C', 7), ('Cl', 0), ('F', 0), ('H', 10), ('I', 0), ('N', 0), ('O', 2), ('S', 0))",19,51,complete,51,0,0,True,True,True
dsC7O2H10nsd_1082.xyz,1082,"(('Br', 0), ('C', 7), ('Cl', 0), ('F', 0), ('H', 10), ('I', 0), ('N', 0), ('O', 2), ('S', 0))",19,51,complete,51,0,0,True,True,True
dsC7O2H10nsd_1083.xyz,1083,"(('Br', 0), ('C', 7), ('Cl', 0), ('F', 0), ('H', 10), ('I', 0), ('N', 0), ('O', 2), ('S', 0))",19,51,complete,51,0,0,False,False,True
dsC7O2H10nsd_1084.xyz,1084,"(('Br', 0), ('C', 7), ('Cl', 0), ('F', 0), ('H', 10), ('I', 0), ('N', 0), ('O', 2), ('S', 0))",19,51,complete,51,0,0,False,False,True
dsC7O2H10nsd_1085.xyz,1085,"(('Br', 0), ('C', 7), ('Cl', 0), ('F', 0), ('H', 10), ('I', 0), ('N', 0), ('O', 2), ('S', 0))",19,51,complete,51,0,0,False,False,True
dsC7O2H10nsd_1086.xyz,1086,"(('Br', 0), ('C', 7), ('Cl', 0), ('F', 0), ('H', 10), ('I', 0), ('N', 0), ('O', 2), ('S', 0))",19,51,complete,51,0,0,False,False,True
dsC7O2H10nsd_1087.xyz,1087,"(('Br', 0), ('C', 7), ('Cl', 0), ('F', 0), ('H', 10), ('I', 0), ('N', 0), ('O', 2), ('S', 0))",19,51,complete,51,0,0,False,False,True
dsC7O2H10nsd_1088.xyz,1088,"(('Br', 0), ('C', 7), ('Cl', 0), ('F', 0), ('H', 10), ('I', 0), ('N', 0), ('O', 2), ('S', 0))",19,51,complete,51,0,0,False,False,True
dsC7O2H10nsd_1089.xyz,1089,"(('Br', 0), ('C', 7), ('Cl', 0), ('F', 0), ('H', 10), ('I', 0), ('N', 0), ('O', 2), ('S', 0))",19,51,complete,51,0,0,False,False,True
dsC7O2H10nsd_1090.xyz,1090,"(('Br', 0), ('C', 7), ('Cl', 0), ('F', 0), ('H', 10), ('I', 0), ('N', 0), ('O', 2), ('S', 0))",19,51,complete,51,0,0,False,False,True
dsC7O2H10nsd_1091.xyz,1091,"(('Br', 0), ('C', 7), ('Cl', 0), ('F', 0), ('H', 10), ('I', 0), ('N', 0), ('O', 2), ('S', 0))",19,51,complete,51,0,0,False,False,True
dsC7O2H10nsd_1092.xyz,1092,"(('Br', 0), ('C', 7), ('Cl', 0), ('F', 0), ('H', 10), ('I', 0), ('N', 0), ('O', 2), ('S', 0))",19,51,complete,51,0,0,False,False,True
dsC7O2H10nsd_1093.xyz,1093,"(('Br', 0), ('C', 7), ('Cl', 0), ('F', 0), ('H', 10), ('I', 0), ('N', 0), ('O', 2), ('S', 0))",19,51,complete,51,0,0,False,False,True
dsC7O2H10nsd_1094.xyz,1094,"(('Br', 0), ('C', 7), ('Cl', 0), ('F', 0), ('H', 10), ('I', 0), ('N', 0), ('O', 2), ('S', 0))",19,51,complete,51,0,0,False,False,True
dsC7O2H10nsd_1095.xyz,1095,"(('Br', 0), ('C', 7), ('Cl', 0), ('F', 0), ('H', 10), ('I', 0), ('N', 0), ('O', 2), ('S', 0))",19,51,complete,51,0,0,False,False,True
dsC7O2H10nsd_1096.xyz,1096,"(('Br', 0), ('C', 7), ('Cl', 0), ('F', 0), ('H', 10), ('I', 0), ('N', 0), ('O', 2), ('S', 0))",19,51,complete,51,0,0,False,False,True
dsC7O2H10nsd_1097.xyz,1097,"(('Br', 0), ('C', 7), ('Cl', 0), ('F', 0), ('H', 10), ('I', 0), ('N', 0), ('O', 2), ('S', 0))",19,51,complete,51,0,0,False,False,True
dsC7O2H10nsd_1098.xyz,1098,"(('Br', 0), ('C', 7), ('Cl', 0), ('F', 0), ('H', 10), ('I', 0), ('N', 0), ('O', 2), ('S', 0))",19,51,complete,51,0,0,True,True,True
dsC7O2H10nsd_1099.xyz,1099,"(('Br', 0), ('C', 7), ('Cl', 0), ('F', 0), ('H', 10), ('I', 0), ('N', 0), ('O', 2), ('S', 0))",19,51,complete,51,0,0,True,True,True
dsC7O2H10nsd_1100.xyz,1100,"(('Br', 0), ('C', 7), ('Cl', 0), ('F', 0), ('H', 10), ('I', 0), ('N', 0), ('O', 2), ('S', 0))",19,51,complete,51,0,0,True,True,True
dsC7O2H10nsd_1101.xyz,1101,"(('Br', 0), ('C', 7), ('Cl', 0), ('F', 0), ('H', 10), ('I', 0), ('N', 0), ('O', 2), ('S', 0))",19,51,complete,51,0,0,False,False,True
dsC7O2H10nsd_1102.xyz,1102,"(('Br', 0), ('C', 7), ('Cl', 0), ('F', 0), ('H', 10), ('I', 0), ('N', 0), ('O', 2), ('S', 0))",19,51,complete,51,0,0,False,False,True
dsC7O2H10nsd_1103.xyz,1103,"(('Br', 0), ('C', 7), ('Cl', 0), ('F', 0), ('H', 10), ('I', 0), ('N', 0), ('O', 2), ('S', 0))",19,51,complete,51,0,0,False,False,True
dsC7O2H10nsd_1104.xyz,1104,"(('Br', 0), ('C', 7), ('Cl', 0), ('F', 0), ('H', 10), ('I', 0), ('N', 0), ('O', 2), ('S', 0))",19,51,complete,51,0,0,False,False,True
dsC7O2H10nsd_1105.xyz,1105,"(('Br', 0), ('C', 7), ('Cl', 0), ('F', 0), ('H', 10), ('I', 0), ('N', 0), ('O', 2), ('S', 0))",19,51,complete,51,0,0,False,False,True
dsC7O2H10nsd_1106.xyz,1106,"(('Br', 0), ('C', 7), ('Cl', 0), ('F', 0), ('H', 10), ('I', 0), ('N', 0), ('O', 2), ('S', 0))",19,51,complete,51,0,0,False,False,True
dsC7O2H10nsd_1107.xyz,1107,"(('Br', 0), ('C', 7), ('Cl', 0), ('F', 0), ('H', 10), ('I', 0), ('N', 0), ('O', 2), ('S', 0))",19,51,complete,51,0,0,False,False,True
dsC7O2H10nsd_1108.xyz,1108,"(('Br', 0), ('C', 7), ('Cl', 0), ('F', 0), ('H', 10), ('I', 0), ('N', 0), ('O', 2), ('S', 0))",19,51,complete,51,0,0,False,False,True
dsC7O2H10nsd_1109.xyz,1109,"(('Br', 0), ('C', 7), ('Cl', 0), ('F', 0), ('H', 10), ('I', 0), ('N', 0), ('O', 2), ('S', 0))",19,51,complete,51,0,0,False,False,True
dsC7O2H10nsd_1110.xyz,1110,"(('Br', 0), ('C', 7), ('Cl', 0), ('F', 0), ('H', 10), ('I', 0), ('N', 0), ('O', 2), ('S', 0))",19,51,complete,51,0,0,False,False,True
dsC7O2H10nsd_1111.xyz,1111,"(('Br', 0), ('C', 7), ('Cl', 0), ('F', 0), ('H', 10), ('I', 0), ('N', 0), ('O', 2), ('S', 0))",19,51,complete,51,0,0,False,False,True
dsC7O2H10nsd_1112.xyz,1112,"(('Br', 0), ('C', 7), ('Cl', 0), ('F', 0), ('H', 10), ('I', 0), ('N', 0), ('O', 2), ('S', 0))",19,51,complete,51,0,0,False,False,True
dsC7O2H10nsd_1113.xyz,1113,"(('Br', 0), ('C', 7), ('Cl', 0), ('F', 0), ('H', 10), ('I', 0), ('N', 0), ('O', 2), ('S', 0))",19,51,complete,51,0,0,False,False,True
dsC7O2H10nsd_1114.xyz,1114,"(('Br', 0), ('C', 7), ('Cl', 0), ('F', 0), ('H', 10), ('I', 0), ('N', 0), ('O', 2), ('S', 0))",19,51,complete,51,0,0,False,False,True
dsC7O2H10nsd_1115.xyz,1115,"(('Br', 0), ('C', 7), ('Cl', 0), ('F', 0), ('H', 10), ('I', 0), ('N', 0), ('O', 2), ('S', 0))",19,51,complete,51,0,0,False,False,True
dsC7O2H10nsd_1116.xyz,1116,"(('Br', 0), ('C', 7), ('Cl', 0), ('F', 0), ('H', 10), ('I', 0), ('N', 0), ('O', 2), ('S', 0))",19,51,complete,51,0,0,False,False,True
dsC7O2H10nsd_1117.xyz,1117,"(('Br', 0), ('C', 7), ('Cl', 0), ('F', 0), ('H', 10), ('I', 0), ('N', 0), ('O', 2), ('S', 0))",19,51,complete,51,0,0,False,False,True
dsC7O2H10nsd_1118.xyz,1118,"(('Br', 0), ('C', 7), ('Cl', 0), ('F', 0), ('H', 10), ('I', 0), ('N', 0), ('O', 2), ('S', 0))",19,51,complete,51,0,0,False,False,True
dsC7O2H10nsd_1119.xyz,1119,"(('Br', 0), ('C', 7), ('Cl', 0), ('F', 0), ('H', 10), ('I', 0), ('N', 0), ('O', 2), ('S', 0))",19,51,complete,51,0,0,False,False,True
dsC7O2H10nsd_1120.xyz,1120,"(('Br', 0), ('C', 7), ('Cl', 0), ('F', 0), ('H', 10), ('I', 0), ('N', 0), ('O', 2), ('S', 0))",19,51,complete,51,0,0,False,False,True
dsC7O2H10nsd_1121.xyz,1121,"(('Br', 0), ('C', 7), ('Cl', 0), ('F', 0), ('H', 10), ('I', 0), ('N', 0), ('O', 2), ('S', 0))",19,51,complete,51,0,0,False,False,True
dsC7O2H10nsd_1122.xyz,1122,"(('Br', 0), ('C', 7), ('Cl', 0), ('F', 0), ('H', 10), ('I', 0), ('N', 0), ('O', 2), ('S', 0))",19,51,complete,51,0,0,False,False,True
dsC7O2H10nsd_1123.xyz,1123,"(('Br', 0), ('C', 7), ('Cl', 0), ('F', 0), ('H', 10), ('I', 0), ('N', 0), ('O', 2), ('S', 0))",19,51,complete,51,0,0,False,False,True
dsC7O2H10nsd_1124.xyz,1124,"(('Br', 0), ('C', 7), ('Cl', 0), ('F', 0), ('H', 10), ('I', 0), ('N', 0), ('O', 2), ('S', 0))",19,51,complete,51,0,0,False,False,True
dsC7O2H10nsd_1125.xyz,1125,"(('Br', 0), ('C', 7), ('Cl', 0), ('F', 0), ('H', 10), ('I', 0), ('N', 0), ('O', 2), ('S', 0))",19,51,complete,51,0,0,False,False,True
dsC7O2H10nsd_1126.xyz,1126,"(('Br', 0), ('C', 7), ('Cl', 0), ('F', 0), ('H', 10), ('I', 0), ('N', 0), ('O', 2), ('S', 0))",19,51,complete,51,0,0,False,False,True
dsC7O2H10nsd_1127.xyz,1127,"(('Br', 0), ('C', 7), ('Cl', 0), ('F', 0), ('H', 10), ('I', 0), ('N', 0), ('O', 2), ('S', 0))",19,51,complete,51,0,0,False,False,True
dsC7O2H10nsd_1128.xyz,1128,"(('Br', 0), ('C', 7), ('Cl', 0), ('F', 0), ('H', 10), ('I', 0), ('N', 0), ('O', 2), ('S', 0))",19,51,complete,51,0,0,False,False,True
dsC7O2H10nsd_1129.xyz,1129,"(('Br', 0), ('C', 7), ('Cl', 0), ('F', 0), ('H', 10), ('I', 0), ('N', 0), ('O', 2), ('S', 0))",19,51,complete,51,0,0,False,False,True
dsC7O2H10nsd_1130.xyz,1130,"(('Br', 0), ('C', 7), ('Cl', 0), ('F', 0), ('H', 10), ('I', 0), ('N', 0), ('O', 2), ('S', 0))",19,51,complete,51,0,0,False,False,True
dsC7O2H10nsd_1131.xyz,1131,"(('Br', 0), ('C', 7), ('Cl', 0), ('F', 0), ('H', 10), ('I', 0), ('N', 0), ('O', 2), ('S', 0))",19,51,complete,51,0,0,False,False,True
dsC7O2H10nsd_1132.xyz,1132,"(('Br', 0), ('C', 7), ('Cl', 0), ('F', 0), ('H', 10), ('I', 0), ('N', 0), ('O', 2), ('S', 0))",19,51,complete,51,0,0,False,False,True
dsC7O2H10nsd_1133.xyz,1133,"(('Br', 0), ('C', 7), ('Cl', 0), ('F', 0), ('H', 10), ('I', 0), ('N', 0), ('O', 2), ('S', 0))",19,51,complete,51,0,0,False,False,True
dsC7O2H10nsd_1134.xyz,1134,"(('Br', 0), ('C', 7), ('Cl', 0), ('F', 0), ('H', 10), ('I', 0), ('N', 0), ('O', 2), ('S', 0))",19,51,complete,51,0,0,False,False,True
dsC7O2H10nsd_1135.xyz,1135,"(('Br', 0), ('C', 7), ('Cl', 0), ('F', 0), ('H', 10), ('I', 0), ('N', 0), ('O', 2), ('S', 0))",19,51,complete,51,0,0,False,False,True
dsC7O2H10nsd_1136.xyz,1136,"(('Br', 0), ('C', 7), ('Cl', 0), ('F', 0), ('H', 10), ('I', 0), ('N', 0), ('O', 2), ('S', 0))",19,51,complete,51,0,0,False,False,True
dsC7O2H10nsd_1137.xyz,1137,"(('Br', 0), ('C', 7), ('Cl', 0), ('F', 0), ('H', 10), ('I', 0), ('N', 0), ('O', 2), ('S', 0))",19,51,complete,51,0,0,False,False,True
dsC7O2H10nsd_1138.xyz,1138,"(('Br', 0), ('C', 7), ('Cl', 0), ('F', 0), ('H', 10), ('I', 0), ('N', 0), ('O', 2), ('S', 0))",19,51,complete,51,0,0,False,False,True
dsC7O2H10nsd_1139.xyz,1139,"(('Br', 0), ('C', 7), ('Cl', 0), ('F', 0), ('H', 10), ('I', 0), ('N', 0), ('O', 2), ('S', 0))",19,51,complete,51,0,0,False,False,True
dsC7O2H10nsd_1140.xyz,1140,"(('Br', 0), ('C', 7), ('Cl', 0), ('F', 0), ('H', 10), ('I', 0), ('N', 0), ('O', 2), ('S', 0))",19,51,complete,51,0,0,False,False,True
dsC7O2H10nsd_1141.xyz,1141,"(('Br', 0), ('C', 7), ('Cl', 0), ('F', 0), ('H', 10), ('I', 0), ('N', 0), ('O', 2), ('S', 0))",19,51,complete,51,0,0,False,False,True
dsC7O2H10nsd_1142.xyz,1142,"(('Br', 0), ('C', 7), ('Cl', 0), ('F', 0), ('H', 10), ('I', 0), ('N', 0), ('O', 2), ('S', 0))",19,51,complete,51,0,0,False,False,True
dsC7O2H10nsd_1143.xyz,1143,"(('Br', 0), ('C', 7), ('Cl', 0), ('F', 0), ('H', 10), ('I', 0), ('N', 0), ('O', 2), ('S', 0))",19,51,complete,51,0,0,False,False,True
dsC7O2H10nsd_1144.xyz,1144,"(('Br', 0), ('C', 7), ('Cl', 0), ('F', 0), ('H', 10), ('I', 0), ('N', 0), ('O', 2), ('S', 0))",19,51,complete,51,0,0,False,False,True
dsC7O2H10nsd_1145.xyz,1145,"(('Br', 0), ('C', 7), ('Cl', 0), ('F', 0), ('H', 10), ('I', 0), ('N', 0), ('O', 2), ('S', 0))",19,51,complete,51,0,0,False,False,True
dsC7O2H10nsd_1146.xyz,1146,"(('Br', 0), ('C', 7), ('Cl', 0), ('F', 0), ('H', 10), ('I', 0), ('N', 0), ('O', 2), ('S', 0))",19,51,complete,51,0,0,False,False,True
dsC7O2H10nsd_1147.xyz,1147,"(('Br', 0), ('C', 7), ('Cl', 0), ('F', 0), ('H', 10), ('I', 0), ('N', 0), ('O', 2), ('S', 0))",19,51,complete,51,0,0,False,False,True
dsC7O2H10nsd_1148.xyz,1148,"(('Br', 0), ('C', 7), ('Cl', 0), ('F', 0), ('H', 10), ('I', 0), ('N', 0), ('O', 2), ('S', 0))",19,51,complete,51,0,0,True,True,True
dsC7O2H10nsd_1149.xyz,1149,"(('Br', 0), ('C', 7), ('Cl', 0), ('F', 0), ('H', 10), ('I', 0), ('N', 0), ('O', 2), ('S', 0))",19,51,complete,51,0,0,False,False,True
dsC7O2H10nsd_1150.xyz,1150,"(('Br', 0), ('C', 7), ('Cl', 0), ('F', 0), ('H', 10), ('I', 0), ('N', 0), ('O', 2), ('S', 0))",19,102,incomplete_count,102,0,0,True,True,True
dsC7O2H10nsd_1151.xyz,1151,"(('Br', 0), ('C', 7), ('Cl', 0), ('F', 0), ('H', 10), ('I', 0), ('N', 0), ('O', 2), ('S', 0))",19,51,complete,51,0,0,True,True,True
dsC7O2H10nsd_1152.xyz,1152,"(('Br', 0), ('C', 7), ('Cl', 0), ('F', 0), ('H', 10), ('I', 0), ('N', 0), ('O', 2), ('S', 0))",19,51,complete,51,0,0,False,False,True
dsC7O2H10nsd_1153.xyz,1153,"(('Br', 0), ('C', 7), ('Cl', 0), ('F', 0), ('H', 10), ('I', 0), ('N', 0), ('O', 2), ('S', 0))",19,51,complete,51,0,0,False,False,True
dsC7O2H10nsd_1154.xyz,1154,"(('Br', 0), ('C', 7), ('Cl', 0), ('F', 0), ('H', 10), ('I', 0), ('N', 0), ('O', 2), ('S', 0))",19,51,complete,51,0,0,False,False,True
dsC7O2H10nsd_1155.xyz,1155,"(('Br', 0), ('C', 7), ('Cl', 0), ('F', 0), ('H', 10), ('I', 0), ('N', 0), ('O', 2), ('S', 0))",19,51,complete,51,0,0,False,False,True
dsC7O2H10nsd_1156.xyz,1156,"(('Br', 0), ('C', 7), ('Cl', 0), ('F', 0), ('H', 10), ('I', 0), ('N', 0), ('O', 2), ('S', 0))",19,51,complete,51,0,0,False,False,True
dsC7O2H10nsd_1157.xyz,1157,"(('Br', 0), ('C', 7), ('Cl', 0), ('F', 0), ('H', 10), ('I', 0), ('N', 0), ('O', 2), ('S', 0))",19,51,complete,51,0,0,False,False,True
dsC7O2H10nsd_1158.xyz,1158,"(('Br', 0), ('C', 7), ('Cl', 0), ('F', 0), ('H', 10), ('I', 0), ('N', 0), ('O', 2), ('S', 0))",19,51,complete,51,0,0,True,True,True
dsC7O2H10nsd_1159.xyz,1159,"(('Br', 0), ('C', 7), ('Cl', 0), ('F', 0), ('H', 10), ('I', 0), ('N', 0), ('O', 2), ('S', 0))",19,51,complete,51,0,0,False,False,True
dsC7O2H10nsd_1160.xyz,1160,"(('Br', 0), ('C', 7), ('Cl', 0), ('F', 0), ('H', 10), ('I', 0), ('N', 0), ('O', 2), ('S', 0))",19,51,complete,51,0,0,False,False,True
dsC7O2H10nsd_1161.xyz,1161,"(('Br', 0), ('C', 7), ('Cl', 0), ('F', 0), ('H', 10), ('I', 0), ('N', 0), ('O', 2), ('S', 0))",19,51,complete,51,0,0,False,False,True
dsC7O2H10nsd_1162.xyz,1162,"(('Br', 0), ('C', 7), ('Cl', 0), ('F', 0), ('H', 10), ('I', 0), ('N', 0), ('O', 2), ('S', 0))",19,102,incomplete_count,102,0,0,False,False,True
dsC7O2H10nsd_1163.xyz,1163,"(('Br', 0), ('C', 7), ('Cl', 0), ('F', 0), ('H', 10), ('I', 0), ('N', 0), ('O', 2), ('S', 0))",19,51,complete,51,0,0,True,True,True
dsC7O2H10nsd_1164.xyz,1164,"(('Br', 0), ('C', 7), ('Cl', 0), ('F', 0), ('H', 10), ('I', 0), ('N', 0), ('O', 2), ('S', 0))",19,51,complete,51,0,0,False,False,True
dsC7O2H10nsd_1165.xyz,1165,"(('Br', 0), ('C', 7), ('Cl', 0), ('F', 0), ('H', 10), ('I', 0), ('N', 0), ('O', 2), ('S', 0))",19,51,complete,51,0,0,False,False,True
dsC7O2H10nsd_1166.xyz,1166,"(('Br', 0), ('C', 7), ('Cl', 0), ('F', 0), ('H', 10), ('I', 0), ('N', 0), ('O', 2), ('S', 0))",19,51,complete,51,0,0,False,False,True
dsC7O2H10nsd_1167.xyz,1167,"(('Br', 0), ('C', 7), ('Cl', 0), ('F', 0), ('H', 10), ('I', 0), ('N', 0), ('O', 2), ('S', 0))",19,51,complete,51,0,0,False,False,True
dsC7O2H10nsd_1168.xyz,1168,"(('Br', 0), ('C', 7), ('Cl', 0), ('F', 0), ('H', 10), ('I', 0), ('N', 0), ('O', 2), ('S', 0))",19,51,complete,51,0,0,False,True,True
dsC7O2H10nsd_1169.xyz,1169,"(('Br', 0), ('C', 7), ('Cl', 0), ('F', 0), ('H', 10), ('I', 0), ('N', 0), ('O', 2), ('S', 0))",19,51,complete,51,0,0,False,False,True
dsC7O2H10nsd_1170.xyz,1170,"(('Br', 0), ('C', 7), ('Cl', 0), ('F', 0), ('H', 10), ('I', 0), ('N', 0), ('O', 2), ('S', 0))",19,51,complete,51,0,0,False,False,True
dsC7O2H10nsd_1171.xyz,1171,"(('Br', 0), ('C', 7), ('Cl', 0), ('F', 0), ('H', 10), ('I', 0), ('N', 0), ('O', 2), ('S', 0))",19,51,complete,51,0,0,False,False,True
dsC7O2H10nsd_1172.xyz,1172,"(('Br', 0), ('C', 7), ('Cl', 0), ('F', 0), ('H', 10), ('I', 0), ('N', 0), ('O', 2), ('S', 0))",19,51,complete,51,0,0,True,True,True
dsC7O2H10nsd_1173.xyz,1173,"(('Br', 0), ('C', 7), ('Cl', 0), ('F', 0), ('H', 10), ('I', 0), ('N', 0), ('O', 2), ('S', 0))",19,51,complete,51,0,0,True,True,True
dsC7O2H10nsd_1174.xyz,1174,"(('Br', 0), ('C', 7), ('Cl', 0), ('F', 0), ('H', 10), ('I', 0), ('N', 0), ('O', 2), ('S', 0))",19,102,incomplete_count,102,0,0,True,True,True
dsC7O2H10nsd_1175.xyz,1175,"(('Br', 0), ('C', 7), ('Cl', 0), ('F', 0), ('H', 10), ('I', 0), ('N', 0), ('O', 2), ('S', 0))",19,51,complete,51,0,0,False,False,True
dsC7O2H10nsd_1176.xyz,1176,"(('Br', 0), ('C', 7), ('Cl', 0), ('F', 0), ('H', 10), ('I', 0), ('N', 0), ('O', 2), ('S', 0))",19,51,complete,51,0,0,False,False,True
dsC7O2H10nsd_1177.xyz,1177,"(('Br', 0), ('C', 7), ('Cl', 0), ('F', 0), ('H', 10), ('I', 0), ('N', 0), ('O', 2), ('S', 0))",19,51,complete,51,0,0,False,False,True
dsC7O2H10nsd_1178.xyz,1178,"(('Br', 0), ('C', 7), ('Cl', 0), ('F', 0), ('H', 10), ('I', 0), ('N', 0), ('O', 2), ('S', 0))",19,51,complete,51,0,0,False,False,True
dsC7O2H10nsd_1179.xyz,1179,"(('Br', 0), ('C', 7), ('Cl', 0), ('F', 0), ('H', 10), ('I', 0), ('N', 0), ('O', 2), ('S', 0))",19,51,complete,51,0,0,False,False,True
dsC7O2H10nsd_1180.xyz,1180,"(('Br', 0), ('C', 7), ('Cl', 0), ('F', 0), ('H', 10), ('I', 0), ('N', 0), ('O', 2), ('S', 0))",19,51,complete,51,0,0,False,False,True
dsC7O2H10nsd_1181.xyz,1181,"(('Br', 0), ('C', 7), ('Cl', 0), ('F', 0), ('H', 10), ('I', 0), ('N', 0), ('O', 2), ('S', 0))",19,51,complete,51,0,0,False,False,True
dsC7O2H10nsd_1182.xyz,1182,"(('Br', 0), ('C', 7), ('Cl', 0), ('F', 0), ('H', 10), ('I', 0), ('N', 0), ('O', 2), ('S', 0))",19,51,complete,51,0,0,False,False,True
dsC7O2H10nsd_1183.xyz,1183,"(('Br', 0), ('C', 7), ('Cl', 0), ('F', 0), ('H', 10), ('I', 0), ('N', 0), ('O', 2), ('S', 0))",19,51,complete,51,0,0,False,False,True
dsC7O2H10nsd_1184.xyz,1184,"(('Br', 0), ('C', 7), ('Cl', 0), ('F', 0), ('H', 10), ('I', 0), ('N', 0), ('O', 2), ('S', 0))",19,51,complete,51,0,0,False,False,True
dsC7O2H10nsd_1185.xyz,1185,"(('Br', 0), ('C', 7), ('Cl', 0), ('F', 0), ('H', 10), ('I', 0), ('N', 0), ('O', 2), ('S', 0))",19,51,complete,51,0,0,False,False,True
dsC7O2H10nsd_1186.xyz,1186,"(('Br', 0), ('C', 7), ('Cl', 0), ('F', 0), ('H', 10), ('I', 0), ('N', 0), ('O', 2), ('S', 0))",19,51,complete,51,0,0,False,False,True
dsC7O2H10nsd_1187.xyz,1187,"(('Br', 0), ('C', 7), ('Cl', 0), ('F', 0), ('H', 10), ('I', 0), ('N', 0), ('O', 2), ('S', 0))",19,51,complete,51,0,0,False,False,True
dsC7O2H10nsd_1188.xyz,1188,"(('Br', 0), ('C', 7), ('Cl', 0), ('F', 0), ('H', 10), ('I', 0), ('N', 0), ('O', 2), ('S', 0))",19,51,complete,51,0,0,False,False,True
dsC7O2H10nsd_1189.xyz,1189,"(('Br', 0), ('C', 7), ('Cl', 0), ('F', 0), ('H', 10), ('I', 0), ('N', 0), ('O', 2), ('S', 0))",19,51,complete,51,0,0,False,False,True
dsC7O2H10nsd_1190.xyz,1190,"(('Br', 0), ('C', 7), ('Cl', 0), ('F', 0), ('H', 10), ('I', 0), ('N', 0), ('O', 2), ('S', 0))",19,51,complete,51,0,0,False,False,True
dsC7O2H10nsd_1191.xyz,1191,"(('Br', 0), ('C', 7), ('Cl', 0), ('F', 0), ('H', 10), ('I', 0), ('N', 0), ('O', 2), ('S', 0))",19,51,complete,51,0,0,False,False,True
dsC7O2H10nsd_1192.xyz,1192,"(('Br', 0), ('C', 7), ('Cl', 0), ('F', 0), ('H', 10), ('I', 0), ('N', 0), ('O', 2), ('S', 0))",19,51,complete,51,0,0,False,False,True
dsC7O2H10nsd_1193.xyz,1193,"(('Br', 0), ('C', 7), ('Cl', 0), ('F', 0), ('H', 10), ('I', 0), ('N', 0), ('O', 2), ('S', 0))",19,51,complete,51,0,0,False,False,True
dsC7O2H10nsd_1194.xyz,1194,"(('Br', 0), ('C', 7), ('Cl', 0), ('F', 0), ('H', 10), ('I', 0), ('N', 0), ('O', 2), ('S', 0))",19,51,complete,51,0,0,False,False,True
dsC7O2H10nsd_1195.xyz,1195,"(('Br', 0), ('C', 7), ('Cl', 0), ('F', 0), ('H', 10), ('I', 0), ('N', 0), ('O', 2), ('S', 0))",19,51,complete,51,0,0,False,False,True
dsC7O2H10nsd_1196.xyz,1196,"(('Br', 0), ('C', 7), ('Cl', 0), ('F', 0), ('H', 10), ('I', 0), ('N', 0), ('O', 2), ('S', 0))",19,51,complete,51,0,0,False,False,True
dsC7O2H10nsd_1197.xyz,1197,"(('Br', 0), ('C', 7), ('Cl', 0), ('F', 0), ('H', 10), ('I', 0), ('N', 0), ('O', 2), ('S', 0))",19,51,complete,51,0,0,False,False,True
dsC7O2H10nsd_1198.xyz,1198,"(('Br', 0), ('C', 7), ('Cl', 0), ('F', 0), ('H', 10), ('I', 0), ('N', 0), ('O', 2), ('S', 0))",19,51,complete,51,0,0,False,False,True
dsC7O2H10nsd_1199.xyz,1199,"(('Br', 0), ('C', 7), ('Cl', 0), ('F', 0), ('H', 10), ('I', 0), ('N', 0), ('O', 2), ('S', 0))",19,51,complete,51,0,0,False,False,True
dsC7O2H10nsd_1200.xyz,1200,"(('Br', 0), ('C', 7), ('Cl', 0), ('F', 0), ('H', 10), ('I', 0), ('N', 0), ('O', 2), ('S', 0))",19,51,complete,51,0,0,False,False,True
dsC7O2H10nsd_1201.xyz,1201,"(('Br', 0), ('C', 7), ('Cl', 0), ('F', 0), ('H', 10), ('I', 0), ('N', 0), ('O', 2), ('S', 0))",19,51,complete,51,0,0,False,False,True
dsC7O2H10nsd_1202.xyz,1202,"(('Br', 0), ('C', 7), ('Cl', 0), ('F', 0), ('H', 10), ('I', 0), ('N', 0), ('O', 2), ('S', 0))",19,51,complete,51,0,0,False,False,True
dsC7O2H10nsd_1203.xyz,1203,"(('Br', 0), ('C', 7), ('Cl', 0), ('F', 0), ('H', 10), ('I', 0), ('N', 0), ('O', 2), ('S', 0))",19,51,complete,51,0,0,False,False,True
dsC7O2H10nsd_1204.xyz,1204,"(('Br', 0), ('C', 7), ('Cl', 0), ('F', 0), ('H', 10), ('I', 0), ('N', 0), ('O', 2), ('S', 0))",19,51,complete,51,0,0,False,False,True
dsC7O2H10nsd_1205.xyz,1205,"(('Br', 0), ('C', 7), ('Cl', 0), ('F', 0), ('H', 10), ('I', 0), ('N', 0), ('O', 2), ('S', 0))",19,51,complete,51,0,0,False,False,True
dsC7O2H10nsd_1206.xyz,1206,"(('Br', 0), ('C', 7), ('Cl', 0), ('F', 0), ('H', 10), ('I', 0), ('N', 0), ('O', 2), ('S', 0))",19,51,complete,51,0,0,False,False,True
dsC7O2H10nsd_1207.xyz,1207,"(('Br', 0), ('C', 7), ('Cl', 0), ('F', 0), ('H', 10), ('I', 0), ('N', 0), ('O', 2), ('S', 0))",19,51,complete,51,0,0,False,False,True
dsC7O2H10nsd_1208.xyz,1208,"(('Br', 0), ('C', 7), ('Cl', 0), ('F', 0), ('H', 10), ('I', 0), ('N', 0), ('O', 2), ('S', 0))",19,51,complete,51,0,0,False,False,True
dsC7O2H10nsd_1209.xyz,1209,"(('Br', 0), ('C', 7), ('Cl', 0), ('F', 0), ('H', 10), ('I', 0), ('N', 0), ('O', 2), ('S', 0))",19,51,complete,51,0,0,True,True,True
dsC7O2H10nsd_1210.xyz,1210,"(('Br', 0), ('C', 7), ('Cl', 0), ('F', 0), ('H', 10), ('I', 0), ('N', 0), ('O', 2), ('S', 0))",19,51,complete,51,0,0,True,True,True
dsC7O2H10nsd_1211.xyz,1211,"(('Br', 0), ('C', 7), ('Cl', 0), ('F', 0), ('H', 10), ('I', 0), ('N', 0), ('O', 2), ('S', 0))",19,51,complete,51,0,0,False,False,True
dsC7O2H10nsd_1212.xyz,1212,"(('Br', 0), ('C', 7), ('Cl', 0), ('F', 0), ('H', 10), ('I', 0), ('N', 0), ('O', 2), ('S', 0))",19,51,complete,51,0,0,False,False,True
dsC7O2H10nsd_1213.xyz,1213,"(('Br', 0), ('C', 7), ('Cl', 0), ('F', 0), ('H', 10), ('I', 0), ('N', 0), ('O', 2), ('S', 0))",19,51,complete,51,0,0,False,False,True
dsC7O2H10nsd_1214.xyz,1214,"(('Br', 0), ('C', 7), ('Cl', 0), ('F', 0), ('H', 10), ('I', 0), ('N', 0), ('O', 2), ('S', 0))",19,51,complete,51,0,0,True,True,True
dsC7O2H10nsd_1215.xyz,1215,"(('Br', 0), ('C', 7), ('Cl', 0), ('F', 0), ('H', 10), ('I', 0), ('N', 0), ('O', 2), ('S', 0))",19,51,complete,51,0,0,True,True,True
dsC7O2H10nsd_1216.xyz,1216,"(('Br', 0), ('C', 7), ('Cl', 0), ('F', 0), ('H', 10), ('I', 0), ('N', 0), ('O', 2), ('S', 0))",19,51,complete,51,0,0,True,True,True
dsC7O2H10nsd_1217.xyz,1217,"(('Br', 0), ('C', 7), ('Cl', 0), ('F', 0), ('H', 10), ('I', 0), ('N', 0), ('O', 2), ('S', 0))",19,51,complete,51,0,0,False,False,True
dsC7O2H10nsd_1218.xyz,1218,"(('Br', 0), ('C', 7), ('Cl', 0), ('F', 0), ('H', 10), ('I', 0), ('N', 0), ('O', 2), ('S', 0))",19,51,complete,51,0,0,False,False,True
dsC7O2H10nsd_1219.xyz,1219,"(('Br', 0), ('C', 7), ('Cl', 0), ('F', 0), ('H', 10), ('I', 0), ('N', 0), ('O', 2), ('S', 0))",19,51,complete,51,0,0,True,True,True
dsC7O2H10nsd_1220.xyz,1220,"(('Br', 0), ('C', 7), ('Cl', 0), ('F', 0), ('H', 10), ('I', 0), ('N', 0), ('O', 2), ('S', 0))",19,51,complete,51,0,0,False,False,True
dsC7O2H10nsd_1221.xyz,1221,"(('Br', 0), ('C', 7), ('Cl', 0), ('F', 0), ('H', 10), ('I', 0), ('N', 0), ('O', 2), ('S', 0))",19,51,complete,51,0,0,True,True,True
dsC7O2H10nsd_1222.xyz,1222,"(('Br', 0), ('C', 7), ('Cl', 0), ('F', 0), ('H', 10), ('I', 0), ('N', 0), ('O', 2), ('S', 0))",19,51,complete,51,0,0,False,False,True
dsC7O2H10nsd_1223.xyz,1223,"(('Br', 0), ('C', 7), ('Cl', 0), ('F', 0), ('H', 10), ('I', 0), ('N', 0), ('O', 2), ('S', 0))",19,51,complete,51,0,0,True,True,True
dsC7O2H10nsd_1224.xyz,1224,"(('Br', 0), ('C', 7), ('Cl', 0), ('F', 0), ('H', 10), ('I', 0), ('N', 0), ('O', 2), ('S', 0))",19,51,complete,51,0,0,True,True,True
dsC7O2H10nsd_1225.xyz,1225,"(('Br', 0), ('C', 7), ('Cl', 0), ('F', 0), ('H', 10), ('I', 0), ('N', 0), ('O', 2), ('S', 0))",19,51,complete,51,0,0,False,False,True
dsC7O2H10nsd_1226.xyz,1226,"(('Br', 0), ('C', 7), ('Cl', 0), ('F', 0), ('H', 10), ('I', 0), ('N', 0), ('O', 2), ('S', 0))",19,51,complete,51,0,0,False,False,True
dsC7O2H10nsd_1227.xyz,1227,"(('Br', 0), ('C', 7), ('Cl', 0), ('F', 0), ('H', 10), ('I', 0), ('N', 0), ('O', 2), ('S', 0))",19,102,incomplete_count,102,0,0,False,False,True
dsC7O2H10nsd_1228.xyz,1228,"(('Br', 0), ('C', 7), ('Cl', 0), ('F', 0), ('H', 10), ('I', 0), ('N', 0), ('O', 2), ('S', 0))",19,51,complete,51,0,0,False,False,True
dsC7O2H10nsd_1229.xyz,1229,"(('Br', 0), ('C', 7), ('Cl', 0), ('F', 0), ('H', 10), ('I', 0), ('N', 0), ('O', 2), ('S', 0))",19,51,complete,51,0,0,False,False,True
dsC7O2H10nsd_1230.xyz,1230,"(('Br', 0), ('C', 7), ('Cl', 0), ('F', 0), ('H', 10), ('I', 0), ('N', 0), ('O', 2), ('S', 0))",19,51,complete,51,0,0,False,False,True
dsC7O2H10nsd_1231.xyz,1231,"(('Br', 0), ('C', 7), ('Cl', 0), ('F', 0), ('H', 10), ('I', 0), ('N', 0), ('O', 2), ('S', 0))",19,51,complete,51,0,0,False,False,True
dsC7O2H10nsd_1232.xyz,1232,"(('Br', 0), ('C', 7), ('Cl', 0), ('F', 0), ('H', 10), ('I', 0), ('N', 0), ('O', 2), ('S', 0))",19,51,complete,51,0,0,False,False,True
dsC7O2H10nsd_1233.xyz,1233,"(('Br', 0), ('C', 7), ('Cl', 0), ('F', 0), ('H', 10), ('I', 0), ('N', 0), ('O', 2), ('S', 0))",19,51,complete,51,0,0,False,False,True
dsC7O2H10nsd_1234.xyz,1234,"(('Br', 0), ('C', 7), ('Cl', 0), ('F', 0), ('H', 10), ('I', 0), ('N', 0), ('O', 2), ('S', 0))",19,51,complete,51,0,0,False,False,True
dsC7O2H10nsd_1235.xyz,1235,"(('Br', 0), ('C', 7), ('Cl', 0), ('F', 0), ('H', 10), ('I', 0), ('N', 0), ('O', 2), ('S', 0))",19,102,incomplete_count,102,0,0,False,False,True
dsC7O2H10nsd_1236.xyz,1236,"(('Br', 0), ('C', 7), ('Cl', 0), ('F', 0), ('H', 10), ('I', 0), ('N', 0), ('O', 2), ('S', 0))",19,102,incomplete_count,102,0,0,True,True,True
dsC7O2H10nsd_1237.xyz,1237,"(('Br', 0), ('C', 7), ('Cl', 0), ('F', 0), ('H', 10), ('I', 0), ('N', 0), ('O', 2), ('S', 0))",19,51,complete,51,0,0,False,False,True
dsC7O2H10nsd_1238.xyz,1238,"(('Br', 0), ('C', 7), ('Cl', 0), ('F', 0), ('H', 10), ('I', 0), ('N', 0), ('O', 2), ('S', 0))",19,51,complete,51,0,0,False,False,True
dsC7O2H10nsd_1239.xyz,1239,"(('Br', 0), ('C', 7), ('Cl', 0), ('F', 0), ('H', 10), ('I', 0), ('N', 0), ('O', 2), ('S', 0))",19,51,complete,51,0,0,False,False,True
dsC7O2H10nsd_1240.xyz,1240,"(('Br', 0), ('C', 7), ('Cl', 0), ('F', 0), ('H', 10), ('I', 0), ('N', 0), ('O', 2), ('S', 0))",19,102,incomplete_count,102,0,0,True,True,True
dsC7O2H10nsd_1241.xyz,1241,"(('Br', 0), ('C', 7), ('Cl', 0), ('F', 0), ('H', 10), ('I', 0), ('N', 0), ('O', 2), ('S', 0))",19,51,complete,51,0,0,False,False,True
dsC7O2H10nsd_1242.xyz,1242,"(('Br', 0), ('C', 7), ('Cl', 0), ('F', 0), ('H', 10), ('I', 0), ('N', 0), ('O', 2), ('S', 0))",19,51,complete,51,0,0,False,False,True
dsC7O2H10nsd_1243.xyz,1243,"(('Br', 0), ('C', 7), ('Cl', 0), ('F', 0), ('H', 10), ('I', 0), ('N', 0), ('O', 2), ('S', 0))",19,51,complete,51,0,0,False,False,True
dsC7O2H10nsd_1244.xyz,1244,"(('Br', 0), ('C', 7), ('Cl', 0), ('F', 0), ('H', 10), ('I', 0), ('N', 0), ('O', 2), ('S', 0))",19,51,complete,51,0,0,False,False,True
dsC7O2H10nsd_1245.xyz,1245,"(('Br', 0), ('C', 7), ('Cl', 0), ('F', 0), ('H', 10), ('I', 0), ('N', 0), ('O', 2), ('S', 0))",19,51,complete,51,0,0,False,False,True
dsC7O2H10nsd_1246.xyz,1246,"(('Br', 0), ('C', 7), ('Cl', 0), ('F', 0), ('H', 10), ('I', 0), ('N', 0), ('O', 2), ('S', 0))",19,51,complete,51,0,0,False,False,True
dsC7O2H10nsd_1247.xyz,1247,"(('Br', 0), ('C', 7), ('Cl', 0), ('F', 0), ('H', 10), ('I', 0), ('N', 0), ('O', 2), ('S', 0))",19,51,complete,51,0,0,False,False,True
dsC7O2H10nsd_1248.xyz,1248,"(('Br', 0), ('C', 7), ('Cl', 0), ('F', 0), ('H', 10), ('I', 0), ('N', 0), ('O', 2), ('S', 0))",19,51,complete,51,0,0,False,False,True
dsC7O2H10nsd_1249.xyz,1249,"(('Br', 0), ('C', 7), ('Cl', 0), ('F', 0), ('H', 10), ('I', 0), ('N', 0), ('O', 2), ('S', 0))",19,51,complete,51,0,0,False,False,True
dsC7O2H10nsd_1250.xyz,1250,"(('Br', 0), ('C', 7), ('Cl', 0), ('F', 0), ('H', 10), ('I', 0), ('N', 0), ('O', 2), ('S', 0))",19,51,complete,51,0,0,False,False,True
dsC7O2H10nsd_1251.xyz,1251,"(('Br', 0), ('C', 7), ('Cl', 0), ('F', 0), ('H', 10), ('I', 0), ('N', 0), ('O', 2), ('S', 0))",19,51,complete,51,0,0,False,False,True
dsC7O2H10nsd_1252.xyz,1252,"(('Br', 0), ('C', 7), ('Cl', 0), ('F', 0), ('H', 10), ('I', 0), ('N', 0), ('O', 2), ('S', 0))",19,51,complete,51,0,0,False,False,True
dsC7O2H10nsd_1253.xyz,1253,"(('Br', 0), ('C', 7), ('Cl', 0), ('F', 0), ('H', 10), ('I', 0), ('N', 0), ('O', 2), ('S', 0))",19,51,complete,51,0,0,False,False,True
dsC7O2H10nsd_1254.xyz,1254,"(('Br', 0), ('C', 7), ('Cl', 0), ('F', 0), ('H', 10), ('I', 0), ('N', 0), ('O', 2), ('S', 0))",19,51,complete,51,0,0,False,False,True
dsC7O2H10nsd_1255.xyz,1255,"(('Br', 0), ('C', 7), ('Cl', 0), ('F', 0), ('H', 10), ('I', 0), ('N', 0), ('O', 2), ('S', 0))",19,51,complete,51,0,0,False,False,True
dsC7O2H10nsd_1256.xyz,1256,"(('Br', 0), ('C', 7), ('Cl', 0), ('F', 0), ('H', 10), ('I', 0), ('N', 0), ('O', 2), ('S', 0))",19,51,complete,51,0,0,False,False,True
dsC7O2H10nsd_1257.xyz,1257,"(('Br', 0), ('C', 7), ('Cl', 0), ('F', 0), ('H', 10), ('I', 0), ('N', 0), ('O', 2), ('S', 0))",19,51,complete,51,0,0,False,False,True
dsC7O2H10nsd_1258.xyz,1258,"(('Br', 0), ('C', 7), ('Cl', 0), ('F', 0), ('H', 10), ('I', 0), ('N', 0), ('O', 2), ('S', 0))",19,51,complete,51,0,0,False,False,True
dsC7O2H10nsd_1259.xyz,1259,"(('Br', 0), ('C', 7), ('Cl', 0), ('F', 0), ('H', 10), ('I', 0), ('N', 0), ('O', 2), ('S', 0))",19,51,complete,51,0,0,False,False,True
dsC7O2H10nsd_1260.xyz,1260,"(('Br', 0), ('C', 7), ('Cl', 0), ('F', 0), ('H', 10), ('I', 0), ('N', 0), ('O', 2), ('S', 0))",19,51,complete,51,0,0,False,False,True
dsC7O2H10nsd_1261.xyz,1261,"(('Br', 0), ('C', 7), ('Cl', 0), ('F', 0), ('H', 10), ('I', 0), ('N', 0), ('O', 2), ('S', 0))",19,51,complete,51,0,0,False,False,True
dsC7O2H10nsd_1262.xyz,1262,"(('Br', 0), ('C', 7), ('Cl', 0), ('F', 0), ('H', 10), ('I', 0), ('N', 0), ('O', 2), ('S', 0))",19,51,complete,51,0,0,False,False,True
dsC7O2H10nsd_1263.xyz,1263,"(('Br', 0), ('C', 7), ('Cl', 0), ('F', 0), ('H', 10), ('I', 0), ('N', 0), ('O', 2), ('S', 0))",19,51,complete,51,0,0,False,False,True
dsC7O2H10nsd_1264.xyz,1264,"(('Br', 0), ('C', 7), ('Cl', 0), ('F', 0), ('H', 10), ('I', 0), ('N', 0), ('O', 2), ('S', 0))",19,51,complete,51,0,0,False,False,True
dsC7O2H10nsd_1265.xyz,1265,"(('Br', 0), ('C', 7), ('Cl', 0), ('F', 0), ('H', 10), ('I', 0), ('N', 0), ('O', 2), ('S', 0))",19,51,complete,51,0,0,False,False,True
dsC7O2H10nsd_1266.xyz,1266,"(('Br', 0), ('C', 7), ('Cl', 0), ('F', 0), ('H', 10), ('I', 0), ('N', 0), ('O', 2), ('S', 0))",19,51,complete,51,0,0,False,False,True
dsC7O2H10nsd_1267.xyz,1267,"(('Br', 0), ('C', 7), ('Cl', 0), ('F', 0), ('H', 10), ('I', 0), ('N', 0), ('O', 2), ('S', 0))",19,51,complete,51,0,0,False,False,True
dsC7O2H10nsd_1268.xyz,1268,"(('Br', 0), ('C', 7), ('Cl', 0), ('F', 0), ('H', 10), ('I', 0), ('N', 0), ('O', 2), ('S', 0))",19,51,complete,51,0,0,False,False,True
dsC7O2H10nsd_1269.xyz,1269,"(('Br', 0), ('C', 7), ('Cl', 0), ('F', 0), ('H', 10), ('I', 0), ('N', 0), ('O', 2), ('S', 0))",19,51,complete,51,0,0,False,False,True
dsC7O2H10nsd_1270.xyz,1270,"(('Br', 0), ('C', 7), ('Cl', 0), ('F', 0), ('H', 10), ('I', 0), ('N', 0), ('O', 2), ('S', 0))",19,51,complete,51,0,0,False,False,True
dsC7O2H10nsd_1271.xyz,1271,"(('Br', 0), ('C', 7), ('Cl', 0), ('F', 0), ('H', 10), ('I', 0), ('N', 0), ('O', 2), ('S', 0))",19,51,complete,51,0,0,False,False,True
dsC7O2H10nsd_1272.xyz,1272,"(('Br', 0), ('C', 7), ('Cl', 0), ('F', 0), ('H', 10), ('I', 0), ('N', 0), ('O', 2), ('S', 0))",19,51,complete,51,0,0,False,False,True
dsC7O2H10nsd_1273.xyz,1273,"(('Br', 0), ('C', 7), ('Cl', 0), ('F', 0), ('H', 10), ('I', 0), ('N', 0), ('O', 2), ('S', 0))",19,51,complete,51,0,0,False,False,True
dsC7O2H10nsd_1274.xyz,1274,"(('Br', 0), ('C', 7), ('Cl', 0), ('F', 0), ('H', 10), ('I', 0), ('N', 0), ('O', 2), ('S', 0))",19,51,complete,51,0,0,False,False,True
dsC7O2H10nsd_1275.xyz,1275,"(('Br', 0), ('C', 7), ('Cl', 0), ('F', 0), ('H', 10), ('I', 0), ('N', 0), ('O', 2), ('S', 0))",19,51,complete,51,0,0,False,False,True
dsC7O2H10nsd_1276.xyz,1276,"(('Br', 0), ('C', 7), ('Cl', 0), ('F', 0), ('H', 10), ('I', 0), ('N', 0), ('O', 2), ('S', 0))",19,51,complete,51,0,0,False,False,True
dsC7O2H10nsd_1277.xyz,1277,"(('Br', 0), ('C', 7), ('Cl', 0), ('F', 0), ('H', 10), ('I', 0), ('N', 0), ('O', 2), ('S', 0))",19,51,complete,51,0,0,False,False,True
dsC7O2H10nsd_1278.xyz,1278,"(('Br', 0), ('C', 7), ('Cl', 0), ('F', 0), ('H', 10), ('I', 0), ('N', 0), ('O', 2), ('S', 0))",19,51,complete,51,0,0,False,False,True
dsC7O2H10nsd_1279.xyz,1279,"(('Br', 0), ('C', 7), ('Cl', 0), ('F', 0), ('H', 10), ('I', 0), ('N', 0), ('O', 2), ('S', 0))",19,51,complete,51,0,0,False,False,True
dsC7O2H10nsd_1280.xyz,1280,"(('Br', 0), ('C', 7), ('Cl', 0), ('F', 0), ('H', 10), ('I', 0), ('N', 0), ('O', 2), ('S', 0))",19,51,complete,51,0,0,False,False,True
dsC7O2H10nsd_1281.xyz,1281,"(('Br', 0), ('C', 7), ('Cl', 0), ('F', 0), ('H', 10), ('I', 0), ('N', 0), ('O', 2), ('S', 0))",19,51,complete,51,0,0,False,False,True
dsC7O2H10nsd_1282.xyz,1282,"(('Br', 0), ('C', 7), ('Cl', 0), ('F', 0), ('H', 10), ('I', 0), ('N', 0), ('O', 2), ('S', 0))",19,51,complete,51,0,0,False,False,True
dsC7O2H10nsd_1283.xyz,1283,"(('Br', 0), ('C', 7), ('Cl', 0), ('F', 0), ('H', 10), ('I', 0), ('N', 0), ('O', 2), ('S', 0))",19,51,complete,51,0,0,False,False,True
dsC7O2H10nsd_1284.xyz,1284,"(('Br', 0), ('C', 7), ('Cl', 0), ('F', 0), ('H', 10), ('I', 0), ('N', 0), ('O', 2), ('S', 0))",19,51,complete,51,0,0,False,False,True
dsC7O2H10nsd_1285.xyz,1285,"(('Br', 0), ('C', 7), ('Cl', 0), ('F', 0), ('H', 10), ('I', 0), ('N', 0), ('O', 2), ('S', 0))",19,51,complete,51,0,0,False,False,True
dsC7O2H10nsd_1286.xyz,1286,"(('Br', 0), ('C', 7), ('Cl', 0), ('F', 0), ('H', 10), ('I', 0), ('N', 0), ('O', 2), ('S', 0))",19,51,complete,51,0,0,True,True,True
dsC7O2H10nsd_1287.xyz,1287,"(('Br', 0), ('C', 7), ('Cl', 0), ('F', 0), ('H', 10), ('I', 0), ('N', 0), ('O', 2), ('S', 0))",19,51,complete,51,0,0,False,False,True
dsC7O2H10nsd_1288.xyz,1288,"(('Br', 0), ('C', 7), ('Cl', 0), ('F', 0), ('H', 10), ('I', 0), ('N', 0), ('O', 2), ('S', 0))",19,51,complete,51,0,0,False,False,True
dsC7O2H10nsd_1289.xyz,1289,"(('Br', 0), ('C', 7), ('Cl', 0), ('F', 0), ('H', 10), ('I', 0), ('N', 0), ('O', 2), ('S', 0))",19,51,complete,51,0,0,False,False,True
dsC7O2H10nsd_1290.xyz,1290,"(('Br', 0), ('C', 7), ('Cl', 0), ('F', 0), ('H', 10), ('I', 0), ('N', 0), ('O', 2), ('S', 0))",19,51,complete,51,0,0,False,False,True
dsC7O2H10nsd_1291.xyz,1291,"(('Br', 0), ('C', 7), ('Cl', 0), ('F', 0), ('H', 10), ('I', 0), ('N', 0), ('O', 2), ('S', 0))",19,51,complete,51,0,0,False,False,True
dsC7O2H10nsd_1292.xyz,1292,"(('Br', 0), ('C', 7), ('Cl', 0), ('F', 0), ('H', 10), ('I', 0), ('N', 0), ('O', 2), ('S', 0))",19,51,complete,51,0,0,False,False,True
dsC7O2H10nsd_1293.xyz,1293,"(('Br', 0), ('C', 7), ('Cl', 0), ('F', 0), ('H', 10), ('I', 0), ('N', 0), ('O', 2), ('S', 0))",19,51,complete,51,0,0,False,False,True
dsC7O2H10nsd_1294.xyz,1294,"(('Br', 0), ('C', 7), ('Cl', 0), ('F', 0), ('H', 10), ('I', 0), ('N', 0), ('O', 2), ('S', 0))",19,51,complete,51,0,0,False,False,True
dsC7O2H10nsd_1295.xyz,1295,"(('Br', 0), ('C', 7), ('Cl', 0), ('F', 0), ('H', 10), ('I', 0), ('N', 0), ('O', 2), ('S', 0))",19,51,complete,51,0,0,False,False,True
dsC7O2H10nsd_1296.xyz,1296,"(('Br', 0), ('C', 7), ('Cl', 0), ('F', 0), ('H', 10), ('I', 0), ('N', 0), ('O', 2), ('S', 0))",19,51,complete,51,0,0,False,False,True
dsC7O2H10nsd_1297.xyz,1297,"(('Br', 0), ('C', 7), ('Cl', 0), ('F', 0), ('H', 10), ('I', 0), ('N', 0), ('O', 2), ('S', 0))",19,51,complete,51,0,0,False,False,True
dsC7O2H10nsd_1298.xyz,1298,"(('Br', 0), ('C', 7), ('Cl', 0), ('F', 0), ('H', 10), ('I', 0), ('N', 0), ('O', 2), ('S', 0))",19,51,complete,51,0,0,False,False,True
dsC7O2H10nsd_1299.xyz,1299,"(('Br', 0), ('C', 7), ('Cl', 0), ('F', 0), ('H', 10), ('I', 0), ('N', 0), ('O', 2), ('S', 0))",19,51,complete,51,0,0,False,False,True
dsC7O2H10nsd_1300.xyz,1300,"(('Br', 0), ('C', 7), ('Cl', 0), ('F', 0), ('H', 10), ('I', 0), ('N', 0), ('O', 2), ('S', 0))",19,51,complete,51,0,0,False,False,True
dsC7O2H10nsd_1301.xyz,1301,"(('Br', 0), ('C', 7), ('Cl', 0), ('F', 0), ('H', 10), ('I', 0), ('N', 0), ('O', 2), ('S', 0))",19,51,complete,51,0,0,False,False,True
dsC7O2H10nsd_1302.xyz,1302,"(('Br', 0), ('C', 7), ('Cl', 0), ('F', 0), ('H', 10), ('I', 0), ('N', 0), ('O', 2), ('S', 0))",19,51,complete,51,0,0,False,False,True
dsC7O2H10nsd_1303.xyz,1303,"(('Br', 0), ('C', 7), ('Cl', 0), ('F', 0), ('H', 10), ('I', 0), ('N', 0), ('O', 2), ('S', 0))",19,51,complete,51,0,0,False,False,True
dsC7O2H10nsd_1304.xyz,1304,"(('Br', 0), ('C', 7), ('Cl', 0), ('F', 0), ('H', 10), ('I', 0), ('N', 0), ('O', 2), ('S', 0))",19,51,complete,51,0,0,False,False,True
dsC7O2H10nsd_1305.xyz,1305,"(('Br', 0), ('C', 7), ('Cl', 0), ('F', 0), ('H', 10), ('I', 0), ('N', 0), ('O', 2), ('S', 0))",19,51,complete,51,0,0,False,False,True
dsC7O2H10nsd_1306.xyz,1306,"(('Br', 0), ('C', 7), ('Cl', 0), ('F', 0), ('H', 10), ('I', 0), ('N', 0), ('O', 2), ('S', 0))",19,51,complete,51,0,0,False,False,True
dsC7O2H10nsd_1307.xyz,1307,"(('Br', 0), ('C', 7), ('Cl', 0), ('F', 0), ('H', 10), ('I', 0), ('N', 0), ('O', 2), ('S', 0))",19,51,complete,51,0,0,False,False,True
dsC7O2H10nsd_1308.xyz,1308,"(('Br', 0), ('C', 7), ('Cl', 0), ('F', 0), ('H', 10), ('I', 0), ('N', 0), ('O', 2), ('S', 0))",19,51,complete,51,0,0,False,False,True
dsC7O2H10nsd_1309.xyz,1309,"(('Br', 0), ('C', 7), ('Cl', 0), ('F', 0), ('H', 10), ('I', 0), ('N', 0), ('O', 2), ('S', 0))",19,51,complete,51,0,0,False,False,True
dsC7O2H10nsd_1310.xyz,1310,"(('Br', 0), ('C', 7), ('Cl', 0), ('F', 0), ('H', 10), ('I', 0), ('N', 0), ('O', 2), ('S', 0))",19,51,complete,51,0,0,False,False,True
dsC7O2H10nsd_1311.xyz,1311,"(('Br', 0), ('C', 7), ('Cl', 0), ('F', 0), ('H', 10), ('I', 0), ('N', 0), ('O', 2), ('S', 0))",19,51,complete,51,0,0,False,False,True
dsC7O2H10nsd_1312.xyz,1312,"(('Br', 0), ('C', 7), ('Cl', 0), ('F', 0), ('H', 10), ('I', 0), ('N', 0), ('O', 2), ('S', 0))",19,102,incomplete_count,102,0,0,False,False,True
dsC7O2H10nsd_1313.xyz,1313,"(('Br', 0), ('C', 7), ('Cl', 0), ('F', 0), ('H', 10), ('I', 0), ('N', 0), ('O', 2), ('S', 0))",19,51,complete,51,0,0,True,True,True
dsC7O2H10nsd_1314.xyz,1314,"(('Br', 0), ('C', 7), ('Cl', 0), ('F', 0), ('H', 10), ('I', 0), ('N', 0), ('O', 2), ('S', 0))",19,51,complete,51,0,0,False,False,True
dsC7O2H10nsd_1315.xyz,1315,"(('Br', 0), ('C', 7), ('Cl', 0), ('F', 0), ('H', 10), ('I', 0), ('N', 0), ('O', 2), ('S', 0))",19,51,complete,51,0,0,False,False,True
dsC7O2H10nsd_1316.xyz,1316,"(('Br', 0), ('C', 7), ('Cl', 0), ('F', 0), ('H', 10), ('I', 0), ('N', 0), ('O', 2), ('S', 0))",19,51,complete,51,0,0,False,False,True
dsC7O2H10nsd_1317.xyz,1317,"(('Br', 0), ('C', 7), ('Cl', 0), ('F', 0), ('H', 10), ('I', 0), ('N', 0), ('O', 2), ('S', 0))",19,51,complete,51,0,0,False,False,True
dsC7O2H10nsd_1318.xyz,1318,"(('Br', 0), ('C', 7), ('Cl', 0), ('F', 0), ('H', 10), ('I', 0), ('N', 0), ('O', 2), ('S', 0))",19,51,complete,51,0,0,False,False,True
dsC7O2H10nsd_1319.xyz,1319,"(('Br', 0), ('C', 7), ('Cl', 0), ('F', 0), ('H', 10), ('I', 0), ('N', 0), ('O', 2), ('S', 0))",19,51,complete,51,0,0,True,True,True
dsC7O2H10nsd_1320.xyz,1320,"(('Br', 0), ('C', 7), ('Cl', 0), ('F', 0), ('H', 10), ('I', 0), ('N', 0), ('O', 2), ('S', 0))",19,51,complete,51,0,0,False,False,True
dsC7O2H10nsd_1321.xyz,1321,"(('Br', 0), ('C', 7), ('Cl', 0), ('F', 0), ('H', 10), ('I', 0), ('N', 0), ('O', 2), ('S', 0))",19,51,complete,51,0,0,True,True,True
dsC7O2H10nsd_1322.xyz,1322,"(('Br', 0), ('C', 7), ('Cl', 0), ('F', 0), ('H', 10), ('I', 0), ('N', 0), ('O', 2), ('S', 0))",19,51,complete,51,0,0,True,True,True
dsC7O2H10nsd_1323.xyz,1323,"(('Br', 0), ('C', 7), ('Cl', 0), ('F', 0), ('H', 10), ('I', 0), ('N', 0), ('O', 2), ('S', 0))",19,51,complete,51,0,0,False,False,True
dsC7O2H10nsd_1324.xyz,1324,"(('Br', 0), ('C', 7), ('Cl', 0), ('F', 0), ('H', 10), ('I', 0), ('N', 0), ('O', 2), ('S', 0))",19,51,complete,51,0,0,False,False,True
dsC7O2H10nsd_1325.xyz,1325,"(('Br', 0), ('C', 7), ('Cl', 0), ('F', 0), ('H', 10), ('I', 0), ('N', 0), ('O', 2), ('S', 0))",19,51,complete,51,0,0,True,True,True
dsC7O2H10nsd_1326.xyz,1326,"(('Br', 0), ('C', 7), ('Cl', 0), ('F', 0), ('H', 10), ('I', 0), ('N', 0), ('O', 2), ('S', 0))",19,51,complete,51,0,0,False,False,True
dsC7O2H10nsd_1327.xyz,1327,"(('Br', 0), ('C', 7), ('Cl', 0), ('F', 0), ('H', 10), ('I', 0), ('N', 0), ('O', 2), ('S', 0))",19,51,complete,51,0,0,False,False,True
dsC7O2H10nsd_1328.xyz,1328,"(('Br', 0), ('C', 7), ('Cl', 0), ('F', 0), ('H', 10), ('I', 0), ('N', 0), ('O', 2), ('S', 0))",19,51,complete,51,0,0,False,False,True
dsC7O2H10nsd_1329.xyz,1329,"(('Br', 0), ('C', 7), ('Cl', 0), ('F', 0), ('H', 10), ('I', 0), ('N', 0), ('O', 2), ('S', 0))",19,51,complete,51,0,0,False,False,True
dsC7O2H10nsd_1330.xyz,1330,"(('Br', 0), ('C', 7), ('Cl', 0), ('F', 0), ('H', 10), ('I', 0), ('N', 0), ('O', 2), ('S', 0))",19,51,complete,51,0,0,False,False,True
dsC7O2H10nsd_1331.xyz,1331,"(('Br', 0), ('C', 7), ('Cl', 0), ('F', 0), ('H', 10), ('I', 0), ('N', 0), ('O', 2), ('S', 0))",19,51,complete,51,0,0,False,False,True
dsC7O2H10nsd_1332.xyz,1332,"(('Br', 0), ('C', 7), ('Cl', 0), ('F', 0), ('H', 10), ('I', 0), ('N', 0), ('O', 2), ('S', 0))",19,51,complete,51,0,0,False,False,True
dsC7O2H10nsd_1333.xyz,1333,"(('Br', 0), ('C', 7), ('Cl', 0), ('F', 0), ('H', 10), ('I', 0), ('N', 0), ('O', 2), ('S', 0))",19,51,complete,51,0,0,False,False,True
dsC7O2H10nsd_1334.xyz,1334,"(('Br', 0), ('C', 7), ('Cl', 0), ('F', 0), ('H', 10), ('I', 0), ('N', 0), ('O', 2), ('S', 0))",19,51,complete,51,0,0,False,False,True
dsC7O2H10nsd_1335.xyz,1335,"(('Br', 0), ('C', 7), ('Cl', 0), ('F', 0), ('H', 10), ('I', 0), ('N', 0), ('O', 2), ('S', 0))",19,51,complete,51,0,0,False,False,True
dsC7O2H10nsd_1336.xyz,1336,"(('Br', 0), ('C', 7), ('Cl', 0), ('F', 0), ('H', 10), ('I', 0), ('N', 0), ('O', 2), ('S', 0))",19,51,complete,51,0,0,False,False,True
dsC7O2H10nsd_1337.xyz,1337,"(('Br', 0), ('C', 7), ('Cl', 0), ('F', 0), ('H', 10), ('I', 0), ('N', 0), ('O', 2), ('S', 0))",19,51,complete,51,0,0,False,False,True
dsC7O2H10nsd_1338.xyz,1338,"(('Br', 0), ('C', 7), ('Cl', 0), ('F', 0), ('H', 10), ('I', 0), ('N', 0), ('O', 2), ('S', 0))",19,51,complete,51,0,0,False,False,True
dsC7O2H10nsd_1339.xyz,1339,"(('Br', 0), ('C', 7), ('Cl', 0), ('F', 0), ('H', 10), ('I', 0), ('N', 0), ('O', 2), ('S', 0))",19,51,complete,51,0,0,False,False,True
dsC7O2H10nsd_1340.xyz,1340,"(('Br', 0), ('C', 7), ('Cl', 0), ('F', 0), ('H', 10), ('I', 0), ('N', 0), ('O', 2), ('S', 0))",19,51,complete,51,0,0,False,False,True
dsC7O2H10nsd_1341.xyz,1341,"(('Br', 0), ('C', 7), ('Cl', 0), ('F', 0), ('H', 10), ('I', 0), ('N', 0), ('O', 2), ('S', 0))",19,51,complete,51,0,0,False,False,True
dsC7O2H10nsd_1342.xyz,1342,"(('Br', 0), ('C', 7), ('Cl', 0), ('F', 0), ('H', 10), ('I', 0), ('N', 0), ('O', 2), ('S', 0))",19,51,complete,51,0,0,False,False,True
dsC7O2H10nsd_1343.xyz,1343,"(('Br', 0), ('C', 7), ('Cl', 0), ('F', 0), ('H', 10), ('I', 0), ('N', 0), ('O', 2), ('S', 0))",19,51,complete,51,0,0,False,False,True
dsC7O2H10nsd_1344.xyz,1344,"(('Br', 0), ('C', 7), ('Cl', 0), ('F', 0), ('H', 10), ('I', 0), ('N', 0), ('O', 2), ('S', 0))",19,51,complete,51,0,0,False,False,True
dsC7O2H10nsd_1345.xyz,1345,"(('Br', 0), ('C', 7), ('Cl', 0), ('F', 0), ('H', 10), ('I', 0), ('N', 0), ('O', 2), ('S', 0))",19,51,complete,51,0,0,False,False,True
dsC7O2H10nsd_1346.xyz,1346,"(('Br', 0), ('C', 7), ('Cl', 0), ('F', 0), ('H', 10), ('I', 0), ('N', 0), ('O', 2), ('S', 0))",19,51,complete,51,0,0,False,False,True
dsC7O2H10nsd_1347.xyz,1347,"(('Br', 0), ('C', 7), ('Cl', 0), ('F', 0), ('H', 10), ('I', 0), ('N', 0), ('O', 2), ('S', 0))",19,51,complete,51,0,0,False,False,True
dsC7O2H10nsd_1348.xyz,1348,"(('Br', 0), ('C', 7), ('Cl', 0), ('F', 0), ('H', 10), ('I', 0), ('N', 0), ('O', 2), ('S', 0))",19,51,complete,51,0,0,False,False,True
dsC7O2H10nsd_1349.xyz,1349,"(('Br', 0), ('C', 7), ('Cl', 0), ('F', 0), ('H', 10), ('I', 0), ('N', 0), ('O', 2), ('S', 0))",19,51,complete,51,0,0,False,False,True
dsC7O2H10nsd_1350.xyz,1350,"(('Br', 0), ('C', 7), ('Cl', 0), ('F', 0), ('H', 10), ('I', 0), ('N', 0), ('O', 2), ('S', 0))",19,51,complete,51,0,0,False,False,True
dsC7O2H10nsd_1351.xyz,1351,"(('Br', 0), ('C', 7), ('Cl', 0), ('F', 0), ('H', 10), ('I', 0), ('N', 0), ('O', 2), ('S', 0))",19,51,complete,51,0,0,False,False,True
dsC7O2H10nsd_1352.xyz,1352,"(('Br', 0), ('C', 7), ('Cl', 0), ('F', 0), ('H', 10), ('I', 0), ('N', 0), ('O', 2), ('S', 0))",19,51,complete,51,0,0,False,False,True
dsC7O2H10nsd_1353.xyz,1353,"(('Br', 0), ('C', 7), ('Cl', 0), ('F', 0), ('H', 10), ('I', 0), ('N', 0), ('O', 2), ('S', 0))",19,51,complete,51,0,0,False,False,True
dsC7O2H10nsd_1354.xyz,1354,"(('Br', 0), ('C', 7), ('Cl', 0), ('F', 0), ('H', 10), ('I', 0), ('N', 0), ('O', 2), ('S', 0))",19,51,complete,51,0,0,False,False,True
dsC7O2H10nsd_1355.xyz,1355,"(('Br', 0), ('C', 7), ('Cl', 0), ('F', 0), ('H', 10), ('I', 0), ('N', 0), ('O', 2), ('S', 0))",19,51,complete,51,0,0,False,False,True
dsC7O2H10nsd_1356.xyz,1356,"(('Br', 0), ('C', 7), ('Cl', 0), ('F', 0), ('H', 10), ('I', 0), ('N', 0), ('O', 2), ('S', 0))",19,51,complete,51,0,0,False,False,True
dsC7O2H10nsd_1357.xyz,1357,"(('Br', 0), ('C', 7), ('Cl', 0), ('F', 0), ('H', 10), ('I', 0), ('N', 0), ('O', 2), ('S', 0))",19,51,complete,51,0,0,False,False,True
dsC7O2H10nsd_1358.xyz,1358,"(('Br', 0), ('C', 7), ('Cl', 0), ('F', 0), ('H', 10), ('I', 0), ('N', 0), ('O', 2), ('S', 0))",19,51,complete,51,0,0,False,False,True
dsC7O2H10nsd_1359.xyz,1359,"(('Br', 0), ('C', 7), ('Cl', 0), ('F', 0), ('H', 10), ('I', 0), ('N', 0), ('O', 2), ('S', 0))",19,51,complete,51,0,0,False,False,True
dsC7O2H10nsd_1360.xyz,1360,"(('Br', 0), ('C', 7), ('Cl', 0), ('F', 0), ('H', 10), ('I', 0), ('N', 0), ('O', 2), ('S', 0))",19,51,complete,51,0,0,False,False,True
dsC7O2H10nsd_1361.xyz,1361,"(('Br', 0), ('C', 7), ('Cl', 0), ('F', 0), ('H', 10), ('I', 0), ('N', 0), ('O', 2), ('S', 0))",19,51,complete,51,0,0,False,False,True
dsC7O2H10nsd_1362.xyz,1362,"(('Br', 0), ('C', 7), ('Cl', 0), ('F', 0), ('H', 10), ('I', 0), ('N', 0), ('O', 2), ('S', 0))",19,51,complete,51,0,0,False,False,True
dsC7O2H10nsd_1363.xyz,1363,"(('Br', 0), ('C', 7), ('Cl', 0), ('F', 0), ('H', 10), ('I', 0), ('N', 0), ('O', 2), ('S', 0))",19,51,complete,51,0,0,False,False,True
dsC7O2H10nsd_1364.xyz,1364,"(('Br', 0), ('C', 7), ('Cl', 0), ('F', 0), ('H', 10), ('I', 0), ('N', 0), ('O', 2), ('S', 0))",19,51,complete,51,0,0,False,False,True
dsC7O2H10nsd_1365.xyz,1365,"(('Br', 0), ('C', 7), ('Cl', 0), ('F', 0), ('H', 10), ('I', 0), ('N', 0), ('O', 2), ('S', 0))",19,51,complete,51,0,0,False,False,True
dsC7O2H10nsd_1366.xyz,1366,"(('Br', 0), ('C', 7), ('Cl', 0), ('F', 0), ('H', 10), ('I', 0), ('N', 0), ('O', 2), ('S', 0))",19,51,complete,51,0,0,False,False,True
dsC7O2H10nsd_1367.xyz,1367,"(('Br', 0), ('C', 7), ('Cl', 0), ('F', 0), ('H', 10), ('I', 0), ('N', 0), ('O', 2), ('S', 0))",19,51,complete,51,0,0,False,False,True
dsC7O2H10nsd_1368.xyz,1368,"(('Br', 0), ('C', 7), ('Cl', 0), ('F', 0), ('H', 10), ('I', 0), ('N', 0), ('O', 2), ('S', 0))",19,51,complete,51,0,0,False,False,True
dsC7O2H10nsd_1369.xyz,1369,"(('Br', 0), ('C', 7), ('Cl', 0), ('F', 0), ('H', 10), ('I', 0), ('N', 0), ('O', 2), ('S', 0))",19,51,complete,51,0,0,False,False,True
dsC7O2H10nsd_1370.xyz,1370,"(('Br', 0), ('C', 7), ('Cl', 0), ('F', 0), ('H', 10), ('I', 0), ('N', 0), ('O', 2), ('S', 0))",19,51,complete,51,0,0,False,False,True
dsC7O2H10nsd_1371.xyz,1371,"(('Br', 0), ('C', 7), ('Cl', 0), ('F', 0), ('H', 10), ('I', 0), ('N', 0), ('O', 2), ('S', 0))",19,51,complete,51,0,0,False,False,True
dsC7O2H10nsd_1372.xyz,1372,"(('Br', 0), ('C', 7), ('Cl', 0), ('F', 0), ('H', 10), ('I', 0), ('N', 0), ('O', 2), ('S', 0))",19,51,complete,51,0,0,False,False,True
dsC7O2H10nsd_1373.xyz,1373,"(('Br', 0), ('C', 7), ('Cl', 0), ('F', 0), ('H', 10), ('I', 0), ('N', 0), ('O', 2), ('S', 0))",19,51,complete,51,0,0,False,False,True
dsC7O2H10nsd_1374.xyz,1374,"(('Br', 0), ('C', 7), ('Cl', 0), ('F', 0), ('H', 10), ('I', 0), ('N', 0), ('O', 2), ('S', 0))",19,51,complete,51,0,0,False,False,True
dsC7O2H10nsd_1375.xyz,1375,"(('Br', 0), ('C', 7), ('Cl', 0), ('F', 0), ('H', 10), ('I', 0), ('N', 0), ('O', 2), ('S', 0))",19,51,complete,51,0,0,False,False,True
dsC7O2H10nsd_1376.xyz,1376,"(('Br', 0), ('C', 7), ('Cl', 0), ('F', 0), ('H', 10), ('I', 0), ('N', 0), ('O', 2), ('S', 0))",19,51,complete,51,0,0,False,False,True
dsC7O2H10nsd_1377.xyz,1377,"(('Br', 0), ('C', 7), ('Cl', 0), ('F', 0), ('H', 10), ('I', 0), ('N', 0), ('O', 2), ('S', 0))",19,51,complete,51,0,0,False,False,True
dsC7O2H10nsd_1378.xyz,1378,"(('Br', 0), ('C', 7), ('Cl', 0), ('F', 0), ('H', 10), ('I', 0), ('N', 0), ('O', 2), ('S', 0))",19,51,complete,51,0,0,False,False,True
dsC7O2H10nsd_1379.xyz,1379,"(('Br', 0), ('C', 7), ('Cl', 0), ('F', 0), ('H', 10), ('I', 0), ('N', 0), ('O', 2), ('S', 0))",19,51,complete,51,0,0,False,False,True
dsC7O2H10nsd_1380.xyz,1380,"(('Br', 0), ('C', 7), ('Cl', 0), ('F', 0), ('H', 10), ('I', 0), ('N', 0), ('O', 2), ('S', 0))",19,51,complete,51,0,0,False,False,True
dsC7O2H10nsd_1381.xyz,1381,"(('Br', 0), ('C', 7), ('Cl', 0), ('F', 0), ('H', 10), ('I', 0), ('N', 0), ('O', 2), ('S', 0))",19,51,complete,51,0,0,False,False,True
dsC7O2H10nsd_1382.xyz,1382,"(('Br', 0), ('C', 7), ('Cl', 0), ('F', 0), ('H', 10), ('I', 0), ('N', 0), ('O', 2), ('S', 0))",19,51,complete,51,0,0,False,False,True
dsC7O2H10nsd_1383.xyz,1383,"(('Br', 0), ('C', 7), ('Cl', 0), ('F', 0), ('H', 10), ('I', 0), ('N', 0), ('O', 2), ('S', 0))",19,51,complete,51,0,0,False,False,True
dsC7O2H10nsd_1384.xyz,1384,"(('Br', 0), ('C', 7), ('Cl', 0), ('F', 0), ('H', 10), ('I', 0), ('N', 0), ('O', 2), ('S', 0))",19,51,complete,51,0,0,False,False,True
dsC7O2H10nsd_1385.xyz,1385,"(('Br', 0), ('C', 7), ('Cl', 0), ('F', 0), ('H', 10), ('I', 0), ('N', 0), ('O', 2), ('S', 0))",19,51,complete,51,0,0,False,False,True
dsC7O2H10nsd_1386.xyz,1386,"(('Br', 0), ('C', 7), ('Cl', 0), ('F', 0), ('H', 10), ('I', 0), ('N', 0), ('O', 2), ('S', 0))",19,51,complete,51,0,0,False,False,True
dsC7O2H10nsd_1387.xyz,1387,"(('Br', 0), ('C', 7), ('Cl', 0), ('F', 0), ('H', 10), ('I', 0), ('N', 0), ('O', 2), ('S', 0))",19,51,complete,51,0,0,False,False,True
dsC7O2H10nsd_1388.xyz,1388,"(('Br', 0), ('C', 7), ('Cl', 0), ('F', 0), ('H', 10), ('I', 0), ('N', 0), ('O', 2), ('S', 0))",19,51,complete,51,0,0,False,False,True
dsC7O2H10nsd_1389.xyz,1389,"(('Br', 0), ('C', 7), ('Cl', 0), ('F', 0), ('H', 10), ('I', 0), ('N', 0), ('O', 2), ('S', 0))",19,51,complete,51,0,0,False,False,True
dsC7O2H10nsd_1390.xyz,1390,"(('Br', 0), ('C', 7), ('Cl', 0), ('F', 0), ('H', 10), ('I', 0), ('N', 0), ('O', 2), ('S', 0))",19,51,complete,51,0,0,False,False,True
dsC7O2H10nsd_1391.xyz,1391,"(('Br', 0), ('C', 7), ('Cl', 0), ('F', 0), ('H', 10), ('I', 0), ('N', 0), ('O', 2), ('S', 0))",19,51,complete,51,0,0,False,False,True
dsC7O2H10nsd_1392.xyz,1392,"(('Br', 0), ('C', 7), ('Cl', 0), ('F', 0), ('H', 10), ('I', 0), ('N', 0), ('O', 2), ('S', 0))",19,51,complete,51,0,0,False,False,True
dsC7O2H10nsd_1393.xyz,1393,"(('Br', 0), ('C', 7), ('Cl', 0), ('F', 0), ('H', 10), ('I', 0), ('N', 0), ('O', 2), ('S', 0))",19,51,complete,51,0,0,False,False,True
dsC7O2H10nsd_1394.xyz,1394,"(('Br', 0), ('C', 7), ('Cl', 0), ('F', 0), ('H', 10), ('I', 0), ('N', 0), ('O', 2), ('S', 0))",19,51,complete,51,0,0,False,False,True
dsC7O2H10nsd_1395.xyz,1395,"(('Br', 0), ('C', 7), ('Cl', 0), ('F', 0), ('H', 10), ('I', 0), ('N', 0), ('O', 2), ('S', 0))",19,51,complete,51,0,0,False,False,True
dsC7O2H10nsd_1396.xyz,1396,"(('Br', 0), ('C', 7), ('Cl', 0), ('F', 0), ('H', 10), ('I', 0), ('N', 0), ('O', 2), ('S', 0))",19,51,complete,51,0,0,False,False,True
dsC7O2H10nsd_1397.xyz,1397,"(('Br', 0), ('C', 7), ('Cl', 0), ('F', 0), ('H', 10), ('I', 0), ('N', 0), ('O', 2), ('S', 0))",19,51,complete,51,0,0,False,False,True
dsC7O2H10nsd_1398.xyz,1398,"(('Br', 0), ('C', 7), ('Cl', 0), ('F', 0), ('H', 10), ('I', 0), ('N', 0), ('O', 2), ('S', 0))",19,51,complete,51,0,0,False,False,True
dsC7O2H10nsd_1399.xyz,1399,"(('Br', 0), ('C', 7), ('Cl', 0), ('F', 0), ('H', 10), ('I', 0), ('N', 0), ('O', 2), ('S', 0))",19,51,complete,51,0,0,False,False,True
dsC7O2H10nsd_1400.xyz,1400,"(('Br', 0), ('C', 7), ('Cl', 0), ('F', 0), ('H', 10), ('I', 0), ('N', 0), ('O', 2), ('S', 0))",19,51,complete,51,0,0,False,True,True
dsC7O2H10nsd_1401.xyz,1401,"(('Br', 0), ('C', 7), ('Cl', 0), ('F', 0), ('H', 10), ('I', 0), ('N', 0), ('O', 2), ('S', 0))",19,51,complete,51,0,0,False,False,True
dsC7O2H10nsd_1402.xyz,1402,"(('Br', 0), ('C', 7), ('Cl', 0), ('F', 0), ('H', 10), ('I', 0), ('N', 0), ('O', 2), ('S', 0))",19,51,complete,51,0,0,True,True,True
dsC7O2H10nsd_1403.xyz,1403,"(('Br', 0), ('C', 7), ('Cl', 0), ('F', 0), ('H', 10), ('I', 0), ('N', 0), ('O', 2), ('S', 0))",19,51,complete,51,0,0,False,False,True
dsC7O2H10nsd_1404.xyz,1404,"(('Br', 0), ('C', 7), ('Cl', 0), ('F', 0), ('H', 10), ('I', 0), ('N', 0), ('O', 2), ('S', 0))",19,51,complete,51,0,0,False,False,True
dsC7O2H10nsd_1405.xyz,1405,"(('Br', 0), ('C', 7), ('Cl', 0), ('F', 0), ('H', 10), ('I', 0), ('N', 0), ('O', 2), ('S', 0))",19,51,complete,51,0,0,False,False,True
dsC7O2H10nsd_1406.xyz,1406,"(('Br', 0), ('C', 7), ('Cl', 0), ('F', 0), ('H', 10), ('I', 0), ('N', 0), ('O', 2), ('S', 0))",19,51,complete,51,0,0,False,False,True
dsC7O2H10nsd_1407.xyz,1407,"(('Br', 0), ('C', 7), ('Cl', 0), ('F', 0), ('H', 10), ('I', 0), ('N', 0), ('O', 2), ('S', 0))",19,51,complete,51,0,0,False,False,True
dsC7O2H10nsd_1408.xyz,1408,"(('Br', 0), ('C', 7), ('Cl', 0), ('F', 0), ('H', 10), ('I', 0), ('N', 0), ('O', 2), ('S', 0))",19,51,complete,51,0,0,False,False,True
dsC7O2H10nsd_1409.xyz,1409,"(('Br', 0), ('C', 7), ('Cl', 0), ('F', 0), ('H', 10), ('I', 0), ('N', 0), ('O', 2), ('S', 0))",19,51,complete,51,0,0,False,False,True
dsC7O2H10nsd_1410.xyz,1410,"(('Br', 0), ('C', 7), ('Cl', 0), ('F', 0), ('H', 10), ('I', 0), ('N', 0), ('O', 2), ('S', 0))",19,51,complete,51,0,0,False,False,True
dsC7O2H10nsd_1411.xyz,1411,"(('Br', 0), ('C', 7), ('Cl', 0), ('F', 0), ('H', 10), ('I', 0), ('N', 0), ('O', 2), ('S', 0))",19,51,complete,51,0,0,False,False,True
dsC7O2H10nsd_1412.xyz,1412,"(('Br', 0), ('C', 7), ('Cl', 0), ('F', 0), ('H', 10), ('I', 0), ('N', 0), ('O', 2), ('S', 0))",19,51,complete,51,0,0,False,False,True
dsC7O2H10nsd_1413.xyz,1413,"(('Br', 0), ('C', 7), ('Cl', 0), ('F', 0), ('H', 10), ('I', 0), ('N', 0), ('O', 2), ('S', 0))",19,51,complete,51,0,0,False,False,True
dsC7O2H10nsd_1414.xyz,1414,"(('Br', 0), ('C', 7), ('Cl', 0), ('F', 0), ('H', 10), ('I', 0), ('N', 0), ('O', 2), ('S', 0))",19,51,complete,51,0,0,False,False,True
dsC7O2H10nsd_1415.xyz,1415,"(('Br', 0), ('C', 7), ('Cl', 0), ('F', 0), ('H', 10), ('I', 0), ('N', 0), ('O', 2), ('S', 0))",19,51,complete,51,0,0,False,False,True
dsC7O2H10nsd_1416.xyz,1416,"(('Br', 0), ('C', 7), ('Cl', 0), ('F', 0), ('H', 10), ('I', 0), ('N', 0), ('O', 2), ('S', 0))",19,51,complete,51,0,0,False,False,True
dsC7O2H10nsd_1417.xyz,1417,"(('Br', 0), ('C', 7), ('Cl', 0), ('F', 0), ('H', 10), ('I', 0), ('N', 0), ('O', 2), ('S', 0))",19,51,complete,51,0,0,False,False,True
dsC7O2H10nsd_1418.xyz,1418,"(('Br', 0), ('C', 7), ('Cl', 0), ('F', 0), ('H', 10), ('I', 0), ('N', 0), ('O', 2), ('S', 0))",19,51,complete,51,0,0,False,False,True
dsC7O2H10nsd_1419.xyz,1419,"(('Br', 0), ('C', 7), ('Cl', 0), ('F', 0), ('H', 10), ('I', 0), ('N', 0), ('O', 2), ('S', 0))",19,51,complete,51,0,0,False,False,True
dsC7O2H10nsd_1420.xyz,1420,"(('Br', 0), ('C', 7), ('Cl', 0), ('F', 0), ('H', 10), ('I', 0), ('N', 0), ('O', 2), ('S', 0))",19,51,complete,51,0,0,False,False,True
dsC7O2H10nsd_1421.xyz,1421,"(('Br', 0), ('C', 7), ('Cl', 0), ('F', 0), ('H', 10), ('I', 0), ('N', 0), ('O', 2), ('S', 0))",19,51,complete,51,0,0,False,False,True
dsC7O2H10nsd_1422.xyz,1422,"(('Br', 0), ('C', 7), ('Cl', 0), ('F', 0), ('H', 10), ('I', 0), ('N', 0), ('O', 2), ('S', 0))",19,51,complete,51,0,0,False,False,True
dsC7O2H10nsd_1423.xyz,1423,"(('Br', 0), ('C', 7), ('Cl', 0), ('F', 0), ('H', 10), ('I', 0), ('N', 0), ('O', 2), ('S', 0))",19,51,complete,51,0,0,False,False,True
dsC7O2H10nsd_1424.xyz,1424,"(('Br', 0), ('C', 7), ('Cl', 0), ('F', 0), ('H', 10), ('I', 0), ('N', 0), ('O', 2), ('S', 0))",19,51,complete,51,0,0,False,False,True
dsC7O2H10nsd_1425.xyz,1425,"(('Br', 0), ('C', 7), ('Cl', 0), ('F', 0), ('H', 10), ('I', 0), ('N', 0), ('O', 2), ('S', 0))",19,51,complete,51,0,0,False,False,True
dsC7O2H10nsd_1426.xyz,1426,"(('Br', 0), ('C', 7), ('Cl', 0), ('F', 0), ('H', 10), ('I', 0), ('N', 0), ('O', 2), ('S', 0))",19,51,complete,51,0,0,False,False,True
dsC7O2H10nsd_1427.xyz,1427,"(('Br', 0), ('C', 7), ('Cl', 0), ('F', 0), ('H', 10), ('I', 0), ('N', 0), ('O', 2), ('S', 0))",19,51,complete,51,0,0,False,False,True
dsC7O2H10nsd_1428.xyz,1428,"(('Br', 0), ('C', 7), ('Cl', 0), ('F', 0), ('H', 10), ('I', 0), ('N', 0), ('O', 2), ('S', 0))",19,51,complete,51,0,0,False,False,True
dsC7O2H10nsd_1429.xyz,1429,"(('Br', 0), ('C', 7), ('Cl', 0), ('F', 0), ('H', 10), ('I', 0), ('N', 0), ('O', 2), ('S', 0))",19,51,complete,51,0,0,False,False,True
dsC7O2H10nsd_1430.xyz,1430,"(('Br', 0), ('C', 7), ('Cl', 0), ('F', 0), ('H', 10), ('I', 0), ('N', 0), ('O', 2), ('S', 0))",19,51,complete,51,0,0,False,False,True
dsC7O2H10nsd_1431.xyz,1431,"(('Br', 0), ('C', 7), ('Cl', 0), ('F', 0), ('H', 10), ('I', 0), ('N', 0), ('O', 2), ('S', 0))",19,51,complete,51,0,0,False,False,True
dsC7O2H10nsd_1432.xyz,1432,"(('Br', 0), ('C', 7), ('Cl', 0), ('F', 0), ('H', 10), ('I', 0), ('N', 0), ('O', 2), ('S', 0))",19,51,complete,51,0,0,False,False,True
dsC7O2H10nsd_1433.xyz,1433,"(('Br', 0), ('C', 7), ('Cl', 0), ('F', 0), ('H', 10), ('I', 0), ('N', 0), ('O', 2), ('S', 0))",19,51,complete,51,0,0,False,False,True
dsC7O2H10nsd_1434.xyz,1434,"(('Br', 0), ('C', 7), ('Cl', 0), ('F', 0), ('H', 10), ('I', 0), ('N', 0), ('O', 2), ('S', 0))",19,51,complete,51,0,0,False,False,True
dsC7O2H10nsd_1435.xyz,1435,"(('Br', 0), ('C', 7), ('Cl', 0), ('F', 0), ('H', 10), ('I', 0), ('N', 0), ('O', 2), ('S', 0))",19,51,complete,51,0,0,False,False,True
dsC7O2H10nsd_1436.xyz,1436,"(('Br', 0), ('C', 7), ('Cl', 0), ('F', 0), ('H', 10), ('I', 0), ('N', 0), ('O', 2), ('S', 0))",19,51,complete,51,0,0,False,False,True
dsC7O2H10nsd_1437.xyz,1437,"(('Br', 0), ('C', 7), ('Cl', 0), ('F', 0), ('H', 10), ('I', 0), ('N', 0), ('O', 2), ('S', 0))",19,51,complete,51,0,0,False,False,True
dsC7O2H10nsd_1438.xyz,1438,"(('Br', 0), ('C', 7), ('Cl', 0), ('F', 0), ('H', 10), ('I', 0), ('N', 0), ('O', 2), ('S', 0))",19,51,complete,51,0,0,False,False,True
dsC7O2H10nsd_1439.xyz,1439,"(('Br', 0), ('C', 7), ('Cl', 0), ('F', 0), ('H', 10), ('I', 0), ('N', 0), ('O', 2), ('S', 0))",19,51,complete,51,0,0,False,False,True
dsC7O2H10nsd_1440.xyz,1440,"(('Br', 0), ('C', 7), ('Cl', 0), ('F', 0), ('H', 10), ('I', 0), ('N', 0), ('O', 2), ('S', 0))",19,51,complete,51,0,0,False,False,True
dsC7O2H10nsd_1441.xyz,1441,"(('Br', 0), ('C', 7), ('Cl', 0), ('F', 0), ('H', 10), ('I', 0), ('N', 0), ('O', 2), ('S', 0))",19,51,complete,51,0,0,False,False,True
dsC7O2H10nsd_1442.xyz,1442,"(('Br', 0), ('C', 7), ('Cl', 0), ('F', 0), ('H', 10), ('I', 0), ('N', 0), ('O', 2), ('S', 0))",19,51,complete,51,0,0,False,False,True
dsC7O2H10nsd_1443.xyz,1443,"(('Br', 0), ('C', 7), ('Cl', 0), ('F', 0), ('H', 10), ('I', 0), ('N', 0), ('O', 2), ('S', 0))",19,51,complete,51,0,0,False,False,True
dsC7O2H10nsd_1444.xyz,1444,"(('Br', 0), ('C', 7), ('Cl', 0), ('F', 0), ('H', 10), ('I', 0), ('N', 0), ('O', 2), ('S', 0))",19,51,complete,51,0,0,False,False,True
dsC7O2H10nsd_1445.xyz,1445,"(('Br', 0), ('C', 7), ('Cl', 0), ('F', 0), ('H', 10), ('I', 0), ('N', 0), ('O', 2), ('S', 0))",19,51,complete,51,0,0,False,False,True
dsC7O2H10nsd_1446.xyz,1446,"(('Br', 0), ('C', 7), ('Cl', 0), ('F', 0), ('H', 10), ('I', 0), ('N', 0), ('O', 2), ('S', 0))",19,51,complete,51,0,0,False,False,True
dsC7O2H10nsd_1447.xyz,1447,"(('Br', 0), ('C', 7), ('Cl', 0), ('F', 0), ('H', 10), ('I', 0), ('N', 0), ('O', 2), ('S', 0))",19,51,complete,51,0,0,False,False,True
dsC7O2H10nsd_1448.xyz,1448,"(('Br', 0), ('C', 7), ('Cl', 0), ('F', 0), ('H', 10), ('I', 0), ('N', 0), ('O', 2), ('S', 0))",19,51,complete,51,0,0,False,False,True
dsC7O2H10nsd_1449.xyz,1449,"(('Br', 0), ('C', 7), ('Cl', 0), ('F', 0), ('H', 10), ('I', 0), ('N', 0), ('O', 2), ('S', 0))",19,51,complete,51,0,0,False,False,True
dsC7O2H10nsd_1450.xyz,1450,"(('Br', 0), ('C', 7), ('Cl', 0), ('F', 0), ('H', 10), ('I', 0), ('N', 0), ('O', 2), ('S', 0))",19,51,complete,51,0,0,False,False,True
dsC7O2H10nsd_1451.xyz,1451,"(('Br', 0), ('C', 7), ('Cl', 0), ('F', 0), ('H', 10), ('I', 0), ('N', 0), ('O', 2), ('S', 0))",19,51,complete,51,0,0,False,False,True
dsC7O2H10nsd_1452.xyz,1452,"(('Br', 0), ('C', 7), ('Cl', 0), ('F', 0), ('H', 10), ('I', 0), ('N', 0), ('O', 2), ('S', 0))",19,51,complete,51,0,0,False,False,True
dsC7O2H10nsd_1453.xyz,1453,"(('Br', 0), ('C', 7), ('Cl', 0), ('F', 0), ('H', 10), ('I', 0), ('N', 0), ('O', 2), ('S', 0))",19,51,complete,51,0,0,False,False,True
dsC7O2H10nsd_1454.xyz,1454,"(('Br', 0), ('C', 7), ('Cl', 0), ('F', 0), ('H', 10), ('I', 0), ('N', 0), ('O', 2), ('S', 0))",19,51,complete,51,0,0,False,False,True
dsC7O2H10nsd_1455.xyz,1455,"(('Br', 0), ('C', 7), ('Cl', 0), ('F', 0), ('H', 10), ('I', 0), ('N', 0), ('O', 2), ('S', 0))",19,51,complete,51,0,0,False,False,True
dsC7O2H10nsd_1456.xyz,1456,"(('Br', 0), ('C', 7), ('Cl', 0), ('F', 0), ('H', 10), ('I', 0), ('N', 0), ('O', 2), ('S', 0))",19,51,complete,51,0,0,False,False,True
dsC7O2H10nsd_1457.xyz,1457,"(('Br', 0), ('C', 7), ('Cl', 0), ('F', 0), ('H', 10), ('I', 0), ('N', 0), ('O', 2), ('S', 0))",19,51,complete,51,0,0,False,False,True
dsC7O2H10nsd_1458.xyz,1458,"(('Br', 0), ('C', 7), ('Cl', 0), ('F', 0), ('H', 10), ('I', 0), ('N', 0), ('O', 2), ('S', 0))",19,51,complete,51,0,0,False,False,True
dsC7O2H10nsd_1459.xyz,1459,"(('Br', 0), ('C', 7), ('Cl', 0), ('F', 0), ('H', 10), ('I', 0), ('N', 0), ('O', 2), ('S', 0))",19,51,complete,51,0,0,False,False,True
dsC7O2H10nsd_1460.xyz,1460,"(('Br', 0), ('C', 7), ('Cl', 0), ('F', 0), ('H', 10), ('I', 0), ('N', 0), ('O', 2), ('S', 0))",19,51,complete,51,0,0,False,False,True
dsC7O2H10nsd_1461.xyz,1461,"(('Br', 0), ('C', 7), ('Cl', 0), ('F', 0), ('H', 10), ('I', 0), ('N', 0), ('O', 2), ('S', 0))",19,51,complete,51,0,0,False,False,True
dsC7O2H10nsd_1462.xyz,1462,"(('Br', 0), ('C', 7), ('Cl', 0), ('F', 0), ('H', 10), ('I', 0), ('N', 0), ('O', 2), ('S', 0))",19,51,complete,51,0,0,False,False,True
dsC7O2H10nsd_1463.xyz,1463,"(('Br', 0), ('C', 7), ('Cl', 0), ('F', 0), ('H', 10), ('I', 0), ('N', 0), ('O', 2), ('S', 0))",19,51,complete,51,0,0,False,False,True
dsC7O2H10nsd_1464.xyz,1464,"(('Br', 0), ('C', 7), ('Cl', 0), ('F', 0), ('H', 10), ('I', 0), ('N', 0), ('O', 2), ('S', 0))",19,51,complete,51,0,0,False,False,True
dsC7O2H10nsd_1465.xyz,1465,"(('Br', 0), ('C', 7), ('Cl', 0), ('F', 0), ('H', 10), ('I', 0), ('N', 0), ('O', 2), ('S', 0))",19,51,complete,51,0,0,False,False,True
dsC7O2H10nsd_1466.xyz,1466,"(('Br', 0), ('C', 7), ('Cl', 0), ('F', 0), ('H', 10), ('I', 0), ('N', 0), ('O', 2), ('S', 0))",19,51,complete,51,0,0,False,False,True
dsC7O2H10nsd_1467.xyz,1467,"(('Br', 0), ('C', 7), ('Cl', 0), ('F', 0), ('H', 10), ('I', 0), ('N', 0), ('O', 2), ('S', 0))",19,51,complete,51,0,0,False,False,True
dsC7O2H10nsd_1468.xyz,1468,"(('Br', 0), ('C', 7), ('Cl', 0), ('F', 0), ('H', 10), ('I', 0), ('N', 0), ('O', 2), ('S', 0))",19,51,complete,51,0,0,False,False,True
dsC7O2H10nsd_1469.xyz,1469,"(('Br', 0), ('C', 7), ('Cl', 0), ('F', 0), ('H', 10), ('I', 0), ('N', 0), ('O', 2), ('S', 0))",19,51,complete,51,0,0,False,False,True
dsC7O2H10nsd_1470.xyz,1470,"(('Br', 0), ('C', 7), ('Cl', 0), ('F', 0), ('H', 10), ('I', 0), ('N', 0), ('O', 2), ('S', 0))",19,51,complete,51,0,0,False,False,True
dsC7O2H10nsd_1471.xyz,1471,"(('Br', 0), ('C', 7), ('Cl', 0), ('F', 0), ('H', 10), ('I', 0), ('N', 0), ('O', 2), ('S', 0))",19,51,complete,51,0,0,False,False,True
dsC7O2H10nsd_1472.xyz,1472,"(('Br', 0), ('C', 7), ('Cl', 0), ('F', 0), ('H', 10), ('I', 0), ('N', 0), ('O', 2), ('S', 0))",19,51,complete,51,0,0,False,False,True
dsC7O2H10nsd_1473.xyz,1473,"(('Br', 0), ('C', 7), ('Cl', 0), ('F', 0), ('H', 10), ('I', 0), ('N', 0), ('O', 2), ('S', 0))",19,51,complete,51,0,0,False,False,True
dsC7O2H10nsd_1474.xyz,1474,"(('Br', 0), ('C', 7), ('Cl', 0), ('F', 0), ('H', 10), ('I', 0), ('N', 0), ('O', 2), ('S', 0))",19,51,complete,51,0,0,False,False,True
dsC7O2H10nsd_1475.xyz,1475,"(('Br', 0), ('C', 7), ('Cl', 0), ('F', 0), ('H', 10), ('I', 0), ('N', 0), ('O', 2), ('S', 0))",19,51,complete,51,0,0,False,False,True
dsC7O2H10nsd_1476.xyz,1476,"(('Br', 0), ('C', 7), ('Cl', 0), ('F', 0), ('H', 10), ('I', 0), ('N', 0), ('O', 2), ('S', 0))",19,51,complete,51,0,0,False,False,True
dsC7O2H10nsd_1477.xyz,1477,"(('Br', 0), ('C', 7), ('Cl', 0), ('F', 0), ('H', 10), ('I', 0), ('N', 0), ('O', 2), ('S', 0))",19,51,complete,51,0,0,False,False,True
dsC7O2H10nsd_1478.xyz,1478,"(('Br', 0), ('C', 7), ('Cl', 0), ('F', 0), ('H', 10), ('I', 0), ('N', 0), ('O', 2), ('S', 0))",19,51,complete,51,0,0,False,False,True
dsC7O2H10nsd_1479.xyz,1479,"(('Br', 0), ('C', 7), ('Cl', 0), ('F', 0), ('H', 10), ('I', 0), ('N', 0), ('O', 2), ('S', 0))",19,51,complete,51,0,0,False,False,True
dsC7O2H10nsd_1480.xyz,1480,"(('Br', 0), ('C', 7), ('Cl', 0), ('F', 0), ('H', 10), ('I', 0), ('N', 0), ('O', 2), ('S', 0))",19,51,complete,51,0,0,False,False,True
dsC7O2H10nsd_1481.xyz,1481,"(('Br', 0), ('C', 7), ('Cl', 0), ('F', 0), ('H', 10), ('I', 0), ('N', 0), ('O', 2), ('S', 0))",19,51,complete,51,0,0,False,False,True
dsC7O2H10nsd_1482.xyz,1482,"(('Br', 0), ('C', 7), ('Cl', 0), ('F', 0), ('H', 10), ('I', 0), ('N', 0), ('O', 2), ('S', 0))",19,51,complete,51,0,0,False,False,True
dsC7O2H10nsd_1483.xyz,1483,"(('Br', 0), ('C', 7), ('Cl', 0), ('F', 0), ('H', 10), ('I', 0), ('N', 0), ('O', 2), ('S', 0))",19,51,complete,51,0,0,False,False,True
dsC7O2H10nsd_1484.xyz,1484,"(('Br', 0), ('C', 7), ('Cl', 0), ('F', 0), ('H', 10), ('I', 0), ('N', 0), ('O', 2), ('S', 0))",19,51,complete,51,0,0,False,False,True
dsC7O2H10nsd_1485.xyz,1485,"(('Br', 0), ('C', 7), ('Cl', 0), ('F', 0), ('H', 10), ('I', 0), ('N', 0), ('O', 2), ('S', 0))",19,51,complete,51,0,0,False,False,True
dsC7O2H10nsd_1486.xyz,1486,"(('Br', 0), ('C', 7), ('Cl', 0), ('F', 0), ('H', 10), ('I', 0), ('N', 0), ('O', 2), ('S', 0))",19,51,complete,51,0,0,False,False,True
dsC7O2H10nsd_1487.xyz,1487,"(('Br', 0), ('C', 7), ('Cl', 0), ('F', 0), ('H', 10), ('I', 0), ('N', 0), ('O', 2), ('S', 0))",19,51,complete,51,0,0,False,False,True
dsC7O2H10nsd_1488.xyz,1488,"(('Br', 0), ('C', 7), ('Cl', 0), ('F', 0), ('H', 10), ('I', 0), ('N', 0), ('O', 2), ('S', 0))",19,51,complete,51,0,0,False,False,True
dsC7O2H10nsd_1489.xyz,1489,"(('Br', 0), ('C', 7), ('Cl', 0), ('F', 0), ('H', 10), ('I', 0), ('N', 0), ('O', 2), ('S', 0))",19,51,complete,51,0,0,False,False,True
dsC7O2H10nsd_1490.xyz,1490,"(('Br', 0), ('C', 7), ('Cl', 0), ('F', 0), ('H', 10), ('I', 0), ('N', 0), ('O', 2), ('S', 0))",19,51,complete,51,0,0,False,False,True
dsC7O2H10nsd_1491.xyz,1491,"(('Br', 0), ('C', 7), ('Cl', 0), ('F', 0), ('H', 10), ('I', 0), ('N', 0), ('O', 2), ('S', 0))",19,51,complete,51,0,0,False,False,True
dsC7O2H10nsd_1492.xyz,1492,"(('Br', 0), ('C', 7), ('Cl', 0), ('F', 0), ('H', 10), ('I', 0), ('N', 0), ('O', 2), ('S', 0))",19,51,complete,51,0,0,False,False,True
dsC7O2H10nsd_1493.xyz,1493,"(('Br', 0), ('C', 7), ('Cl', 0), ('F', 0), ('H', 10), ('I', 0), ('N', 0), ('O', 2), ('S', 0))",19,51,complete,51,0,0,False,False,True
dsC7O2H10nsd_1494.xyz,1494,"(('Br', 0), ('C', 7), ('Cl', 0), ('F', 0), ('H', 10), ('I', 0), ('N', 0), ('O', 2), ('S', 0))",19,51,complete,51,0,0,False,False,True
dsC7O2H10nsd_1495.xyz,1495,"(('Br', 0), ('C', 7), ('Cl', 0), ('F', 0), ('H', 10), ('I', 0), ('N', 0), ('O', 2), ('S', 0))",19,51,complete,51,0,0,True,True,True
dsC7O2H10nsd_1496.xyz,1496,"(('Br', 0), ('C', 7), ('Cl', 0), ('F', 0), ('H', 10), ('I', 0), ('N', 0), ('O', 2), ('S', 0))",19,51,complete,51,0,0,False,False,True
dsC7O2H10nsd_1497.xyz,1497,"(('Br', 0), ('C', 7), ('Cl', 0), ('F', 0), ('H', 10), ('I', 0), ('N', 0), ('O', 2), ('S', 0))",19,51,complete,51,0,0,True,True,True
dsC7O2H10nsd_1498.xyz,1498,"(('Br', 0), ('C', 7), ('Cl', 0), ('F', 0), ('H', 10), ('I', 0), ('N', 0), ('O', 2), ('S', 0))",19,51,complete,51,0,0,False,False,True
dsC7O2H10nsd_1499.xyz,1499,"(('Br', 0), ('C', 7), ('Cl', 0), ('F', 0), ('H', 10), ('I', 0), ('N', 0), ('O', 2), ('S', 0))",19,51,complete,51,0,0,False,True,True
dsC7O2H10nsd_1500.xyz,1500,"(('Br', 0), ('C', 7), ('Cl', 0), ('F', 0), ('H', 10), ('I', 0), ('N', 0), ('O', 2), ('S', 0))",19,51,complete,51,0,0,False,False,True
dsC7O2H10nsd_1501.xyz,1501,"(('Br', 0), ('C', 7), ('Cl', 0), ('F', 0), ('H', 10), ('I', 0), ('N', 0), ('O', 2), ('S', 0))",19,51,complete,51,0,0,False,False,True
dsC7O2H10nsd_1502.xyz,1502,"(('Br', 0), ('C', 7), ('Cl', 0), ('F', 0), ('H', 10), ('I', 0), ('N', 0), ('O', 2), ('S', 0))",19,51,complete,51,0,0,False,False,True
dsC7O2H10nsd_1503.xyz,1503,"(('Br', 0), ('C', 7), ('Cl', 0), ('F', 0), ('H', 10), ('I', 0), ('N', 0), ('O', 2), ('S', 0))",19,51,complete,51,0,0,False,False,True
dsC7O2H10nsd_1504.xyz,1504,"(('Br', 0), ('C', 7), ('Cl', 0), ('F', 0), ('H', 10), ('I', 0), ('N', 0), ('O', 2), ('S', 0))",19,51,complete,51,0,0,False,False,True
dsC7O2H10nsd_1505.xyz,1505,"(('Br', 0), ('C', 7), ('Cl', 0), ('F', 0), ('H', 10), ('I', 0), ('N', 0), ('O', 2), ('S', 0))",19,102,incomplete_count,102,0,0,True,True,True
dsC7O2H10nsd_1506.xyz,1506,"(('Br', 0), ('C', 7), ('Cl', 0), ('F', 0), ('H', 10), ('I', 0), ('N', 0), ('O', 2), ('S', 0))",19,51,complete,51,0,0,True,True,True
dsC7O2H10nsd_1507.xyz,1507,"(('Br', 0), ('C', 7), ('Cl', 0), ('F', 0), ('H', 10), ('I', 0), ('N', 0), ('O', 2), ('S', 0))",19,51,complete,51,0,0,False,False,True
dsC7O2H10nsd_1508.xyz,1508,"(('Br', 0), ('C', 7), ('Cl', 0), ('F', 0), ('H', 10), ('I', 0), ('N', 0), ('O', 2), ('S', 0))",19,51,complete,51,0,0,False,False,True
dsC7O2H10nsd_1509.xyz,1509,"(('Br', 0), ('C', 7), ('Cl', 0), ('F', 0), ('H', 10), ('I', 0), ('N', 0), ('O', 2), ('S', 0))",19,51,complete,51,0,0,False,False,True
dsC7O2H10nsd_1510.xyz,1510,"(('Br', 0), ('C', 7), ('Cl', 0), ('F', 0), ('H', 10), ('I', 0), ('N', 0), ('O', 2), ('S', 0))",19,51,complete,51,0,0,False,False,True
dsC7O2H10nsd_1511.xyz,1511,"(('Br', 0), ('C', 7), ('Cl', 0), ('F', 0), ('H', 10), ('I', 0), ('N', 0), ('O', 2), ('S', 0))",19,51,complete,51,0,0,False,False,True
dsC7O2H10nsd_1512.xyz,1512,"(('Br', 0), ('C', 7), ('Cl', 0), ('F', 0), ('H', 10), ('I', 0), ('N', 0), ('O', 2), ('S', 0))",19,51,complete,51,0,0,True,True,True
dsC7O2H10nsd_1513.xyz,1513,"(('Br', 0), ('C', 7), ('Cl', 0), ('F', 0), ('H', 10), ('I', 0), ('N', 0), ('O', 2), ('S', 0))",19,51,complete,51,0,0,False,False,True
dsC7O2H10nsd_1514.xyz,1514,"(('Br', 0), ('C', 7), ('Cl', 0), ('F', 0), ('H', 10), ('I', 0), ('N', 0), ('O', 2), ('S', 0))",19,51,complete,51,0,0,False,False,True
dsC7O2H10nsd_1515.xyz,1515,"(('Br', 0), ('C', 7), ('Cl', 0), ('F', 0), ('H', 10), ('I', 0), ('N', 0), ('O', 2), ('S', 0))",19,51,complete,51,0,0,False,False,True
dsC7O2H10nsd_1516.xyz,1516,"(('Br', 0), ('C', 7), ('Cl', 0), ('F', 0), ('H', 10), ('I', 0), ('N', 0), ('O', 2), ('S', 0))",19,51,complete,51,0,0,False,True,True
dsC7O2H10nsd_1517.xyz,1517,"(('Br', 0), ('C', 7), ('Cl', 0), ('F', 0), ('H', 10), ('I', 0), ('N', 0), ('O', 2), ('S', 0))",19,51,complete,51,0,0,False,False,True
dsC7O2H10nsd_1518.xyz,1518,"(('Br', 0), ('C', 7), ('Cl', 0), ('F', 0), ('H', 10), ('I', 0), ('N', 0), ('O', 2), ('S', 0))",19,51,complete,51,0,0,False,False,True
dsC7O2H10nsd_1519.xyz,1519,"(('Br', 0), ('C', 7), ('Cl', 0), ('F', 0), ('H', 10), ('I', 0), ('N', 0), ('O', 2), ('S', 0))",19,51,complete,51,0,0,False,False,True
dsC7O2H10nsd_1520.xyz,1520,"(('Br', 0), ('C', 7), ('Cl', 0), ('F', 0), ('H', 10), ('I', 0), ('N', 0), ('O', 2), ('S', 0))",19,51,complete,51,0,0,False,False,True
dsC7O2H10nsd_1521.xyz,1521,"(('Br', 0), ('C', 7), ('Cl', 0), ('F', 0), ('H', 10), ('I', 0), ('N', 0), ('O', 2), ('S', 0))",19,51,complete,51,0,0,False,False,True
dsC7O2H10nsd_1522.xyz,1522,"(('Br', 0), ('C', 7), ('Cl', 0), ('F', 0), ('H', 10), ('I', 0), ('N', 0), ('O', 2), ('S', 0))",19,51,complete,51,0,0,False,False,True
dsC7O2H10nsd_1523.xyz,1523,"(('Br', 0), ('C', 7), ('Cl', 0), ('F', 0), ('H', 10), ('I', 0), ('N', 0), ('O', 2), ('S', 0))",19,51,complete,51,0,0,False,False,True
dsC7O2H10nsd_1524.xyz,1524,"(('Br', 0), ('C', 7), ('Cl', 0), ('F', 0), ('H', 10), ('I', 0), ('N', 0), ('O', 2), ('S', 0))",19,51,complete,51,0,0,False,False,True
dsC7O2H10nsd_1525.xyz,1525,"(('Br', 0), ('C', 7), ('Cl', 0), ('F', 0), ('H', 10), ('I', 0), ('N', 0), ('O', 2), ('S', 0))",19,51,complete,51,0,0,False,False,True
dsC7O2H10nsd_1526.xyz,1526,"(('Br', 0), ('C', 7), ('Cl', 0), ('F', 0), ('H', 10), ('I', 0), ('N', 0), ('O', 2), ('S', 0))",19,51,complete,51,0,0,False,False,True
dsC7O2H10nsd_1527.xyz,1527,"(('Br', 0), ('C', 7), ('Cl', 0), ('F', 0), ('H', 10), ('I', 0), ('N', 0), ('O', 2), ('S', 0))",19,51,complete,51,0,0,False,False,True
dsC7O2H10nsd_1528.xyz,1528,"(('Br', 0), ('C', 7), ('Cl', 0), ('F', 0), ('H', 10), ('I', 0), ('N', 0), ('O', 2), ('S', 0))",19,51,complete,51,0,0,False,False,True
dsC7O2H10nsd_1529.xyz,1529,"(('Br', 0), ('C', 7), ('Cl', 0), ('F', 0), ('H', 10), ('I', 0), ('N', 0), ('O', 2), ('S', 0))",19,51,complete,51,0,0,False,False,True
dsC7O2H10nsd_1530.xyz,1530,"(('Br', 0), ('C', 7), ('Cl', 0), ('F', 0), ('H', 10), ('I', 0), ('N', 0), ('O', 2), ('S', 0))",19,51,complete,51,0,0,False,False,True
dsC7O2H10nsd_1531.xyz,1531,"(('Br', 0), ('C', 7), ('Cl', 0), ('F', 0), ('H', 10), ('I', 0), ('N', 0), ('O', 2), ('S', 0))",19,51,complete,51,0,0,False,False,True
dsC7O2H10nsd_1532.xyz,1532,"(('Br', 0), ('C', 7), ('Cl', 0), ('F', 0), ('H', 10), ('I', 0), ('N', 0), ('O', 2), ('S', 0))",19,51,complete,51,0,0,True,True,True
dsC7O2H10nsd_1533.xyz,1533,"(('Br', 0), ('C', 7), ('Cl', 0), ('F', 0), ('H', 10), ('I', 0), ('N', 0), ('O', 2), ('S', 0))",19,51,complete,51,0,0,False,False,True
dsC7O2H10nsd_1534.xyz,1534,"(('Br', 0), ('C', 7), ('Cl', 0), ('F', 0), ('H', 10), ('I', 0), ('N', 0), ('O', 2), ('S', 0))",19,51,complete,51,0,0,False,False,True
dsC7O2H10nsd_1535.xyz,1535,"(('Br', 0), ('C', 7), ('Cl', 0), ('F', 0), ('H', 10), ('I', 0), ('N', 0), ('O', 2), ('S', 0))",19,51,complete,51,0,0,False,False,True
dsC7O2H10nsd_1536.xyz,1536,"(('Br', 0), ('C', 7), ('Cl', 0), ('F', 0), ('H', 10), ('I', 0), ('N', 0), ('O', 2), ('S', 0))",19,51,complete,51,0,0,False,False,True
dsC7O2H10nsd_1537.xyz,1537,"(('Br', 0), ('C', 7), ('Cl', 0), ('F', 0), ('H', 10), ('I', 0), ('N', 0), ('O', 2), ('S', 0))",19,51,complete,51,0,0,False,False,True
dsC7O2H10nsd_1538.xyz,1538,"(('Br', 0), ('C', 7), ('Cl', 0), ('F', 0), ('H', 10), ('I', 0), ('N', 0), ('O', 2), ('S', 0))",19,51,complete,51,0,0,False,False,True
dsC7O2H10nsd_1539.xyz,1539,"(('Br', 0), ('C', 7), ('Cl', 0), ('F', 0), ('H', 10), ('I', 0), ('N', 0), ('O', 2), ('S', 0))",19,51,complete,51,0,0,False,False,True
dsC7O2H10nsd_1540.xyz,1540,"(('Br', 0), ('C', 7), ('Cl', 0), ('F', 0), ('H', 10), ('I', 0), ('N', 0), ('O', 2), ('S', 0))",19,51,complete,51,0,0,False,False,True
dsC7O2H10nsd_1541.xyz,1541,"(('Br', 0), ('C', 7), ('Cl', 0), ('F', 0), ('H', 10), ('I', 0), ('N', 0), ('O', 2), ('S', 0))",19,51,complete,51,0,0,False,False,True
dsC7O2H10nsd_1542.xyz,1542,"(('Br', 0), ('C', 7), ('Cl', 0), ('F', 0), ('H', 10), ('I', 0), ('N', 0), ('O', 2), ('S', 0))",19,51,complete,51,0,0,False,False,True
dsC7O2H10nsd_1543.xyz,1543,"(('Br', 0), ('C', 7), ('Cl', 0), ('F', 0), ('H', 10), ('I', 0), ('N', 0), ('O', 2), ('S', 0))",19,51,complete,51,0,0,False,False,True
dsC7O2H10nsd_1544.xyz,1544,"(('Br', 0), ('C', 7), ('Cl', 0), ('F', 0), ('H', 10), ('I', 0), ('N', 0), ('O', 2), ('S', 0))",19,51,complete,51,0,0,False,False,True
dsC7O2H10nsd_1545.xyz,1545,"(('Br', 0), ('C', 7), ('Cl', 0), ('F', 0), ('H', 10), ('I', 0), ('N', 0), ('O', 2), ('S', 0))",19,51,complete,51,0,0,False,False,True
dsC7O2H10nsd_1546.xyz,1546,"(('Br', 0), ('C', 7), ('Cl', 0), ('F', 0), ('H', 10), ('I', 0), ('N', 0), ('O', 2), ('S', 0))",19,51,complete,51,0,0,False,False,True
dsC7O2H10nsd_1547.xyz,1547,"(('Br', 0), ('C', 7), ('Cl', 0), ('F', 0), ('H', 10), ('I', 0), ('N', 0), ('O', 2), ('S', 0))",19,51,complete,51,0,0,False,False,True
dsC7O2H10nsd_1548.xyz,1548,"(('Br', 0), ('C', 7), ('Cl', 0), ('F', 0), ('H', 10), ('I', 0), ('N', 0), ('O', 2), ('S', 0))",19,51,complete,51,0,0,False,False,True
dsC7O2H10nsd_1549.xyz,1549,"(('Br', 0), ('C', 7), ('Cl', 0), ('F', 0), ('H', 10), ('I', 0), ('N', 0), ('O', 2), ('S', 0))",19,51,complete,51,0,0,False,False,True
dsC7O2H10nsd_1550.xyz,1550,"(('Br', 0), ('C', 7), ('Cl', 0), ('F', 0), ('H', 10), ('I', 0), ('N', 0), ('O', 2), ('S', 0))",19,51,complete,51,0,0,False,False,True
dsC7O2H10nsd_1551.xyz,1551,"(('Br', 0), ('C', 7), ('Cl', 0), ('F', 0), ('H', 10), ('I', 0), ('N', 0), ('O', 2), ('S', 0))",19,51,complete,51,0,0,False,False,True
dsC7O2H10nsd_1552.xyz,1552,"(('Br', 0), ('C', 7), ('Cl', 0), ('F', 0), ('H', 10), ('I', 0), ('N', 0), ('O', 2), ('S', 0))",19,51,complete,51,0,0,False,False,True
dsC7O2H10nsd_1553.xyz,1553,"(('Br', 0), ('C', 7), ('Cl', 0), ('F', 0), ('H', 10), ('I', 0), ('N', 0), ('O', 2), ('S', 0))",19,51,complete,51,0,0,False,False,True
dsC7O2H10nsd_1554.xyz,1554,"(('Br', 0), ('C', 7), ('Cl', 0), ('F', 0), ('H', 10), ('I', 0), ('N', 0), ('O', 2), ('S', 0))",19,51,complete,51,0,0,False,False,True
dsC7O2H10nsd_1555.xyz,1555,"(('Br', 0), ('C', 7), ('Cl', 0), ('F', 0), ('H', 10), ('I', 0), ('N', 0), ('O', 2), ('S', 0))",19,51,complete,51,0,0,False,False,True
dsC7O2H10nsd_1556.xyz,1556,"(('Br', 0), ('C', 7), ('Cl', 0), ('F', 0), ('H', 10), ('I', 0), ('N', 0), ('O', 2), ('S', 0))",19,51,complete,51,0,0,False,False,True
dsC7O2H10nsd_1557.xyz,1557,"(('Br', 0), ('C', 7), ('Cl', 0), ('F', 0), ('H', 10), ('I', 0), ('N', 0), ('O', 2), ('S', 0))",19,51,complete,51,0,0,False,False,True
dsC7O2H10nsd_1558.xyz,1558,"(('Br', 0), ('C', 7), ('Cl', 0), ('F', 0), ('H', 10), ('I', 0), ('N', 0), ('O', 2), ('S', 0))",19,51,complete,51,0,0,False,False,True
dsC7O2H10nsd_1559.xyz,1559,"(('Br', 0), ('C', 7), ('Cl', 0), ('F', 0), ('H', 10), ('I', 0), ('N', 0), ('O', 2), ('S', 0))",19,51,complete,51,0,0,False,False,True
dsC7O2H10nsd_1560.xyz,1560,"(('Br', 0), ('C', 7), ('Cl', 0), ('F', 0), ('H', 10), ('I', 0), ('N', 0), ('O', 2), ('S', 0))",19,51,complete,51,0,0,False,False,True
dsC7O2H10nsd_1561.xyz,1561,"(('Br', 0), ('C', 7), ('Cl', 0), ('F', 0), ('H', 10), ('I', 0), ('N', 0), ('O', 2), ('S', 0))",19,51,complete,51,0,0,False,False,True
dsC7O2H10nsd_1562.xyz,1562,"(('Br', 0), ('C', 7), ('Cl', 0), ('F', 0), ('H', 10), ('I', 0), ('N', 0), ('O', 2), ('S', 0))",19,51,complete,51,0,0,False,False,True
dsC7O2H10nsd_1563.xyz,1563,"(('Br', 0), ('C', 7), ('Cl', 0), ('F', 0), ('H', 10), ('I', 0), ('N', 0), ('O', 2), ('S', 0))",19,51,complete,51,0,0,False,False,True
dsC7O2H10nsd_1564.xyz,1564,"(('Br', 0), ('C', 7), ('Cl', 0), ('F', 0), ('H', 10), ('I', 0), ('N', 0), ('O', 2), ('S', 0))",19,51,complete,51,0,0,False,False,True
dsC7O2H10nsd_1565.xyz,1565,"(('Br', 0), ('C', 7), ('Cl', 0), ('F', 0), ('H', 10), ('I', 0), ('N', 0), ('O', 2), ('S', 0))",19,51,complete,51,0,0,False,False,True
dsC7O2H10nsd_1566.xyz,1566,"(('Br', 0), ('C', 7), ('Cl', 0), ('F', 0), ('H', 10), ('I', 0), ('N', 0), ('O', 2), ('S', 0))",19,51,complete,51,0,0,False,False,True
dsC7O2H10nsd_1567.xyz,1567,"(('Br', 0), ('C', 7), ('Cl', 0), ('F', 0), ('H', 10), ('I', 0), ('N', 0), ('O', 2), ('S', 0))",19,51,complete,51,0,0,True,True,True
dsC7O2H10nsd_1568.xyz,1568,"(('Br', 0), ('C', 7), ('Cl', 0), ('F', 0), ('H', 10), ('I', 0), ('N', 0), ('O', 2), ('S', 0))",19,51,complete,51,0,0,False,False,True
dsC7O2H10nsd_1569.xyz,1569,"(('Br', 0), ('C', 7), ('Cl', 0), ('F', 0), ('H', 10), ('I', 0), ('N', 0), ('O', 2), ('S', 0))",19,51,complete,51,0,0,False,False,True
dsC7O2H10nsd_1570.xyz,1570,"(('Br', 0), ('C', 7), ('Cl', 0), ('F', 0), ('H', 10), ('I', 0), ('N', 0), ('O', 2), ('S', 0))",19,51,complete,51,0,0,False,False,True
dsC7O2H10nsd_1571.xyz,1571,"(('Br', 0), ('C', 7), ('Cl', 0), ('F', 0), ('H', 10), ('I', 0), ('N', 0), ('O', 2), ('S', 0))",19,51,complete,51,0,0,False,False,True
dsC7O2H10nsd_1572.xyz,1572,"(('Br', 0), ('C', 7), ('Cl', 0), ('F', 0), ('H', 10), ('I', 0), ('N', 0), ('O', 2), ('S', 0))",19,51,complete,51,0,0,False,False,True
dsC7O2H10nsd_1573.xyz,1573,"(('Br', 0), ('C', 7), ('Cl', 0), ('F', 0), ('H', 10), ('I', 0), ('N', 0), ('O', 2), ('S', 0))",19,51,complete,51,0,0,True,True,True
dsC7O2H10nsd_1574.xyz,1574,"(('Br', 0), ('C', 7), ('Cl', 0), ('F', 0), ('H', 10), ('I', 0), ('N', 0), ('O', 2), ('S', 0))",19,51,complete,51,0,0,True,True,True
dsC7O2H10nsd_1575.xyz,1575,"(('Br', 0), ('C', 7), ('Cl', 0), ('F', 0), ('H', 10), ('I', 0), ('N', 0), ('O', 2), ('S', 0))",19,51,complete,51,0,0,True,True,True
dsC7O2H10nsd_1576.xyz,1576,"(('Br', 0), ('C', 7), ('Cl', 0), ('F', 0), ('H', 10), ('I', 0), ('N', 0), ('O', 2), ('S', 0))",19,51,complete,51,0,0,False,False,True
dsC7O2H10nsd_1577.xyz,1577,"(('Br', 0), ('C', 7), ('Cl', 0), ('F', 0), ('H', 10), ('I', 0), ('N', 0), ('O', 2), ('S', 0))",19,51,complete,51,0,0,False,False,True
dsC7O2H10nsd_1578.xyz,1578,"(('Br', 0), ('C', 7), ('Cl', 0), ('F', 0), ('H', 10), ('I', 0), ('N', 0), ('O', 2), ('S', 0))",19,51,complete,51,0,0,False,False,True
dsC7O2H10nsd_1579.xyz,1579,"(('Br', 0), ('C', 7), ('Cl', 0), ('F', 0), ('H', 10), ('I', 0), ('N', 0), ('O', 2), ('S', 0))",19,51,complete,51,0,0,False,False,True
dsC7O2H10nsd_1580.xyz,1580,"(('Br', 0), ('C', 7), ('Cl', 0), ('F', 0), ('H', 10), ('I', 0), ('N', 0), ('O', 2), ('S', 0))",19,51,complete,51,0,0,False,True,True
dsC7O2H10nsd_1581.xyz,1581,"(('Br', 0), ('C', 7), ('Cl', 0), ('F', 0), ('H', 10), ('I', 0), ('N', 0), ('O', 2), ('S', 0))",19,51,complete,51,0,0,False,False,True
dsC7O2H10nsd_1582.xyz,1582,"(('Br', 0), ('C', 7), ('Cl', 0), ('F', 0), ('H', 10), ('I', 0), ('N', 0), ('O', 2), ('S', 0))",19,51,complete,51,0,0,False,False,True
dsC7O2H10nsd_1583.xyz,1583,"(('Br', 0), ('C', 7), ('Cl', 0), ('F', 0), ('H', 10), ('I', 0), ('N', 0), ('O', 2), ('S', 0))",19,51,complete,51,0,0,False,False,True
dsC7O2H10nsd_1584.xyz,1584,"(('Br', 0), ('C', 7), ('Cl', 0), ('F', 0), ('H', 10), ('I', 0), ('N', 0), ('O', 2), ('S', 0))",19,51,complete,51,0,0,False,False,True
dsC7O2H10nsd_1585.xyz,1585,"(('Br', 0), ('C', 7), ('Cl', 0), ('F', 0), ('H', 10), ('I', 0), ('N', 0), ('O', 2), ('S', 0))",19,51,complete,51,0,0,False,False,True
dsC7O2H10nsd_1586.xyz,1586,"(('Br', 0), ('C', 7), ('Cl', 0), ('F', 0), ('H', 10), ('I', 0), ('N', 0), ('O', 2), ('S', 0))",19,51,complete,51,0,0,True,True,True
dsC7O2H10nsd_1587.xyz,1587,"(('Br', 0), ('C', 7), ('Cl', 0), ('F', 0), ('H', 10), ('I', 0), ('N', 0), ('O', 2), ('S', 0))",19,51,complete,51,0,0,False,False,True
dsC7O2H10nsd_1588.xyz,1588,"(('Br', 0), ('C', 7), ('Cl', 0), ('F', 0), ('H', 10), ('I', 0), ('N', 0), ('O', 2), ('S', 0))",19,51,complete,51,0,0,True,True,True
dsC7O2H10nsd_1589.xyz,1589,"(('Br', 0), ('C', 7), ('Cl', 0), ('F', 0), ('H', 10), ('I', 0), ('N', 0), ('O', 2), ('S', 0))",19,51,complete,51,0,0,False,False,True
dsC7O2H10nsd_1590.xyz,1590,"(('Br', 0), ('C', 7), ('Cl', 0), ('F', 0), ('H', 10), ('I', 0), ('N', 0), ('O', 2), ('S', 0))",19,51,complete,51,0,0,False,False,True
dsC7O2H10nsd_1591.xyz,1591,"(('Br', 0), ('C', 7), ('Cl', 0), ('F', 0), ('H', 10), ('I', 0), ('N', 0), ('O', 2), ('S', 0))",19,51,complete,51,0,0,False,False,True
dsC7O2H10nsd_1592.xyz,1592,"(('Br', 0), ('C', 7), ('Cl', 0), ('F', 0), ('H', 10), ('I', 0), ('N', 0), ('O', 2), ('S', 0))",19,51,complete,51,0,0,False,False,True
dsC7O2H10nsd_1593.xyz,1593,"(('Br', 0), ('C', 7), ('Cl', 0), ('F', 0), ('H', 10), ('I', 0), ('N', 0), ('O', 2), ('S', 0))",19,51,complete,51,0,0,False,False,True
dsC7O2H10nsd_1594.xyz,1594,"(('Br', 0), ('C', 7), ('Cl', 0), ('F', 0), ('H', 10), ('I', 0), ('N', 0), ('O', 2), ('S', 0))",19,51,complete,51,0,0,False,False,True
dsC7O2H10nsd_1595.xyz,1595,"(('Br', 0), ('C', 7), ('Cl', 0), ('F', 0), ('H', 10), ('I', 0), ('N', 0), ('O', 2), ('S', 0))",19,102,incomplete_count,102,0,0,False,False,True
dsC7O2H10nsd_1596.xyz,1596,"(('Br', 0), ('C', 7), ('Cl', 0), ('F', 0), ('H', 10), ('I', 0), ('N', 0), ('O', 2), ('S', 0))",19,51,complete,51,0,0,False,False,True
dsC7O2H10nsd_1597.xyz,1597,"(('Br', 0), ('C', 7), ('Cl', 0), ('F', 0), ('H', 10), ('I', 0), ('N', 0), ('O', 2), ('S', 0))",19,51,complete,51,0,0,False,False,True
dsC7O2H10nsd_1598.xyz,1598,"(('Br', 0), ('C', 7), ('Cl', 0), ('F', 0), ('H', 10), ('I', 0), ('N', 0), ('O', 2), ('S', 0))",19,51,complete,51,0,0,False,False,True
dsC7O2H10nsd_1599.xyz,1599,"(('Br', 0), ('C', 7), ('Cl', 0), ('F', 0), ('H', 10), ('I', 0), ('N', 0), ('O', 2), ('S', 0))",19,51,complete,51,0,0,False,False,True
dsC7O2H10nsd_1600.xyz,1600,"(('Br', 0), ('C', 7), ('Cl', 0), ('F', 0), ('H', 10), ('I', 0), ('N', 0), ('O', 2), ('S', 0))",19,51,complete,51,0,0,False,False,True
dsC7O2H10nsd_1601.xyz,1601,"(('Br', 0), ('C', 7), ('Cl', 0), ('F', 0), ('H', 10), ('I', 0), ('N', 0), ('O', 2), ('S', 0))",19,51,complete,51,0,0,False,False,True
dsC7O2H10nsd_1602.xyz,1602,"(('Br', 0), ('C', 7), ('Cl', 0), ('F', 0), ('H', 10), ('I', 0), ('N', 0), ('O', 2), ('S', 0))",19,51,complete,51,0,0,False,False,True
dsC7O2H10nsd_1603.xyz,1603,"(('Br', 0), ('C', 7), ('Cl', 0), ('F', 0), ('H', 10), ('I', 0), ('N', 0), ('O', 2), ('S', 0))",19,51,complete,51,0,0,False,False,True
dsC7O2H10nsd_1604.xyz,1604,"(('Br', 0), ('C', 7), ('Cl', 0), ('F', 0), ('H', 10), ('I', 0), ('N', 0), ('O', 2), ('S', 0))",19,51,complete,51,0,0,False,False,True
dsC7O2H10nsd_1605.xyz,1605,"(('Br', 0), ('C', 7), ('Cl', 0), ('F', 0), ('H', 10), ('I', 0), ('N', 0), ('O', 2), ('S', 0))",19,51,complete,51,0,0,False,False,True
dsC7O2H10nsd_1606.xyz,1606,"(('Br', 0), ('C', 7), ('Cl', 0), ('F', 0), ('H', 10), ('I', 0), ('N', 0), ('O', 2), ('S', 0))",19,51,complete,51,0,0,True,True,True
dsC7O2H10nsd_1607.xyz,1607,"(('Br', 0), ('C', 7), ('Cl', 0), ('F', 0), ('H', 10), ('I', 0), ('N', 0), ('O', 2), ('S', 0))",19,51,complete,51,0,0,False,False,True
dsC7O2H10nsd_1608.xyz,1608,"(('Br', 0), ('C', 7), ('Cl', 0), ('F', 0), ('H', 10), ('I', 0), ('N', 0), ('O', 2), ('S', 0))",19,51,complete,51,0,0,False,False,True
dsC7O2H10nsd_1609.xyz,1609,"(('Br', 0), ('C', 7), ('Cl', 0), ('F', 0), ('H', 10), ('I', 0), ('N', 0), ('O', 2), ('S', 0))",19,51,complete,51,0,0,False,False,True
dsC7O2H10nsd_1610.xyz,1610,"(('Br', 0), ('C', 7), ('Cl', 0), ('F', 0), ('H', 10), ('I', 0), ('N', 0), ('O', 2), ('S', 0))",19,51,complete,51,0,0,True,True,True
dsC7O2H10nsd_1611.xyz,1611,"(('Br', 0), ('C', 7), ('Cl', 0), ('F', 0), ('H', 10), ('I', 0), ('N', 0), ('O', 2), ('S', 0))",19,51,complete,51,0,0,True,True,True
dsC7O2H10nsd_1612.xyz,1612,"(('Br', 0), ('C', 7), ('Cl', 0), ('F', 0), ('H', 10), ('I', 0), ('N', 0), ('O', 2), ('S', 0))",19,51,complete,51,0,0,False,False,True
dsC7O2H10nsd_1613.xyz,1613,"(('Br', 0), ('C', 7), ('Cl', 0), ('F', 0), ('H', 10), ('I', 0), ('N', 0), ('O', 2), ('S', 0))",19,51,complete,51,0,0,False,False,True
dsC7O2H10nsd_1614.xyz,1614,"(('Br', 0), ('C', 7), ('Cl', 0), ('F', 0), ('H', 10), ('I', 0), ('N', 0), ('O', 2), ('S', 0))",19,51,complete,51,0,0,False,False,True
dsC7O2H10nsd_1615.xyz,1615,"(('Br', 0), ('C', 7), ('Cl', 0), ('F', 0), ('H', 10), ('I', 0), ('N', 0), ('O', 2), ('S', 0))",19,51,complete,51,0,0,False,False,True
dsC7O2H10nsd_1616.xyz,1616,"(('Br', 0), ('C', 7), ('Cl', 0), ('F', 0), ('H', 10), ('I', 0), ('N', 0), ('O', 2), ('S', 0))",19,51,complete,51,0,0,True,True,True
dsC7O2H10nsd_1617.xyz,1617,"(('Br', 0), ('C', 7), ('Cl', 0), ('F', 0), ('H', 10), ('I', 0), ('N', 0), ('O', 2), ('S', 0))",19,51,complete,51,0,0,True,True,True
dsC7O2H10nsd_1618.xyz,1618,"(('Br', 0), ('C', 7), ('Cl', 0), ('F', 0), ('H', 10), ('I', 0), ('N', 0), ('O', 2), ('S', 0))",19,51,complete,51,0,0,True,True,True
dsC7O2H10nsd_1619.xyz,1619,"(('Br', 0), ('C', 7), ('Cl', 0), ('F', 0), ('H', 10), ('I', 0), ('N', 0), ('O', 2), ('S', 0))",19,51,complete,51,0,0,False,False,True
dsC7O2H10nsd_1620.xyz,1620,"(('Br', 0), ('C', 7), ('Cl', 0), ('F', 0), ('H', 10), ('I', 0), ('N', 0), ('O', 2), ('S', 0))",19,51,complete,51,0,0,False,False,True
dsC7O2H10nsd_1621.xyz,1621,"(('Br', 0), ('C', 7), ('Cl', 0), ('F', 0), ('H', 10), ('I', 0), ('N', 0), ('O', 2), ('S', 0))",19,51,complete,51,0,0,True,True,True
dsC7O2H10nsd_1622.xyz,1622,"(('Br', 0), ('C', 7), ('Cl', 0), ('F', 0), ('H', 10), ('I', 0), ('N', 0), ('O', 2), ('S', 0))",19,51,complete,51,0,0,False,False,True
dsC7O2H10nsd_1623.xyz,1623,"(('Br', 0), ('C', 7), ('Cl', 0), ('F', 0), ('H', 10), ('I', 0), ('N', 0), ('O', 2), ('S', 0))",19,51,complete,51,0,0,False,False,True
dsC7O2H10nsd_1624.xyz,1624,"(('Br', 0), ('C', 7), ('Cl', 0), ('F', 0), ('H', 10), ('I', 0), ('N', 0), ('O', 2), ('S', 0))",19,51,complete,51,0,0,False,False,True
dsC7O2H10nsd_1625.xyz,1625,"(('Br', 0), ('C', 7), ('Cl', 0), ('F', 0), ('H', 10), ('I', 0), ('N', 0), ('O', 2), ('S', 0))",19,51,complete,51,0,0,False,False,True
dsC7O2H10nsd_1626.xyz,1626,"(('Br', 0), ('C', 7), ('Cl', 0), ('F', 0), ('H', 10), ('I', 0), ('N', 0), ('O', 2), ('S', 0))",19,51,complete,51,0,0,False,False,True
dsC7O2H10nsd_1627.xyz,1627,"(('Br', 0), ('C', 7), ('Cl', 0), ('F', 0), ('H', 10), ('I', 0), ('N', 0), ('O', 2), ('S', 0))",19,51,complete,51,0,0,False,False,True
dsC7O2H10nsd_1628.xyz,1628,"(('Br', 0), ('C', 7), ('Cl', 0), ('F', 0), ('H', 10), ('I', 0), ('N', 0), ('O', 2), ('S', 0))",19,51,complete,51,0,0,False,False,True
dsC7O2H10nsd_1629.xyz,1629,"(('Br', 0), ('C', 7), ('Cl', 0), ('F', 0), ('H', 10), ('I', 0), ('N', 0), ('O', 2), ('S', 0))",19,51,complete,51,0,0,False,False,True
dsC7O2H10nsd_1630.xyz,1630,"(('Br', 0), ('C', 7), ('Cl', 0), ('F', 0), ('H', 10), ('I', 0), ('N', 0), ('O', 2), ('S', 0))",19,51,complete,51,0,0,False,False,True
dsC7O2H10nsd_1631.xyz,1631,"(('Br', 0), ('C', 7), ('Cl', 0), ('F', 0), ('H', 10), ('I', 0), ('N', 0), ('O', 2), ('S', 0))",19,51,complete,51,0,0,True,True,True
dsC7O2H10nsd_1632.xyz,1632,"(('Br', 0), ('C', 7), ('Cl', 0), ('F', 0), ('H', 10), ('I', 0), ('N', 0), ('O', 2), ('S', 0))",19,51,complete,51,0,0,False,False,True
dsC7O2H10nsd_1633.xyz,1633,"(('Br', 0), ('C', 7), ('Cl', 0), ('F', 0), ('H', 10), ('I', 0), ('N', 0), ('O', 2), ('S', 0))",19,51,complete,51,0,0,False,False,True
dsC7O2H10nsd_1634.xyz,1634,"(('Br', 0), ('C', 7), ('Cl', 0), ('F', 0), ('H', 10), ('I', 0), ('N', 0), ('O', 2), ('S', 0))",19,51,complete,51,0,0,False,False,True
dsC7O2H10nsd_1635.xyz,1635,"(('Br', 0), ('C', 7), ('Cl', 0), ('F', 0), ('H', 10), ('I', 0), ('N', 0), ('O', 2), ('S', 0))",19,51,complete,51,0,0,False,False,True
dsC7O2H10nsd_1636.xyz,1636,"(('Br', 0), ('C', 7), ('Cl', 0), ('F', 0), ('H', 10), ('I', 0), ('N', 0), ('O', 2), ('S', 0))",19,51,complete,51,0,0,False,False,True
dsC7O2H10nsd_1637.xyz,1637,"(('Br', 0), ('C', 7), ('Cl', 0), ('F', 0), ('H', 10), ('I', 0), ('N', 0), ('O', 2), ('S', 0))",19,51,complete,51,0,0,False,False,True
dsC7O2H10nsd_1638.xyz,1638,"(('Br', 0), ('C', 7), ('Cl', 0), ('F', 0), ('H', 10), ('I', 0), ('N', 0), ('O', 2), ('S', 0))",19,51,complete,51,0,0,True,True,True
dsC7O2H10nsd_1639.xyz,1639,"(('Br', 0), ('C', 7), ('Cl', 0), ('F', 0), ('H', 10), ('I', 0), ('N', 0), ('O', 2), ('S', 0))",19,51,complete,51,0,0,False,False,True
dsC7O2H10nsd_1640.xyz,1640,"(('Br', 0), ('C', 7), ('Cl', 0), ('F', 0), ('H', 10), ('I', 0), ('N', 0), ('O', 2), ('S', 0))",19,51,complete,51,0,0,False,False,True
dsC7O2H10nsd_1641.xyz,1641,"(('Br', 0), ('C', 7), ('Cl', 0), ('F', 0), ('H', 10), ('I', 0), ('N', 0), ('O', 2), ('S', 0))",19,51,complete,51,0,0,False,False,True
dsC7O2H10nsd_1642.xyz,1642,"(('Br', 0), ('C', 7), ('Cl', 0), ('F', 0), ('H', 10), ('I', 0), ('N', 0), ('O', 2), ('S', 0))",19,51,complete,51,0,0,False,False,True
dsC7O2H10nsd_1643.xyz,1643,"(('Br', 0), ('C', 7), ('Cl', 0), ('F', 0), ('H', 10), ('I', 0), ('N', 0), ('O', 2), ('S', 0))",19,51,complete,51,0,0,False,False,True
dsC7O2H10nsd_1644.xyz,1644,"(('Br', 0), ('C', 7), ('Cl', 0), ('F', 0), ('H', 10), ('I', 0), ('N', 0), ('O', 2), ('S', 0))",19,51,complete,51,0,0,False,False,True
dsC7O2H10nsd_1645.xyz,1645,"(('Br', 0), ('C', 7), ('Cl', 0), ('F', 0), ('H', 10), ('I', 0), ('N', 0), ('O', 2), ('S', 0))",19,51,complete,51,0,0,False,False,True
dsC7O2H10nsd_1646.xyz,1646,"(('Br', 0), ('C', 7), ('Cl', 0), ('F', 0), ('H', 10), ('I', 0), ('N', 0), ('O', 2), ('S', 0))",19,51,complete,51,0,0,False,False,True
dsC7O2H10nsd_1647.xyz,1647,"(('Br', 0), ('C', 7), ('Cl', 0), ('F', 0), ('H', 10), ('I', 0), ('N', 0), ('O', 2), ('S', 0))",19,51,complete,51,0,0,False,False,True
dsC7O2H10nsd_1648.xyz,1648,"(('Br', 0), ('C', 7), ('Cl', 0), ('F', 0), ('H', 10), ('I', 0), ('N', 0), ('O', 2), ('S', 0))",19,51,complete,51,0,0,False,False,True
dsC7O2H10nsd_1649.xyz,1649,"(('Br', 0), ('C', 7), ('Cl', 0), ('F', 0), ('H', 10), ('I', 0), ('N', 0), ('O', 2), ('S', 0))",19,51,complete,51,0,0,False,False,True
dsC7O2H10nsd_1650.xyz,1650,"(('Br', 0), ('C', 7), ('Cl', 0), ('F', 0), ('H', 10), ('I', 0), ('N', 0), ('O', 2), ('S', 0))",19,51,complete,51,0,0,False,False,True
dsC7O2H10nsd_1651.xyz,1651,"(('Br', 0), ('C', 7), ('Cl', 0), ('F', 0), ('H', 10), ('I', 0), ('N', 0), ('O', 2), ('S', 0))",19,51,complete,51,0,0,False,False,True
dsC7O2H10nsd_1652.xyz,1652,"(('Br', 0), ('C', 7), ('Cl', 0), ('F', 0), ('H', 10), ('I', 0), ('N', 0), ('O', 2), ('S', 0))",19,51,complete,51,0,0,False,False,True
dsC7O2H10nsd_1653.xyz,1653,"(('Br', 0), ('C', 7), ('Cl', 0), ('F', 0), ('H', 10), ('I', 0), ('N', 0), ('O', 2), ('S', 0))",19,51,complete,51,0,0,False,False,True
dsC7O2H10nsd_1654.xyz,1654,"(('Br', 0), ('C', 7), ('Cl', 0), ('F', 0), ('H', 10), ('I', 0), ('N', 0), ('O', 2), ('S', 0))",19,51,complete,51,0,0,False,False,True
dsC7O2H10nsd_1655.xyz,1655,"(('Br', 0), ('C', 7), ('Cl', 0), ('F', 0), ('H', 10), ('I', 0), ('N', 0), ('O', 2), ('S', 0))",19,51,complete,51,0,0,False,False,True
dsC7O2H10nsd_1656.xyz,1656,"(('Br', 0), ('C', 7), ('Cl', 0), ('F', 0), ('H', 10), ('I', 0), ('N', 0), ('O', 2), ('S', 0))",19,51,complete,51,0,0,False,False,True
dsC7O2H10nsd_1657.xyz,1657,"(('Br', 0), ('C', 7), ('Cl', 0), ('F', 0), ('H', 10), ('I', 0), ('N', 0), ('O', 2), ('S', 0))",19,51,complete,51,0,0,False,False,True
dsC7O2H10nsd_1658.xyz,1658,"(('Br', 0), ('C', 7), ('Cl', 0), ('F', 0), ('H', 10), ('I', 0), ('N', 0), ('O', 2), ('S', 0))",19,51,complete,51,0,0,False,False,True
dsC7O2H10nsd_1659.xyz,1659,"(('Br', 0), ('C', 7), ('Cl', 0), ('F', 0), ('H', 10), ('I', 0), ('N', 0), ('O', 2), ('S', 0))",19,51,complete,51,0,0,False,False,True
dsC7O2H10nsd_1660.xyz,1660,"(('Br', 0), ('C', 7), ('Cl', 0), ('F', 0), ('H', 10), ('I', 0), ('N', 0), ('O', 2), ('S', 0))",19,51,complete,51,0,0,False,False,True
dsC7O2H10nsd_1661.xyz,1661,"(('Br', 0), ('C', 7), ('Cl', 0), ('F', 0), ('H', 10), ('I', 0), ('N', 0), ('O', 2), ('S', 0))",19,51,complete,51,0,0,False,False,True
dsC7O2H10nsd_1662.xyz,1662,"(('Br', 0), ('C', 7), ('Cl', 0), ('F', 0), ('H', 10), ('I', 0), ('N', 0), ('O', 2), ('S', 0))",19,51,complete,51,0,0,False,False,True
dsC7O2H10nsd_1663.xyz,1663,"(('Br', 0), ('C', 7), ('Cl', 0), ('F', 0), ('H', 10), ('I', 0), ('N', 0), ('O', 2), ('S', 0))",19,51,complete,51,0,0,False,False,True
dsC7O2H10nsd_1664.xyz,1664,"(('Br', 0), ('C', 7), ('Cl', 0), ('F', 0), ('H', 10), ('I', 0), ('N', 0), ('O', 2), ('S', 0))",19,51,complete,51,0,0,False,False,True
dsC7O2H10nsd_1665.xyz,1665,"(('Br', 0), ('C', 7), ('Cl', 0), ('F', 0), ('H', 10), ('I', 0), ('N', 0), ('O', 2), ('S', 0))",19,51,complete,51,0,0,True,True,True
dsC7O2H10nsd_1666.xyz,1666,"(('Br', 0), ('C', 7), ('Cl', 0), ('F', 0), ('H', 10), ('I', 0), ('N', 0), ('O', 2), ('S', 0))",19,51,complete,51,0,0,False,False,True
dsC7O2H10nsd_1667.xyz,1667,"(('Br', 0), ('C', 7), ('Cl', 0), ('F', 0), ('H', 10), ('I', 0), ('N', 0), ('O', 2), ('S', 0))",19,51,complete,51,0,0,False,False,True
dsC7O2H10nsd_1668.xyz,1668,"(('Br', 0), ('C', 7), ('Cl', 0), ('F', 0), ('H', 10), ('I', 0), ('N', 0), ('O', 2), ('S', 0))",19,51,complete,51,0,0,False,False,True
dsC7O2H10nsd_1669.xyz,1669,"(('Br', 0), ('C', 7), ('Cl', 0), ('F', 0), ('H', 10), ('I', 0), ('N', 0), ('O', 2), ('S', 0))",19,51,complete,51,0,0,False,False,True
dsC7O2H10nsd_1670.xyz,1670,"(('Br', 0), ('C', 7), ('Cl', 0), ('F', 0), ('H', 10), ('I', 0), ('N', 0), ('O', 2), ('S', 0))",19,51,complete,51,0,0,False,False,True
dsC7O2H10nsd_1671.xyz,1671,"(('Br', 0), ('C', 7), ('Cl', 0), ('F', 0), ('H', 10), ('I', 0), ('N', 0), ('O', 2), ('S', 0))",19,51,complete,51,0,0,False,False,True
dsC7O2H10nsd_1672.xyz,1672,"(('Br', 0), ('C', 7), ('Cl', 0), ('F', 0), ('H', 10), ('I', 0), ('N', 0), ('O', 2), ('S', 0))",19,51,complete,51,0,0,False,False,True
dsC7O2H10nsd_1673.xyz,1673,"(('Br', 0), ('C', 7), ('Cl', 0), ('F', 0), ('H', 10), ('I', 0), ('N', 0), ('O', 2), ('S', 0))",19,51,complete,51,0,0,False,False,True
dsC7O2H10nsd_1674.xyz,1674,"(('Br', 0), ('C', 7), ('Cl', 0), ('F', 0), ('H', 10), ('I', 0), ('N', 0), ('O', 2), ('S', 0))",19,51,complete,51,0,0,False,False,True
dsC7O2H10nsd_1675.xyz,1675,"(('Br', 0), ('C', 7), ('Cl', 0), ('F', 0), ('H', 10), ('I', 0), ('N', 0), ('O', 2), ('S', 0))",19,51,complete,51,0,0,False,False,True
dsC7O2H10nsd_1676.xyz,1676,"(('Br', 0), ('C', 7), ('Cl', 0), ('F', 0), ('H', 10), ('I', 0), ('N', 0), ('O', 2), ('S', 0))",19,51,complete,51,0,0,False,False,True
dsC7O2H10nsd_1677.xyz,1677,"(('Br', 0), ('C', 7), ('Cl', 0), ('F', 0), ('H', 10), ('I', 0), ('N', 0), ('O', 2), ('S', 0))",19,51,complete,51,0,0,False,False,True
dsC7O2H10nsd_1678.xyz,1678,"(('Br', 0), ('C', 7), ('Cl', 0), ('F', 0), ('H', 10), ('I', 0), ('N', 0), ('O', 2), ('S', 0))",19,51,complete,51,0,0,False,False,True
dsC7O2H10nsd_1679.xyz,1679,"(('Br', 0), ('C', 7), ('Cl', 0), ('F', 0), ('H', 10), ('I', 0), ('N', 0), ('O', 2), ('S', 0))",19,51,complete,51,0,0,False,False,True
dsC7O2H10nsd_1680.xyz,1680,"(('Br', 0), ('C', 7), ('Cl', 0), ('F', 0), ('H', 10), ('I', 0), ('N', 0), ('O', 2), ('S', 0))",19,51,complete,51,0,0,False,False,True
dsC7O2H10nsd_1681.xyz,1681,"(('Br', 0), ('C', 7), ('Cl', 0), ('F', 0), ('H', 10), ('I', 0), ('N', 0), ('O', 2), ('S', 0))",19,51,complete,51,0,0,False,False,True
dsC7O2H10nsd_1682.xyz,1682,"(('Br', 0), ('C', 7), ('Cl', 0), ('F', 0), ('H', 10), ('I', 0), ('N', 0), ('O', 2), ('S', 0))",19,51,complete,51,0,0,False,False,True
dsC7O2H10nsd_1683.xyz,1683,"(('Br', 0), ('C', 7), ('Cl', 0), ('F', 0), ('H', 10), ('I', 0), ('N', 0), ('O', 2), ('S', 0))",19,51,complete,51,0,0,False,False,True
dsC7O2H10nsd_1684.xyz,1684,"(('Br', 0), ('C', 7), ('Cl', 0), ('F', 0), ('H', 10), ('I', 0), ('N', 0), ('O', 2), ('S', 0))",19,51,complete,51,0,0,False,False,True
dsC7O2H10nsd_1685.xyz,1685,"(('Br', 0), ('C', 7), ('Cl', 0), ('F', 0), ('H', 10), ('I', 0), ('N', 0), ('O', 2), ('S', 0))",19,51,complete,51,0,0,False,False,True
dsC7O2H10nsd_1686.xyz,1686,"(('Br', 0), ('C', 7), ('Cl', 0), ('F', 0), ('H', 10), ('I', 0), ('N', 0), ('O', 2), ('S', 0))",19,51,complete,51,0,0,True,True,True
dsC7O2H10nsd_1687.xyz,1687,"(('Br', 0), ('C', 7), ('Cl', 0), ('F', 0), ('H', 10), ('I', 0), ('N', 0), ('O', 2), ('S', 0))",19,51,complete,51,0,0,False,False,True
dsC7O2H10nsd_1688.xyz,1688,"(('Br', 0), ('C', 7), ('Cl', 0), ('F', 0), ('H', 10), ('I', 0), ('N', 0), ('O', 2), ('S', 0))",19,51,complete,51,0,0,False,False,True
dsC7O2H10nsd_1689.xyz,1689,"(('Br', 0), ('C', 7), ('Cl', 0), ('F', 0), ('H', 10), ('I', 0), ('N', 0), ('O', 2), ('S', 0))",19,51,complete,51,0,0,False,False,True
dsC7O2H10nsd_1690.xyz,1690,"(('Br', 0), ('C', 7), ('Cl', 0), ('F', 0), ('H', 10), ('I', 0), ('N', 0), ('O', 2), ('S', 0))",19,51,complete,51,0,0,False,False,True
dsC7O2H10nsd_1691.xyz,1691,"(('Br', 0), ('C', 7), ('Cl', 0), ('F', 0), ('H', 10), ('I', 0), ('N', 0), ('O', 2), ('S', 0))",19,51,complete,51,0,0,False,False,True
dsC7O2H10nsd_1692.xyz,1692,"(('Br', 0), ('C', 7), ('Cl', 0), ('F', 0), ('H', 10), ('I', 0), ('N', 0), ('O', 2), ('S', 0))",19,51,complete,51,0,0,False,True,True
dsC7O2H10nsd_1693.xyz,1693,"(('Br', 0), ('C', 7), ('Cl', 0), ('F', 0), ('H', 10), ('I', 0), ('N', 0), ('O', 2), ('S', 0))",19,51,complete,51,0,0,False,True,True
dsC7O2H10nsd_1694.xyz,1694,"(('Br', 0), ('C', 7), ('Cl', 0), ('F', 0), ('H', 10), ('I', 0), ('N', 0), ('O', 2), ('S', 0))",19,51,complete,51,0,0,False,False,True
dsC7O2H10nsd_1695.xyz,1695,"(('Br', 0), ('C', 7), ('Cl', 0), ('F', 0), ('H', 10), ('I', 0), ('N', 0), ('O', 2), ('S', 0))",19,51,complete,51,0,0,False,False,True
dsC7O2H10nsd_1696.xyz,1696,"(('Br', 0), ('C', 7), ('Cl', 0), ('F', 0), ('H', 10), ('I', 0), ('N', 0), ('O', 2), ('S', 0))",19,51,complete,51,0,0,False,False,True
dsC7O2H10nsd_1697.xyz,1697,"(('Br', 0), ('C', 7), ('Cl', 0), ('F', 0), ('H', 10), ('I', 0), ('N', 0), ('O', 2), ('S', 0))",19,51,complete,51,0,0,False,False,True
dsC7O2H10nsd_1698.xyz,1698,"(('Br', 0), ('C', 7), ('Cl', 0), ('F', 0), ('H', 10), ('I', 0), ('N', 0), ('O', 2), ('S', 0))",19,51,complete,51,0,0,False,False,True
dsC7O2H10nsd_1699.xyz,1699,"(('Br', 0), ('C', 7), ('Cl', 0), ('F', 0), ('H', 10), ('I', 0), ('N', 0), ('O', 2), ('S', 0))",19,51,complete,51,0,0,True,True,True
dsC7O2H10nsd_1700.xyz,1700,"(('Br', 0), ('C', 7), ('Cl', 0), ('F', 0), ('H', 10), ('I', 0), ('N', 0), ('O', 2), ('S', 0))",19,51,complete,51,0,0,True,True,True
dsC7O2H10nsd_1701.xyz,1701,"(('Br', 0), ('C', 7), ('Cl', 0), ('F', 0), ('H', 10), ('I', 0), ('N', 0), ('O', 2), ('S', 0))",19,51,complete,51,0,0,False,False,True
dsC7O2H10nsd_1702.xyz,1702,"(('Br', 0), ('C', 7), ('Cl', 0), ('F', 0), ('H', 10), ('I', 0), ('N', 0), ('O', 2), ('S', 0))",19,51,complete,51,0,0,True,True,True
dsC7O2H10nsd_1703.xyz,1703,"(('Br', 0), ('C', 7), ('Cl', 0), ('F', 0), ('H', 10), ('I', 0), ('N', 0), ('O', 2), ('S', 0))",19,51,complete,51,0,0,False,False,True
dsC7O2H10nsd_1704.xyz,1704,"(('Br', 0), ('C', 7), ('Cl', 0), ('F', 0), ('H', 10), ('I', 0), ('N', 0), ('O', 2), ('S', 0))",19,51,complete,51,0,0,False,False,True
dsC7O2H10nsd_1705.xyz,1705,"(('Br', 0), ('C', 7), ('Cl', 0), ('F', 0), ('H', 10), ('I', 0), ('N', 0), ('O', 2), ('S', 0))",19,51,complete,51,0,0,False,False,True
dsC7O2H10nsd_1706.xyz,1706,"(('Br', 0), ('C', 7), ('Cl', 0), ('F', 0), ('H', 10), ('I', 0), ('N', 0), ('O', 2), ('S', 0))",19,51,complete,51,0,0,False,False,True
dsC7O2H10nsd_1707.xyz,1707,"(('Br', 0), ('C', 7), ('Cl', 0), ('F', 0), ('H', 10), ('I', 0), ('N', 0), ('O', 2), ('S', 0))",19,51,complete,51,0,0,False,False,True
dsC7O2H10nsd_1708.xyz,1708,"(('Br', 0), ('C', 7), ('Cl', 0), ('F', 0), ('H', 10), ('I', 0), ('N', 0), ('O', 2), ('S', 0))",19,51,complete,51,0,0,False,False,True
dsC7O2H10nsd_1709.xyz,1709,"(('Br', 0), ('C', 7), ('Cl', 0), ('F', 0), ('H', 10), ('I', 0), ('N', 0), ('O', 2), ('S', 0))",19,51,complete,51,0,0,False,False,True
dsC7O2H10nsd_1710.xyz,1710,"(('Br', 0), ('C', 7), ('Cl', 0), ('F', 0), ('H', 10), ('I', 0), ('N', 0), ('O', 2), ('S', 0))",19,51,complete,51,0,0,False,False,True
dsC7O2H10nsd_1711.xyz,1711,"(('Br', 0), ('C', 7), ('Cl', 0), ('F', 0), ('H', 10), ('I', 0), ('N', 0), ('O', 2), ('S', 0))",19,51,complete,51,0,0,False,False,True
dsC7O2H10nsd_1712.xyz,1712,"(('Br', 0), ('C', 7), ('Cl', 0), ('F', 0), ('H', 10), ('I', 0), ('N', 0), ('O', 2), ('S', 0))",19,51,complete,51,0,0,False,False,True
dsC7O2H10nsd_1713.xyz,1713,"(('Br', 0), ('C', 7), ('Cl', 0), ('F', 0), ('H', 10), ('I', 0), ('N', 0), ('O', 2), ('S', 0))",19,51,complete,51,0,0,False,False,True
dsC7O2H10nsd_1714.xyz,1714,"(('Br', 0), ('C', 7), ('Cl', 0), ('F', 0), ('H', 10), ('I', 0), ('N', 0), ('O', 2), ('S', 0))",19,51,complete,51,0,0,False,False,True
dsC7O2H10nsd_1715.xyz,1715,"(('Br', 0), ('C', 7), ('Cl', 0), ('F', 0), ('H', 10), ('I', 0), ('N', 0), ('O', 2), ('S', 0))",19,51,complete,51,0,0,False,False,True
dsC7O2H10nsd_1716.xyz,1716,"(('Br', 0), ('C', 7), ('Cl', 0), ('F', 0), ('H', 10), ('I', 0), ('N', 0), ('O', 2), ('S', 0))",19,51,complete,51,0,0,False,False,True
dsC7O2H10nsd_1717.xyz,1717,"(('Br', 0), ('C', 7), ('Cl', 0), ('F', 0), ('H', 10), ('I', 0), ('N', 0), ('O', 2), ('S', 0))",19,51,complete,51,0,0,False,False,True
dsC7O2H10nsd_1718.xyz,1718,"(('Br', 0), ('C', 7), ('Cl', 0), ('F', 0), ('H', 10), ('I', 0), ('N', 0), ('O', 2), ('S', 0))",19,51,complete,51,0,0,False,False,True
dsC7O2H10nsd_1719.xyz,1719,"(('Br', 0), ('C', 7), ('Cl', 0), ('F', 0), ('H', 10), ('I', 0), ('N', 0), ('O', 2), ('S', 0))",19,51,complete,51,0,0,False,False,True
dsC7O2H10nsd_1720.xyz,1720,"(('Br', 0), ('C', 7), ('Cl', 0), ('F', 0), ('H', 10), ('I', 0), ('N', 0), ('O', 2), ('S', 0))",19,51,complete,51,0,0,False,False,True
dsC7O2H10nsd_1721.xyz,1721,"(('Br', 0), ('C', 7), ('Cl', 0), ('F', 0), ('H', 10), ('I', 0), ('N', 0), ('O', 2), ('S', 0))",19,51,complete,51,0,0,True,True,True
dsC7O2H10nsd_1722.xyz,1722,"(('Br', 0), ('C', 7), ('Cl', 0), ('F', 0), ('H', 10), ('I', 0), ('N', 0), ('O', 2), ('S', 0))",19,51,complete,51,0,0,False,False,True
dsC7O2H10nsd_1723.xyz,1723,"(('Br', 0), ('C', 7), ('Cl', 0), ('F', 0), ('H', 10), ('I', 0), ('N', 0), ('O', 2), ('S', 0))",19,51,complete,51,0,0,False,False,True
dsC7O2H10nsd_1724.xyz,1724,"(('Br', 0), ('C', 7), ('Cl', 0), ('F', 0), ('H', 10), ('I', 0), ('N', 0), ('O', 2), ('S', 0))",19,51,complete,51,0,0,False,False,True
dsC7O2H10nsd_1725.xyz,1725,"(('Br', 0), ('C', 7), ('Cl', 0), ('F', 0), ('H', 10), ('I', 0), ('N', 0), ('O', 2), ('S', 0))",19,51,complete,51,0,0,False,False,True
dsC7O2H10nsd_1726.xyz,1726,"(('Br', 0), ('C', 7), ('Cl', 0), ('F', 0), ('H', 10), ('I', 0), ('N', 0), ('O', 2), ('S', 0))",19,51,complete,51,0,0,False,False,True
dsC7O2H10nsd_1727.xyz,1727,"(('Br', 0), ('C', 7), ('Cl', 0), ('F', 0), ('H', 10), ('I', 0), ('N', 0), ('O', 2), ('S', 0))",19,51,complete,51,0,0,False,False,True
dsC7O2H10nsd_1728.xyz,1728,"(('Br', 0), ('C', 7), ('Cl', 0), ('F', 0), ('H', 10), ('I', 0), ('N', 0), ('O', 2), ('S', 0))",19,51,complete,51,0,0,True,True,True
dsC7O2H10nsd_1729.xyz,1729,"(('Br', 0), ('C', 7), ('Cl', 0), ('F', 0), ('H', 10), ('I', 0), ('N', 0), ('O', 2), ('S', 0))",19,51,complete,51,0,0,True,True,True
dsC7O2H10nsd_1730.xyz,1730,"(('Br', 0), ('C', 7), ('Cl', 0), ('F', 0), ('H', 10), ('I', 0), ('N', 0), ('O', 2), ('S', 0))",19,51,complete,51,0,0,False,False,True
dsC7O2H10nsd_1731.xyz,1731,"(('Br', 0), ('C', 7), ('Cl', 0), ('F', 0), ('H', 10), ('I', 0), ('N', 0), ('O', 2), ('S', 0))",19,51,complete,51,0,0,True,True,True
dsC7O2H10nsd_1732.xyz,1732,"(('Br', 0), ('C', 7), ('Cl', 0), ('F', 0), ('H', 10), ('I', 0), ('N', 0), ('O', 2), ('S', 0))",19,51,complete,51,0,0,False,False,True
dsC7O2H10nsd_1733.xyz,1733,"(('Br', 0), ('C', 7), ('Cl', 0), ('F', 0), ('H', 10), ('I', 0), ('N', 0), ('O', 2), ('S', 0))",19,51,complete,51,0,0,False,False,True
dsC7O2H10nsd_1734.xyz,1734,"(('Br', 0), ('C', 7), ('Cl', 0), ('F', 0), ('H', 10), ('I', 0), ('N', 0), ('O', 2), ('S', 0))",19,51,complete,51,0,0,False,False,True
dsC7O2H10nsd_1735.xyz,1735,"(('Br', 0), ('C', 7), ('Cl', 0), ('F', 0), ('H', 10), ('I', 0), ('N', 0), ('O', 2), ('S', 0))",19,51,complete,51,0,0,False,False,True
dsC7O2H10nsd_1736.xyz,1736,"(('Br', 0), ('C', 7), ('Cl', 0), ('F', 0), ('H', 10), ('I', 0), ('N', 0), ('O', 2), ('S', 0))",19,51,complete,51,0,0,False,False,True
dsC7O2H10nsd_1737.xyz,1737,"(('Br', 0), ('C', 7), ('Cl', 0), ('F', 0), ('H', 10), ('I', 0), ('N', 0), ('O', 2), ('S', 0))",19,51,complete,51,0,0,False,False,True
dsC7O2H10nsd_1738.xyz,1738,"(('Br', 0), ('C', 7), ('Cl', 0), ('F', 0), ('H', 10), ('I', 0), ('N', 0), ('O', 2), ('S', 0))",19,51,complete,51,0,0,False,False,True
dsC7O2H10nsd_1739.xyz,1739,"(('Br', 0), ('C', 7), ('Cl', 0), ('F', 0), ('H', 10), ('I', 0), ('N', 0), ('O', 2), ('S', 0))",19,51,complete,51,0,0,False,False,True
dsC7O2H10nsd_1740.xyz,1740,"(('Br', 0), ('C', 7), ('Cl', 0), ('F', 0), ('H', 10), ('I', 0), ('N', 0), ('O', 2), ('S', 0))",19,51,complete,51,0,0,False,False,True
dsC7O2H10nsd_1741.xyz,1741,"(('Br', 0), ('C', 7), ('Cl', 0), ('F', 0), ('H', 10), ('I', 0), ('N', 0), ('O', 2), ('S', 0))",19,51,complete,51,0,0,False,False,True
dsC7O2H10nsd_1742.xyz,1742,"(('Br', 0), ('C', 7), ('Cl', 0), ('F', 0), ('H', 10), ('I', 0), ('N', 0), ('O', 2), ('S', 0))",19,51,complete,51,0,0,False,False,True
dsC7O2H10nsd_1743.xyz,1743,"(('Br', 0), ('C', 7), ('Cl', 0), ('F', 0), ('H', 10), ('I', 0), ('N', 0), ('O', 2), ('S', 0))",19,51,complete,51,0,0,False,False,True
dsC7O2H10nsd_1744.xyz,1744,"(('Br', 0), ('C', 7), ('Cl', 0), ('F', 0), ('H', 10), ('I', 0), ('N', 0), ('O', 2), ('S', 0))",19,51,complete,51,0,0,False,False,True
dsC7O2H10nsd_1745.xyz,1745,"(('Br', 0), ('C', 7), ('Cl', 0), ('F', 0), ('H', 10), ('I', 0), ('N', 0), ('O', 2), ('S', 0))",19,51,complete,51,0,0,False,False,True
dsC7O2H10nsd_1746.xyz,1746,"(('Br', 0), ('C', 7), ('Cl', 0), ('F', 0), ('H', 10), ('I', 0), ('N', 0), ('O', 2), ('S', 0))",19,51,complete,51,0,0,False,False,True
dsC7O2H10nsd_1747.xyz,1747,"(('Br', 0), ('C', 7), ('Cl', 0), ('F', 0), ('H', 10), ('I', 0), ('N', 0), ('O', 2), ('S', 0))",19,51,complete,51,0,0,False,False,True
dsC7O2H10nsd_1748.xyz,1748,"(('Br', 0), ('C', 7), ('Cl', 0), ('F', 0), ('H', 10), ('I', 0), ('N', 0), ('O', 2), ('S', 0))",19,51,complete,51,0,0,False,False,True
dsC7O2H10nsd_1749.xyz,1749,"(('Br', 0), ('C', 7), ('Cl', 0), ('F', 0), ('H', 10), ('I', 0), ('N', 0), ('O', 2), ('S', 0))",19,51,complete,51,0,0,False,False,True
dsC7O2H10nsd_1750.xyz,1750,"(('Br', 0), ('C', 7), ('Cl', 0), ('F', 0), ('H', 10), ('I', 0), ('N', 0), ('O', 2), ('S', 0))",19,51,complete,51,0,0,False,False,True
dsC7O2H10nsd_1751.xyz,1751,"(('Br', 0), ('C', 7), ('Cl', 0), ('F', 0), ('H', 10), ('I', 0), ('N', 0), ('O', 2), ('S', 0))",19,51,complete,51,0,0,False,False,True
dsC7O2H10nsd_1752.xyz,1752,"(('Br', 0), ('C', 7), ('Cl', 0), ('F', 0), ('H', 10), ('I', 0), ('N', 0), ('O', 2), ('S', 0))",19,51,complete,51,0,0,False,False,True
dsC7O2H10nsd_1753.xyz,1753,"(('Br', 0), ('C', 7), ('Cl', 0), ('F', 0), ('H', 10), ('I', 0), ('N', 0), ('O', 2), ('S', 0))",19,51,complete,51,0,0,False,False,True
dsC7O2H10nsd_1754.xyz,1754,"(('Br', 0), ('C', 7), ('Cl', 0), ('F', 0), ('H', 10), ('I', 0), ('N', 0), ('O', 2), ('S', 0))",19,51,complete,51,0,0,False,False,True
dsC7O2H10nsd_1755.xyz,1755,"(('Br', 0), ('C', 7), ('Cl', 0), ('F', 0), ('H', 10), ('I', 0), ('N', 0), ('O', 2), ('S', 0))",19,51,complete,51,0,0,False,False,True
dsC7O2H10nsd_1756.xyz,1756,"(('Br', 0), ('C', 7), ('Cl', 0), ('F', 0), ('H', 10), ('I', 0), ('N', 0), ('O', 2), ('S', 0))",19,51,complete,51,0,0,False,False,True
dsC7O2H10nsd_1757.xyz,1757,"(('Br', 0), ('C', 7), ('Cl', 0), ('F', 0), ('H', 10), ('I', 0), ('N', 0), ('O', 2), ('S', 0))",19,51,complete,51,0,0,False,False,True
dsC7O2H10nsd_1758.xyz,1758,"(('Br', 0), ('C', 7), ('Cl', 0), ('F', 0), ('H', 10), ('I', 0), ('N', 0), ('O', 2), ('S', 0))",19,51,complete,51,0,0,False,False,True
dsC7O2H10nsd_1759.xyz,1759,"(('Br', 0), ('C', 7), ('Cl', 0), ('F', 0), ('H', 10), ('I', 0), ('N', 0), ('O', 2), ('S', 0))",19,51,complete,51,0,0,False,False,True
dsC7O2H10nsd_1760.xyz,1760,"(('Br', 0), ('C', 7), ('Cl', 0), ('F', 0), ('H', 10), ('I', 0), ('N', 0), ('O', 2), ('S', 0))",19,51,complete,51,0,0,False,False,True
dsC7O2H10nsd_1761.xyz,1761,"(('Br', 0), ('C', 7), ('Cl', 0), ('F', 0), ('H', 10), ('I', 0), ('N', 0), ('O', 2), ('S', 0))",19,51,complete,51,0,0,False,False,True
dsC7O2H10nsd_1762.xyz,1762,"(('Br', 0), ('C', 7), ('Cl', 0), ('F', 0), ('H', 10), ('I', 0), ('N', 0), ('O', 2), ('S', 0))",19,51,complete,51,0,0,False,False,True
dsC7O2H10nsd_1763.xyz,1763,"(('Br', 0), ('C', 7), ('Cl', 0), ('F', 0), ('H', 10), ('I', 0), ('N', 0), ('O', 2), ('S', 0))",19,51,complete,51,0,0,False,False,True
dsC7O2H10nsd_1764.xyz,1764,"(('Br', 0), ('C', 7), ('Cl', 0), ('F', 0), ('H', 10), ('I', 0), ('N', 0), ('O', 2), ('S', 0))",19,51,complete,51,0,0,False,False,True
dsC7O2H10nsd_1765.xyz,1765,"(('Br', 0), ('C', 7), ('Cl', 0), ('F', 0), ('H', 10), ('I', 0), ('N', 0), ('O', 2), ('S', 0))",19,51,complete,51,0,0,False,False,True
dsC7O2H10nsd_1766.xyz,1766,"(('Br', 0), ('C', 7), ('Cl', 0), ('F', 0), ('H', 10), ('I', 0), ('N', 0), ('O', 2), ('S', 0))",19,51,complete,51,0,0,False,False,True
dsC7O2H10nsd_1767.xyz,1767,"(('Br', 0), ('C', 7), ('Cl', 0), ('F', 0), ('H', 10), ('I', 0), ('N', 0), ('O', 2), ('S', 0))",19,51,complete,51,0,0,False,False,True
dsC7O2H10nsd_1768.xyz,1768,"(('Br', 0), ('C', 7), ('Cl', 0), ('F', 0), ('H', 10), ('I', 0), ('N', 0), ('O', 2), ('S', 0))",19,51,complete,51,0,0,False,False,True
dsC7O2H10nsd_1769.xyz,1769,"(('Br', 0), ('C', 7), ('Cl', 0), ('F', 0), ('H', 10), ('I', 0), ('N', 0), ('O', 2), ('S', 0))",19,51,complete,51,0,0,False,False,True
dsC7O2H10nsd_1770.xyz,1770,"(('Br', 0), ('C', 7), ('Cl', 0), ('F', 0), ('H', 10), ('I', 0), ('N', 0), ('O', 2), ('S', 0))",19,51,complete,51,0,0,False,False,True
dsC7O2H10nsd_1771.xyz,1771,"(('Br', 0), ('C', 7), ('Cl', 0), ('F', 0), ('H', 10), ('I', 0), ('N', 0), ('O', 2), ('S', 0))",19,51,complete,51,0,0,False,False,True
dsC7O2H10nsd_1772.xyz,1772,"(('Br', 0), ('C', 7), ('Cl', 0), ('F', 0), ('H', 10), ('I', 0), ('N', 0), ('O', 2), ('S', 0))",19,51,complete,51,0,0,False,False,True
dsC7O2H10nsd_1773.xyz,1773,"(('Br', 0), ('C', 7), ('Cl', 0), ('F', 0), ('H', 10), ('I', 0), ('N', 0), ('O', 2), ('S', 0))",19,51,complete,51,0,0,False,False,True
dsC7O2H10nsd_1774.xyz,1774,"(('Br', 0), ('C', 7), ('Cl', 0), ('F', 0), ('H', 10), ('I', 0), ('N', 0), ('O', 2), ('S', 0))",19,51,complete,51,0,0,False,False,True
dsC7O2H10nsd_1775.xyz,1775,"(('Br', 0), ('C', 7), ('Cl', 0), ('F', 0), ('H', 10), ('I', 0), ('N', 0), ('O', 2), ('S', 0))",19,51,complete,51,0,0,False,False,True
dsC7O2H10nsd_1776.xyz,1776,"(('Br', 0), ('C', 7), ('Cl', 0), ('F', 0), ('H', 10), ('I', 0), ('N', 0), ('O', 2), ('S', 0))",19,51,complete,51,0,0,False,False,True
dsC7O2H10nsd_1777.xyz,1777,"(('Br', 0), ('C', 7), ('Cl', 0), ('F', 0), ('H', 10), ('I', 0), ('N', 0), ('O', 2), ('S', 0))",19,51,complete,51,0,0,False,False,True
dsC7O2H10nsd_1778.xyz,1778,"(('Br', 0), ('C', 7), ('Cl', 0), ('F', 0), ('H', 10), ('I', 0), ('N', 0), ('O', 2), ('S', 0))",19,51,complete,51,0,0,False,False,True
dsC7O2H10nsd_1779.xyz,1779,"(('Br', 0), ('C', 7), ('Cl', 0), ('F', 0), ('H', 10), ('I', 0), ('N', 0), ('O', 2), ('S', 0))",19,51,complete,51,0,0,False,False,True
dsC7O2H10nsd_1780.xyz,1780,"(('Br', 0), ('C', 7), ('Cl', 0), ('F', 0), ('H', 10), ('I', 0), ('N', 0), ('O', 2), ('S', 0))",19,51,complete,51,0,0,False,False,True
dsC7O2H10nsd_1781.xyz,1781,"(('Br', 0), ('C', 7), ('Cl', 0), ('F', 0), ('H', 10), ('I', 0), ('N', 0), ('O', 2), ('S', 0))",19,51,complete,51,0,0,False,False,True
dsC7O2H10nsd_1782.xyz,1782,"(('Br', 0), ('C', 7), ('Cl', 0), ('F', 0), ('H', 10), ('I', 0), ('N', 0), ('O', 2), ('S', 0))",19,51,complete,51,0,0,False,False,True
dsC7O2H10nsd_1783.xyz,1783,"(('Br', 0), ('C', 7), ('Cl', 0), ('F', 0), ('H', 10), ('I', 0), ('N', 0), ('O', 2), ('S', 0))",19,51,complete,51,0,0,False,False,True
dsC7O2H10nsd_1784.xyz,1784,"(('Br', 0), ('C', 7), ('Cl', 0), ('F', 0), ('H', 10), ('I', 0), ('N', 0), ('O', 2), ('S', 0))",19,51,complete,51,0,0,False,False,True
dsC7O2H10nsd_1785.xyz,1785,"(('Br', 0), ('C', 7), ('Cl', 0), ('F', 0), ('H', 10), ('I', 0), ('N', 0), ('O', 2), ('S', 0))",19,102,incomplete_count,102,0,0,False,False,True
dsC7O2H10nsd_1786.xyz,1786,"(('Br', 0), ('C', 7), ('Cl', 0), ('F', 0), ('H', 10), ('I', 0), ('N', 0), ('O', 2), ('S', 0))",19,51,complete,51,0,0,False,False,True
dsC7O2H10nsd_1787.xyz,1787,"(('Br', 0), ('C', 7), ('Cl', 0), ('F', 0), ('H', 10), ('I', 0), ('N', 0), ('O', 2), ('S', 0))",19,51,complete,51,0,0,False,False,True
dsC7O2H10nsd_1788.xyz,1788,"(('Br', 0), ('C', 7), ('Cl', 0), ('F', 0), ('H', 10), ('I', 0), ('N', 0), ('O', 2), ('S', 0))",19,51,complete,51,0,0,False,False,True
dsC7O2H10nsd_1789.xyz,1789,"(('Br', 0), ('C', 7), ('Cl', 0), ('F', 0), ('H', 10), ('I', 0), ('N', 0), ('O', 2), ('S', 0))",19,102,incomplete_count,102,0,0,False,False,True
dsC7O2H10nsd_1790.xyz,1790,"(('Br', 0), ('C', 7), ('Cl', 0), ('F', 0), ('H', 10), ('I', 0), ('N', 0), ('O', 2), ('S', 0))",19,51,complete,51,0,0,False,False,True
dsC7O2H10nsd_1791.xyz,1791,"(('Br', 0), ('C', 7), ('Cl', 0), ('F', 0), ('H', 10), ('I', 0), ('N', 0), ('O', 2), ('S', 0))",19,51,complete,51,0,0,False,False,True
dsC7O2H10nsd_1792.xyz,1792,"(('Br', 0), ('C', 7), ('Cl', 0), ('F', 0), ('H', 10), ('I', 0), ('N', 0), ('O', 2), ('S', 0))",19,51,complete,51,0,0,False,False,True
dsC7O2H10nsd_1793.xyz,1793,"(('Br', 0), ('C', 7), ('Cl', 0), ('F', 0), ('H', 10), ('I', 0), ('N', 0), ('O', 2), ('S', 0))",19,51,complete,51,0,0,False,False,True
dsC7O2H10nsd_1794.xyz,1794,"(('Br', 0), ('C', 7), ('Cl', 0), ('F', 0), ('H', 10), ('I', 0), ('N', 0), ('O', 2), ('S', 0))",19,51,complete,51,0,0,False,False,True
dsC7O2H10nsd_1795.xyz,1795,"(('Br', 0), ('C', 7), ('Cl', 0), ('F', 0), ('H', 10), ('I', 0), ('N', 0), ('O', 2), ('S', 0))",19,51,complete,51,0,0,False,False,True
dsC7O2H10nsd_1796.xyz,1796,"(('Br', 0), ('C', 7), ('Cl', 0), ('F', 0), ('H', 10), ('I', 0), ('N', 0), ('O', 2), ('S', 0))",19,51,complete,51,0,0,False,False,True
dsC7O2H10nsd_1797.xyz,1797,"(('Br', 0), ('C', 7), ('Cl', 0), ('F', 0), ('H', 10), ('I', 0), ('N', 0), ('O', 2), ('S', 0))",19,51,complete,51,0,0,False,False,True
dsC7O2H10nsd_1798.xyz,1798,"(('Br', 0), ('C', 7), ('Cl', 0), ('F', 0), ('H', 10), ('I', 0), ('N', 0), ('O', 2), ('S', 0))",19,51,complete,51,0,0,False,False,True
dsC7O2H10nsd_1799.xyz,1799,"(('Br', 0), ('C', 7), ('Cl', 0), ('F', 0), ('H', 10), ('I', 0), ('N', 0), ('O', 2), ('S', 0))",19,51,complete,51,0,0,False,False,True
dsC7O2H10nsd_1800.xyz,1800,"(('Br', 0), ('C', 7), ('Cl', 0), ('F', 0), ('H', 10), ('I', 0), ('N', 0), ('O', 2), ('S', 0))",19,51,complete,51,0,0,False,False,True
dsC7O2H10nsd_1801.xyz,1801,"(('Br', 0), ('C', 7), ('Cl', 0), ('F', 0), ('H', 10), ('I', 0), ('N', 0), ('O', 2), ('S', 0))",19,51,complete,51,0,0,False,False,True
dsC7O2H10nsd_1802.xyz,1802,"(('Br', 0), ('C', 7), ('Cl', 0), ('F', 0), ('H', 10), ('I', 0), ('N', 0), ('O', 2), ('S', 0))",19,51,complete,51,0,0,False,False,True
dsC7O2H10nsd_1803.xyz,1803,"(('Br', 0), ('C', 7), ('Cl', 0), ('F', 0), ('H', 10), ('I', 0), ('N', 0), ('O', 2), ('S', 0))",19,51,complete,51,0,0,False,False,True
dsC7O2H10nsd_1804.xyz,1804,"(('Br', 0), ('C', 7), ('Cl', 0), ('F', 0), ('H', 10), ('I', 0), ('N', 0), ('O', 2), ('S', 0))",19,51,complete,51,0,0,False,False,True
dsC7O2H10nsd_1805.xyz,1805,"(('Br', 0), ('C', 7), ('Cl', 0), ('F', 0), ('H', 10), ('I', 0), ('N', 0), ('O', 2), ('S', 0))",19,51,complete,51,0,0,False,False,True
dsC7O2H10nsd_1806.xyz,1806,"(('Br', 0), ('C', 7), ('Cl', 0), ('F', 0), ('H', 10), ('I', 0), ('N', 0), ('O', 2), ('S', 0))",19,51,complete,51,0,0,False,False,True
dsC7O2H10nsd_1807.xyz,1807,"(('Br', 0), ('C', 7), ('Cl', 0), ('F', 0), ('H', 10), ('I', 0), ('N', 0), ('O', 2), ('S', 0))",19,51,complete,51,0,0,False,False,True
dsC7O2H10nsd_1808.xyz,1808,"(('Br', 0), ('C', 7), ('Cl', 0), ('F', 0), ('H', 10), ('I', 0), ('N', 0), ('O', 2), ('S', 0))",19,51,complete,51,0,0,False,False,True
dsC7O2H10nsd_1809.xyz,1809,"(('Br', 0), ('C', 7), ('Cl', 0), ('F', 0), ('H', 10), ('I', 0), ('N', 0), ('O', 2), ('S', 0))",19,51,complete,51,0,0,False,False,True
dsC7O2H10nsd_1810.xyz,1810,"(('Br', 0), ('C', 7), ('Cl', 0), ('F', 0), ('H', 10), ('I', 0), ('N', 0), ('O', 2), ('S', 0))",19,51,complete,51,0,0,False,False,True
dsC7O2H10nsd_1811.xyz,1811,"(('Br', 0), ('C', 7), ('Cl', 0), ('F', 0), ('H', 10), ('I', 0), ('N', 0), ('O', 2), ('S', 0))",19,51,complete,51,0,0,False,False,True
dsC7O2H10nsd_1812.xyz,1812,"(('Br', 0), ('C', 7), ('Cl', 0), ('F', 0), ('H', 10), ('I', 0), ('N', 0), ('O', 2), ('S', 0))",19,51,complete,51,0,0,False,False,True
dsC7O2H10nsd_1813.xyz,1813,"(('Br', 0), ('C', 7), ('Cl', 0), ('F', 0), ('H', 10), ('I', 0), ('N', 0), ('O', 2), ('S', 0))",19,51,complete,51,0,0,False,False,True
dsC7O2H10nsd_1814.xyz,1814,"(('Br', 0), ('C', 7), ('Cl', 0), ('F', 0), ('H', 10), ('I', 0), ('N', 0), ('O', 2), ('S', 0))",19,51,complete,51,0,0,False,False,True
dsC7O2H10nsd_1815.xyz,1815,"(('Br', 0), ('C', 7), ('Cl', 0), ('F', 0), ('H', 10), ('I', 0), ('N', 0), ('O', 2), ('S', 0))",19,51,complete,51,0,0,False,False,True
dsC7O2H10nsd_1816.xyz,1816,"(('Br', 0), ('C', 7), ('Cl', 0), ('F', 0), ('H', 10), ('I', 0), ('N', 0), ('O', 2), ('S', 0))",19,51,complete,51,0,0,False,False,True
dsC7O2H10nsd_1817.xyz,1817,"(('Br', 0), ('C', 7), ('Cl', 0), ('F', 0), ('H', 10), ('I', 0), ('N', 0), ('O', 2), ('S', 0))",19,51,complete,51,0,0,False,False,True
dsC7O2H10nsd_1818.xyz,1818,"(('Br', 0), ('C', 7), ('Cl', 0), ('F', 0), ('H', 10), ('I', 0), ('N', 0), ('O', 2), ('S', 0))",19,51,complete,51,0,0,False,False,True
dsC7O2H10nsd_1819.xyz,1819,"(('Br', 0), ('C', 7), ('Cl', 0), ('F', 0), ('H', 10), ('I', 0), ('N', 0), ('O', 2), ('S', 0))",19,51,complete,51,0,0,False,False,True
dsC7O2H10nsd_1820.xyz,1820,"(('Br', 0), ('C', 7), ('Cl', 0), ('F', 0), ('H', 10), ('I', 0), ('N', 0), ('O', 2), ('S', 0))",19,51,complete,51,0,0,False,False,True
dsC7O2H10nsd_1821.xyz,1821,"(('Br', 0), ('C', 7), ('Cl', 0), ('F', 0), ('H', 10), ('I', 0), ('N', 0), ('O', 2), ('S', 0))",19,51,complete,51,0,0,False,False,True
dsC7O2H10nsd_1822.xyz,1822,"(('Br', 0), ('C', 7), ('Cl', 0), ('F', 0), ('H', 10), ('I', 0), ('N', 0), ('O', 2), ('S', 0))",19,51,complete,51,0,0,False,False,True
dsC7O2H10nsd_1823.xyz,1823,"(('Br', 0), ('C', 7), ('Cl', 0), ('F', 0), ('H', 10), ('I', 0), ('N', 0), ('O', 2), ('S', 0))",19,51,complete,51,0,0,False,False,True
dsC7O2H10nsd_1824.xyz,1824,"(('Br', 0), ('C', 7), ('Cl', 0), ('F', 0), ('H', 10), ('I', 0), ('N', 0), ('O', 2), ('S', 0))",19,51,complete,51,0,0,False,False,True
dsC7O2H10nsd_1825.xyz,1825,"(('Br', 0), ('C', 7), ('Cl', 0), ('F', 0), ('H', 10), ('I', 0), ('N', 0), ('O', 2), ('S', 0))",19,51,complete,51,0,0,False,False,True
dsC7O2H10nsd_1826.xyz,1826,"(('Br', 0), ('C', 7), ('Cl', 0), ('F', 0), ('H', 10), ('I', 0), ('N', 0), ('O', 2), ('S', 0))",19,51,complete,51,0,0,False,False,True
dsC7O2H10nsd_1827.xyz,1827,"(('Br', 0), ('C', 7), ('Cl', 0), ('F', 0), ('H', 10), ('I', 0), ('N', 0), ('O', 2), ('S', 0))",19,51,complete,51,0,0,False,False,True
dsC7O2H10nsd_1828.xyz,1828,"(('Br', 0), ('C', 7), ('Cl', 0), ('F', 0), ('H', 10), ('I', 0), ('N', 0), ('O', 2), ('S', 0))",19,51,complete,51,0,0,False,False,True
dsC7O2H10nsd_1829.xyz,1829,"(('Br', 0), ('C', 7), ('Cl', 0), ('F', 0), ('H', 10), ('I', 0), ('N', 0), ('O', 2), ('S', 0))",19,51,complete,51,0,0,False,False,True
dsC7O2H10nsd_1830.xyz,1830,"(('Br', 0), ('C', 7), ('Cl', 0), ('F', 0), ('H', 10), ('I', 0), ('N', 0), ('O', 2), ('S', 0))",19,51,complete,51,0,0,False,False,True
dsC7O2H10nsd_1831.xyz,1831,"(('Br', 0), ('C', 7), ('Cl', 0), ('F', 0), ('H', 10), ('I', 0), ('N', 0), ('O', 2), ('S', 0))",19,102,incomplete_count,102,0,0,False,False,True
dsC7O2H10nsd_1832.xyz,1832,"(('Br', 0), ('C', 7), ('Cl', 0), ('F', 0), ('H', 10), ('I', 0), ('N', 0), ('O', 2), ('S', 0))",19,51,complete,51,0,0,False,False,True
dsC7O2H10nsd_1833.xyz,1833,"(('Br', 0), ('C', 7), ('Cl', 0), ('F', 0), ('H', 10), ('I', 0), ('N', 0), ('O', 2), ('S', 0))",19,51,complete,51,0,0,False,False,True
dsC7O2H10nsd_1834.xyz,1834,"(('Br', 0), ('C', 7), ('Cl', 0), ('F', 0), ('H', 10), ('I', 0), ('N', 0), ('O', 2), ('S', 0))",19,51,complete,51,0,0,False,False,True
dsC7O2H10nsd_1835.xyz,1835,"(('Br', 0), ('C', 7), ('Cl', 0), ('F', 0), ('H', 10), ('I', 0), ('N', 0), ('O', 2), ('S', 0))",19,51,complete,51,0,0,False,False,True
dsC7O2H10nsd_1836.xyz,1836,"(('Br', 0), ('C', 7), ('Cl', 0), ('F', 0), ('H', 10), ('I', 0), ('N', 0), ('O', 2), ('S', 0))",19,51,complete,51,0,0,False,False,True
dsC7O2H10nsd_1837.xyz,1837,"(('Br', 0), ('C', 7), ('Cl', 0), ('F', 0), ('H', 10), ('I', 0), ('N', 0), ('O', 2), ('S', 0))",19,51,complete,51,0,0,False,False,True
dsC7O2H10nsd_1838.xyz,1838,"(('Br', 0), ('C', 7), ('Cl', 0), ('F', 0), ('H', 10), ('I', 0), ('N', 0), ('O', 2), ('S', 0))",19,51,complete,51,0,0,False,False,True
dsC7O2H10nsd_1839.xyz,1839,"(('Br', 0), ('C', 7), ('Cl', 0), ('F', 0), ('H', 10), ('I', 0), ('N', 0), ('O', 2), ('S', 0))",19,51,complete,51,0,0,False,False,True
dsC7O2H10nsd_1840.xyz,1840,"(('Br', 0), ('C', 7), ('Cl', 0), ('F', 0), ('H', 10), ('I', 0), ('N', 0), ('O', 2), ('S', 0))",19,51,complete,51,0,0,False,False,True
dsC7O2H10nsd_1841.xyz,1841,"(('Br', 0), ('C', 7), ('Cl', 0), ('F', 0), ('H', 10), ('I', 0), ('N', 0), ('O', 2), ('S', 0))",19,51,complete,51,0,0,False,False,True
dsC7O2H10nsd_1842.xyz,1842,"(('Br', 0), ('C', 7), ('Cl', 0), ('F', 0), ('H', 10), ('I', 0), ('N', 0), ('O', 2), ('S', 0))",19,51,complete,51,0,0,False,False,True
dsC7O2H10nsd_1843.xyz,1843,"(('Br', 0), ('C', 7), ('Cl', 0), ('F', 0), ('H', 10), ('I', 0), ('N', 0), ('O', 2), ('S', 0))",19,51,complete,51,0,0,False,False,True
dsC7O2H10nsd_1844.xyz,1844,"(('Br', 0), ('C', 7), ('Cl', 0), ('F', 0), ('H', 10), ('I', 0), ('N', 0), ('O', 2), ('S', 0))",19,51,complete,51,0,0,False,False,True
dsC7O2H10nsd_1845.xyz,1845,"(('Br', 0), ('C', 7), ('Cl', 0), ('F', 0), ('H', 10), ('I', 0), ('N', 0), ('O', 2), ('S', 0))",19,51,complete,51,0,0,False,False,True
dsC7O2H10nsd_1846.xyz,1846,"(('Br', 0), ('C', 7), ('Cl', 0), ('F', 0), ('H', 10), ('I', 0), ('N', 0), ('O', 2), ('S', 0))",19,51,complete,51,0,0,False,False,True
dsC7O2H10nsd_1847.xyz,1847,"(('Br', 0), ('C', 7), ('Cl', 0), ('F', 0), ('H', 10), ('I', 0), ('N', 0), ('O', 2), ('S', 0))",19,51,complete,51,0,0,False,False,True
dsC7O2H10nsd_1848.xyz,1848,"(('Br', 0), ('C', 7), ('Cl', 0), ('F', 0), ('H', 10), ('I', 0), ('N', 0), ('O', 2), ('S', 0))",19,51,complete,51,0,0,False,False,True
dsC7O2H10nsd_1849.xyz,1849,"(('Br', 0), ('C', 7), ('Cl', 0), ('F', 0), ('H', 10), ('I', 0), ('N', 0), ('O', 2), ('S', 0))",19,51,complete,51,0,0,False,False,True
dsC7O2H10nsd_1850.xyz,1850,"(('Br', 0), ('C', 7), ('Cl', 0), ('F', 0), ('H', 10), ('I', 0), ('N', 0), ('O', 2), ('S', 0))",19,51,complete,51,0,0,False,False,True
dsC7O2H10nsd_1851.xyz,1851,"(('Br', 0), ('C', 7), ('Cl', 0), ('F', 0), ('H', 10), ('I', 0), ('N', 0), ('O', 2), ('S', 0))",19,51,complete,51,0,0,False,False,True
dsC7O2H10nsd_1852.xyz,1852,"(('Br', 0), ('C', 7), ('Cl', 0), ('F', 0), ('H', 10), ('I', 0), ('N', 0), ('O', 2), ('S', 0))",19,51,complete,51,0,0,False,False,True
dsC7O2H10nsd_1853.xyz,1853,"(('Br', 0), ('C', 7), ('Cl', 0), ('F', 0), ('H', 10), ('I', 0), ('N', 0), ('O', 2), ('S', 0))",19,51,complete,51,0,0,False,False,True
dsC7O2H10nsd_1854.xyz,1854,"(('Br', 0), ('C', 7), ('Cl', 0), ('F', 0), ('H', 10), ('I', 0), ('N', 0), ('O', 2), ('S', 0))",19,51,complete,51,0,0,False,False,True
dsC7O2H10nsd_1855.xyz,1855,"(('Br', 0), ('C', 7), ('Cl', 0), ('F', 0), ('H', 10), ('I', 0), ('N', 0), ('O', 2), ('S', 0))",19,51,complete,51,0,0,False,False,True
dsC7O2H10nsd_1856.xyz,1856,"(('Br', 0), ('C', 7), ('Cl', 0), ('F', 0), ('H', 10), ('I', 0), ('N', 0), ('O', 2), ('S', 0))",19,51,complete,51,0,0,False,False,True
dsC7O2H10nsd_1857.xyz,1857,"(('Br', 0), ('C', 7), ('Cl', 0), ('F', 0), ('H', 10), ('I', 0), ('N', 0), ('O', 2), ('S', 0))",19,51,complete,51,0,0,False,False,True
dsC7O2H10nsd_1858.xyz,1858,"(('Br', 0), ('C', 7), ('Cl', 0), ('F', 0), ('H', 10), ('I', 0), ('N', 0), ('O', 2), ('S', 0))",19,51,complete,51,0,0,False,False,True
dsC7O2H10nsd_1859.xyz,1859,"(('Br', 0), ('C', 7), ('Cl', 0), ('F', 0), ('H', 10), ('I', 0), ('N', 0), ('O', 2), ('S', 0))",19,51,complete,51,0,0,False,False,True
dsC7O2H10nsd_1860.xyz,1860,"(('Br', 0), ('C', 7), ('Cl', 0), ('F', 0), ('H', 10), ('I', 0), ('N', 0), ('O', 2), ('S', 0))",19,51,complete,51,0,0,False,False,True
dsC7O2H10nsd_1861.xyz,1861,"(('Br', 0), ('C', 7), ('Cl', 0), ('F', 0), ('H', 10), ('I', 0), ('N', 0), ('O', 2), ('S', 0))",19,51,complete,51,0,0,False,False,True
dsC7O2H10nsd_1862.xyz,1862,"(('Br', 0), ('C', 7), ('Cl', 0), ('F', 0), ('H', 10), ('I', 0), ('N', 0), ('O', 2), ('S', 0))",19,51,complete,51,0,0,False,False,True
dsC7O2H10nsd_1863.xyz,1863,"(('Br', 0), ('C', 7), ('Cl', 0), ('F', 0), ('H', 10), ('I', 0), ('N', 0), ('O', 2), ('S', 0))",19,51,complete,51,0,0,False,False,True
dsC7O2H10nsd_1864.xyz,1864,"(('Br', 0), ('C', 7), ('Cl', 0), ('F', 0), ('H', 10), ('I', 0), ('N', 0), ('O', 2), ('S', 0))",19,51,complete,51,0,0,False,False,True
dsC7O2H10nsd_1865.xyz,1865,"(('Br', 0), ('C', 7), ('Cl', 0), ('F', 0), ('H', 10), ('I', 0), ('N', 0), ('O', 2), ('S', 0))",19,51,complete,51,0,0,False,False,True
dsC7O2H10nsd_1866.xyz,1866,"(('Br', 0), ('C', 7), ('Cl', 0), ('F', 0), ('H', 10), ('I', 0), ('N', 0), ('O', 2), ('S', 0))",19,51,complete,51,0,0,False,False,True
dsC7O2H10nsd_1867.xyz,1867,"(('Br', 0), ('C', 7), ('Cl', 0), ('F', 0), ('H', 10), ('I', 0), ('N', 0), ('O', 2), ('S', 0))",19,51,complete,51,0,0,False,False,True
dsC7O2H10nsd_1868.xyz,1868,"(('Br', 0), ('C', 7), ('Cl', 0), ('F', 0), ('H', 10), ('I', 0), ('N', 0), ('O', 2), ('S', 0))",19,51,complete,51,0,0,False,False,True
dsC7O2H10nsd_1869.xyz,1869,"(('Br', 0), ('C', 7), ('Cl', 0), ('F', 0), ('H', 10), ('I', 0), ('N', 0), ('O', 2), ('S', 0))",19,51,complete,51,0,0,False,False,True
dsC7O2H10nsd_1870.xyz,1870,"(('Br', 0), ('C', 7), ('Cl', 0), ('F', 0), ('H', 10), ('I', 0), ('N', 0), ('O', 2), ('S', 0))",19,51,complete,51,0,0,False,False,True
dsC7O2H10nsd_1871.xyz,1871,"(('Br', 0), ('C', 7), ('Cl', 0), ('F', 0), ('H', 10), ('I', 0), ('N', 0), ('O', 2), ('S', 0))",19,51,complete,51,0,0,False,False,True
dsC7O2H10nsd_1872.xyz,1872,"(('Br', 0), ('C', 7), ('Cl', 0), ('F', 0), ('H', 10), ('I', 0), ('N', 0), ('O', 2), ('S', 0))",19,51,complete,51,0,0,False,False,True
dsC7O2H10nsd_1873.xyz,1873,"(('Br', 0), ('C', 7), ('Cl', 0), ('F', 0), ('H', 10), ('I', 0), ('N', 0), ('O', 2), ('S', 0))",19,51,complete,51,0,0,False,False,True
dsC7O2H10nsd_1874.xyz,1874,"(('Br', 0), ('C', 7), ('Cl', 0), ('F', 0), ('H', 10), ('I', 0), ('N', 0), ('O', 2), ('S', 0))",19,51,complete,51,0,0,False,False,True
dsC7O2H10nsd_1875.xyz,1875,"(('Br', 0), ('C', 7), ('Cl', 0), ('F', 0), ('H', 10), ('I', 0), ('N', 0), ('O', 2), ('S', 0))",19,51,complete,51,0,0,False,False,True
dsC7O2H10nsd_1876.xyz,1876,"(('Br', 0), ('C', 7), ('Cl', 0), ('F', 0), ('H', 10), ('I', 0), ('N', 0), ('O', 2), ('S', 0))",19,51,complete,51,0,0,False,False,True
dsC7O2H10nsd_1877.xyz,1877,"(('Br', 0), ('C', 7), ('Cl', 0), ('F', 0), ('H', 10), ('I', 0), ('N', 0), ('O', 2), ('S', 0))",19,51,complete,51,0,0,False,False,True
dsC7O2H10nsd_1878.xyz,1878,"(('Br', 0), ('C', 7), ('Cl', 0), ('F', 0), ('H', 10), ('I', 0), ('N', 0), ('O', 2), ('S', 0))",19,51,complete,51,0,0,False,False,True
dsC7O2H10nsd_1879.xyz,1879,"(('Br', 0), ('C', 7), ('Cl', 0), ('F', 0), ('H', 10), ('I', 0), ('N', 0), ('O', 2), ('S', 0))",19,51,complete,51,0,0,False,False,True
dsC7O2H10nsd_1880.xyz,1880,"(('Br', 0), ('C', 7), ('Cl', 0), ('F', 0), ('H', 10), ('I', 0), ('N', 0), ('O', 2), ('S', 0))",19,51,complete,51,0,0,False,False,True
dsC7O2H10nsd_1881.xyz,1881,"(('Br', 0), ('C', 7), ('Cl', 0), ('F', 0), ('H', 10), ('I', 0), ('N', 0), ('O', 2), ('S', 0))",19,51,complete,51,0,0,False,False,True
dsC7O2H10nsd_1882.xyz,1882,"(('Br', 0), ('C', 7), ('Cl', 0), ('F', 0), ('H', 10), ('I', 0), ('N', 0), ('O', 2), ('S', 0))",19,51,complete,51,0,0,False,False,True
dsC7O2H10nsd_1883.xyz,1883,"(('Br', 0), ('C', 7), ('Cl', 0), ('F', 0), ('H', 10), ('I', 0), ('N', 0), ('O', 2), ('S', 0))",19,51,complete,51,0,0,False,False,True
dsC7O2H10nsd_1884.xyz,1884,"(('Br', 0), ('C', 7), ('Cl', 0), ('F', 0), ('H', 10), ('I', 0), ('N', 0), ('O', 2), ('S', 0))",19,51,complete,51,0,0,False,False,True
dsC7O2H10nsd_1885.xyz,1885,"(('Br', 0), ('C', 7), ('Cl', 0), ('F', 0), ('H', 10), ('I', 0), ('N', 0), ('O', 2), ('S', 0))",19,51,complete,51,0,0,False,False,True
dsC7O2H10nsd_1886.xyz,1886,"(('Br', 0), ('C', 7), ('Cl', 0), ('F', 0), ('H', 10), ('I', 0), ('N', 0), ('O', 2), ('S', 0))",19,51,complete,51,0,0,False,False,True
dsC7O2H10nsd_1887.xyz,1887,"(('Br', 0), ('C', 7), ('Cl', 0), ('F', 0), ('H', 10), ('I', 0), ('N', 0), ('O', 2), ('S', 0))",19,51,complete,51,0,0,False,False,True
dsC7O2H10nsd_1888.xyz,1888,"(('Br', 0), ('C', 7), ('Cl', 0), ('F', 0), ('H', 10), ('I', 0), ('N', 0), ('O', 2), ('S', 0))",19,51,complete,51,0,0,False,False,True
dsC7O2H10nsd_1889.xyz,1889,"(('Br', 0), ('C', 7), ('Cl', 0), ('F', 0), ('H', 10), ('I', 0), ('N', 0), ('O', 2), ('S', 0))",19,51,complete,51,0,0,False,False,True
dsC7O2H10nsd_1890.xyz,1890,"(('Br', 0), ('C', 7), ('Cl', 0), ('F', 0), ('H', 10), ('I', 0), ('N', 0), ('O', 2), ('S', 0))",19,51,complete,51,0,0,False,False,True
dsC7O2H10nsd_1891.xyz,1891,"(('Br', 0), ('C', 7), ('Cl', 0), ('F', 0), ('H', 10), ('I', 0), ('N', 0), ('O', 2), ('S', 0))",19,51,complete,51,0,0,False,False,True
dsC7O2H10nsd_1892.xyz,1892,"(('Br', 0), ('C', 7), ('Cl', 0), ('F', 0), ('H', 10), ('I', 0), ('N', 0), ('O', 2), ('S', 0))",19,51,complete,51,0,0,False,False,True
dsC7O2H10nsd_1893.xyz,1893,"(('Br', 0), ('C', 7), ('Cl', 0), ('F', 0), ('H', 10), ('I', 0), ('N', 0), ('O', 2), ('S', 0))",19,51,complete,51,0,0,False,False,True
dsC7O2H10nsd_1894.xyz,1894,"(('Br', 0), ('C', 7), ('Cl', 0), ('F', 0), ('H', 10), ('I', 0), ('N', 0), ('O', 2), ('S', 0))",19,51,complete,51,0,0,False,False,True
dsC7O2H10nsd_1895.xyz,1895,"(('Br', 0), ('C', 7), ('Cl', 0), ('F', 0), ('H', 10), ('I', 0), ('N', 0), ('O', 2), ('S', 0))",19,51,complete,51,0,0,False,False,True
dsC7O2H10nsd_1896.xyz,1896,"(('Br', 0), ('C', 7), ('Cl', 0), ('F', 0), ('H', 10), ('I', 0), ('N', 0), ('O', 2), ('S', 0))",19,51,complete,51,0,0,False,False,True
dsC7O2H10nsd_1897.xyz,1897,"(('Br', 0), ('C', 7), ('Cl', 0), ('F', 0), ('H', 10), ('I', 0), ('N', 0), ('O', 2), ('S', 0))",19,51,complete,51,0,0,False,False,True
dsC7O2H10nsd_1898.xyz,1898,"(('Br', 0), ('C', 7), ('Cl', 0), ('F', 0), ('H', 10), ('I', 0), ('N', 0), ('O', 2), ('S', 0))",19,51,complete,51,0,0,False,False,True
dsC7O2H10nsd_1899.xyz,1899,"(('Br', 0), ('C', 7), ('Cl', 0), ('F', 0), ('H', 10), ('I', 0), ('N', 0), ('O', 2), ('S', 0))",19,51,complete,51,0,0,False,False,True
dsC7O2H10nsd_1900.xyz,1900,"(('Br', 0), ('C', 7), ('Cl', 0), ('F', 0), ('H', 10), ('I', 0), ('N', 0), ('O', 2), ('S', 0))",19,51,complete,51,0,0,False,False,True
dsC7O2H10nsd_1901.xyz,1901,"(('Br', 0), ('C', 7), ('Cl', 0), ('F', 0), ('H', 10), ('I', 0), ('N', 0), ('O', 2), ('S', 0))",19,51,complete,51,0,0,False,False,True
dsC7O2H10nsd_1902.xyz,1902,"(('Br', 0), ('C', 7), ('Cl', 0), ('F', 0), ('H', 10), ('I', 0), ('N', 0), ('O', 2), ('S', 0))",19,51,complete,51,0,0,False,False,True
dsC7O2H10nsd_1903.xyz,1903,"(('Br', 0), ('C', 7), ('Cl', 0), ('F', 0), ('H', 10), ('I', 0), ('N', 0), ('O', 2), ('S', 0))",19,51,complete,51,0,0,False,False,True
dsC7O2H10nsd_1904.xyz,1904,"(('Br', 0), ('C', 7), ('Cl', 0), ('F', 0), ('H', 10), ('I', 0), ('N', 0), ('O', 2), ('S', 0))",19,51,complete,51,0,0,False,False,True
dsC7O2H10nsd_1905.xyz,1905,"(('Br', 0), ('C', 7), ('Cl', 0), ('F', 0), ('H', 10), ('I', 0), ('N', 0), ('O', 2), ('S', 0))",19,51,complete,51,0,0,False,False,True
dsC7O2H10nsd_1906.xyz,1906,"(('Br', 0), ('C', 7), ('Cl', 0), ('F', 0), ('H', 10), ('I', 0), ('N', 0), ('O', 2), ('S', 0))",19,51,complete,51,0,0,False,False,True
dsC7O2H10nsd_1907.xyz,1907,"(('Br', 0), ('C', 7), ('Cl', 0), ('F', 0), ('H', 10), ('I', 0), ('N', 0), ('O', 2), ('S', 0))",19,51,complete,51,0,0,False,False,True
dsC7O2H10nsd_1908.xyz,1908,"(('Br', 0), ('C', 7), ('Cl', 0), ('F', 0), ('H', 10), ('I', 0), ('N', 0), ('O', 2), ('S', 0))",19,51,complete,51,0,0,False,False,True
dsC7O2H10nsd_1909.xyz,1909,"(('Br', 0), ('C', 7), ('Cl', 0), ('F', 0), ('H', 10), ('I', 0), ('N', 0), ('O', 2), ('S', 0))",19,51,complete,51,0,0,False,False,True
dsC7O2H10nsd_1910.xyz,1910,"(('Br', 0), ('C', 7), ('Cl', 0), ('F', 0), ('H', 10), ('I', 0), ('N', 0), ('O', 2), ('S', 0))",19,51,complete,51,0,0,False,False,True
dsC7O2H10nsd_1911.xyz,1911,"(('Br', 0), ('C', 7), ('Cl', 0), ('F', 0), ('H', 10), ('I', 0), ('N', 0), ('O', 2), ('S', 0))",19,51,complete,51,0,0,False,False,True
dsC7O2H10nsd_1912.xyz,1912,"(('Br', 0), ('C', 7), ('Cl', 0), ('F', 0), ('H', 10), ('I', 0), ('N', 0), ('O', 2), ('S', 0))",19,51,complete,51,0,0,False,False,True
dsC7O2H10nsd_1913.xyz,1913,"(('Br', 0), ('C', 7), ('Cl', 0), ('F', 0), ('H', 10), ('I', 0), ('N', 0), ('O', 2), ('S', 0))",19,51,complete,51,0,0,False,False,True
dsC7O2H10nsd_1914.xyz,1914,"(('Br', 0), ('C', 7), ('Cl', 0), ('F', 0), ('H', 10), ('I', 0), ('N', 0), ('O', 2), ('S', 0))",19,51,complete,51,0,0,False,False,True
dsC7O2H10nsd_1915.xyz,1915,"(('Br', 0), ('C', 7), ('Cl', 0), ('F', 0), ('H', 10), ('I', 0), ('N', 0), ('O', 2), ('S', 0))",19,51,complete,51,0,0,False,False,True
dsC7O2H10nsd_1916.xyz,1916,"(('Br', 0), ('C', 7), ('Cl', 0), ('F', 0), ('H', 10), ('I', 0), ('N', 0), ('O', 2), ('S', 0))",19,51,complete,51,0,0,False,False,True
dsC7O2H10nsd_1917.xyz,1917,"(('Br', 0), ('C', 7), ('Cl', 0), ('F', 0), ('H', 10), ('I', 0), ('N', 0), ('O', 2), ('S', 0))",19,51,complete,51,0,0,False,False,True
dsC7O2H10nsd_1918.xyz,1918,"(('Br', 0), ('C', 7), ('Cl', 0), ('F', 0), ('H', 10), ('I', 0), ('N', 0), ('O', 2), ('S', 0))",19,51,complete,51,0,0,False,False,True
dsC7O2H10nsd_1919.xyz,1919,"(('Br', 0), ('C', 7), ('Cl', 0), ('F', 0), ('H', 10), ('I', 0), ('N', 0), ('O', 2), ('S', 0))",19,51,complete,51,0,0,False,False,True
dsC7O2H10nsd_1920.xyz,1920,"(('Br', 0), ('C', 7), ('Cl', 0), ('F', 0), ('H', 10), ('I', 0), ('N', 0), ('O', 2), ('S', 0))",19,51,complete,51,0,0,False,False,True
dsC7O2H10nsd_1921.xyz,1921,"(('Br', 0), ('C', 7), ('Cl', 0), ('F', 0), ('H', 10), ('I', 0), ('N', 0), ('O', 2), ('S', 0))",19,51,complete,51,0,0,False,False,True
dsC7O2H10nsd_1922.xyz,1922,"(('Br', 0), ('C', 7), ('Cl', 0), ('F', 0), ('H', 10), ('I', 0), ('N', 0), ('O', 2), ('S', 0))",19,51,complete,51,0,0,False,False,True
dsC7O2H10nsd_1923.xyz,1923,"(('Br', 0), ('C', 7), ('Cl', 0), ('F', 0), ('H', 10), ('I', 0), ('N', 0), ('O', 2), ('S', 0))",19,51,complete,51,0,0,False,False,True
dsC7O2H10nsd_1924.xyz,1924,"(('Br', 0), ('C', 7), ('Cl', 0), ('F', 0), ('H', 10), ('I', 0), ('N', 0), ('O', 2), ('S', 0))",19,51,complete,51,0,0,False,False,True
dsC7O2H10nsd_1925.xyz,1925,"(('Br', 0), ('C', 7), ('Cl', 0), ('F', 0), ('H', 10), ('I', 0), ('N', 0), ('O', 2), ('S', 0))",19,51,complete,51,0,0,False,False,True
dsC7O2H10nsd_1926.xyz,1926,"(('Br', 0), ('C', 7), ('Cl', 0), ('F', 0), ('H', 10), ('I', 0), ('N', 0), ('O', 2), ('S', 0))",19,51,complete,51,0,0,False,False,True
dsC7O2H10nsd_1927.xyz,1927,"(('Br', 0), ('C', 7), ('Cl', 0), ('F', 0), ('H', 10), ('I', 0), ('N', 0), ('O', 2), ('S', 0))",19,51,complete,51,0,0,False,False,True
dsC7O2H10nsd_1928.xyz,1928,"(('Br', 0), ('C', 7), ('Cl', 0), ('F', 0), ('H', 10), ('I', 0), ('N', 0), ('O', 2), ('S', 0))",19,51,complete,51,0,0,False,False,True
dsC7O2H10nsd_1929.xyz,1929,"(('Br', 0), ('C', 7), ('Cl', 0), ('F', 0), ('H', 10), ('I', 0), ('N', 0), ('O', 2), ('S', 0))",19,51,complete,51,0,0,False,False,True
dsC7O2H10nsd_1930.xyz,1930,"(('Br', 0), ('C', 7), ('Cl', 0), ('F', 0), ('H', 10), ('I', 0), ('N', 0), ('O', 2), ('S', 0))",19,51,complete,51,0,0,False,False,True
dsC7O2H10nsd_1931.xyz,1931,"(('Br', 0), ('C', 7), ('Cl', 0), ('F', 0), ('H', 10), ('I', 0), ('N', 0), ('O', 2), ('S', 0))",19,51,complete,51,0,0,False,False,True
dsC7O2H10nsd_1932.xyz,1932,"(('Br', 0), ('C', 7), ('Cl', 0), ('F', 0), ('H', 10), ('I', 0), ('N', 0), ('O', 2), ('S', 0))",19,102,incomplete_count,102,0,0,False,False,True
dsC7O2H10nsd_1933.xyz,1933,"(('Br', 0), ('C', 7), ('Cl', 0), ('F', 0), ('H', 10), ('I', 0), ('N', 0), ('O', 2), ('S', 0))",19,51,complete,51,0,0,False,False,True
dsC7O2H10nsd_1934.xyz,1934,"(('Br', 0), ('C', 7), ('Cl', 0), ('F', 0), ('H', 10), ('I', 0), ('N', 0), ('O', 2), ('S', 0))",19,51,complete,51,0,0,False,False,True
dsC7O2H10nsd_1935.xyz,1935,"(('Br', 0), ('C', 7), ('Cl', 0), ('F', 0), ('H', 10), ('I', 0), ('N', 0), ('O', 2), ('S', 0))",19,51,complete,51,0,0,False,False,True
dsC7O2H10nsd_1936.xyz,1936,"(('Br', 0), ('C', 7), ('Cl', 0), ('F', 0), ('H', 10), ('I', 0), ('N', 0), ('O', 2), ('S', 0))",19,51,complete,51,0,0,False,False,True
dsC7O2H10nsd_1937.xyz,1937,"(('Br', 0), ('C', 7), ('Cl', 0), ('F', 0), ('H', 10), ('I', 0), ('N', 0), ('O', 2), ('S', 0))",19,51,complete,51,0,0,False,False,True
dsC7O2H10nsd_1938.xyz,1938,"(('Br', 0), ('C', 7), ('Cl', 0), ('F', 0), ('H', 10), ('I', 0), ('N', 0), ('O', 2), ('S', 0))",19,51,complete,51,0,0,False,False,True
dsC7O2H10nsd_1939.xyz,1939,"(('Br', 0), ('C', 7), ('Cl', 0), ('F', 0), ('H', 10), ('I', 0), ('N', 0), ('O', 2), ('S', 0))",19,51,complete,51,0,0,False,False,True
dsC7O2H10nsd_1940.xyz,1940,"(('Br', 0), ('C', 7), ('Cl', 0), ('F', 0), ('H', 10), ('I', 0), ('N', 0), ('O', 2), ('S', 0))",19,51,complete,51,0,0,False,False,True
dsC7O2H10nsd_1941.xyz,1941,"(('Br', 0), ('C', 7), ('Cl', 0), ('F', 0), ('H', 10), ('I', 0), ('N', 0), ('O', 2), ('S', 0))",19,51,complete,51,0,0,False,False,True
dsC7O2H10nsd_1942.xyz,1942,"(('Br', 0), ('C', 7), ('Cl', 0), ('F', 0), ('H', 10), ('I', 0), ('N', 0), ('O', 2), ('S', 0))",19,102,incomplete_count,102,0,0,False,False,True
dsC7O2H10nsd_1943.xyz,1943,"(('Br', 0), ('C', 7), ('Cl', 0), ('F', 0), ('H', 10), ('I', 0), ('N', 0), ('O', 2), ('S', 0))",19,51,complete,51,0,0,False,False,True
dsC7O2H10nsd_1944.xyz,1944,"(('Br', 0), ('C', 7), ('Cl', 0), ('F', 0), ('H', 10), ('I', 0), ('N', 0), ('O', 2), ('S', 0))",19,51,complete,51,0,0,False,False,True
dsC7O2H10nsd_1945.xyz,1945,"(('Br', 0), ('C', 7), ('Cl', 0), ('F', 0), ('H', 10), ('I', 0), ('N', 0), ('O', 2), ('S', 0))",19,51,complete,51,0,0,False,False,True
dsC7O2H10nsd_1946.xyz,1946,"(('Br', 0), ('C', 7), ('Cl', 0), ('F', 0), ('H', 10), ('I', 0), ('N', 0), ('O', 2), ('S', 0))",19,51,complete,51,0,0,False,False,True
dsC7O2H10nsd_1947.xyz,1947,"(('Br', 0), ('C', 7), ('Cl', 0), ('F', 0), ('H', 10), ('I', 0), ('N', 0), ('O', 2), ('S', 0))",19,51,complete,51,0,0,False,False,True
dsC7O2H10nsd_1948.xyz,1948,"(('Br', 0), ('C', 7), ('Cl', 0), ('F', 0), ('H', 10), ('I', 0), ('N', 0), ('O', 2), ('S', 0))",19,51,complete,51,0,0,False,False,True
dsC7O2H10nsd_1949.xyz,1949,"(('Br', 0), ('C', 7), ('Cl', 0), ('F', 0), ('H', 10), ('I', 0), ('N', 0), ('O', 2), ('S', 0))",19,51,complete,51,0,0,False,False,True
dsC7O2H10nsd_1950.xyz,1950,"(('Br', 0), ('C', 7), ('Cl', 0), ('F', 0), ('H', 10), ('I', 0), ('N', 0), ('O', 2), ('S', 0))",19,51,complete,51,0,0,False,False,True
dsC7O2H10nsd_1951.xyz,1951,"(('Br', 0), ('C', 7), ('Cl', 0), ('F', 0), ('H', 10), ('I', 0), ('N', 0), ('O', 2), ('S', 0))",19,51,complete,51,0,0,False,False,True
dsC7O2H10nsd_1952.xyz,1952,"(('Br', 0), ('C', 7), ('Cl', 0), ('F', 0), ('H', 10), ('I', 0), ('N', 0), ('O', 2), ('S', 0))",19,51,complete,51,0,0,False,False,True
dsC7O2H10nsd_1953.xyz,1953,"(('Br', 0), ('C', 7), ('Cl', 0), ('F', 0), ('H', 10), ('I', 0), ('N', 0), ('O', 2), ('S', 0))",19,51,complete,51,0,0,False,False,True
dsC7O2H10nsd_1954.xyz,1954,"(('Br', 0), ('C', 7), ('Cl', 0), ('F', 0), ('H', 10), ('I', 0), ('N', 0), ('O', 2), ('S', 0))",19,51,complete,51,0,0,False,False,True
dsC7O2H10nsd_1955.xyz,1955,"(('Br', 0), ('C', 7), ('Cl', 0), ('F', 0), ('H', 10), ('I', 0), ('N', 0), ('O', 2), ('S', 0))",19,51,complete,51,0,0,False,False,True
dsC7O2H10nsd_1956.xyz,1956,"(('Br', 0), ('C', 7), ('Cl', 0), ('F', 0), ('H', 10), ('I', 0), ('N', 0), ('O', 2), ('S', 0))",19,51,complete,51,0,0,False,False,True
dsC7O2H10nsd_1957.xyz,1957,"(('Br', 0), ('C', 7), ('Cl', 0), ('F', 0), ('H', 10), ('I', 0), ('N', 0), ('O', 2), ('S', 0))",19,51,complete,51,0,0,False,False,True
dsC7O2H10nsd_1958.xyz,1958,"(('Br', 0), ('C', 7), ('Cl', 0), ('F', 0), ('H', 10), ('I', 0), ('N', 0), ('O', 2), ('S', 0))",19,51,complete,51,0,0,False,False,True
dsC7O2H10nsd_1959.xyz,1959,"(('Br', 0), ('C', 7), ('Cl', 0), ('F', 0), ('H', 10), ('I', 0), ('N', 0), ('O', 2), ('S', 0))",19,51,complete,51,0,0,False,False,True
dsC7O2H10nsd_1960.xyz,1960,"(('Br', 0), ('C', 7), ('Cl', 0), ('F', 0), ('H', 10), ('I', 0), ('N', 0), ('O', 2), ('S', 0))",19,51,complete,51,0,0,False,False,True
dsC7O2H10nsd_1961.xyz,1961,"(('Br', 0), ('C', 7), ('Cl', 0), ('F', 0), ('H', 10), ('I', 0), ('N', 0), ('O', 2), ('S', 0))",19,51,complete,51,0,0,False,False,True
dsC7O2H10nsd_1962.xyz,1962,"(('Br', 0), ('C', 7), ('Cl', 0), ('F', 0), ('H', 10), ('I', 0), ('N', 0), ('O', 2), ('S', 0))",19,51,complete,51,0,0,False,False,True
dsC7O2H10nsd_1963.xyz,1963,"(('Br', 0), ('C', 7), ('Cl', 0), ('F', 0), ('H', 10), ('I', 0), ('N', 0), ('O', 2), ('S', 0))",19,51,complete,51,0,0,False,False,True
dsC7O2H10nsd_1964.xyz,1964,"(('Br', 0), ('C', 7), ('Cl', 0), ('F', 0), ('H', 10), ('I', 0), ('N', 0), ('O', 2), ('S', 0))",19,51,complete,51,0,0,False,False,True
dsC7O2H10nsd_1965.xyz,1965,"(('Br', 0), ('C', 7), ('Cl', 0), ('F', 0), ('H', 10), ('I', 0), ('N', 0), ('O', 2), ('S', 0))",19,51,complete,51,0,0,False,False,True
dsC7O2H10nsd_1966.xyz,1966,"(('Br', 0), ('C', 7), ('Cl', 0), ('F', 0), ('H', 10), ('I', 0), ('N', 0), ('O', 2), ('S', 0))",19,51,complete,51,0,0,False,False,True
dsC7O2H10nsd_1967.xyz,1967,"(('Br', 0), ('C', 7), ('Cl', 0), ('F', 0), ('H', 10), ('I', 0), ('N', 0), ('O', 2), ('S', 0))",19,51,complete,51,0,0,False,False,True
dsC7O2H10nsd_1968.xyz,1968,"(('Br', 0), ('C', 7), ('Cl', 0), ('F', 0), ('H', 10), ('I', 0), ('N', 0), ('O', 2), ('S', 0))",19,51,complete,51,0,0,False,False,True
dsC7O2H10nsd_1969.xyz,1969,"(('Br', 0), ('C', 7), ('Cl', 0), ('F', 0), ('H', 10), ('I', 0), ('N', 0), ('O', 2), ('S', 0))",19,51,complete,51,0,0,False,False,True
dsC7O2H10nsd_1970.xyz,1970,"(('Br', 0), ('C', 7), ('Cl', 0), ('F', 0), ('H', 10), ('I', 0), ('N', 0), ('O', 2), ('S', 0))",19,51,complete,51,0,0,False,False,True
dsC7O2H10nsd_1971.xyz,1971,"(('Br', 0), ('C', 7), ('Cl', 0), ('F', 0), ('H', 10), ('I', 0), ('N', 0), ('O', 2), ('S', 0))",19,51,complete,51,0,0,False,False,True
dsC7O2H10nsd_1972.xyz,1972,"(('Br', 0), ('C', 7), ('Cl', 0), ('F', 0), ('H', 10), ('I', 0), ('N', 0), ('O', 2), ('S', 0))",19,51,complete,51,0,0,False,False,True
dsC7O2H10nsd_1973.xyz,1973,"(('Br', 0), ('C', 7), ('Cl', 0), ('F', 0), ('H', 10), ('I', 0), ('N', 0), ('O', 2), ('S', 0))",19,51,complete,51,0,0,False,False,True
dsC7O2H10nsd_1974.xyz,1974,"(('Br', 0), ('C', 7), ('Cl', 0), ('F', 0), ('H', 10), ('I', 0), ('N', 0), ('O', 2), ('S', 0))",19,51,complete,51,0,0,False,False,True
dsC7O2H10nsd_1975.xyz,1975,"(('Br', 0), ('C', 7), ('Cl', 0), ('F', 0), ('H', 10), ('I', 0), ('N', 0), ('O', 2), ('S', 0))",19,51,complete,51,0,0,False,False,True
dsC7O2H10nsd_1976.xyz,1976,"(('Br', 0), ('C', 7), ('Cl', 0), ('F', 0), ('H', 10), ('I', 0), ('N', 0), ('O', 2), ('S', 0))",19,51,complete,51,0,0,False,False,True
dsC7O2H10nsd_1977.xyz,1977,"(('Br', 0), ('C', 7), ('Cl', 0), ('F', 0), ('H', 10), ('I', 0), ('N', 0), ('O', 2), ('S', 0))",19,51,complete,51,0,0,False,False,True
dsC7O2H10nsd_1978.xyz,1978,"(('Br', 0), ('C', 7), ('Cl', 0), ('F', 0), ('H', 10), ('I', 0), ('N', 0), ('O', 2), ('S', 0))",19,51,complete,51,0,0,False,False,True
dsC7O2H10nsd_1979.xyz,1979,"(('Br', 0), ('C', 7), ('Cl', 0), ('F', 0), ('H', 10), ('I', 0), ('N', 0), ('O', 2), ('S', 0))",19,51,complete,51,0,0,False,False,True
dsC7O2H10nsd_1980.xyz,1980,"(('Br', 0), ('C', 7), ('Cl', 0), ('F', 0), ('H', 10), ('I', 0), ('N', 0), ('O', 2), ('S', 0))",19,51,complete,51,0,0,False,False,True
dsC7O2H10nsd_1981.xyz,1981,"(('Br', 0), ('C', 7), ('Cl', 0), ('F', 0), ('H', 10), ('I', 0), ('N', 0), ('O', 2), ('S', 0))",19,51,complete,51,0,0,False,False,True
dsC7O2H10nsd_1982.xyz,1982,"(('Br', 0), ('C', 7), ('Cl', 0), ('F', 0), ('H', 10), ('I', 0), ('N', 0), ('O', 2), ('S', 0))",19,51,complete,51,0,0,False,False,True
dsC7O2H10nsd_1983.xyz,1983,"(('Br', 0), ('C', 7), ('Cl', 0), ('F', 0), ('H', 10), ('I', 0), ('N', 0), ('O', 2), ('S', 0))",19,51,complete,51,0,0,False,False,True
dsC7O2H10nsd_1984.xyz,1984,"(('Br', 0), ('C', 7), ('Cl', 0), ('F', 0), ('H', 10), ('I', 0), ('N', 0), ('O', 2), ('S', 0))",19,51,complete,51,0,0,False,False,True
dsC7O2H10nsd_1985.xyz,1985,"(('Br', 0), ('C', 7), ('Cl', 0), ('F', 0), ('H', 10), ('I', 0), ('N', 0), ('O', 2), ('S', 0))",19,51,complete,51,0,0,False,False,True
dsC7O2H10nsd_1986.xyz,1986,"(('Br', 0), ('C', 7), ('Cl', 0), ('F', 0), ('H', 10), ('I', 0), ('N', 0), ('O', 2), ('S', 0))",19,51,complete,51,0,0,False,False,True
dsC7O2H10nsd_1987.xyz,1987,"(('Br', 0), ('C', 7), ('Cl', 0), ('F', 0), ('H', 10), ('I', 0), ('N', 0), ('O', 2), ('S', 0))",19,51,complete,51,0,0,False,False,True
dsC7O2H10nsd_1988.xyz,1988,"(('Br', 0), ('C', 7), ('Cl', 0), ('F', 0), ('H', 10), ('I', 0), ('N', 0), ('O', 2), ('S', 0))",19,51,complete,51,0,0,False,False,True
dsC7O2H10nsd_1989.xyz,1989,"(('Br', 0), ('C', 7), ('Cl', 0), ('F', 0), ('H', 10), ('I', 0), ('N', 0), ('O', 2), ('S', 0))",19,51,complete,51,0,0,False,False,True
dsC7O2H10nsd_1990.xyz,1990,"(('Br', 0), ('C', 7), ('Cl', 0), ('F', 0), ('H', 10), ('I', 0), ('N', 0), ('O', 2), ('S', 0))",19,51,complete,51,0,0,False,False,True
dsC7O2H10nsd_1991.xyz,1991,"(('Br', 0), ('C', 7), ('Cl', 0), ('F', 0), ('H', 10), ('I', 0), ('N', 0), ('O', 2), ('S', 0))",19,51,complete,51,0,0,False,False,True
dsC7O2H10nsd_1992.xyz,1992,"(('Br', 0), ('C', 7), ('Cl', 0), ('F', 0), ('H', 10), ('I', 0), ('N', 0), ('O', 2), ('S', 0))",19,51,complete,51,0,0,False,False,True
dsC7O2H10nsd_1993.xyz,1993,"(('Br', 0), ('C', 7), ('Cl', 0), ('F', 0), ('H', 10), ('I', 0), ('N', 0), ('O', 2), ('S', 0))",19,51,complete,51,0,0,False,False,True
dsC7O2H10nsd_1994.xyz,1994,"(('Br', 0), ('C', 7), ('Cl', 0), ('F', 0), ('H', 10), ('I', 0), ('N', 0), ('O', 2), ('S', 0))",19,51,complete,51,0,0,False,False,True
dsC7O2H10nsd_1995.xyz,1995,"(('Br', 0), ('C', 7), ('Cl', 0), ('F', 0), ('H', 10), ('I', 0), ('N', 0), ('O', 2), ('S', 0))",19,51,complete,51,0,0,False,False,True
dsC7O2H10nsd_1996.xyz,1996,"(('Br', 0), ('C', 7), ('Cl', 0), ('F', 0), ('H', 10), ('I', 0), ('N', 0), ('O', 2), ('S', 0))",19,51,complete,51,0,0,False,False,True
dsC7O2H10nsd_1997.xyz,1997,"(('Br', 0), ('C', 7), ('Cl', 0), ('F', 0), ('H', 10), ('I', 0), ('N', 0), ('O', 2), ('S', 0))",19,51,complete,51,0,0,False,False,True
dsC7O2H10nsd_1998.xyz,1998,"(('Br', 0), ('C', 7), ('Cl', 0), ('F', 0), ('H', 10), ('I', 0), ('N', 0), ('O', 2), ('S', 0))",19,51,complete,51,0,0,False,False,True
dsC7O2H10nsd_1999.xyz,1999,"(('Br', 0), ('C', 7), ('Cl', 0), ('F', 0), ('H', 10), ('I', 0), ('N', 0), ('O', 2), ('S', 0))",19,51,complete,51,0,0,False,False,True
dsC7O2H10nsd_2000.xyz,2000,"(('Br', 0), ('C', 7), ('Cl', 0), ('F', 0), ('H', 10), ('I', 0), ('N', 0), ('O', 2), ('S', 0))",19,51,complete,51,0,0,False,False,True
dsC7O2H10nsd_2001.xyz,2001,"(('Br', 0), ('C', 7), ('Cl', 0), ('F', 0), ('H', 10), ('I', 0), ('N', 0), ('O', 2), ('S', 0))",19,51,complete,51,0,0,False,False,True
dsC7O2H10nsd_2002.xyz,2002,"(('Br', 0), ('C', 7), ('Cl', 0), ('F', 0), ('H', 10), ('I', 0), ('N', 0), ('O', 2), ('S', 0))",19,51,complete,51,0,0,False,False,True
dsC7O2H10nsd_2003.xyz,2003,"(('Br', 0), ('C', 7), ('Cl', 0), ('F', 0), ('H', 10), ('I', 0), ('N', 0), ('O', 2), ('S', 0))",19,51,complete,51,0,0,False,False,True
dsC7O2H10nsd_2004.xyz,2004,"(('Br', 0), ('C', 7), ('Cl', 0), ('F', 0), ('H', 10), ('I', 0), ('N', 0), ('O', 2), ('S', 0))",19,51,complete,51,0,0,False,False,True
dsC7O2H10nsd_2005.xyz,2005,"(('Br', 0), ('C', 7), ('Cl', 0), ('F', 0), ('H', 10), ('I', 0), ('N', 0), ('O', 2), ('S', 0))",19,51,complete,51,0,0,False,False,True
dsC7O2H10nsd_2006.xyz,2006,"(('Br', 0), ('C', 7), ('Cl', 0), ('F', 0), ('H', 10), ('I', 0), ('N', 0), ('O', 2), ('S', 0))",19,51,complete,51,0,0,False,False,True
dsC7O2H10nsd_2007.xyz,2007,"(('Br', 0), ('C', 7), ('Cl', 0), ('F', 0), ('H', 10), ('I', 0), ('N', 0), ('O', 2), ('S', 0))",19,51,complete,51,0,0,False,False,True
dsC7O2H10nsd_2008.xyz,2008,"(('Br', 0), ('C', 7), ('Cl', 0), ('F', 0), ('H', 10), ('I', 0), ('N', 0), ('O', 2), ('S', 0))",19,51,complete,51,0,0,False,False,True
dsC7O2H10nsd_2009.xyz,2009,"(('Br', 0), ('C', 7), ('Cl', 0), ('F', 0), ('H', 10), ('I', 0), ('N', 0), ('O', 2), ('S', 0))",19,51,complete,51,0,0,False,False,True
dsC7O2H10nsd_2010.xyz,2010,"(('Br', 0), ('C', 7), ('Cl', 0), ('F', 0), ('H', 10), ('I', 0), ('N', 0), ('O', 2), ('S', 0))",19,51,complete,51,0,0,False,False,True
dsC7O2H10nsd_2011.xyz,2011,"(('Br', 0), ('C', 7), ('Cl', 0), ('F', 0), ('H', 10), ('I', 0), ('N', 0), ('O', 2), ('S', 0))",19,51,complete,51,0,0,False,False,True
dsC7O2H10nsd_2012.xyz,2012,"(('Br', 0), ('C', 7), ('Cl', 0), ('F', 0), ('H', 10), ('I', 0), ('N', 0), ('O', 2), ('S', 0))",19,51,complete,51,0,0,False,False,True
dsC7O2H10nsd_2013.xyz,2013,"(('Br', 0), ('C', 7), ('Cl', 0), ('F', 0), ('H', 10), ('I', 0), ('N', 0), ('O', 2), ('S', 0))",19,51,complete,51,0,0,False,False,True
dsC7O2H10nsd_2014.xyz,2014,"(('Br', 0), ('C', 7), ('Cl', 0), ('F', 0), ('H', 10), ('I', 0), ('N', 0), ('O', 2), ('S', 0))",19,102,incomplete_count,102,0,0,False,False,True
dsC7O2H10nsd_2015.xyz,2015,"(('Br', 0), ('C', 7), ('Cl', 0), ('F', 0), ('H', 10), ('I', 0), ('N', 0), ('O', 2), ('S', 0))",19,51,complete,51,0,0,False,False,True
dsC7O2H10nsd_2016.xyz,2016,"(('Br', 0), ('C', 7), ('Cl', 0), ('F', 0), ('H', 10), ('I', 0), ('N', 0), ('O', 2), ('S', 0))",19,51,complete,51,0,0,False,False,True
dsC7O2H10nsd_2017.xyz,2017,"(('Br', 0), ('C', 7), ('Cl', 0), ('F', 0), ('H', 10), ('I', 0), ('N', 0), ('O', 2), ('S', 0))",19,51,complete,51,0,0,False,False,True
dsC7O2H10nsd_2018.xyz,2018,"(('Br', 0), ('C', 7), ('Cl', 0), ('F', 0), ('H', 10), ('I', 0), ('N', 0), ('O', 2), ('S', 0))",19,51,complete,51,0,0,False,False,True
dsC7O2H10nsd_2019.xyz,2019,"(('Br', 0), ('C', 7), ('Cl', 0), ('F', 0), ('H', 10), ('I', 0), ('N', 0), ('O', 2), ('S', 0))",19,51,complete,51,0,0,False,False,True
dsC7O2H10nsd_2020.xyz,2020,"(('Br', 0), ('C', 7), ('Cl', 0), ('F', 0), ('H', 10), ('I', 0), ('N', 0), ('O', 2), ('S', 0))",19,51,complete,51,0,0,False,False,True
dsC7O2H10nsd_2021.xyz,2021,"(('Br', 0), ('C', 7), ('Cl', 0), ('F', 0), ('H', 10), ('I', 0), ('N', 0), ('O', 2), ('S', 0))",19,51,complete,51,0,0,False,False,True
dsC7O2H10nsd_2022.xyz,2022,"(('Br', 0), ('C', 7), ('Cl', 0), ('F', 0), ('H', 10), ('I', 0), ('N', 0), ('O', 2), ('S', 0))",19,51,complete,51,0,0,False,False,True
dsC7O2H10nsd_2023.xyz,2023,"(('Br', 0), ('C', 7), ('Cl', 0), ('F', 0), ('H', 10), ('I', 0), ('N', 0), ('O', 2), ('S', 0))",19,51,complete,51,0,0,False,False,True
dsC7O2H10nsd_2024.xyz,2024,"(('Br', 0), ('C', 7), ('Cl', 0), ('F', 0), ('H', 10), ('I', 0), ('N', 0), ('O', 2), ('S', 0))",19,51,complete,51,0,0,False,False,True
dsC7O2H10nsd_2025.xyz,2025,"(('Br', 0), ('C', 7), ('Cl', 0), ('F', 0), ('H', 10), ('I', 0), ('N', 0), ('O', 2), ('S', 0))",19,51,complete,51,0,0,False,False,True
dsC7O2H10nsd_2026.xyz,2026,"(('Br', 0), ('C', 7), ('Cl', 0), ('F', 0), ('H', 10), ('I', 0), ('N', 0), ('O', 2), ('S', 0))",19,51,complete,51,0,0,False,False,True
dsC7O2H10nsd_2027.xyz,2027,"(('Br', 0), ('C', 7), ('Cl', 0), ('F', 0), ('H', 10), ('I', 0), ('N', 0), ('O', 2), ('S', 0))",19,51,complete,51,0,0,False,False,True
dsC7O2H10nsd_2028.xyz,2028,"(('Br', 0), ('C', 7), ('Cl', 0), ('F', 0), ('H', 10), ('I', 0), ('N', 0), ('O', 2), ('S', 0))",19,51,complete,51,0,0,False,False,True
dsC7O2H10nsd_2029.xyz,2029,"(('Br', 0), ('C', 7), ('Cl', 0), ('F', 0), ('H', 10), ('I', 0), ('N', 0), ('O', 2), ('S', 0))",19,51,complete,51,0,0,False,False,True
dsC7O2H10nsd_2030.xyz,2030,"(('Br', 0), ('C', 7), ('Cl', 0), ('F', 0), ('H', 10), ('I', 0), ('N', 0), ('O', 2), ('S', 0))",19,102,incomplete_count,102,0,0,False,False,True
dsC7O2H10nsd_2031.xyz,2031,"(('Br', 0), ('C', 7), ('Cl', 0), ('F', 0), ('H', 10), ('I', 0), ('N', 0), ('O', 2), ('S', 0))",19,51,complete,51,0,0,False,False,True
dsC7O2H10nsd_2032.xyz,2032,"(('Br', 0), ('C', 7), ('Cl', 0), ('F', 0), ('H', 10), ('I', 0), ('N', 0), ('O', 2), ('S', 0))",19,51,complete,51,0,0,False,False,True
dsC7O2H10nsd_2033.xyz,2033,"(('Br', 0), ('C', 7), ('Cl', 0), ('F', 0), ('H', 10), ('I', 0), ('N', 0), ('O', 2), ('S', 0))",19,51,complete,51,0,0,False,False,True
dsC7O2H10nsd_2034.xyz,2034,"(('Br', 0), ('C', 7), ('Cl', 0), ('F', 0), ('H', 10), ('I', 0), ('N', 0), ('O', 2), ('S', 0))",19,51,complete,51,0,0,False,False,True
dsC7O2H10nsd_2035.xyz,2035,"(('Br', 0), ('C', 7), ('Cl', 0), ('F', 0), ('H', 10), ('I', 0), ('N', 0), ('O', 2), ('S', 0))",19,51,complete,51,0,0,False,False,True
dsC7O2H10nsd_2036.xyz,2036,"(('Br', 0), ('C', 7), ('Cl', 0), ('F', 0), ('H', 10), ('I', 0), ('N', 0), ('O', 2), ('S', 0))",19,51,complete,51,0,0,False,False,True
dsC7O2H10nsd_2037.xyz,2037,"(('Br', 0), ('C', 7), ('Cl', 0), ('F', 0), ('H', 10), ('I', 0), ('N', 0), ('O', 2), ('S', 0))",19,51,complete,51,0,0,False,False,True
dsC7O2H10nsd_2038.xyz,2038,"(('Br', 0), ('C', 7), ('Cl', 0), ('F', 0), ('H', 10), ('I', 0), ('N', 0), ('O', 2), ('S', 0))",19,51,complete,51,0,0,False,False,True
dsC7O2H10nsd_2039.xyz,2039,"(('Br', 0), ('C', 7), ('Cl', 0), ('F', 0), ('H', 10), ('I', 0), ('N', 0), ('O', 2), ('S', 0))",19,51,complete,51,0,0,False,False,True
dsC7O2H10nsd_2040.xyz,2040,"(('Br', 0), ('C', 7), ('Cl', 0), ('F', 0), ('H', 10), ('I', 0), ('N', 0), ('O', 2), ('S', 0))",19,51,complete,51,0,0,False,False,True
dsC7O2H10nsd_2041.xyz,2041,"(('Br', 0), ('C', 7), ('Cl', 0), ('F', 0), ('H', 10), ('I', 0), ('N', 0), ('O', 2), ('S', 0))",19,51,complete,51,0,0,False,False,True
dsC7O2H10nsd_2042.xyz,2042,"(('Br', 0), ('C', 7), ('Cl', 0), ('F', 0), ('H', 10), ('I', 0), ('N', 0), ('O', 2), ('S', 0))",19,51,complete,51,0,0,False,False,True
dsC7O2H10nsd_2043.xyz,2043,"(('Br', 0), ('C', 7), ('Cl', 0), ('F', 0), ('H', 10), ('I', 0), ('N', 0), ('O', 2), ('S', 0))",19,51,complete,51,0,0,False,False,True
dsC7O2H10nsd_2044.xyz,2044,"(('Br', 0), ('C', 7), ('Cl', 0), ('F', 0), ('H', 10), ('I', 0), ('N', 0), ('O', 2), ('S', 0))",19,51,complete,51,0,0,False,False,True
dsC7O2H10nsd_2045.xyz,2045,"(('Br', 0), ('C', 7), ('Cl', 0), ('F', 0), ('H', 10), ('I', 0), ('N', 0), ('O', 2), ('S', 0))",19,51,complete,51,0,0,False,False,True
dsC7O2H10nsd_2046.xyz,2046,"(('Br', 0), ('C', 7), ('Cl', 0), ('F', 0), ('H', 10), ('I', 0), ('N', 0), ('O', 2), ('S', 0))",19,51,complete,51,0,0,False,False,True
dsC7O2H10nsd_2047.xyz,2047,"(('Br', 0), ('C', 7), ('Cl', 0), ('F', 0), ('H', 10), ('I', 0), ('N', 0), ('O', 2), ('S', 0))",19,51,complete,51,0,0,False,False,True
dsC7O2H10nsd_2048.xyz,2048,"(('Br', 0), ('C', 7), ('Cl', 0), ('F', 0), ('H', 10), ('I', 0), ('N', 0), ('O', 2), ('S', 0))",19,51,complete,51,0,0,False,False,True
dsC7O2H10nsd_2049.xyz,2049,"(('Br', 0), ('C', 7), ('Cl', 0), ('F', 0), ('H', 10), ('I', 0), ('N', 0), ('O', 2), ('S', 0))",19,102,incomplete_count,102,0,0,False,False,True
dsC7O2H10nsd_2050.xyz,2050,"(('Br', 0), ('C', 7), ('Cl', 0), ('F', 0), ('H', 10), ('I', 0), ('N', 0), ('O', 2), ('S', 0))",19,51,complete,51,0,0,False,False,True
dsC7O2H10nsd_2051.xyz,2051,"(('Br', 0), ('C', 7), ('Cl', 0), ('F', 0), ('H', 10), ('I', 0), ('N', 0), ('O', 2), ('S', 0))",19,51,complete,51,0,0,False,False,True
dsC7O2H10nsd_2052.xyz,2052,"(('Br', 0), ('C', 7), ('Cl', 0), ('F', 0), ('H', 10), ('I', 0), ('N', 0), ('O', 2), ('S', 0))",19,51,complete,51,0,0,False,False,True
dsC7O2H10nsd_2053.xyz,2053,"(('Br', 0), ('C', 7), ('Cl', 0), ('F', 0), ('H', 10), ('I', 0), ('N', 0), ('O', 2), ('S', 0))",19,51,complete,51,0,0,False,False,True
dsC7O2H10nsd_2054.xyz,2054,"(('Br', 0), ('C', 7), ('Cl', 0), ('F', 0), ('H', 10), ('I', 0), ('N', 0), ('O', 2), ('S', 0))",19,51,complete,51,0,0,False,False,True
dsC7O2H10nsd_2055.xyz,2055,"(('Br', 0), ('C', 7), ('Cl', 0), ('F', 0), ('H', 10), ('I', 0), ('N', 0), ('O', 2), ('S', 0))",19,51,complete,51,0,0,False,False,True
dsC7O2H10nsd_2056.xyz,2056,"(('Br', 0), ('C', 7), ('Cl', 0), ('F', 0), ('H', 10), ('I', 0), ('N', 0), ('O', 2), ('S', 0))",19,51,complete,51,0,0,False,False,True
dsC7O2H10nsd_2057.xyz,2057,"(('Br', 0), ('C', 7), ('Cl', 0), ('F', 0), ('H', 10), ('I', 0), ('N', 0), ('O', 2), ('S', 0))",19,51,complete,51,0,0,False,False,True
dsC7O2H10nsd_2058.xyz,2058,"(('Br', 0), ('C', 7), ('Cl', 0), ('F', 0), ('H', 10), ('I', 0), ('N', 0), ('O', 2), ('S', 0))",19,51,complete,51,0,0,False,False,True
dsC7O2H10nsd_2059.xyz,2059,"(('Br', 0), ('C', 7), ('Cl', 0), ('F', 0), ('H', 10), ('I', 0), ('N', 0), ('O', 2), ('S', 0))",19,51,complete,51,0,0,False,False,True
dsC7O2H10nsd_2060.xyz,2060,"(('Br', 0), ('C', 7), ('Cl', 0), ('F', 0), ('H', 10), ('I', 0), ('N', 0), ('O', 2), ('S', 0))",19,51,complete,51,0,0,False,False,True
dsC7O2H10nsd_2061.xyz,2061,"(('Br', 0), ('C', 7), ('Cl', 0), ('F', 0), ('H', 10), ('I', 0), ('N', 0), ('O', 2), ('S', 0))",19,51,complete,51,0,0,False,False,True
dsC7O2H10nsd_2062.xyz,2062,"(('Br', 0), ('C', 7), ('Cl', 0), ('F', 0), ('H', 10), ('I', 0), ('N', 0), ('O', 2), ('S', 0))",19,51,complete,51,0,0,False,False,True
dsC7O2H10nsd_2063.xyz,2063,"(('Br', 0), ('C', 7), ('Cl', 0), ('F', 0), ('H', 10), ('I', 0), ('N', 0), ('O', 2), ('S', 0))",19,51,complete,51,0,0,False,False,True
dsC7O2H10nsd_2064.xyz,2064,"(('Br', 0), ('C', 7), ('Cl', 0), ('F', 0), ('H', 10), ('I', 0), ('N', 0), ('O', 2), ('S', 0))",19,51,complete,51,0,0,False,False,True
dsC7O2H10nsd_2065.xyz,2065,"(('Br', 0), ('C', 7), ('Cl', 0), ('F', 0), ('H', 10), ('I', 0), ('N', 0), ('O', 2), ('S', 0))",19,51,complete,51,0,0,False,False,True
dsC7O2H10nsd_2066.xyz,2066,"(('Br', 0), ('C', 7), ('Cl', 0), ('F', 0), ('H', 10), ('I', 0), ('N', 0), ('O', 2), ('S', 0))",19,51,complete,51,0,0,False,False,True
dsC7O2H10nsd_2067.xyz,2067,"(('Br', 0), ('C', 7), ('Cl', 0), ('F', 0), ('H', 10), ('I', 0), ('N', 0), ('O', 2), ('S', 0))",19,51,complete,51,0,0,False,False,True
dsC7O2H10nsd_2068.xyz,2068,"(('Br', 0), ('C', 7), ('Cl', 0), ('F', 0), ('H', 10), ('I', 0), ('N', 0), ('O', 2), ('S', 0))",19,51,complete,51,0,0,False,False,True
dsC7O2H10nsd_2069.xyz,2069,"(('Br', 0), ('C', 7), ('Cl', 0), ('F', 0), ('H', 10), ('I', 0), ('N', 0), ('O', 2), ('S', 0))",19,51,complete,51,0,0,False,False,True
dsC7O2H10nsd_2070.xyz,2070,"(('Br', 0), ('C', 7), ('Cl', 0), ('F', 0), ('H', 10), ('I', 0), ('N', 0), ('O', 2), ('S', 0))",19,51,complete,51,0,0,False,False,True
dsC7O2H10nsd_2071.xyz,2071,"(('Br', 0), ('C', 7), ('Cl', 0), ('F', 0), ('H', 10), ('I', 0), ('N', 0), ('O', 2), ('S', 0))",19,51,complete,51,0,0,False,False,True
dsC7O2H10nsd_2072.xyz,2072,"(('Br', 0), ('C', 7), ('Cl', 0), ('F', 0), ('H', 10), ('I', 0), ('N', 0), ('O', 2), ('S', 0))",19,51,complete,51,0,0,False,False,True
dsC7O2H10nsd_2073.xyz,2073,"(('Br', 0), ('C', 7), ('Cl', 0), ('F', 0), ('H', 10), ('I', 0), ('N', 0), ('O', 2), ('S', 0))",19,51,complete,51,0,0,False,False,True
dsC7O2H10nsd_2074.xyz,2074,"(('Br', 0), ('C', 7), ('Cl', 0), ('F', 0), ('H', 10), ('I', 0), ('N', 0), ('O', 2), ('S', 0))",19,51,complete,51,0,0,False,False,True
dsC7O2H10nsd_2075.xyz,2075,"(('Br', 0), ('C', 7), ('Cl', 0), ('F', 0), ('H', 10), ('I', 0), ('N', 0), ('O', 2), ('S', 0))",19,51,complete,51,0,0,False,False,True
dsC7O2H10nsd_2076.xyz,2076,"(('Br', 0), ('C', 7), ('Cl', 0), ('F', 0), ('H', 10), ('I', 0), ('N', 0), ('O', 2), ('S', 0))",19,51,complete,51,0,0,False,False,True
dsC7O2H10nsd_2077.xyz,2077,"(('Br', 0), ('C', 7), ('Cl', 0), ('F', 0), ('H', 10), ('I', 0), ('N', 0), ('O', 2), ('S', 0))",19,51,complete,51,0,0,False,False,True
dsC7O2H10nsd_2078.xyz,2078,"(('Br', 0), ('C', 7), ('Cl', 0), ('F', 0), ('H', 10), ('I', 0), ('N', 0), ('O', 2), ('S', 0))",19,51,complete,51,0,0,False,False,True
dsC7O2H10nsd_2079.xyz,2079,"(('Br', 0), ('C', 7), ('Cl', 0), ('F', 0), ('H', 10), ('I', 0), ('N', 0), ('O', 2), ('S', 0))",19,51,complete,51,0,0,False,False,True
dsC7O2H10nsd_2080.xyz,2080,"(('Br', 0), ('C', 7), ('Cl', 0), ('F', 0), ('H', 10), ('I', 0), ('N', 0), ('O', 2), ('S', 0))",19,51,complete,51,0,0,False,False,True
dsC7O2H10nsd_2081.xyz,2081,"(('Br', 0), ('C', 7), ('Cl', 0), ('F', 0), ('H', 10), ('I', 0), ('N', 0), ('O', 2), ('S', 0))",19,51,complete,51,0,0,False,False,True
dsC7O2H10nsd_2082.xyz,2082,"(('Br', 0), ('C', 7), ('Cl', 0), ('F', 0), ('H', 10), ('I', 0), ('N', 0), ('O', 2), ('S', 0))",19,51,complete,51,0,0,False,False,True
dsC7O2H10nsd_2083.xyz,2083,"(('Br', 0), ('C', 7), ('Cl', 0), ('F', 0), ('H', 10), ('I', 0), ('N', 0), ('O', 2), ('S', 0))",19,51,complete,51,0,0,False,False,True
dsC7O2H10nsd_2084.xyz,2084,"(('Br', 0), ('C', 7), ('Cl', 0), ('F', 0), ('H', 10), ('I', 0), ('N', 0), ('O', 2), ('S', 0))",19,51,complete,51,0,0,False,False,True
dsC7O2H10nsd_2085.xyz,2085,"(('Br', 0), ('C', 7), ('Cl', 0), ('F', 0), ('H', 10), ('I', 0), ('N', 0), ('O', 2), ('S', 0))",19,51,complete,51,0,0,False,False,True
dsC7O2H10nsd_2086.xyz,2086,"(('Br', 0), ('C', 7), ('Cl', 0), ('F', 0), ('H', 10), ('I', 0), ('N', 0), ('O', 2), ('S', 0))",19,51,complete,51,0,0,False,False,True
dsC7O2H10nsd_2087.xyz,2087,"(('Br', 0), ('C', 7), ('Cl', 0), ('F', 0), ('H', 10), ('I', 0), ('N', 0), ('O', 2), ('S', 0))",19,51,complete,51,0,0,False,False,True
dsC7O2H10nsd_2088.xyz,2088,"(('Br', 0), ('C', 7), ('Cl', 0), ('F', 0), ('H', 10), ('I', 0), ('N', 0), ('O', 2), ('S', 0))",19,51,complete,51,0,0,False,False,True
dsC7O2H10nsd_2089.xyz,2089,"(('Br', 0), ('C', 7), ('Cl', 0), ('F', 0), ('H', 10), ('I', 0), ('N', 0), ('O', 2), ('S', 0))",19,51,complete,51,0,0,False,False,True
dsC7O2H10nsd_2090.xyz,2090,"(('Br', 0), ('C', 7), ('Cl', 0), ('F', 0), ('H', 10), ('I', 0), ('N', 0), ('O', 2), ('S', 0))",19,51,complete,51,0,0,False,False,True
dsC7O2H10nsd_2091.xyz,2091,"(('Br', 0), ('C', 7), ('Cl', 0), ('F', 0), ('H', 10), ('I', 0), ('N', 0), ('O', 2), ('S', 0))",19,51,complete,51,0,0,False,False,True
dsC7O2H10nsd_2092.xyz,2092,"(('Br', 0), ('C', 7), ('Cl', 0), ('F', 0), ('H', 10), ('I', 0), ('N', 0), ('O', 2), ('S', 0))",19,51,complete,51,0,0,False,False,True
dsC7O2H10nsd_2093.xyz,2093,"(('Br', 0), ('C', 7), ('Cl', 0), ('F', 0), ('H', 10), ('I', 0), ('N', 0), ('O', 2), ('S', 0))",19,51,complete,51,0,0,False,False,True
dsC7O2H10nsd_2094.xyz,2094,"(('Br', 0), ('C', 7), ('Cl', 0), ('F', 0), ('H', 10), ('I', 0), ('N', 0), ('O', 2), ('S', 0))",19,51,complete,51,0,0,False,False,True
dsC7O2H10nsd_2095.xyz,2095,"(('Br', 0), ('C', 7), ('Cl', 0), ('F', 0), ('H', 10), ('I', 0), ('N', 0), ('O', 2), ('S', 0))",19,51,complete,51,0,0,False,False,True
dsC7O2H10nsd_2096.xyz,2096,"(('Br', 0), ('C', 7), ('Cl', 0), ('F', 0), ('H', 10), ('I', 0), ('N', 0), ('O', 2), ('S', 0))",19,51,complete,51,0,0,False,False,True
dsC7O2H10nsd_2097.xyz,2097,"(('Br', 0), ('C', 7), ('Cl', 0), ('F', 0), ('H', 10), ('I', 0), ('N', 0), ('O', 2), ('S', 0))",19,51,complete,51,0,0,False,False,True
dsC7O2H10nsd_2098.xyz,2098,"(('Br', 0), ('C', 7), ('Cl', 0), ('F', 0), ('H', 10), ('I', 0), ('N', 0), ('O', 2), ('S', 0))",19,51,complete,51,0,0,False,False,True
dsC7O2H10nsd_2099.xyz,2099,"(('Br', 0), ('C', 7), ('Cl', 0), ('F', 0), ('H', 10), ('I', 0), ('N', 0), ('O', 2), ('S', 0))",19,51,complete,51,0,0,False,False,True
dsC7O2H10nsd_2100.xyz,2100,"(('Br', 0), ('C', 7), ('Cl', 0), ('F', 0), ('H', 10), ('I', 0), ('N', 0), ('O', 2), ('S', 0))",19,51,complete,51,0,0,False,False,True
dsC7O2H10nsd_2101.xyz,2101,"(('Br', 0), ('C', 7), ('Cl', 0), ('F', 0), ('H', 10), ('I', 0), ('N', 0), ('O', 2), ('S', 0))",19,51,complete,51,0,0,False,False,True
dsC7O2H10nsd_2102.xyz,2102,"(('Br', 0), ('C', 7), ('Cl', 0), ('F', 0), ('H', 10), ('I', 0), ('N', 0), ('O', 2), ('S', 0))",19,51,complete,51,0,0,False,False,True
dsC7O2H10nsd_2103.xyz,2103,"(('Br', 0), ('C', 7), ('Cl', 0), ('F', 0), ('H', 10), ('I', 0), ('N', 0), ('O', 2), ('S', 0))",19,51,complete,51,0,0,False,False,True
dsC7O2H10nsd_2104.xyz,2104,"(('Br', 0), ('C', 7), ('Cl', 0), ('F', 0), ('H', 10), ('I', 0), ('N', 0), ('O', 2), ('S', 0))",19,51,complete,51,0,0,False,False,True
dsC7O2H10nsd_2105.xyz,2105,"(('Br', 0), ('C', 7), ('Cl', 0), ('F', 0), ('H', 10), ('I', 0), ('N', 0), ('O', 2), ('S', 0))",19,51,complete,51,0,0,False,False,True
dsC7O2H10nsd_2106.xyz,2106,"(('Br', 0), ('C', 7), ('Cl', 0), ('F', 0), ('H', 10), ('I', 0), ('N', 0), ('O', 2), ('S', 0))",19,51,complete,51,0,0,False,False,True
dsC7O2H10nsd_2107.xyz,2107,"(('Br', 0), ('C', 7), ('Cl', 0), ('F', 0), ('H', 10), ('I', 0), ('N', 0), ('O', 2), ('S', 0))",19,51,complete,51,0,0,False,False,True
dsC7O2H10nsd_2108.xyz,2108,"(('Br', 0), ('C', 7), ('Cl', 0), ('F', 0), ('H', 10), ('I', 0), ('N', 0), ('O', 2), ('S', 0))",19,51,complete,51,0,0,False,False,True
dsC7O2H10nsd_2109.xyz,2109,"(('Br', 0), ('C', 7), ('Cl', 0), ('F', 0), ('H', 10), ('I', 0), ('N', 0), ('O', 2), ('S', 0))",19,51,complete,51,0,0,False,False,True
dsC7O2H10nsd_2110.xyz,2110,"(('Br', 0), ('C', 7), ('Cl', 0), ('F', 0), ('H', 10), ('I', 0), ('N', 0), ('O', 2), ('S', 0))",19,51,complete,51,0,0,False,False,True
dsC7O2H10nsd_2111.xyz,2111,"(('Br', 0), ('C', 7), ('Cl', 0), ('F', 0), ('H', 10), ('I', 0), ('N', 0), ('O', 2), ('S', 0))",19,51,complete,51,0,0,False,False,True
dsC7O2H10nsd_2112.xyz,2112,"(('Br', 0), ('C', 7), ('Cl', 0), ('F', 0), ('H', 10), ('I', 0), ('N', 0), ('O', 2), ('S', 0))",19,51,complete,51,0,0,False,False,True
dsC7O2H10nsd_2113.xyz,2113,"(('Br', 0), ('C', 7), ('Cl', 0), ('F', 0), ('H', 10), ('I', 0), ('N', 0), ('O', 2), ('S', 0))",19,51,complete,51,0,0,False,False,True
dsC7O2H10nsd_2114.xyz,2114,"(('Br', 0), ('C', 7), ('Cl', 0), ('F', 0), ('H', 10), ('I', 0), ('N', 0), ('O', 2), ('S', 0))",19,51,complete,51,0,0,False,False,True
dsC7O2H10nsd_2115.xyz,2115,"(('Br', 0), ('C', 7), ('Cl', 0), ('F', 0), ('H', 10), ('I', 0), ('N', 0), ('O', 2), ('S', 0))",19,51,complete,51,0,0,False,False,True
dsC7O2H10nsd_2116.xyz,2116,"(('Br', 0), ('C', 7), ('Cl', 0), ('F', 0), ('H', 10), ('I', 0), ('N', 0), ('O', 2), ('S', 0))",19,51,complete,51,0,0,False,False,True
dsC7O2H10nsd_2117.xyz,2117,"(('Br', 0), ('C', 7), ('Cl', 0), ('F', 0), ('H', 10), ('I', 0), ('N', 0), ('O', 2), ('S', 0))",19,51,complete,51,0,0,False,False,True
dsC7O2H10nsd_2118.xyz,2118,"(('Br', 0), ('C', 7), ('Cl', 0), ('F', 0), ('H', 10), ('I', 0), ('N', 0), ('O', 2), ('S', 0))",19,51,complete,51,0,0,False,False,True
dsC7O2H10nsd_2119.xyz,2119,"(('Br', 0), ('C', 7), ('Cl', 0), ('F', 0), ('H', 10), ('I', 0), ('N', 0), ('O', 2), ('S', 0))",19,51,complete,51,0,0,False,False,True
dsC7O2H10nsd_2120.xyz,2120,"(('Br', 0), ('C', 7), ('Cl', 0), ('F', 0), ('H', 10), ('I', 0), ('N', 0), ('O', 2), ('S', 0))",19,51,complete,51,0,0,False,False,True
dsC7O2H10nsd_2121.xyz,2121,"(('Br', 0), ('C', 7), ('Cl', 0), ('F', 0), ('H', 10), ('I', 0), ('N', 0), ('O', 2), ('S', 0))",19,51,complete,51,0,0,False,False,True
dsC7O2H10nsd_2122.xyz,2122,"(('Br', 0), ('C', 7), ('Cl', 0), ('F', 0), ('H', 10), ('I', 0), ('N', 0), ('O', 2), ('S', 0))",19,51,complete,51,0,0,False,False,True
dsC7O2H10nsd_2123.xyz,2123,"(('Br', 0), ('C', 7), ('Cl', 0), ('F', 0), ('H', 10), ('I', 0), ('N', 0), ('O', 2), ('S', 0))",19,51,complete,51,0,0,False,False,True
dsC7O2H10nsd_2124.xyz,2124,"(('Br', 0), ('C', 7), ('Cl', 0), ('F', 0), ('H', 10), ('I', 0), ('N', 0), ('O', 2), ('S', 0))",19,51,complete,51,0,0,False,False,True
dsC7O2H10nsd_2125.xyz,2125,"(('Br', 0), ('C', 7), ('Cl', 0), ('F', 0), ('H', 10), ('I', 0), ('N', 0), ('O', 2), ('S', 0))",19,51,complete,51,0,0,False,False,True
dsC7O2H10nsd_2126.xyz,2126,"(('Br', 0), ('C', 7), ('Cl', 0), ('F', 0), ('H', 10), ('I', 0), ('N', 0), ('O', 2), ('S', 0))",19,51,complete,51,0,0,False,False,True
dsC7O2H10nsd_2127.xyz,2127,"(('Br', 0), ('C', 7), ('Cl', 0), ('F', 0), ('H', 10), ('I', 0), ('N', 0), ('O', 2), ('S', 0))",19,51,complete,51,0,0,False,False,True
dsC7O2H10nsd_2128.xyz,2128,"(('Br', 0), ('C', 7), ('Cl', 0), ('F', 0), ('H', 10), ('I', 0), ('N', 0), ('O', 2), ('S', 0))",19,51,complete,51,0,0,False,False,True
dsC7O2H10nsd_2129.xyz,2129,"(('Br', 0), ('C', 7), ('Cl', 0), ('F', 0), ('H', 10), ('I', 0), ('N', 0), ('O', 2), ('S', 0))",19,51,complete,51,0,0,False,False,True
dsC7O2H10nsd_2130.xyz,2130,"(('Br', 0), ('C', 7), ('Cl', 0), ('F', 0), ('H', 10), ('I', 0), ('N', 0), ('O', 2), ('S', 0))",19,51,complete,51,0,0,False,False,True
dsC7O2H10nsd_2131.xyz,2131,"(('Br', 0), ('C', 7), ('Cl', 0), ('F', 0), ('H', 10), ('I', 0), ('N', 0), ('O', 2), ('S', 0))",19,51,complete,51,0,0,False,False,True
dsC7O2H10nsd_2132.xyz,2132,"(('Br', 0), ('C', 7), ('Cl', 0), ('F', 0), ('H', 10), ('I', 0), ('N', 0), ('O', 2), ('S', 0))",19,51,complete,51,0,0,False,False,True
dsC7O2H10nsd_2133.xyz,2133,"(('Br', 0), ('C', 7), ('Cl', 0), ('F', 0), ('H', 10), ('I', 0), ('N', 0), ('O', 2), ('S', 0))",19,51,complete,51,0,0,False,False,True
dsC7O2H10nsd_2134.xyz,2134,"(('Br', 0), ('C', 7), ('Cl', 0), ('F', 0), ('H', 10), ('I', 0), ('N', 0), ('O', 2), ('S', 0))",19,51,complete,51,0,0,False,False,True
dsC7O2H10nsd_2135.xyz,2135,"(('Br', 0), ('C', 7), ('Cl', 0), ('F', 0), ('H', 10), ('I', 0), ('N', 0), ('O', 2), ('S', 0))",19,51,complete,51,0,0,False,False,True
dsC7O2H10nsd_2136.xyz,2136,"(('Br', 0), ('C', 7), ('Cl', 0), ('F', 0), ('H', 10), ('I', 0), ('N', 0), ('O', 2), ('S', 0))",19,51,complete,51,0,0,False,False,True
dsC7O2H10nsd_2137.xyz,2137,"(('Br', 0), ('C', 7), ('Cl', 0), ('F', 0), ('H', 10), ('I', 0), ('N', 0), ('O', 2), ('S', 0))",19,51,complete,51,0,0,False,False,True
dsC7O2H10nsd_2138.xyz,2138,"(('Br', 0), ('C', 7), ('Cl', 0), ('F', 0), ('H', 10), ('I', 0), ('N', 0), ('O', 2), ('S', 0))",19,51,complete,51,0,0,False,False,True
dsC7O2H10nsd_2139.xyz,2139,"(('Br', 0), ('C', 7), ('Cl', 0), ('F', 0), ('H', 10), ('I', 0), ('N', 0), ('O', 2), ('S', 0))",19,51,complete,51,0,0,False,False,True
dsC7O2H10nsd_2140.xyz,2140,"(('Br', 0), ('C', 7), ('Cl', 0), ('F', 0), ('H', 10), ('I', 0), ('N', 0), ('O', 2), ('S', 0))",19,51,complete,51,0,0,False,False,True
dsC7O2H10nsd_2141.xyz,2141,"(('Br', 0), ('C', 7), ('Cl', 0), ('F', 0), ('H', 10), ('I', 0), ('N', 0), ('O', 2), ('S', 0))",19,51,complete,51,0,0,False,False,True
dsC7O2H10nsd_2142.xyz,2142,"(('Br', 0), ('C', 7), ('Cl', 0), ('F', 0), ('H', 10), ('I', 0), ('N', 0), ('O', 2), ('S', 0))",19,51,complete,51,0,0,False,False,True
dsC7O2H10nsd_2143.xyz,2143,"(('Br', 0), ('C', 7), ('Cl', 0), ('F', 0), ('H', 10), ('I', 0), ('N', 0), ('O', 2), ('S', 0))",19,51,complete,51,0,0,False,False,True
dsC7O2H10nsd_2144.xyz,2144,"(('Br', 0), ('C', 7), ('Cl', 0), ('F', 0), ('H', 10), ('I', 0), ('N', 0), ('O', 2), ('S', 0))",19,51,complete,51,0,0,False,False,True
dsC7O2H10nsd_2145.xyz,2145,"(('Br', 0), ('C', 7), ('Cl', 0), ('F', 0), ('H', 10), ('I', 0), ('N', 0), ('O', 2), ('S', 0))",19,51,complete,51,0,0,False,False,True
dsC7O2H10nsd_2146.xyz,2146,"(('Br', 0), ('C', 7), ('Cl', 0), ('F', 0), ('H', 10), ('I', 0), ('N', 0), ('O', 2), ('S', 0))",19,51,complete,51,0,0,False,False,True
dsC7O2H10nsd_2147.xyz,2147,"(('Br', 0), ('C', 7), ('Cl', 0), ('F', 0), ('H', 10), ('I', 0), ('N', 0), ('O', 2), ('S', 0))",19,51,complete,51,0,0,False,False,True
dsC7O2H10nsd_2148.xyz,2148,"(('Br', 0), ('C', 7), ('Cl', 0), ('F', 0), ('H', 10), ('I', 0), ('N', 0), ('O', 2), ('S', 0))",19,51,complete,51,0,0,False,False,True
dsC7O2H10nsd_2149.xyz,2149,"(('Br', 0), ('C', 7), ('Cl', 0), ('F', 0), ('H', 10), ('I', 0), ('N', 0), ('O', 2), ('S', 0))",19,51,complete,51,0,0,False,False,True
dsC7O2H10nsd_2150.xyz,2150,"(('Br', 0), ('C', 7), ('Cl', 0), ('F', 0), ('H', 10), ('I', 0), ('N', 0), ('O', 2), ('S', 0))",19,51,complete,51,0,0,False,False,True
dsC7O2H10nsd_2151.xyz,2151,"(('Br', 0), ('C', 7), ('Cl', 0), ('F', 0), ('H', 10), ('I', 0), ('N', 0), ('O', 2), ('S', 0))",19,51,complete,51,0,0,False,False,True
dsC7O2H10nsd_2152.xyz,2152,"(('Br', 0), ('C', 7), ('Cl', 0), ('F', 0), ('H', 10), ('I', 0), ('N', 0), ('O', 2), ('S', 0))",19,51,complete,51,0,0,False,False,True
dsC7O2H10nsd_2153.xyz,2153,"(('Br', 0), ('C', 7), ('Cl', 0), ('F', 0), ('H', 10), ('I', 0), ('N', 0), ('O', 2), ('S', 0))",19,51,complete,51,0,0,False,False,True
dsC7O2H10nsd_2154.xyz,2154,"(('Br', 0), ('C', 7), ('Cl', 0), ('F', 0), ('H', 10), ('I', 0), ('N', 0), ('O', 2), ('S', 0))",19,51,complete,51,0,0,False,False,True
dsC7O2H10nsd_2155.xyz,2155,"(('Br', 0), ('C', 7), ('Cl', 0), ('F', 0), ('H', 10), ('I', 0), ('N', 0), ('O', 2), ('S', 0))",19,51,complete,51,0,0,False,False,True
dsC7O2H10nsd_2156.xyz,2156,"(('Br', 0), ('C', 7), ('Cl', 0), ('F', 0), ('H', 10), ('I', 0), ('N', 0), ('O', 2), ('S', 0))",19,51,complete,51,0,0,False,False,True
dsC7O2H10nsd_2157.xyz,2157,"(('Br', 0), ('C', 7), ('Cl', 0), ('F', 0), ('H', 10), ('I', 0), ('N', 0), ('O', 2), ('S', 0))",19,51,complete,51,0,0,False,False,True
dsC7O2H10nsd_2158.xyz,2158,"(('Br', 0), ('C', 7), ('Cl', 0), ('F', 0), ('H', 10), ('I', 0), ('N', 0), ('O', 2), ('S', 0))",19,51,complete,51,0,0,False,False,True
dsC7O2H10nsd_2159.xyz,2159,"(('Br', 0), ('C', 7), ('Cl', 0), ('F', 0), ('H', 10), ('I', 0), ('N', 0), ('O', 2), ('S', 0))",19,51,complete,51,0,0,False,False,True
dsC7O2H10nsd_2160.xyz,2160,"(('Br', 0), ('C', 7), ('Cl', 0), ('F', 0), ('H', 10), ('I', 0), ('N', 0), ('O', 2), ('S', 0))",19,51,complete,51,0,0,False,False,True
dsC7O2H10nsd_2161.xyz,2161,"(('Br', 0), ('C', 7), ('Cl', 0), ('F', 0), ('H', 10), ('I', 0), ('N', 0), ('O', 2), ('S', 0))",19,51,complete,51,0,0,False,False,True
dsC7O2H10nsd_2162.xyz,2162,"(('Br', 0), ('C', 7), ('Cl', 0), ('F', 0), ('H', 10), ('I', 0), ('N', 0), ('O', 2), ('S', 0))",19,51,complete,51,0,0,False,False,True
dsC7O2H10nsd_2163.xyz,2163,"(('Br', 0), ('C', 7), ('Cl', 0), ('F', 0), ('H', 10), ('I', 0), ('N', 0), ('O', 2), ('S', 0))",19,51,complete,51,0,0,False,False,True
dsC7O2H10nsd_2164.xyz,2164,"(('Br', 0), ('C', 7), ('Cl', 0), ('F', 0), ('H', 10), ('I', 0), ('N', 0), ('O', 2), ('S', 0))",19,51,complete,51,0,0,False,False,True
dsC7O2H10nsd_2165.xyz,2165,"(('Br', 0), ('C', 7), ('Cl', 0), ('F', 0), ('H', 10), ('I', 0), ('N', 0), ('O', 2), ('S', 0))",19,51,complete,51,0,0,False,False,True
dsC7O2H10nsd_2166.xyz,2166,"(('Br', 0), ('C', 7), ('Cl', 0), ('F', 0), ('H', 10), ('I', 0), ('N', 0), ('O', 2), ('S', 0))",19,51,complete,51,0,0,False,False,True
dsC7O2H10nsd_2167.xyz,2167,"(('Br', 0), ('C', 7), ('Cl', 0), ('F', 0), ('H', 10), ('I', 0), ('N', 0), ('O', 2), ('S', 0))",19,51,complete,51,0,0,False,False,True
dsC7O2H10nsd_2168.xyz,2168,"(('Br', 0), ('C', 7), ('Cl', 0), ('F', 0), ('H', 10), ('I', 0), ('N', 0), ('O', 2), ('S', 0))",19,51,complete,51,0,0,False,False,True
dsC7O2H10nsd_2169.xyz,2169,"(('Br', 0), ('C', 7), ('Cl', 0), ('F', 0), ('H', 10), ('I', 0), ('N', 0), ('O', 2), ('S', 0))",19,51,complete,51,0,0,False,False,True
dsC7O2H10nsd_2170.xyz,2170,"(('Br', 0), ('C', 7), ('Cl', 0), ('F', 0), ('H', 10), ('I', 0), ('N', 0), ('O', 2), ('S', 0))",19,51,complete,51,0,0,False,False,True
dsC7O2H10nsd_2171.xyz,2171,"(('Br', 0), ('C', 7), ('Cl', 0), ('F', 0), ('H', 10), ('I', 0), ('N', 0), ('O', 2), ('S', 0))",19,51,complete,51,0,0,False,False,True
dsC7O2H10nsd_2172.xyz,2172,"(('Br', 0), ('C', 7), ('Cl', 0), ('F', 0), ('H', 10), ('I', 0), ('N', 0), ('O', 2), ('S', 0))",19,51,complete,51,0,0,False,False,True
dsC7O2H10nsd_2173.xyz,2173,"(('Br', 0), ('C', 7), ('Cl', 0), ('F', 0), ('H', 10), ('I', 0), ('N', 0), ('O', 2), ('S', 0))",19,51,complete,51,0,0,False,False,True
dsC7O2H10nsd_2174.xyz,2174,"(('Br', 0), ('C', 7), ('Cl', 0), ('F', 0), ('H', 10), ('I', 0), ('N', 0), ('O', 2), ('S', 0))",19,51,complete,51,0,0,False,False,True
dsC7O2H10nsd_2175.xyz,2175,"(('Br', 0), ('C', 7), ('Cl', 0), ('F', 0), ('H', 10), ('I', 0), ('N', 0), ('O', 2), ('S', 0))",19,51,complete,51,0,0,False,False,True
dsC7O2H10nsd_2176.xyz,2176,"(('Br', 0), ('C', 7), ('Cl', 0), ('F', 0), ('H', 10), ('I', 0), ('N', 0), ('O', 2), ('S', 0))",19,51,complete,51,0,0,False,False,True
dsC7O2H10nsd_2177.xyz,2177,"(('Br', 0), ('C', 7), ('Cl', 0), ('F', 0), ('H', 10), ('I', 0), ('N', 0), ('O', 2), ('S', 0))",19,51,complete,51,0,0,False,False,True
dsC7O2H10nsd_2178.xyz,2178,"(('Br', 0), ('C', 7), ('Cl', 0), ('F', 0), ('H', 10), ('I', 0), ('N', 0), ('O', 2), ('S', 0))",19,51,complete,51,0,0,False,False,True
dsC7O2H10nsd_2179.xyz,2179,"(('Br', 0), ('C', 7), ('Cl', 0), ('F', 0), ('H', 10), ('I', 0), ('N', 0), ('O', 2), ('S', 0))",19,51,complete,51,0,0,False,False,True
dsC7O2H10nsd_2180.xyz,2180,"(('Br', 0), ('C', 7), ('Cl', 0), ('F', 0), ('H', 10), ('I', 0), ('N', 0), ('O', 2), ('S', 0))",19,51,complete,51,0,0,False,False,True
dsC7O2H10nsd_2181.xyz,2181,"(('Br', 0), ('C', 7), ('Cl', 0), ('F', 0), ('H', 10), ('I', 0), ('N', 0), ('O', 2), ('S', 0))",19,51,complete,51,0,0,False,False,True
dsC7O2H10nsd_2182.xyz,2182,"(('Br', 0), ('C', 7), ('Cl', 0), ('F', 0), ('H', 10), ('I', 0), ('N', 0), ('O', 2), ('S', 0))",19,51,complete,51,0,0,False,False,True
dsC7O2H10nsd_2183.xyz,2183,"(('Br', 0), ('C', 7), ('Cl', 0), ('F', 0), ('H', 10), ('I', 0), ('N', 0), ('O', 2), ('S', 0))",19,51,complete,51,0,0,False,False,True
dsC7O2H10nsd_2184.xyz,2184,"(('Br', 0), ('C', 7), ('Cl', 0), ('F', 0), ('H', 10), ('I', 0), ('N', 0), ('O', 2), ('S', 0))",19,51,complete,51,0,0,False,False,True
dsC7O2H10nsd_2185.xyz,2185,"(('Br', 0), ('C', 7), ('Cl', 0), ('F', 0), ('H', 10), ('I', 0), ('N', 0), ('O', 2), ('S', 0))",19,51,complete,51,0,0,False,False,True
dsC7O2H10nsd_2186.xyz,2186,"(('Br', 0), ('C', 7), ('Cl', 0), ('F', 0), ('H', 10), ('I', 0), ('N', 0), ('O', 2), ('S', 0))",19,51,complete,51,0,0,False,False,True
dsC7O2H10nsd_2187.xyz,2187,"(('Br', 0), ('C', 7), ('Cl', 0), ('F', 0), ('H', 10), ('I', 0), ('N', 0), ('O', 2), ('S', 0))",19,51,complete,51,0,0,False,False,True
dsC7O2H10nsd_2188.xyz,2188,"(('Br', 0), ('C', 7), ('Cl', 0), ('F', 0), ('H', 10), ('I', 0), ('N', 0), ('O', 2), ('S', 0))",19,51,complete,51,0,0,False,False,True
dsC7O2H10nsd_2189.xyz,2189,"(('Br', 0), ('C', 7), ('Cl', 0), ('F', 0), ('H', 10), ('I', 0), ('N', 0), ('O', 2), ('S', 0))",19,51,complete,51,0,0,False,False,True
dsC7O2H10nsd_2190.xyz,2190,"(('Br', 0), ('C', 7), ('Cl', 0), ('F', 0), ('H', 10), ('I', 0), ('N', 0), ('O', 2), ('S', 0))",19,51,complete,51,0,0,False,False,True
dsC7O2H10nsd_2191.xyz,2191,"(('Br', 0), ('C', 7), ('Cl', 0), ('F', 0), ('H', 10), ('I', 0), ('N', 0), ('O', 2), ('S', 0))",19,51,complete,51,0,0,False,False,True
dsC7O2H10nsd_2192.xyz,2192,"(('Br', 0), ('C', 7), ('Cl', 0), ('F', 0), ('H', 10), ('I', 0), ('N', 0), ('O', 2), ('S', 0))",19,51,complete,51,0,0,False,False,True
dsC7O2H10nsd_2193.xyz,2193,"(('Br', 0), ('C', 7), ('Cl', 0), ('F', 0), ('H', 10), ('I', 0), ('N', 0), ('O', 2), ('S', 0))",19,51,complete,51,0,0,False,False,True
dsC7O2H10nsd_2194.xyz,2194,"(('Br', 0), ('C', 7), ('Cl', 0), ('F', 0), ('H', 10), ('I', 0), ('N', 0), ('O', 2), ('S', 0))",19,51,complete,51,0,0,False,False,True
dsC7O2H10nsd_2195.xyz,2195,"(('Br', 0), ('C', 7), ('Cl', 0), ('F', 0), ('H', 10), ('I', 0), ('N', 0), ('O', 2), ('S', 0))",19,51,complete,51,0,0,False,False,True
dsC7O2H10nsd_2196.xyz,2196,"(('Br', 0), ('C', 7), ('Cl', 0), ('F', 0), ('H', 10), ('I', 0), ('N', 0), ('O', 2), ('S', 0))",19,51,complete,51,0,0,False,False,True
dsC7O2H10nsd_2197.xyz,2197,"(('Br', 0), ('C', 7), ('Cl', 0), ('F', 0), ('H', 10), ('I', 0), ('N', 0), ('O', 2), ('S', 0))",19,51,complete,51,0,0,False,False,True
dsC7O2H10nsd_2198.xyz,2198,"(('Br', 0), ('C', 7), ('Cl', 0), ('F', 0), ('H', 10), ('I', 0), ('N', 0), ('O', 2), ('S', 0))",19,51,complete,51,0,0,False,False,True
dsC7O2H10nsd_2199.xyz,2199,"(('Br', 0), ('C', 7), ('Cl', 0), ('F', 0), ('H', 10), ('I', 0), ('N', 0), ('O', 2), ('S', 0))",19,51,complete,51,0,0,False,False,True
dsC7O2H10nsd_2200.xyz,2200,"(('Br', 0), ('C', 7), ('Cl', 0), ('F', 0), ('H', 10), ('I', 0), ('N', 0), ('O', 2), ('S', 0))",19,51,complete,51,0,0,False,False,True
dsC7O2H10nsd_2201.xyz,2201,"(('Br', 0), ('C', 7), ('Cl', 0), ('F', 0), ('H', 10), ('I', 0), ('N', 0), ('O', 2), ('S', 0))",19,51,complete,51,0,0,False,False,True
dsC7O2H10nsd_2202.xyz,2202,"(('Br', 0), ('C', 7), ('Cl', 0), ('F', 0), ('H', 10), ('I', 0), ('N', 0), ('O', 2), ('S', 0))",19,51,complete,51,0,0,False,False,True
dsC7O2H10nsd_2203.xyz,2203,"(('Br', 0), ('C', 7), ('Cl', 0), ('F', 0), ('H', 10), ('I', 0), ('N', 0), ('O', 2), ('S', 0))",19,51,complete,51,0,0,False,False,True
dsC7O2H10nsd_2204.xyz,2204,"(('Br', 0), ('C', 7), ('Cl', 0), ('F', 0), ('H', 10), ('I', 0), ('N', 0), ('O', 2), ('S', 0))",19,51,complete,51,0,0,False,False,True
dsC7O2H10nsd_2205.xyz,2205,"(('Br', 0), ('C', 7), ('Cl', 0), ('F', 0), ('H', 10), ('I', 0), ('N', 0), ('O', 2), ('S', 0))",19,51,complete,51,0,0,False,False,True
dsC7O2H10nsd_2206.xyz,2206,"(('Br', 0), ('C', 7), ('Cl', 0), ('F', 0), ('H', 10), ('I', 0), ('N', 0), ('O', 2), ('S', 0))",19,51,complete,51,0,0,False,False,True
dsC7O2H10nsd_2207.xyz,2207,"(('Br', 0), ('C', 7), ('Cl', 0), ('F', 0), ('H', 10), ('I', 0), ('N', 0), ('O', 2), ('S', 0))",19,51,complete,51,0,0,False,False,True
dsC7O2H10nsd_2208.xyz,2208,"(('Br', 0), ('C', 7), ('Cl', 0), ('F', 0), ('H', 10), ('I', 0), ('N', 0), ('O', 2), ('S', 0))",19,51,complete,51,0,0,False,False,True
dsC7O2H10nsd_2209.xyz,2209,"(('Br', 0), ('C', 7), ('Cl', 0), ('F', 0), ('H', 10), ('I', 0), ('N', 0), ('O', 2), ('S', 0))",19,51,complete,51,0,0,False,False,True
dsC7O2H10nsd_2210.xyz,2210,"(('Br', 0), ('C', 7), ('Cl', 0), ('F', 0), ('H', 10), ('I', 0), ('N', 0), ('O', 2), ('S', 0))",19,51,complete,51,0,0,False,False,True
dsC7O2H10nsd_2211.xyz,2211,"(('Br', 0), ('C', 7), ('Cl', 0), ('F', 0), ('H', 10), ('I', 0), ('N', 0), ('O', 2), ('S', 0))",19,51,complete,51,0,0,False,False,True
dsC7O2H10nsd_2212.xyz,2212,"(('Br', 0), ('C', 7), ('Cl', 0), ('F', 0), ('H', 10), ('I', 0), ('N', 0), ('O', 2), ('S', 0))",19,51,complete,51,0,0,False,False,True
dsC7O2H10nsd_2213.xyz,2213,"(('Br', 0), ('C', 7), ('Cl', 0), ('F', 0), ('H', 10), ('I', 0), ('N', 0), ('O', 2), ('S', 0))",19,51,complete,51,0,0,False,False,True
dsC7O2H10nsd_2214.xyz,2214,"(('Br', 0), ('C', 7), ('Cl', 0), ('F', 0), ('H', 10), ('I', 0), ('N', 0), ('O', 2), ('S', 0))",19,51,complete,51,0,0,False,False,True
dsC7O2H10nsd_2215.xyz,2215,"(('Br', 0), ('C', 7), ('Cl', 0), ('F', 0), ('H', 10), ('I', 0), ('N', 0), ('O', 2), ('S', 0))",19,51,complete,51,0,0,False,False,True
dsC7O2H10nsd_2216.xyz,2216,"(('Br', 0), ('C', 7), ('Cl', 0), ('F', 0), ('H', 10), ('I', 0), ('N', 0), ('O', 2), ('S', 0))",19,51,complete,51,0,0,False,False,True
dsC7O2H10nsd_2217.xyz,2217,"(('Br', 0), ('C', 7), ('Cl', 0), ('F', 0), ('H', 10), ('I', 0), ('N', 0), ('O', 2), ('S', 0))",19,51,complete,51,0,0,False,False,True
dsC7O2H10nsd_2218.xyz,2218,"(('Br', 0), ('C', 7), ('Cl', 0), ('F', 0), ('H', 10), ('I', 0), ('N', 0), ('O', 2), ('S', 0))",19,51,complete,51,0,0,False,False,True
dsC7O2H10nsd_2219.xyz,2219,"(('Br', 0), ('C', 7), ('Cl', 0), ('F', 0), ('H', 10), ('I', 0), ('N', 0), ('O', 2), ('S', 0))",19,51,complete,51,0,0,False,False,True
dsC7O2H10nsd_2220.xyz,2220,"(('Br', 0), ('C', 7), ('Cl', 0), ('F', 0), ('H', 10), ('I', 0), ('N', 0), ('O', 2), ('S', 0))",19,51,complete,51,0,0,False,False,True
dsC7O2H10nsd_2221.xyz,2221,"(('Br', 0), ('C', 7), ('Cl', 0), ('F', 0), ('H', 10), ('I', 0), ('N', 0), ('O', 2), ('S', 0))",19,51,complete,51,0,0,False,False,True
dsC7O2H10nsd_2222.xyz,2222,"(('Br', 0), ('C', 7), ('Cl', 0), ('F', 0), ('H', 10), ('I', 0), ('N', 0), ('O', 2), ('S', 0))",19,51,complete,51,0,0,False,False,True
dsC7O2H10nsd_2223.xyz,2223,"(('Br', 0), ('C', 7), ('Cl', 0), ('F', 0), ('H', 10), ('I', 0), ('N', 0), ('O', 2), ('S', 0))",19,51,complete,51,0,0,False,False,True
dsC7O2H10nsd_2224.xyz,2224,"(('Br', 0), ('C', 7), ('Cl', 0), ('F', 0), ('H', 10), ('I', 0), ('N', 0), ('O', 2), ('S', 0))",19,51,complete,51,0,0,False,False,True
dsC7O2H10nsd_2225.xyz,2225,"(('Br', 0), ('C', 7), ('Cl', 0), ('F', 0), ('H', 10), ('I', 0), ('N', 0), ('O', 2), ('S', 0))",19,51,complete,51,0,0,False,False,True
dsC7O2H10nsd_2226.xyz,2226,"(('Br', 0), ('C', 7), ('Cl', 0), ('F', 0), ('H', 10), ('I', 0), ('N', 0), ('O', 2), ('S', 0))",19,51,complete,51,0,0,False,False,True
dsC7O2H10nsd_2227.xyz,2227,"(('Br', 0), ('C', 7), ('Cl', 0), ('F', 0), ('H', 10), ('I', 0), ('N', 0), ('O', 2), ('S', 0))",19,51,complete,51,0,0,False,False,True
dsC7O2H10nsd_2228.xyz,2228,"(('Br', 0), ('C', 7), ('Cl', 0), ('F', 0), ('H', 10), ('I', 0), ('N', 0), ('O', 2), ('S', 0))",19,51,complete,51,0,0,False,False,True
dsC7O2H10nsd_2229.xyz,2229,"(('Br', 0), ('C', 7), ('Cl', 0), ('F', 0), ('H', 10), ('I', 0), ('N', 0), ('O', 2), ('S', 0))",19,51,complete,51,0,0,False,False,True
dsC7O2H10nsd_2230.xyz,2230,"(('Br', 0), ('C', 7), ('Cl', 0), ('F', 0), ('H', 10), ('I', 0), ('N', 0), ('O', 2), ('S', 0))",19,51,complete,51,0,0,False,False,True
dsC7O2H10nsd_2231.xyz,2231,"(('Br', 0), ('C', 7), ('Cl', 0), ('F', 0), ('H', 10), ('I', 0), ('N', 0), ('O', 2), ('S', 0))",19,51,complete,51,0,0,False,False,True
dsC7O2H10nsd_2232.xyz,2232,"(('Br', 0), ('C', 7), ('Cl', 0), ('F', 0), ('H', 10), ('I', 0), ('N', 0), ('O', 2), ('S', 0))",19,51,complete,51,0,0,False,False,True
dsC7O2H10nsd_2233.xyz,2233,"(('Br', 0), ('C', 7), ('Cl', 0), ('F', 0), ('H', 10), ('I', 0), ('N', 0), ('O', 2), ('S', 0))",19,51,complete,51,0,0,False,False,True
dsC7O2H10nsd_2234.xyz,2234,"(('Br', 0), ('C', 7), ('Cl', 0), ('F', 0), ('H', 10), ('I', 0), ('N', 0), ('O', 2), ('S', 0))",19,51,complete,51,0,0,False,False,True
dsC7O2H10nsd_2235.xyz,2235,"(('Br', 0), ('C', 7), ('Cl', 0), ('F', 0), ('H', 10), ('I', 0), ('N', 0), ('O', 2), ('S', 0))",19,51,complete,51,0,0,False,False,True
dsC7O2H10nsd_2236.xyz,2236,"(('Br', 0), ('C', 7), ('Cl', 0), ('F', 0), ('H', 10), ('I', 0), ('N', 0), ('O', 2), ('S', 0))",19,51,complete,51,0,0,False,False,True
dsC7O2H10nsd_2237.xyz,2237,"(('Br', 0), ('C', 7), ('Cl', 0), ('F', 0), ('H', 10), ('I', 0), ('N', 0), ('O', 2), ('S', 0))",19,51,complete,51,0,0,False,False,True
dsC7O2H10nsd_2238.xyz,2238,"(('Br', 0), ('C', 7), ('Cl', 0), ('F', 0), ('H', 10), ('I', 0), ('N', 0), ('O', 2), ('S', 0))",19,51,complete,51,0,0,False,False,True
dsC7O2H10nsd_2239.xyz,2239,"(('Br', 0), ('C', 7), ('Cl', 0), ('F', 0), ('H', 10), ('I', 0), ('N', 0), ('O', 2), ('S', 0))",19,51,complete,51,0,0,False,False,True
dsC7O2H10nsd_2240.xyz,2240,"(('Br', 0), ('C', 7), ('Cl', 0), ('F', 0), ('H', 10), ('I', 0), ('N', 0), ('O', 2), ('S', 0))",19,51,complete,51,0,0,False,False,True
dsC7O2H10nsd_2241.xyz,2241,"(('Br', 0), ('C', 7), ('Cl', 0), ('F', 0), ('H', 10), ('I', 0), ('N', 0), ('O', 2), ('S', 0))",19,51,complete,51,0,0,False,False,True
dsC7O2H10nsd_2242.xyz,2242,"(('Br', 0), ('C', 7), ('Cl', 0), ('F', 0), ('H', 10), ('I', 0), ('N', 0), ('O', 2), ('S', 0))",19,51,complete,51,0,0,False,False,True
dsC7O2H10nsd_2243.xyz,2243,"(('Br', 0), ('C', 7), ('Cl', 0), ('F', 0), ('H', 10), ('I', 0), ('N', 0), ('O', 2), ('S', 0))",19,51,complete,51,0,0,False,False,True
dsC7O2H10nsd_2244.xyz,2244,"(('Br', 0), ('C', 7), ('Cl', 0), ('F', 0), ('H', 10), ('I', 0), ('N', 0), ('O', 2), ('S', 0))",19,51,complete,51,0,0,False,False,True
dsC7O2H10nsd_2245.xyz,2245,"(('Br', 0), ('C', 7), ('Cl', 0), ('F', 0), ('H', 10), ('I', 0), ('N', 0), ('O', 2), ('S', 0))",19,51,complete,51,0,0,False,False,True
dsC7O2H10nsd_2246.xyz,2246,"(('Br', 0), ('C', 7), ('Cl', 0), ('F', 0), ('H', 10), ('I', 0), ('N', 0), ('O', 2), ('S', 0))",19,51,complete,51,0,0,False,False,True
dsC7O2H10nsd_2247.xyz,2247,"(('Br', 0), ('C', 7), ('Cl', 0), ('F', 0), ('H', 10), ('I', 0), ('N', 0), ('O', 2), ('S', 0))",19,51,complete,51,0,0,False,False,True
dsC7O2H10nsd_2248.xyz,2248,"(('Br', 0), ('C', 7), ('Cl', 0), ('F', 0), ('H', 10), ('I', 0), ('N', 0), ('O', 2), ('S', 0))",19,51,complete,51,0,0,False,False,True
dsC7O2H10nsd_2249.xyz,2249,"(('Br', 0), ('C', 7), ('Cl', 0), ('F', 0), ('H', 10), ('I', 0), ('N', 0), ('O', 2), ('S', 0))",19,51,complete,51,0,0,False,False,True
dsC7O2H10nsd_2250.xyz,2250,"(('Br', 0), ('C', 7), ('Cl', 0), ('F', 0), ('H', 10), ('I', 0), ('N', 0), ('O', 2), ('S', 0))",19,102,incomplete_count,102,0,0,False,False,True
dsC7O2H10nsd_2251.xyz,2251,"(('Br', 0), ('C', 7), ('Cl', 0), ('F', 0), ('H', 10), ('I', 0), ('N', 0), ('O', 2), ('S', 0))",19,51,complete,51,0,0,False,False,True
dsC7O2H10nsd_2252.xyz,2252,"(('Br', 0), ('C', 7), ('Cl', 0), ('F', 0), ('H', 10), ('I', 0), ('N', 0), ('O', 2), ('S', 0))",19,51,complete,51,0,0,False,False,True
dsC7O2H10nsd_2253.xyz,2253,"(('Br', 0), ('C', 7), ('Cl', 0), ('F', 0), ('H', 10), ('I', 0), ('N', 0), ('O', 2), ('S', 0))",19,51,complete,51,0,0,False,False,True
dsC7O2H10nsd_2254.xyz,2254,"(('Br', 0), ('C', 7), ('Cl', 0), ('F', 0), ('H', 10), ('I', 0), ('N', 0), ('O', 2), ('S', 0))",19,51,complete,51,0,0,False,False,True
dsC7O2H10nsd_2255.xyz,2255,"(('Br', 0), ('C', 7), ('Cl', 0), ('F', 0), ('H', 10), ('I', 0), ('N', 0), ('O', 2), ('S', 0))",19,51,complete,51,0,0,False,False,True
dsC7O2H10nsd_2256.xyz,2256,"(('Br', 0), ('C', 7), ('Cl', 0), ('F', 0), ('H', 10), ('I', 0), ('N', 0), ('O', 2), ('S', 0))",19,51,complete,51,0,0,False,False,True
dsC7O2H10nsd_2257.xyz,2257,"(('Br', 0), ('C', 7), ('Cl', 0), ('F', 0), ('H', 10), ('I', 0), ('N', 0), ('O', 2), ('S', 0))",19,51,complete,51,0,0,False,False,True
dsC7O2H10nsd_2258.xyz,2258,"(('Br', 0), ('C', 7), ('Cl', 0), ('F', 0), ('H', 10), ('I', 0), ('N', 0), ('O', 2), ('S', 0))",19,51,complete,51,0,0,False,False,True
dsC7O2H10nsd_2259.xyz,2259,"(('Br', 0), ('C', 7), ('Cl', 0), ('F', 0), ('H', 10), ('I', 0), ('N', 0), ('O', 2), ('S', 0))",19,51,complete,51,0,0,False,False,True
dsC7O2H10nsd_2260.xyz,2260,"(('Br', 0), ('C', 7), ('Cl', 0), ('F', 0), ('H', 10), ('I', 0), ('N', 0), ('O', 2), ('S', 0))",19,51,complete,51,0,0,False,False,True
dsC7O2H10nsd_2261.xyz,2261,"(('Br', 0), ('C', 7), ('Cl', 0), ('F', 0), ('H', 10), ('I', 0), ('N', 0), ('O', 2), ('S', 0))",19,51,complete,51,0,0,False,False,True
dsC7O2H10nsd_2262.xyz,2262,"(('Br', 0), ('C', 7), ('Cl', 0), ('F', 0), ('H', 10), ('I', 0), ('N', 0), ('O', 2), ('S', 0))",19,51,complete,51,0,0,False,False,True
dsC7O2H10nsd_2263.xyz,2263,"(('Br', 0), ('C', 7), ('Cl', 0), ('F', 0), ('H', 10), ('I', 0), ('N', 0), ('O', 2), ('S', 0))",19,51,complete,51,0,0,False,False,True
dsC7O2H10nsd_2264.xyz,2264,"(('Br', 0), ('C', 7), ('Cl', 0), ('F', 0), ('H', 10), ('I', 0), ('N', 0), ('O', 2), ('S', 0))",19,51,complete,51,0,0,False,False,True
dsC7O2H10nsd_2265.xyz,2265,"(('Br', 0), ('C', 7), ('Cl', 0), ('F', 0), ('H', 10), ('I', 0), ('N', 0), ('O', 2), ('S', 0))",19,51,complete,51,0,0,False,False,True
dsC7O2H10nsd_2266.xyz,2266,"(('Br', 0), ('C', 7), ('Cl', 0), ('F', 0), ('H', 10), ('I', 0), ('N', 0), ('O', 2), ('S', 0))",19,51,complete,51,0,0,False,False,True
dsC7O2H10nsd_2267.xyz,2267,"(('Br', 0), ('C', 7), ('Cl', 0), ('F', 0), ('H', 10), ('I', 0), ('N', 0), ('O', 2), ('S', 0))",19,51,complete,51,0,0,False,False,True
dsC7O2H10nsd_2268.xyz,2268,"(('Br', 0), ('C', 7), ('Cl', 0), ('F', 0), ('H', 10), ('I', 0), ('N', 0), ('O', 2), ('S', 0))",19,51,complete,51,0,0,False,False,True
dsC7O2H10nsd_2269.xyz,2269,"(('Br', 0), ('C', 7), ('Cl', 0), ('F', 0), ('H', 10), ('I', 0), ('N', 0), ('O', 2), ('S', 0))",19,51,complete,51,0,0,False,False,True
dsC7O2H10nsd_2270.xyz,2270,"(('Br', 0), ('C', 7), ('Cl', 0), ('F', 0), ('H', 10), ('I', 0), ('N', 0), ('O', 2), ('S', 0))",19,51,complete,51,0,0,False,False,True
dsC7O2H10nsd_2271.xyz,2271,"(('Br', 0), ('C', 7), ('Cl', 0), ('F', 0), ('H', 10), ('I', 0), ('N', 0), ('O', 2), ('S', 0))",19,51,complete,51,0,0,False,False,True
dsC7O2H10nsd_2272.xyz,2272,"(('Br', 0), ('C', 7), ('Cl', 0), ('F', 0), ('H', 10), ('I', 0), ('N', 0), ('O', 2), ('S', 0))",19,51,complete,51,0,0,False,False,True
dsC7O2H10nsd_2273.xyz,2273,"(('Br', 0), ('C', 7), ('Cl', 0), ('F', 0), ('H', 10), ('I', 0), ('N', 0), ('O', 2), ('S', 0))",19,51,complete,51,0,0,False,False,True
dsC7O2H10nsd_2274.xyz,2274,"(('Br', 0), ('C', 7), ('Cl', 0), ('F', 0), ('H', 10), ('I', 0), ('N', 0), ('O', 2), ('S', 0))",19,51,complete,51,0,0,False,False,True
dsC7O2H10nsd_2275.xyz,2275,"(('Br', 0), ('C', 7), ('Cl', 0), ('F', 0), ('H', 10), ('I', 0), ('N', 0), ('O', 2), ('S', 0))",19,51,complete,51,0,0,False,False,True
dsC7O2H10nsd_2276.xyz,2276,"(('Br', 0), ('C', 7), ('Cl', 0), ('F', 0), ('H', 10), ('I', 0), ('N', 0), ('O', 2), ('S', 0))",19,51,complete,51,0,0,False,False,True
dsC7O2H10nsd_2277.xyz,2277,"(('Br', 0), ('C', 7), ('Cl', 0), ('F', 0), ('H', 10), ('I', 0), ('N', 0), ('O', 2), ('S', 0))",19,51,complete,51,0,0,False,False,True
dsC7O2H10nsd_2278.xyz,2278,"(('Br', 0), ('C', 7), ('Cl', 0), ('F', 0), ('H', 10), ('I', 0), ('N', 0), ('O', 2), ('S', 0))",19,51,complete,51,0,0,False,False,True
dsC7O2H10nsd_2279.xyz,2279,"(('Br', 0), ('C', 7), ('Cl', 0), ('F', 0), ('H', 10), ('I', 0), ('N', 0), ('O', 2), ('S', 0))",19,51,complete,51,0,0,False,False,True
dsC7O2H10nsd_2280.xyz,2280,"(('Br', 0), ('C', 7), ('Cl', 0), ('F', 0), ('H', 10), ('I', 0), ('N', 0), ('O', 2), ('S', 0))",19,51,complete,51,0,0,False,False,True
dsC7O2H10nsd_2281.xyz,2281,"(('Br', 0), ('C', 7), ('Cl', 0), ('F', 0), ('H', 10), ('I', 0), ('N', 0), ('O', 2), ('S', 0))",19,51,complete,51,0,0,False,False,True
dsC7O2H10nsd_2282.xyz,2282,"(('Br', 0), ('C', 7), ('Cl', 0), ('F', 0), ('H', 10), ('I', 0), ('N', 0), ('O', 2), ('S', 0))",19,51,complete,51,0,0,False,False,True
dsC7O2H10nsd_2283.xyz,2283,"(('Br', 0), ('C', 7), ('Cl', 0), ('F', 0), ('H', 10), ('I', 0), ('N', 0), ('O', 2), ('S', 0))",19,51,complete,51,0,0,False,False,True
dsC7O2H10nsd_2284.xyz,2284,"(('Br', 0), ('C', 7), ('Cl', 0), ('F', 0), ('H', 10), ('I', 0), ('N', 0), ('O', 2), ('S', 0))",19,51,complete,51,0,0,False,False,True
dsC7O2H10nsd_2285.xyz,2285,"(('Br', 0), ('C', 7), ('Cl', 0), ('F', 0), ('H', 10), ('I', 0), ('N', 0), ('O', 2), ('S', 0))",19,51,complete,51,0,0,False,False,True
dsC7O2H10nsd_2286.xyz,2286,"(('Br', 0), ('C', 7), ('Cl', 0), ('F', 0), ('H', 10), ('I', 0), ('N', 0), ('O', 2), ('S', 0))",19,51,complete,51,0,0,False,False,True
dsC7O2H10nsd_2287.xyz,2287,"(('Br', 0), ('C', 7), ('Cl', 0), ('F', 0), ('H', 10), ('I', 0), ('N', 0), ('O', 2), ('S', 0))",19,51,complete,51,0,0,False,False,True
dsC7O2H10nsd_2288.xyz,2288,"(('Br', 0), ('C', 7), ('Cl', 0), ('F', 0), ('H', 10), ('I', 0), ('N', 0), ('O', 2), ('S', 0))",19,51,complete,51,0,0,False,False,True
dsC7O2H10nsd_2289.xyz,2289,"(('Br', 0), ('C', 7), ('Cl', 0), ('F', 0), ('H', 10), ('I', 0), ('N', 0), ('O', 2), ('S', 0))",19,51,complete,51,0,0,False,False,True
dsC7O2H10nsd_2290.xyz,2290,"(('Br', 0), ('C', 7), ('Cl', 0), ('F', 0), ('H', 10), ('I', 0), ('N', 0), ('O', 2), ('S', 0))",19,51,complete,51,0,0,False,False,True
dsC7O2H10nsd_2291.xyz,2291,"(('Br', 0), ('C', 7), ('Cl', 0), ('F', 0), ('H', 10), ('I', 0), ('N', 0), ('O', 2), ('S', 0))",19,51,complete,51,0,0,False,False,True
dsC7O2H10nsd_2292.xyz,2292,"(('Br', 0), ('C', 7), ('Cl', 0), ('F', 0), ('H', 10), ('I', 0), ('N', 0), ('O', 2), ('S', 0))",19,51,complete,51,0,0,False,False,True
dsC7O2H10nsd_2293.xyz,2293,"(('Br', 0), ('C', 7), ('Cl', 0), ('F', 0), ('H', 10), ('I', 0), ('N', 0), ('O', 2), ('S', 0))",19,51,complete,51,0,0,False,False,True
dsC7O2H10nsd_2294.xyz,2294,"(('Br', 0), ('C', 7), ('Cl', 0), ('F', 0), ('H', 10), ('I', 0), ('N', 0), ('O', 2), ('S', 0))",19,51,complete,51,0,0,False,False,True
dsC7O2H10nsd_2295.xyz,2295,"(('Br', 0), ('C', 7), ('Cl', 0), ('F', 0), ('H', 10), ('I', 0), ('N', 0), ('O', 2), ('S', 0))",19,51,complete,51,0,0,False,False,True
dsC7O2H10nsd_2296.xyz,2296,"(('Br', 0), ('C', 7), ('Cl', 0), ('F', 0), ('H', 10), ('I', 0), ('N', 0), ('O', 2), ('S', 0))",19,51,complete,51,0,0,False,False,True
dsC7O2H10nsd_2297.xyz,2297,"(('Br', 0), ('C', 7), ('Cl', 0), ('F', 0), ('H', 10), ('I', 0), ('N', 0), ('O', 2), ('S', 0))",19,51,complete,51,0,0,False,False,True
dsC7O2H10nsd_2298.xyz,2298,"(('Br', 0), ('C', 7), ('Cl', 0), ('F', 0), ('H', 10), ('I', 0), ('N', 0), ('O', 2), ('S', 0))",19,51,complete,51,0,0,False,False,True
dsC7O2H10nsd_2299.xyz,2299,"(('Br', 0), ('C', 7), ('Cl', 0), ('F', 0), ('H', 10), ('I', 0), ('N', 0), ('O', 2), ('S', 0))",19,51,complete,51,0,0,False,False,True
dsC7O2H10nsd_2300.xyz,2300,"(('Br', 0), ('C', 7), ('Cl', 0), ('F', 0), ('H', 10), ('I', 0), ('N', 0), ('O', 2), ('S', 0))",19,51,complete,51,0,0,False,False,True
dsC7O2H10nsd_2301.xyz,2301,"(('Br', 0), ('C', 7), ('Cl', 0), ('F', 0), ('H', 10), ('I', 0), ('N', 0), ('O', 2), ('S', 0))",19,51,complete,51,0,0,False,False,True
dsC7O2H10nsd_2302.xyz,2302,"(('Br', 0), ('C', 7), ('Cl', 0), ('F', 0), ('H', 10), ('I', 0), ('N', 0), ('O', 2), ('S', 0))",19,51,complete,51,0,0,False,False,True
dsC7O2H10nsd_2303.xyz,2303,"(('Br', 0), ('C', 7), ('Cl', 0), ('F', 0), ('H', 10), ('I', 0), ('N', 0), ('O', 2), ('S', 0))",19,51,complete,51,0,0,False,False,True
dsC7O2H10nsd_2304.xyz,2304,"(('Br', 0), ('C', 7), ('Cl', 0), ('F', 0), ('H', 10), ('I', 0), ('N', 0), ('O', 2), ('S', 0))",19,51,complete,51,0,0,False,False,True
dsC7O2H10nsd_2305.xyz,2305,"(('Br', 0), ('C', 7), ('Cl', 0), ('F', 0), ('H', 10), ('I', 0), ('N', 0), ('O', 2), ('S', 0))",19,51,complete,51,0,0,False,False,True
dsC7O2H10nsd_2306.xyz,2306,"(('Br', 0), ('C', 7), ('Cl', 0), ('F', 0), ('H', 10), ('I', 0), ('N', 0), ('O', 2), ('S', 0))",19,51,complete,51,0,0,False,False,True
dsC7O2H10nsd_2307.xyz,2307,"(('Br', 0), ('C', 7), ('Cl', 0), ('F', 0), ('H', 10), ('I', 0), ('N', 0), ('O', 2), ('S', 0))",19,51,complete,51,0,0,False,False,True
dsC7O2H10nsd_2308.xyz,2308,"(('Br', 0), ('C', 7), ('Cl', 0), ('F', 0), ('H', 10), ('I', 0), ('N', 0), ('O', 2), ('S', 0))",19,51,complete,51,0,0,False,False,True
dsC7O2H10nsd_2309.xyz,2309,"(('Br', 0), ('C', 7), ('Cl', 0), ('F', 0), ('H', 10), ('I', 0), ('N', 0), ('O', 2), ('S', 0))",19,51,complete,51,0,0,False,False,True
dsC7O2H10nsd_2310.xyz,2310,"(('Br', 0), ('C', 7), ('Cl', 0), ('F', 0), ('H', 10), ('I', 0), ('N', 0), ('O', 2), ('S', 0))",19,51,complete,51,0,0,False,False,True
dsC7O2H10nsd_2311.xyz,2311,"(('Br', 0), ('C', 7), ('Cl', 0), ('F', 0), ('H', 10), ('I', 0), ('N', 0), ('O', 2), ('S', 0))",19,51,complete,51,0,0,False,False,True
dsC7O2H10nsd_2312.xyz,2312,"(('Br', 0), ('C', 7), ('Cl', 0), ('F', 0), ('H', 10), ('I', 0), ('N', 0), ('O', 2), ('S', 0))",19,51,complete,51,0,0,False,False,True
dsC7O2H10nsd_2313.xyz,2313,"(('Br', 0), ('C', 7), ('Cl', 0), ('F', 0), ('H', 10), ('I', 0), ('N', 0), ('O', 2), ('S', 0))",19,51,complete,51,0,0,False,False,True
dsC7O2H10nsd_2314.xyz,2314,"(('Br', 0), ('C', 7), ('Cl', 0), ('F', 0), ('H', 10), ('I', 0), ('N', 0), ('O', 2), ('S', 0))",19,51,complete,51,0,0,False,False,True
dsC7O2H10nsd_2315.xyz,2315,"(('Br', 0), ('C', 7), ('Cl', 0), ('F', 0), ('H', 10), ('I', 0), ('N', 0), ('O', 2), ('S', 0))",19,51,complete,51,0,0,False,False,True
dsC7O2H10nsd_2316.xyz,2316,"(('Br', 0), ('C', 7), ('Cl', 0), ('F', 0), ('H', 10), ('I', 0), ('N', 0), ('O', 2), ('S', 0))",19,51,complete,51,0,0,False,False,True
dsC7O2H10nsd_2317.xyz,2317,"(('Br', 0), ('C', 7), ('Cl', 0), ('F', 0), ('H', 10), ('I', 0), ('N', 0), ('O', 2), ('S', 0))",19,51,complete,51,0,0,False,False,True
dsC7O2H10nsd_2318.xyz,2318,"(('Br', 0), ('C', 7), ('Cl', 0), ('F', 0), ('H', 10), ('I', 0), ('N', 0), ('O', 2), ('S', 0))",19,51,complete,51,0,0,False,False,True
dsC7O2H10nsd_2319.xyz,2319,"(('Br', 0), ('C', 7), ('Cl', 0), ('F', 0), ('H', 10), ('I', 0), ('N', 0), ('O', 2), ('S', 0))",19,51,complete,51,0,0,False,False,True
dsC7O2H10nsd_2320.xyz,2320,"(('Br', 0), ('C', 7), ('Cl', 0), ('F', 0), ('H', 10), ('I', 0), ('N', 0), ('O', 2), ('S', 0))",19,51,complete,51,0,0,False,False,True
dsC7O2H10nsd_2321.xyz,2321,"(('Br', 0), ('C', 7), ('Cl', 0), ('F', 0), ('H', 10), ('I', 0), ('N', 0), ('O', 2), ('S', 0))",19,51,complete,51,0,0,False,False,True
dsC7O2H10nsd_2322.xyz,2322,"(('Br', 0), ('C', 7), ('Cl', 0), ('F', 0), ('H', 10), ('I', 0), ('N', 0), ('O', 2), ('S', 0))",19,51,complete,51,0,0,False,False,True
dsC7O2H10nsd_2323.xyz,2323,"(('Br', 0), ('C', 7), ('Cl', 0), ('F', 0), ('H', 10), ('I', 0), ('N', 0), ('O', 2), ('S', 0))",19,51,complete,51,0,0,False,False,True
dsC7O2H10nsd_2324.xyz,2324,"(('Br', 0), ('C', 7), ('Cl', 0), ('F', 0), ('H', 10), ('I', 0), ('N', 0), ('O', 2), ('S', 0))",19,51,complete,51,0,0,False,False,True
dsC7O2H10nsd_2325.xyz,2325,"(('Br', 0), ('C', 7), ('Cl', 0), ('F', 0), ('H', 10), ('I', 0), ('N', 0), ('O', 2), ('S', 0))",19,51,complete,51,0,0,False,False,True
dsC7O2H10nsd_2326.xyz,2326,"(('Br', 0), ('C', 7), ('Cl', 0), ('F', 0), ('H', 10), ('I', 0), ('N', 0), ('O', 2), ('S', 0))",19,51,complete,51,0,0,False,False,True
dsC7O2H10nsd_2327.xyz,2327,"(('Br', 0), ('C', 7), ('Cl', 0), ('F', 0), ('H', 10), ('I', 0), ('N', 0), ('O', 2), ('S', 0))",19,51,complete,51,0,0,False,False,True
dsC7O2H10nsd_2328.xyz,2328,"(('Br', 0), ('C', 7), ('Cl', 0), ('F', 0), ('H', 10), ('I', 0), ('N', 0), ('O', 2), ('S', 0))",19,51,complete,51,0,0,False,False,True
dsC7O2H10nsd_2329.xyz,2329,"(('Br', 0), ('C', 7), ('Cl', 0), ('F', 0), ('H', 10), ('I', 0), ('N', 0), ('O', 2), ('S', 0))",19,51,complete,51,0,0,False,False,True
dsC7O2H10nsd_2330.xyz,2330,"(('Br', 0), ('C', 7), ('Cl', 0), ('F', 0), ('H', 10), ('I', 0), ('N', 0), ('O', 2), ('S', 0))",19,51,complete,51,0,0,False,False,True
dsC7O2H10nsd_2331.xyz,2331,"(('Br', 0), ('C', 7), ('Cl', 0), ('F', 0), ('H', 10), ('I', 0), ('N', 0), ('O', 2), ('S', 0))",19,51,complete,51,0,0,False,False,True
dsC7O2H10nsd_2332.xyz,2332,"(('Br', 0), ('C', 7), ('Cl', 0), ('F', 0), ('H', 10), ('I', 0), ('N', 0), ('O', 2), ('S', 0))",19,51,complete,51,0,0,False,False,True
dsC7O2H10nsd_2333.xyz,2333,"(('Br', 0), ('C', 7), ('Cl', 0), ('F', 0), ('H', 10), ('I', 0), ('N', 0), ('O', 2), ('S', 0))",19,51,complete,51,0,0,False,False,True
dsC7O2H10nsd_2334.xyz,2334,"(('Br', 0), ('C', 7), ('Cl', 0), ('F', 0), ('H', 10), ('I', 0), ('N', 0), ('O', 2), ('S', 0))",19,51,complete,51,0,0,False,False,True
dsC7O2H10nsd_2335.xyz,2335,"(('Br', 0), ('C', 7), ('Cl', 0), ('F', 0), ('H', 10), ('I', 0), ('N', 0), ('O', 2), ('S', 0))",19,51,complete,51,0,0,False,False,True
dsC7O2H10nsd_2336.xyz,2336,"(('Br', 0), ('C', 7), ('Cl', 0), ('F', 0), ('H', 10), ('I', 0), ('N', 0), ('O', 2), ('S', 0))",19,51,complete,51,0,0,False,False,True
dsC7O2H10nsd_2337.xyz,2337,"(('Br', 0), ('C', 7), ('Cl', 0), ('F', 0), ('H', 10), ('I', 0), ('N', 0), ('O', 2), ('S', 0))",19,51,complete,51,0,0,False,False,True
dsC7O2H10nsd_2338.xyz,2338,"(('Br', 0), ('C', 7), ('Cl', 0), ('F', 0), ('H', 10), ('I', 0), ('N', 0), ('O', 2), ('S', 0))",19,51,complete,51,0,0,False,False,True
dsC7O2H10nsd_2339.xyz,2339,"(('Br', 0), ('C', 7), ('Cl', 0), ('F', 0), ('H', 10), ('I', 0), ('N', 0), ('O', 2), ('S', 0))",19,51,complete,51,0,0,False,False,True
dsC7O2H10nsd_2340.xyz,2340,"(('Br', 0), ('C', 7), ('Cl', 0), ('F', 0), ('H', 10), ('I', 0), ('N', 0), ('O', 2), ('S', 0))",19,51,complete,51,0,0,False,False,True
dsC7O2H10nsd_2341.xyz,2341,"(('Br', 0), ('C', 7), ('Cl', 0), ('F', 0), ('H', 10), ('I', 0), ('N', 0), ('O', 2), ('S', 0))",19,51,complete,51,0,0,False,False,True
dsC7O2H10nsd_2342.xyz,2342,"(('Br', 0), ('C', 7), ('Cl', 0), ('F', 0), ('H', 10), ('I', 0), ('N', 0), ('O', 2), ('S', 0))",19,51,complete,51,0,0,False,False,True
dsC7O2H10nsd_2343.xyz,2343,"(('Br', 0), ('C', 7), ('Cl', 0), ('F', 0), ('H', 10), ('I', 0), ('N', 0), ('O', 2), ('S', 0))",19,51,complete,51,0,0,False,False,True
dsC7O2H10nsd_2344.xyz,2344,"(('Br', 0), ('C', 7), ('Cl', 0), ('F', 0), ('H', 10), ('I', 0), ('N', 0), ('O', 2), ('S', 0))",19,51,complete,51,0,0,False,False,True
dsC7O2H10nsd_2345.xyz,2345,"(('Br', 0), ('C', 7), ('Cl', 0), ('F', 0), ('H', 10), ('I', 0), ('N', 0), ('O', 2), ('S', 0))",19,51,complete,51,0,0,False,False,True
dsC7O2H10nsd_2346.xyz,2346,"(('Br', 0), ('C', 7), ('Cl', 0), ('F', 0), ('H', 10), ('I', 0), ('N', 0), ('O', 2), ('S', 0))",19,51,complete,51,0,0,False,False,True
dsC7O2H10nsd_2347.xyz,2347,"(('Br', 0), ('C', 7), ('Cl', 0), ('F', 0), ('H', 10), ('I', 0), ('N', 0), ('O', 2), ('S', 0))",19,51,complete,51,0,0,False,False,True
dsC7O2H10nsd_2348.xyz,2348,"(('Br', 0), ('C', 7), ('Cl', 0), ('F', 0), ('H', 10), ('I', 0), ('N', 0), ('O', 2), ('S', 0))",19,51,complete,51,0,0,False,False,True
dsC7O2H10nsd_2349.xyz,2349,"(('Br', 0), ('C', 7), ('Cl', 0), ('F', 0), ('H', 10), ('I', 0), ('N', 0), ('O', 2), ('S', 0))",19,51,complete,51,0,0,False,False,True
dsC7O2H10nsd_2350.xyz,2350,"(('Br', 0), ('C', 7), ('Cl', 0), ('F', 0), ('H', 10), ('I', 0), ('N', 0), ('O', 2), ('S', 0))",19,51,complete,51,0,0,False,False,True
dsC7O2H10nsd_2351.xyz,2351,"(('Br', 0), ('C', 7), ('Cl', 0), ('F', 0), ('H', 10), ('I', 0), ('N', 0), ('O', 2), ('S', 0))",19,51,complete,51,0,0,False,False,True
dsC7O2H10nsd_2352.xyz,2352,"(('Br', 0), ('C', 7), ('Cl', 0), ('F', 0), ('H', 10), ('I', 0), ('N', 0), ('O', 2), ('S', 0))",19,102,incomplete_count,102,0,0,False,False,True
dsC7O2H10nsd_2353.xyz,2353,"(('Br', 0), ('C', 7), ('Cl', 0), ('F', 0), ('H', 10), ('I', 0), ('N', 0), ('O', 2), ('S', 0))",19,51,complete,51,0,0,False,False,True
dsC7O2H10nsd_2354.xyz,2354,"(('Br', 0), ('C', 7), ('Cl', 0), ('F', 0), ('H', 10), ('I', 0), ('N', 0), ('O', 2), ('S', 0))",19,51,complete,51,0,0,False,False,True
dsC7O2H10nsd_2355.xyz,2355,"(('Br', 0), ('C', 7), ('Cl', 0), ('F', 0), ('H', 10), ('I', 0), ('N', 0), ('O', 2), ('S', 0))",19,51,complete,51,0,0,False,False,True
dsC7O2H10nsd_2356.xyz,2356,"(('Br', 0), ('C', 7), ('Cl', 0), ('F', 0), ('H', 10), ('I', 0), ('N', 0), ('O', 2), ('S', 0))",19,51,complete,51,0,0,False,False,True
dsC7O2H10nsd_2357.xyz,2357,"(('Br', 0), ('C', 7), ('Cl', 0), ('F', 0), ('H', 10), ('I', 0), ('N', 0), ('O', 2), ('S', 0))",19,51,complete,51,0,0,False,False,True
dsC7O2H10nsd_2358.xyz,2358,"(('Br', 0), ('C', 7), ('Cl', 0), ('F', 0), ('H', 10), ('I', 0), ('N', 0), ('O', 2), ('S', 0))",19,51,complete,51,0,0,False,False,True
dsC7O2H10nsd_2359.xyz,2359,"(('Br', 0), ('C', 7), ('Cl', 0), ('F', 0), ('H', 10), ('I', 0), ('N', 0), ('O', 2), ('S', 0))",19,51,complete,51,0,0,False,False,True
dsC7O2H10nsd_2360.xyz,2360,"(('Br', 0), ('C', 7), ('Cl', 0), ('F', 0), ('H', 10), ('I', 0), ('N', 0), ('O', 2), ('S', 0))",19,51,complete,51,0,0,False,False,True
dsC7O2H10nsd_2361.xyz,2361,"(('Br', 0), ('C', 7), ('Cl', 0), ('F', 0), ('H', 10), ('I', 0), ('N', 0), ('O', 2), ('S', 0))",19,51,complete,51,0,0,False,False,True
dsC7O2H10nsd_2362.xyz,2362,"(('Br', 0), ('C', 7), ('Cl', 0), ('F', 0), ('H', 10), ('I', 0), ('N', 0), ('O', 2), ('S', 0))",19,51,complete,51,0,0,False,False,True
dsC7O2H10nsd_2363.xyz,2363,"(('Br', 0), ('C', 7), ('Cl', 0), ('F', 0), ('H', 10), ('I', 0), ('N', 0), ('O', 2), ('S', 0))",19,51,complete,51,0,0,False,False,True
dsC7O2H10nsd_2364.xyz,2364,"(('Br', 0), ('C', 7), ('Cl', 0), ('F', 0), ('H', 10), ('I', 0), ('N', 0), ('O', 2), ('S', 0))",19,51,complete,51,0,0,False,False,True
dsC7O2H10nsd_2365.xyz,2365,"(('Br', 0), ('C', 7), ('Cl', 0), ('F', 0), ('H', 10), ('I', 0), ('N', 0), ('O', 2), ('S', 0))",19,51,complete,51,0,0,False,False,True
dsC7O2H10nsd_2366.xyz,2366,"(('Br', 0), ('C', 7), ('Cl', 0), ('F', 0), ('H', 10), ('I', 0), ('N', 0), ('O', 2), ('S', 0))",19,51,complete,51,0,0,False,False,True
dsC7O2H10nsd_2367.xyz,2367,"(('Br', 0), ('C', 7), ('Cl', 0), ('F', 0), ('H', 10), ('I', 0), ('N', 0), ('O', 2), ('S', 0))",19,51,complete,51,0,0,False,False,True
dsC7O2H10nsd_2368.xyz,2368,"(('Br', 0), ('C', 7), ('Cl', 0), ('F', 0), ('H', 10), ('I', 0), ('N', 0), ('O', 2), ('S', 0))",19,51,complete,51,0,0,False,False,True
dsC7O2H10nsd_2369.xyz,2369,"(('Br', 0), ('C', 7), ('Cl', 0), ('F', 0), ('H', 10), ('I', 0), ('N', 0), ('O', 2), ('S', 0))",19,51,complete,51,0,0,False,False,True
dsC7O2H10nsd_2370.xyz,2370,"(('Br', 0), ('C', 7), ('Cl', 0), ('F', 0), ('H', 10), ('I', 0), ('N', 0), ('O', 2), ('S', 0))",19,51,complete,51,0,0,False,False,True
dsC7O2H10nsd_2371.xyz,2371,"(('Br', 0), ('C', 7), ('Cl', 0), ('F', 0), ('H', 10), ('I', 0), ('N', 0), ('O', 2), ('S', 0))",19,51,complete,51,0,0,False,False,True
dsC7O2H10nsd_2372.xyz,2372,"(('Br', 0), ('C', 7), ('Cl', 0), ('F', 0), ('H', 10), ('I', 0), ('N', 0), ('O', 2), ('S', 0))",19,51,complete,51,0,0,False,False,True
dsC7O2H10nsd_2373.xyz,2373,"(('Br', 0), ('C', 7), ('Cl', 0), ('F', 0), ('H', 10), ('I', 0), ('N', 0), ('O', 2), ('S', 0))",19,51,complete,51,0,0,False,False,True
dsC7O2H10nsd_2374.xyz,2374,"(('Br', 0), ('C', 7), ('Cl', 0), ('F', 0), ('H', 10), ('I', 0), ('N', 0), ('O', 2), ('S', 0))",19,51,complete,51,0,0,False,False,True
dsC7O2H10nsd_2375.xyz,2375,"(('Br', 0), ('C', 7), ('Cl', 0), ('F', 0), ('H', 10), ('I', 0), ('N', 0), ('O', 2), ('S', 0))",19,51,complete,51,0,0,False,False,True
dsC7O2H10nsd_2376.xyz,2376,"(('Br', 0), ('C', 7), ('Cl', 0), ('F', 0), ('H', 10), ('I', 0), ('N', 0), ('O', 2), ('S', 0))",19,51,complete,51,0,0,False,False,True
dsC7O2H10nsd_2377.xyz,2377,"(('Br', 0), ('C', 7), ('Cl', 0), ('F', 0), ('H', 10), ('I', 0), ('N', 0), ('O', 2), ('S', 0))",19,51,complete,51,0,0,False,False,True
dsC7O2H10nsd_2378.xyz,2378,"(('Br', 0), ('C', 7), ('Cl', 0), ('F', 0), ('H', 10), ('I', 0), ('N', 0), ('O', 2), ('S', 0))",19,51,complete,51,0,0,False,False,True
dsC7O2H10nsd_2379.xyz,2379,"(('Br', 0), ('C', 7), ('Cl', 0), ('F', 0), ('H', 10), ('I', 0), ('N', 0), ('O', 2), ('S', 0))",19,51,complete,51,0,0,False,False,True
dsC7O2H10nsd_2380.xyz,2380,"(('Br', 0), ('C', 7), ('Cl', 0), ('F', 0), ('H', 10), ('I', 0), ('N', 0), ('O', 2), ('S', 0))",19,51,complete,51,0,0,False,False,True
dsC7O2H10nsd_2381.xyz,2381,"(('Br', 0), ('C', 7), ('Cl', 0), ('F', 0), ('H', 10), ('I', 0), ('N', 0), ('O', 2), ('S', 0))",19,51,complete,51,0,0,False,False,True
dsC7O2H10nsd_2382.xyz,2382,"(('Br', 0), ('C', 7), ('Cl', 0), ('F', 0), ('H', 10), ('I', 0), ('N', 0), ('O', 2), ('S', 0))",19,51,complete,51,0,0,False,False,True
dsC7O2H10nsd_2383.xyz,2383,"(('Br', 0), ('C', 7), ('Cl', 0), ('F', 0), ('H', 10), ('I', 0), ('N', 0), ('O', 2), ('S', 0))",19,51,complete,51,0,0,False,False,True
dsC7O2H10nsd_2384.xyz,2384,"(('Br', 0), ('C', 7), ('Cl', 0), ('F', 0), ('H', 10), ('I', 0), ('N', 0), ('O', 2), ('S', 0))",19,51,complete,51,0,0,False,False,True
dsC7O2H10nsd_2385.xyz,2385,"(('Br', 0), ('C', 7), ('Cl', 0), ('F', 0), ('H', 10), ('I', 0), ('N', 0), ('O', 2), ('S', 0))",19,51,complete,51,0,0,False,False,True
dsC7O2H10nsd_2386.xyz,2386,"(('Br', 0), ('C', 7), ('Cl', 0), ('F', 0), ('H', 10), ('I', 0), ('N', 0), ('O', 2), ('S', 0))",19,51,complete,51,0,0,False,False,True
dsC7O2H10nsd_2387.xyz,2387,"(('Br', 0), ('C', 7), ('Cl', 0), ('F', 0), ('H', 10), ('I', 0), ('N', 0), ('O', 2), ('S', 0))",19,51,complete,51,0,0,False,False,True
dsC7O2H10nsd_2388.xyz,2388,"(('Br', 0), ('C', 7), ('Cl', 0), ('F', 0), ('H', 10), ('I', 0), ('N', 0), ('O', 2), ('S', 0))",19,51,complete,51,0,0,False,False,True
dsC7O2H10nsd_2389.xyz,2389,"(('Br', 0), ('C', 7), ('Cl', 0), ('F', 0), ('H', 10), ('I', 0), ('N', 0), ('O', 2), ('S', 0))",19,51,complete,51,0,0,False,False,True
dsC7O2H10nsd_2390.xyz,2390,"(('Br', 0), ('C', 7), ('Cl', 0), ('F', 0), ('H', 10), ('I', 0), ('N', 0), ('O', 2), ('S', 0))",19,51,complete,51,0,0,False,False,True
dsC7O2H10nsd_2391.xyz,2391,"(('Br', 0), ('C', 7), ('Cl', 0), ('F', 0), ('H', 10), ('I', 0), ('N', 0), ('O', 2), ('S', 0))",19,51,complete,51,0,0,False,False,True
dsC7O2H10nsd_2392.xyz,2392,"(('Br', 0), ('C', 7), ('Cl', 0), ('F', 0), ('H', 10), ('I', 0), ('N', 0), ('O', 2), ('S', 0))",19,51,complete,51,0,0,False,False,True
dsC7O2H10nsd_2393.xyz,2393,"(('Br', 0), ('C', 7), ('Cl', 0), ('F', 0), ('H', 10), ('I', 0), ('N', 0), ('O', 2), ('S', 0))",19,51,complete,51,0,0,False,False,True
dsC7O2H10nsd_2394.xyz,2394,"(('Br', 0), ('C', 7), ('Cl', 0), ('F', 0), ('H', 10), ('I', 0), ('N', 0), ('O', 2), ('S', 0))",19,51,complete,51,0,0,False,False,True
dsC7O2H10nsd_2395.xyz,2395,"(('Br', 0), ('C', 7), ('Cl', 0), ('F', 0), ('H', 10), ('I', 0), ('N', 0), ('O', 2), ('S', 0))",19,51,complete,51,0,0,False,False,True
dsC7O2H10nsd_2396.xyz,2396,"(('Br', 0), ('C', 7), ('Cl', 0), ('F', 0), ('H', 10), ('I', 0), ('N', 0), ('O', 2), ('S', 0))",19,51,complete,51,0,0,False,False,True
dsC7O2H10nsd_2397.xyz,2397,"(('Br', 0), ('C', 7), ('Cl', 0), ('F', 0), ('H', 10), ('I', 0), ('N', 0), ('O', 2), ('S', 0))",19,51,complete,51,0,0,False,False,True
dsC7O2H10nsd_2398.xyz,2398,"(('Br', 0), ('C', 7), ('Cl', 0), ('F', 0), ('H', 10), ('I', 0), ('N', 0), ('O', 2), ('S', 0))",19,51,complete,51,0,0,False,False,True
dsC7O2H10nsd_2399.xyz,2399,"(('Br', 0), ('C', 7), ('Cl', 0), ('F', 0), ('H', 10), ('I', 0), ('N', 0), ('O', 2), ('S', 0))",19,51,complete,51,0,0,False,False,True
dsC7O2H10nsd_2400.xyz,2400,"(('Br', 0), ('C', 7), ('Cl', 0), ('F', 0), ('H', 10), ('I', 0), ('N', 0), ('O', 2), ('S', 0))",19,51,complete,51,0,0,False,False,True
dsC7O2H10nsd_2401.xyz,2401,"(('Br', 0), ('C', 7), ('Cl', 0), ('F', 0), ('H', 10), ('I', 0), ('N', 0), ('O', 2), ('S', 0))",19,51,complete,51,0,0,False,False,True
dsC7O2H10nsd_2402.xyz,2402,"(('Br', 0), ('C', 7), ('Cl', 0), ('F', 0), ('H', 10), ('I', 0), ('N', 0), ('O', 2), ('S', 0))",19,51,complete,51,0,0,False,False,True
dsC7O2H10nsd_2403.xyz,2403,"(('Br', 0), ('C', 7), ('Cl', 0), ('F', 0), ('H', 10), ('I', 0), ('N', 0), ('O', 2), ('S', 0))",19,51,complete,51,0,0,False,False,True
dsC7O2H10nsd_2404.xyz,2404,"(('Br', 0), ('C', 7), ('Cl', 0), ('F', 0), ('H', 10), ('I', 0), ('N', 0), ('O', 2), ('S', 0))",19,51,complete,51,0,0,False,False,True
dsC7O2H10nsd_2405.xyz,2405,"(('Br', 0), ('C', 7), ('Cl', 0), ('F', 0), ('H', 10), ('I', 0), ('N', 0), ('O', 2), ('S', 0))",19,51,complete,51,0,0,False,False,True
dsC7O2H10nsd_2406.xyz,2406,"(('Br', 0), ('C', 7), ('Cl', 0), ('F', 0), ('H', 10), ('I', 0), ('N', 0), ('O', 2), ('S', 0))",19,51,complete,51,0,0,False,False,True
dsC7O2H10nsd_2407.xyz,2407,"(('Br', 0), ('C', 7), ('Cl', 0), ('F', 0), ('H', 10), ('I', 0), ('N', 0), ('O', 2), ('S', 0))",19,51,complete,51,0,0,False,False,True
dsC7O2H10nsd_2408.xyz,2408,"(('Br', 0), ('C', 7), ('Cl', 0), ('F', 0), ('H', 10), ('I', 0), ('N', 0), ('O', 2), ('S', 0))",19,51,complete,51,0,0,False,False,True
dsC7O2H10nsd_2409.xyz,2409,"(('Br', 0), ('C', 7), ('Cl', 0), ('F', 0), ('H', 10), ('I', 0), ('N', 0), ('O', 2), ('S', 0))",19,51,complete,51,0,0,False,False,True
dsC7O2H10nsd_2410.xyz,2410,"(('Br', 0), ('C', 7), ('Cl', 0), ('F', 0), ('H', 10), ('I', 0), ('N', 0), ('O', 2), ('S', 0))",19,51,complete,51,0,0,False,False,True
dsC7O2H10nsd_2411.xyz,2411,"(('Br', 0), ('C', 7), ('Cl', 0), ('F', 0), ('H', 10), ('I', 0), ('N', 0), ('O', 2), ('S', 0))",19,51,complete,51,0,0,False,False,True
dsC7O2H10nsd_2412.xyz,2412,"(('Br', 0), ('C', 7), ('Cl', 0), ('F', 0), ('H', 10), ('I', 0), ('N', 0), ('O', 2), ('S', 0))",19,51,complete,51,0,0,False,False,True
dsC7O2H10nsd_2413.xyz,2413,"(('Br', 0), ('C', 7), ('Cl', 0), ('F', 0), ('H', 10), ('I', 0), ('N', 0), ('O', 2), ('S', 0))",19,51,complete,51,0,0,False,False,True
dsC7O2H10nsd_2414.xyz,2414,"(('Br', 0), ('C', 7), ('Cl', 0), ('F', 0), ('H', 10), ('I', 0), ('N', 0), ('O', 2), ('S', 0))",19,102,incomplete_count,102,0,0,False,False,True
dsC7O2H10nsd_2415.xyz,2415,"(('Br', 0), ('C', 7), ('Cl', 0), ('F', 0), ('H', 10), ('I', 0), ('N', 0), ('O', 2), ('S', 0))",19,51,complete,51,0,0,False,False,True
dsC7O2H10nsd_2416.xyz,2416,"(('Br', 0), ('C', 7), ('Cl', 0), ('F', 0), ('H', 10), ('I', 0), ('N', 0), ('O', 2), ('S', 0))",19,51,complete,51,0,0,False,False,True
dsC7O2H10nsd_2417.xyz,2417,"(('Br', 0), ('C', 7), ('Cl', 0), ('F', 0), ('H', 10), ('I', 0), ('N', 0), ('O', 2), ('S', 0))",19,51,complete,51,0,0,False,False,True
dsC7O2H10nsd_2418.xyz,2418,"(('Br', 0), ('C', 7), ('Cl', 0), ('F', 0), ('H', 10), ('I', 0), ('N', 0), ('O', 2), ('S', 0))",19,51,complete,51,0,0,False,False,True
dsC7O2H10nsd_2419.xyz,2419,"(('Br', 0), ('C', 7), ('Cl', 0), ('F', 0), ('H', 10), ('I', 0), ('N', 0), ('O', 2), ('S', 0))",19,51,complete,51,0,0,False,False,True
dsC7O2H10nsd_2420.xyz,2420,"(('Br', 0), ('C', 7), ('Cl', 0), ('F', 0), ('H', 10), ('I', 0), ('N', 0), ('O', 2), ('S', 0))",19,51,complete,51,0,0,False,False,True
dsC7O2H10nsd_2421.xyz,2421,"(('Br', 0), ('C', 7), ('Cl', 0), ('F', 0), ('H', 10), ('I', 0), ('N', 0), ('O', 2), ('S', 0))",19,51,complete,51,0,0,False,False,True
dsC7O2H10nsd_2422.xyz,2422,"(('Br', 0), ('C', 7), ('Cl', 0), ('F', 0), ('H', 10), ('I', 0), ('N', 0), ('O', 2), ('S', 0))",19,51,complete,51,0,0,False,False,True
dsC7O2H10nsd_2423.xyz,2423,"(('Br', 0), ('C', 7), ('Cl', 0), ('F', 0), ('H', 10), ('I', 0), ('N', 0), ('O', 2), ('S', 0))",19,51,complete,51,0,0,False,False,True
dsC7O2H10nsd_2424.xyz,2424,"(('Br', 0), ('C', 7), ('Cl', 0), ('F', 0), ('H', 10), ('I', 0), ('N', 0), ('O', 2), ('S', 0))",19,51,complete,51,0,0,False,False,True
dsC7O2H10nsd_2425.xyz,2425,"(('Br', 0), ('C', 7), ('Cl', 0), ('F', 0), ('H', 10), ('I', 0), ('N', 0), ('O', 2), ('S', 0))",19,51,complete,51,0,0,False,False,True
dsC7O2H10nsd_2426.xyz,2426,"(('Br', 0), ('C', 7), ('Cl', 0), ('F', 0), ('H', 10), ('I', 0), ('N', 0), ('O', 2), ('S', 0))",19,51,complete,51,0,0,False,False,True
dsC7O2H10nsd_2427.xyz,2427,"(('Br', 0), ('C', 7), ('Cl', 0), ('F', 0), ('H', 10), ('I', 0), ('N', 0), ('O', 2), ('S', 0))",19,51,complete,51,0,0,False,False,True
dsC7O2H10nsd_2428.xyz,2428,"(('Br', 0), ('C', 7), ('Cl', 0), ('F', 0), ('H', 10), ('I', 0), ('N', 0), ('O', 2), ('S', 0))",19,51,complete,51,0,0,False,False,True
dsC7O2H10nsd_2429.xyz,2429,"(('Br', 0), ('C', 7), ('Cl', 0), ('F', 0), ('H', 10), ('I', 0), ('N', 0), ('O', 2), ('S', 0))",19,51,complete,51,0,0,False,False,True
dsC7O2H10nsd_2430.xyz,2430,"(('Br', 0), ('C', 7), ('Cl', 0), ('F', 0), ('H', 10), ('I', 0), ('N', 0), ('O', 2), ('S', 0))",19,51,complete,51,0,0,False,False,True
dsC7O2H10nsd_2431.xyz,2431,"(('Br', 0), ('C', 7), ('Cl', 0), ('F', 0), ('H', 10), ('I', 0), ('N', 0), ('O', 2), ('S', 0))",19,51,complete,51,0,0,False,False,True
dsC7O2H10nsd_2432.xyz,2432,"(('Br', 0), ('C', 7), ('Cl', 0), ('F', 0), ('H', 10), ('I', 0), ('N', 0), ('O', 2), ('S', 0))",19,51,complete,51,0,0,False,False,True
dsC7O2H10nsd_2433.xyz,2433,"(('Br', 0), ('C', 7), ('Cl', 0), ('F', 0), ('H', 10), ('I', 0), ('N', 0), ('O', 2), ('S', 0))",19,51,complete,51,0,0,False,False,True
dsC7O2H10nsd_2434.xyz,2434,"(('Br', 0), ('C', 7), ('Cl', 0), ('F', 0), ('H', 10), ('I', 0), ('N', 0), ('O', 2), ('S', 0))",19,51,complete,51,0,0,False,False,True
dsC7O2H10nsd_2435.xyz,2435,"(('Br', 0), ('C', 7), ('Cl', 0), ('F', 0), ('H', 10), ('I', 0), ('N', 0), ('O', 2), ('S', 0))",19,51,complete,51,0,0,False,False,True
dsC7O2H10nsd_2436.xyz,2436,"(('Br', 0), ('C', 7), ('Cl', 0), ('F', 0), ('H', 10), ('I', 0), ('N', 0), ('O', 2), ('S', 0))",19,51,complete,51,0,0,False,False,True
dsC7O2H10nsd_2437.xyz,2437,"(('Br', 0), ('C', 7), ('Cl', 0), ('F', 0), ('H', 10), ('I', 0), ('N', 0), ('O', 2), ('S', 0))",19,51,complete,51,0,0,False,False,True
dsC7O2H10nsd_2438.xyz,2438,"(('Br', 0), ('C', 7), ('Cl', 0), ('F', 0), ('H', 10), ('I', 0), ('N', 0), ('O', 2), ('S', 0))",19,51,complete,51,0,0,False,False,True
dsC7O2H10nsd_2439.xyz,2439,"(('Br', 0), ('C', 7), ('Cl', 0), ('F', 0), ('H', 10), ('I', 0), ('N', 0), ('O', 2), ('S', 0))",19,102,incomplete_count,102,0,0,False,False,True
dsC7O2H10nsd_2440.xyz,2440,"(('Br', 0), ('C', 7), ('Cl', 0), ('F', 0), ('H', 10), ('I', 0), ('N', 0), ('O', 2), ('S', 0))",19,51,complete,51,0,0,False,False,True
dsC7O2H10nsd_2441.xyz,2441,"(('Br', 0), ('C', 7), ('Cl', 0), ('F', 0), ('H', 10), ('I', 0), ('N', 0), ('O', 2), ('S', 0))",19,51,complete,51,0,0,False,False,True
dsC7O2H10nsd_2442.xyz,2442,"(('Br', 0), ('C', 7), ('Cl', 0), ('F', 0), ('H', 10), ('I', 0), ('N', 0), ('O', 2), ('S', 0))",19,51,complete,51,0,0,False,False,True
dsC7O2H10nsd_2443.xyz,2443,"(('Br', 0), ('C', 7), ('Cl', 0), ('F', 0), ('H', 10), ('I', 0), ('N', 0), ('O', 2), ('S', 0))",19,51,complete,51,0,0,False,False,True
dsC7O2H10nsd_2444.xyz,2444,"(('Br', 0), ('C', 7), ('Cl', 0), ('F', 0), ('H', 10), ('I', 0), ('N', 0), ('O', 2), ('S', 0))",19,51,complete,51,0,0,False,False,True
dsC7O2H10nsd_2445.xyz,2445,"(('Br', 0), ('C', 7), ('Cl', 0), ('F', 0), ('H', 10), ('I', 0), ('N', 0), ('O', 2), ('S', 0))",19,51,complete,51,0,0,False,False,True
dsC7O2H10nsd_2446.xyz,2446,"(('Br', 0), ('C', 7), ('Cl', 0), ('F', 0), ('H', 10), ('I', 0), ('N', 0), ('O', 2), ('S', 0))",19,51,complete,51,0,0,False,False,True
dsC7O2H10nsd_2447.xyz,2447,"(('Br', 0), ('C', 7), ('Cl', 0), ('F', 0), ('H', 10), ('I', 0), ('N', 0), ('O', 2), ('S', 0))",19,51,complete,51,0,0,False,False,True
dsC7O2H10nsd_2448.xyz,2448,"(('Br', 0), ('C', 7), ('Cl', 0), ('F', 0), ('H', 10), ('I', 0), ('N', 0), ('O', 2), ('S', 0))",19,51,complete,51,0,0,False,False,True
dsC7O2H10nsd_2449.xyz,2449,"(('Br', 0), ('C', 7), ('Cl', 0), ('F', 0), ('H', 10), ('I', 0), ('N', 0), ('O', 2), ('S', 0))",19,51,complete,51,0,0,False,False,True
dsC7O2H10nsd_2450.xyz,2450,"(('Br', 0), ('C', 7), ('Cl', 0), ('F', 0), ('H', 10), ('I', 0), ('N', 0), ('O', 2), ('S', 0))",19,51,complete,51,0,0,False,False,True
dsC7O2H10nsd_2451.xyz,2451,"(('Br', 0), ('C', 7), ('Cl', 0), ('F', 0), ('H', 10), ('I', 0), ('N', 0), ('O', 2), ('S', 0))",19,51,complete,51,0,0,False,False,True
dsC7O2H10nsd_2452.xyz,2452,"(('Br', 0), ('C', 7), ('Cl', 0), ('F', 0), ('H', 10), ('I', 0), ('N', 0), ('O', 2), ('S', 0))",19,51,complete,51,0,0,False,False,True
dsC7O2H10nsd_2453.xyz,2453,"(('Br', 0), ('C', 7), ('Cl', 0), ('F', 0), ('H', 10), ('I', 0), ('N', 0), ('O', 2), ('S', 0))",19,51,complete,51,0,0,False,False,True
dsC7O2H10nsd_2454.xyz,2454,"(('Br', 0), ('C', 7), ('Cl', 0), ('F', 0), ('H', 10), ('I', 0), ('N', 0), ('O', 2), ('S', 0))",19,51,complete,51,0,0,False,False,True
dsC7O2H10nsd_2455.xyz,2455,"(('Br', 0), ('C', 7), ('Cl', 0), ('F', 0), ('H', 10), ('I', 0), ('N', 0), ('O', 2), ('S', 0))",19,51,complete,51,0,0,False,False,True
dsC7O2H10nsd_2456.xyz,2456,"(('Br', 0), ('C', 7), ('Cl', 0), ('F', 0), ('H', 10), ('I', 0), ('N', 0), ('O', 2), ('S', 0))",19,51,complete,51,0,0,False,False,True
dsC7O2H10nsd_2457.xyz,2457,"(('Br', 0), ('C', 7), ('Cl', 0), ('F', 0), ('H', 10), ('I', 0), ('N', 0), ('O', 2), ('S', 0))",19,51,complete,51,0,0,False,False,True
dsC7O2H10nsd_2458.xyz,2458,"(('Br', 0), ('C', 7), ('Cl', 0), ('F', 0), ('H', 10), ('I', 0), ('N', 0), ('O', 2), ('S', 0))",19,51,complete,51,0,0,False,False,True
dsC7O2H10nsd_2459.xyz,2459,"(('Br', 0), ('C', 7), ('Cl', 0), ('F', 0), ('H', 10), ('I', 0), ('N', 0), ('O', 2), ('S', 0))",19,51,complete,51,0,0,False,False,True
dsC7O2H10nsd_2460.xyz,2460,"(('Br', 0), ('C', 7), ('Cl', 0), ('F', 0), ('H', 10), ('I', 0), ('N', 0), ('O', 2), ('S', 0))",19,51,complete,51,0,0,False,False,True
dsC7O2H10nsd_2461.xyz,2461,"(('Br', 0), ('C', 7), ('Cl', 0), ('F', 0), ('H', 10), ('I', 0), ('N', 0), ('O', 2), ('S', 0))",19,51,complete,51,0,0,False,False,True
dsC7O2H10nsd_2462.xyz,2462,"(('Br', 0), ('C', 7), ('Cl', 0), ('F', 0), ('H', 10), ('I', 0), ('N', 0), ('O', 2), ('S', 0))",19,51,complete,51,0,0,False,False,True
dsC7O2H10nsd_2463.xyz,2463,"(('Br', 0), ('C', 7), ('Cl', 0), ('F', 0), ('H', 10), ('I', 0), ('N', 0), ('O', 2), ('S', 0))",19,51,complete,51,0,0,False,False,True
dsC7O2H10nsd_2464.xyz,2464,"(('Br', 0), ('C', 7), ('Cl', 0), ('F', 0), ('H', 10), ('I', 0), ('N', 0), ('O', 2), ('S', 0))",19,51,complete,51,0,0,False,False,True
dsC7O2H10nsd_2465.xyz,2465,"(('Br', 0), ('C', 7), ('Cl', 0), ('F', 0), ('H', 10), ('I', 0), ('N', 0), ('O', 2), ('S', 0))",19,51,complete,51,0,0,False,False,True
dsC7O2H10nsd_2466.xyz,2466,"(('Br', 0), ('C', 7), ('Cl', 0), ('F', 0), ('H', 10), ('I', 0), ('N', 0), ('O', 2), ('S', 0))",19,51,complete,51,0,0,False,False,True
dsC7O2H10nsd_2467.xyz,2467,"(('Br', 0), ('C', 7), ('Cl', 0), ('F', 0), ('H', 10), ('I', 0), ('N', 0), ('O', 2), ('S', 0))",19,51,complete,51,0,0,False,False,True
dsC7O2H10nsd_2468.xyz,2468,"(('Br', 0), ('C', 7), ('Cl', 0), ('F', 0), ('H', 10), ('I', 0), ('N', 0), ('O', 2), ('S', 0))",19,51,complete,51,0,0,False,False,True
dsC7O2H10nsd_2469.xyz,2469,"(('Br', 0), ('C', 7), ('Cl', 0), ('F', 0), ('H', 10), ('I', 0), ('N', 0), ('O', 2), ('S', 0))",19,51,complete,51,0,0,False,False,True
dsC7O2H10nsd_2470.xyz,2470,"(('Br', 0), ('C', 7), ('Cl', 0), ('F', 0), ('H', 10), ('I', 0), ('N', 0), ('O', 2), ('S', 0))",19,51,complete,51,0,0,False,False,True
dsC7O2H10nsd_2471.xyz,2471,"(('Br', 0), ('C', 7), ('Cl', 0), ('F', 0), ('H', 10), ('I', 0), ('N', 0), ('O', 2), ('S', 0))",19,51,complete,51,0,0,False,False,True
dsC7O2H10nsd_2472.xyz,2472,"(('Br', 0), ('C', 7), ('Cl', 0), ('F', 0), ('H', 10), ('I', 0), ('N', 0), ('O', 2), ('S', 0))",19,51,complete,51,0,0,False,False,True
dsC7O2H10nsd_2473.xyz,2473,"(('Br', 0), ('C', 7), ('Cl', 0), ('F', 0), ('H', 10), ('I', 0), ('N', 0), ('O', 2), ('S', 0))",19,51,complete,51,0,0,False,False,True
dsC7O2H10nsd_2474.xyz,2474,"(('Br', 0), ('C', 7), ('Cl', 0), ('F', 0), ('H', 10), ('I', 0), ('N', 0), ('O', 2), ('S', 0))",19,51,complete,51,0,0,False,False,True
dsC7O2H10nsd_2475.xyz,2475,"(('Br', 0), ('C', 7), ('Cl', 0), ('F', 0), ('H', 10), ('I', 0), ('N', 0), ('O', 2), ('S', 0))",19,51,complete,51,0,0,False,False,True
dsC7O2H10nsd_2476.xyz,2476,"(('Br', 0), ('C', 7), ('Cl', 0), ('F', 0), ('H', 10), ('I', 0), ('N', 0), ('O', 2), ('S', 0))",19,51,complete,51,0,0,False,False,True
dsC7O2H10nsd_2477.xyz,2477,"(('Br', 0), ('C', 7), ('Cl', 0), ('F', 0), ('H', 10), ('I', 0), ('N', 0), ('O', 2), ('S', 0))",19,51,complete,51,0,0,False,False,True
dsC7O2H10nsd_2478.xyz,2478,"(('Br', 0), ('C', 7), ('Cl', 0), ('F', 0), ('H', 10), ('I', 0), ('N', 0), ('O', 2), ('S', 0))",19,51,complete,51,0,0,False,False,True
dsC7O2H10nsd_2479.xyz,2479,"(('Br', 0), ('C', 7), ('Cl', 0), ('F', 0), ('H', 10), ('I', 0), ('N', 0), ('O', 2), ('S', 0))",19,51,complete,51,0,0,False,False,True
dsC7O2H10nsd_2480.xyz,2480,"(('Br', 0), ('C', 7), ('Cl', 0), ('F', 0), ('H', 10), ('I', 0), ('N', 0), ('O', 2), ('S', 0))",19,51,complete,51,0,0,False,False,True
dsC7O2H10nsd_2481.xyz,2481,"(('Br', 0), ('C', 7), ('Cl', 0), ('F', 0), ('H', 10), ('I', 0), ('N', 0), ('O', 2), ('S', 0))",19,51,complete,51,0,0,False,False,True
dsC7O2H10nsd_2482.xyz,2482,"(('Br', 0), ('C', 7), ('Cl', 0), ('F', 0), ('H', 10), ('I', 0), ('N', 0), ('O', 2), ('S', 0))",19,51,complete,51,0,0,False,False,True
dsC7O2H10nsd_2483.xyz,2483,"(('Br', 0), ('C', 7), ('Cl', 0), ('F', 0), ('H', 10), ('I', 0), ('N', 0), ('O', 2), ('S', 0))",19,51,complete,51,0,0,False,False,True
dsC7O2H10nsd_2484.xyz,2484,"(('Br', 0), ('C', 7), ('Cl', 0), ('F', 0), ('H', 10), ('I', 0), ('N', 0), ('O', 2), ('S', 0))",19,51,complete,51,0,0,False,False,True
dsC7O2H10nsd_2485.xyz,2485,"(('Br', 0), ('C', 7), ('Cl', 0), ('F', 0), ('H', 10), ('I', 0), ('N', 0), ('O', 2), ('S', 0))",19,51,complete,51,0,0,False,False,True
dsC7O2H10nsd_2486.xyz,2486,"(('Br', 0), ('C', 7), ('Cl', 0), ('F', 0), ('H', 10), ('I', 0), ('N', 0), ('O', 2), ('S', 0))",19,51,complete,51,0,0,False,False,True
dsC7O2H10nsd_2487.xyz,2487,"(('Br', 0), ('C', 7), ('Cl', 0), ('F', 0), ('H', 10), ('I', 0), ('N', 0), ('O', 2), ('S', 0))",19,51,complete,51,0,0,False,False,True
dsC7O2H10nsd_2488.xyz,2488,"(('Br', 0), ('C', 7), ('Cl', 0), ('F', 0), ('H', 10), ('I', 0), ('N', 0), ('O', 2), ('S', 0))",19,51,complete,51,0,0,False,False,True
dsC7O2H10nsd_2489.xyz,2489,"(('Br', 0), ('C', 7), ('Cl', 0), ('F', 0), ('H', 10), ('I', 0), ('N', 0), ('O', 2), ('S', 0))",19,51,complete,51,0,0,False,False,True
dsC7O2H10nsd_2490.xyz,2490,"(('Br', 0), ('C', 7), ('Cl', 0), ('F', 0), ('H', 10), ('I', 0), ('N', 0), ('O', 2), ('S', 0))",19,51,complete,51,0,0,False,False,True
dsC7O2H10nsd_2491.xyz,2491,"(('Br', 0), ('C', 7), ('Cl', 0), ('F', 0), ('H', 10), ('I', 0), ('N', 0), ('O', 2), ('S', 0))",19,51,complete,51,0,0,False,False,True
dsC7O2H10nsd_2492.xyz,2492,"(('Br', 0), ('C', 7), ('Cl', 0), ('F', 0), ('H', 10), ('I', 0), ('N', 0), ('O', 2), ('S', 0))",19,51,complete,51,0,0,False,False,True
dsC7O2H10nsd_2493.xyz,2493,"(('Br', 0), ('C', 7), ('Cl', 0), ('F', 0), ('H', 10), ('I', 0), ('N', 0), ('O', 2), ('S', 0))",19,51,complete,51,0,0,False,False,True
dsC7O2H10nsd_2494.xyz,2494,"(('Br', 0), ('C', 7), ('Cl', 0), ('F', 0), ('H', 10), ('I', 0), ('N', 0), ('O', 2), ('S', 0))",19,51,complete,51,0,0,False,False,True
dsC7O2H10nsd_2495.xyz,2495,"(('Br', 0), ('C', 7), ('Cl', 0), ('F', 0), ('H', 10), ('I', 0), ('N', 0), ('O', 2), ('S', 0))",19,51,complete,51,0,0,False,False,True
dsC7O2H10nsd_2496.xyz,2496,"(('Br', 0), ('C', 7), ('Cl', 0), ('F', 0), ('H', 10), ('I', 0), ('N', 0), ('O', 2), ('S', 0))",19,51,complete,51,0,0,False,False,True
dsC7O2H10nsd_2497.xyz,2497,"(('Br', 0), ('C', 7), ('Cl', 0), ('F', 0), ('H', 10), ('I', 0), ('N', 0), ('O', 2), ('S', 0))",19,51,complete,51,0,0,False,False,True
dsC7O2H10nsd_2498.xyz,2498,"(('Br', 0), ('C', 7), ('Cl', 0), ('F', 0), ('H', 10), ('I', 0), ('N', 0), ('O', 2), ('S', 0))",19,51,complete,51,0,0,False,False,True
dsC7O2H10nsd_2499.xyz,2499,"(('Br', 0), ('C', 7), ('Cl', 0), ('F', 0), ('H', 10), ('I', 0), ('N', 0), ('O', 2), ('S', 0))",19,51,complete,51,0,0,False,False,True
dsC7O2H10nsd_2500.xyz,2500,"(('Br', 0), ('C', 7), ('Cl', 0), ('F', 0), ('H', 10), ('I', 0), ('N', 0), ('O', 2), ('S', 0))",19,51,complete,51,0,0,False,False,True
dsC7O2H10nsd_2501.xyz,2501,"(('Br', 0), ('C', 7), ('Cl', 0), ('F', 0), ('H', 10), ('I', 0), ('N', 0), ('O', 2), ('S', 0))",19,51,complete,51,0,0,False,False,True
dsC7O2H10nsd_2502.xyz,2502,"(('Br', 0), ('C', 7), ('Cl', 0), ('F', 0), ('H', 10), ('I', 0), ('N', 0), ('O', 2), ('S', 0))",19,51,complete,51,0,0,False,False,True
dsC7O2H10nsd_2503.xyz,2503,"(('Br', 0), ('C', 7), ('Cl', 0), ('F', 0), ('H', 10), ('I', 0), ('N', 0), ('O', 2), ('S', 0))",19,51,complete,51,0,0,False,False,True
dsC7O2H10nsd_2504.xyz,2504,"(('Br', 0), ('C', 7), ('Cl', 0), ('F', 0), ('H', 10), ('I', 0), ('N', 0), ('O', 2), ('S', 0))",19,51,complete,51,0,0,False,False,True
dsC7O2H10nsd_2505.xyz,2505,"(('Br', 0), ('C', 7), ('Cl', 0), ('F', 0), ('H', 10), ('I', 0), ('N', 0), ('O', 2), ('S', 0))",19,51,complete,51,0,0,False,False,True
dsC7O2H10nsd_2506.xyz,2506,"(('Br', 0), ('C', 7), ('Cl', 0), ('F', 0), ('H', 10), ('I', 0), ('N', 0), ('O', 2), ('S', 0))",19,51,complete,51,0,0,False,False,True
dsC7O2H10nsd_2507.xyz,2507,"(('Br', 0), ('C', 7), ('Cl', 0), ('F', 0), ('H', 10), ('I', 0), ('N', 0), ('O', 2), ('S', 0))",19,51,complete,51,0,0,False,False,True
dsC7O2H10nsd_2508.xyz,2508,"(('Br', 0), ('C', 7), ('Cl', 0), ('F', 0), ('H', 10), ('I', 0), ('N', 0), ('O', 2), ('S', 0))",19,51,complete,51,0,0,False,False,True
dsC7O2H10nsd_2509.xyz,2509,"(('Br', 0), ('C', 7), ('Cl', 0), ('F', 0), ('H', 10), ('I', 0), ('N', 0), ('O', 2), ('S', 0))",19,51,complete,51,0,0,True,True,True
dsC7O2H10nsd_2510.xyz,2510,"(('Br', 0), ('C', 7), ('Cl', 0), ('F', 0), ('H', 10), ('I', 0), ('N', 0), ('O', 2), ('S', 0))",19,51,complete,51,0,0,True,True,True
dsC7O2H10nsd_2511.xyz,2511,"(('Br', 0), ('C', 7), ('Cl', 0), ('F', 0), ('H', 10), ('I', 0), ('N', 0), ('O', 2), ('S', 0))",19,51,complete,51,0,0,False,False,True
dsC7O2H10nsd_2512.xyz,2512,"(('Br', 0), ('C', 7), ('Cl', 0), ('F', 0), ('H', 10), ('I', 0), ('N', 0), ('O', 2), ('S', 0))",19,51,complete,51,0,0,False,False,True
dsC7O2H10nsd_2513.xyz,2513,"(('Br', 0), ('C', 7), ('Cl', 0), ('F', 0), ('H', 10), ('I', 0), ('N', 0), ('O', 2), ('S', 0))",19,51,complete,51,0,0,True,True,True
dsC7O2H10nsd_2514.xyz,2514,"(('Br', 0), ('C', 7), ('Cl', 0), ('F', 0), ('H', 10), ('I', 0), ('N', 0), ('O', 2), ('S', 0))",19,51,complete,51,0,0,True,True,True
dsC7O2H10nsd_2515.xyz,2515,"(('Br', 0), ('C', 7), ('Cl', 0), ('F', 0), ('H', 10), ('I', 0), ('N', 0), ('O', 2), ('S', 0))",19,51,complete,51,0,0,False,False,True
dsC7O2H10nsd_2516.xyz,2516,"(('Br', 0), ('C', 7), ('Cl', 0), ('F', 0), ('H', 10), ('I', 0), ('N', 0), ('O', 2), ('S', 0))",19,51,complete,51,0,0,True,True,True
dsC7O2H10nsd_2517.xyz,2517,"(('Br', 0), ('C', 7), ('Cl', 0), ('F', 0), ('H', 10), ('I', 0), ('N', 0), ('O', 2), ('S', 0))",19,51,complete,51,0,0,True,True,True
dsC7O2H10nsd_2518.xyz,2518,"(('Br', 0), ('C', 7), ('Cl', 0), ('F', 0), ('H', 10), ('I', 0), ('N', 0), ('O', 2), ('S', 0))",19,51,complete,51,0,0,False,False,True
dsC7O2H10nsd_2519.xyz,2519,"(('Br', 0), ('C', 7), ('Cl', 0), ('F', 0), ('H', 10), ('I', 0), ('N', 0), ('O', 2), ('S', 0))",19,51,complete,51,0,0,False,False,True
dsC7O2H10nsd_2520.xyz,2520,"(('Br', 0), ('C', 7), ('Cl', 0), ('F', 0), ('H', 10), ('I', 0), ('N', 0), ('O', 2), ('S', 0))",19,102,incomplete_count,102,0,0,False,False,True
dsC7O2H10nsd_2521.xyz,2521,"(('Br', 0), ('C', 7), ('Cl', 0), ('F', 0), ('H', 10), ('I', 0), ('N', 0), ('O', 2), ('S', 0))",19,51,complete,51,0,0,False,False,True
dsC7O2H10nsd_2522.xyz,2522,"(('Br', 0), ('C', 7), ('Cl', 0), ('F', 0), ('H', 10), ('I', 0), ('N', 0), ('O', 2), ('S', 0))",19,51,complete,51,0,0,False,False,True
dsC7O2H10nsd_2523.xyz,2523,"(('Br', 0), ('C', 7), ('Cl', 0), ('F', 0), ('H', 10), ('I', 0), ('N', 0), ('O', 2), ('S', 0))",19,51,complete,51,0,0,True,True,True
dsC7O2H10nsd_2524.xyz,2524,"(('Br', 0), ('C', 7), ('Cl', 0), ('F', 0), ('H', 10), ('I', 0), ('N', 0), ('O', 2), ('S', 0))",19,51,complete,51,0,0,True,True,True
dsC7O2H10nsd_2525.xyz,2525,"(('Br', 0), ('C', 7), ('Cl', 0), ('F', 0), ('H', 10), ('I', 0), ('N', 0), ('O', 2), ('S', 0))",19,51,complete,51,0,0,True,True,True
dsC7O2H10nsd_2526.xyz,2526,"(('Br', 0), ('C', 7), ('Cl', 0), ('F', 0), ('H', 10), ('I', 0), ('N', 0), ('O', 2), ('S', 0))",19,51,complete,51,0,0,True,True,True
dsC7O2H10nsd_2527.xyz,2527,"(('Br', 0), ('C', 7), ('Cl', 0), ('F', 0), ('H', 10), ('I', 0), ('N', 0), ('O', 2), ('S', 0))",19,51,complete,51,0,0,False,False,True
dsC7O2H10nsd_2528.xyz,2528,"(('Br', 0), ('C', 7), ('Cl', 0), ('F', 0), ('H', 10), ('I', 0), ('N', 0), ('O', 2), ('S', 0))",19,51,complete,51,0,0,False,False,True
dsC7O2H10nsd_2529.xyz,2529,"(('Br', 0), ('C', 7), ('Cl', 0), ('F', 0), ('H', 10), ('I', 0), ('N', 0), ('O', 2), ('S', 0))",19,51,complete,51,0,0,True,True,True
dsC7O2H10nsd_2530.xyz,2530,"(('Br', 0), ('C', 7), ('Cl', 0), ('F', 0), ('H', 10), ('I', 0), ('N', 0), ('O', 2), ('S', 0))",19,51,complete,51,0,0,False,False,True
dsC7O2H10nsd_2531.xyz,2531,"(('Br', 0), ('C', 7), ('Cl', 0), ('F', 0), ('H', 10), ('I', 0), ('N', 0), ('O', 2), ('S', 0))",19,51,complete,51,0,0,False,False,True
dsC7O2H10nsd_2532.xyz,2532,"(('Br', 0), ('C', 7), ('Cl', 0), ('F', 0), ('H', 10), ('I', 0), ('N', 0), ('O', 2), ('S', 0))",19,51,complete,51,0,0,False,False,True
dsC7O2H10nsd_2533.xyz,2533,"(('Br', 0), ('C', 7), ('Cl', 0), ('F', 0), ('H', 10), ('I', 0), ('N', 0), ('O', 2), ('S', 0))",19,51,complete,51,0,0,False,False,True
dsC7O2H10nsd_2534.xyz,2534,"(('Br', 0), ('C', 7), ('Cl', 0), ('F', 0), ('H', 10), ('I', 0), ('N', 0), ('O', 2), ('S', 0))",19,51,complete,51,0,0,False,False,True
dsC7O2H10nsd_2535.xyz,2535,"(('Br', 0), ('C', 7), ('Cl', 0), ('F', 0), ('H', 10), ('I', 0), ('N', 0), ('O', 2), ('S', 0))",19,51,complete,51,0,0,False,False,True
dsC7O2H10nsd_2536.xyz,2536,"(('Br', 0), ('C', 7), ('Cl', 0), ('F', 0), ('H', 10), ('I', 0), ('N', 0), ('O', 2), ('S', 0))",19,51,complete,51,0,0,False,False,True
dsC7O2H10nsd_2537.xyz,2537,"(('Br', 0), ('C', 7), ('Cl', 0), ('F', 0), ('H', 10), ('I', 0), ('N', 0), ('O', 2), ('S', 0))",19,51,complete,51,0,0,False,False,True
dsC7O2H10nsd_2538.xyz,2538,"(('Br', 0), ('C', 7), ('Cl', 0), ('F', 0), ('H', 10), ('I', 0), ('N', 0), ('O', 2), ('S', 0))",19,51,complete,51,0,0,False,False,True
dsC7O2H10nsd_2539.xyz,2539,"(('Br', 0), ('C', 7), ('Cl', 0), ('F', 0), ('H', 10), ('I', 0), ('N', 0), ('O', 2), ('S', 0))",19,51,complete,51,0,0,False,False,True
dsC7O2H10nsd_2540.xyz,2540,"(('Br', 0), ('C', 7), ('Cl', 0), ('F', 0), ('H', 10), ('I', 0), ('N', 0), ('O', 2), ('S', 0))",19,51,complete,51,0,0,False,False,True
dsC7O2H10nsd_2541.xyz,2541,"(('Br', 0), ('C', 7), ('Cl', 0), ('F', 0), ('H', 10), ('I', 0), ('N', 0), ('O', 2), ('S', 0))",19,51,complete,51,0,0,False,False,True
dsC7O2H10nsd_2542.xyz,2542,"(('Br', 0), ('C', 7), ('Cl', 0), ('F', 0), ('H', 10), ('I', 0), ('N', 0), ('O', 2), ('S', 0))",19,51,complete,51,0,0,False,False,True
dsC7O2H10nsd_2543.xyz,2543,"(('Br', 0), ('C', 7), ('Cl', 0), ('F', 0), ('H', 10), ('I', 0), ('N', 0), ('O', 2), ('S', 0))",19,51,complete,51,0,0,False,False,True
dsC7O2H10nsd_2544.xyz,2544,"(('Br', 0), ('C', 7), ('Cl', 0), ('F', 0), ('H', 10), ('I', 0), ('N', 0), ('O', 2), ('S', 0))",19,51,complete,51,0,0,False,False,True
dsC7O2H10nsd_2545.xyz,2545,"(('Br', 0), ('C', 7), ('Cl', 0), ('F', 0), ('H', 10), ('I', 0), ('N', 0), ('O', 2), ('S', 0))",19,51,complete,51,0,0,False,False,True
dsC7O2H10nsd_2546.xyz,2546,"(('Br', 0), ('C', 7), ('Cl', 0), ('F', 0), ('H', 10), ('I', 0), ('N', 0), ('O', 2), ('S', 0))",19,51,complete,51,0,0,True,True,True
dsC7O2H10nsd_2547.xyz,2547,"(('Br', 0), ('C', 7), ('Cl', 0), ('F', 0), ('H', 10), ('I', 0), ('N', 0), ('O', 2), ('S', 0))",19,51,complete,51,0,0,False,False,True
dsC7O2H10nsd_2548.xyz,2548,"(('Br', 0), ('C', 7), ('Cl', 0), ('F', 0), ('H', 10), ('I', 0), ('N', 0), ('O', 2), ('S', 0))",19,51,complete,51,0,0,False,False,True
dsC7O2H10nsd_2549.xyz,2549,"(('Br', 0), ('C', 7), ('Cl', 0), ('F', 0), ('H', 10), ('I', 0), ('N', 0), ('O', 2), ('S', 0))",19,51,complete,51,0,0,False,False,True
dsC7O2H10nsd_2550.xyz,2550,"(('Br', 0), ('C', 7), ('Cl', 0), ('F', 0), ('H', 10), ('I', 0), ('N', 0), ('O', 2), ('S', 0))",19,51,complete,51,0,0,False,False,True
dsC7O2H10nsd_2551.xyz,2551,"(('Br', 0), ('C', 7), ('Cl', 0), ('F', 0), ('H', 10), ('I', 0), ('N', 0), ('O', 2), ('S', 0))",19,51,complete,51,0,0,False,False,True
dsC7O2H10nsd_2552.xyz,2552,"(('Br', 0), ('C', 7), ('Cl', 0), ('F', 0), ('H', 10), ('I', 0), ('N', 0), ('O', 2), ('S', 0))",19,51,complete,51,0,0,False,False,True
dsC7O2H10nsd_2553.xyz,2553,"(('Br', 0), ('C', 7), ('Cl', 0), ('F', 0), ('H', 10), ('I', 0), ('N', 0), ('O', 2), ('S', 0))",19,51,complete,51,0,0,False,False,True
dsC7O2H10nsd_2554.xyz,2554,"(('Br', 0), ('C', 7), ('Cl', 0), ('F', 0), ('H', 10), ('I', 0), ('N', 0), ('O', 2), ('S', 0))",19,51,complete,51,0,0,False,False,True
dsC7O2H10nsd_2555.xyz,2555,"(('Br', 0), ('C', 7), ('Cl', 0), ('F', 0), ('H', 10), ('I', 0), ('N', 0), ('O', 2), ('S', 0))",19,51,complete,51,0,0,False,False,True
dsC7O2H10nsd_2556.xyz,2556,"(('Br', 0), ('C', 7), ('Cl', 0), ('F', 0), ('H', 10), ('I', 0), ('N', 0), ('O', 2), ('S', 0))",19,51,complete,51,0,0,False,False,True
dsC7O2H10nsd_2557.xyz,2557,"(('Br', 0), ('C', 7), ('Cl', 0), ('F', 0), ('H', 10), ('I', 0), ('N', 0), ('O', 2), ('S', 0))",19,51,complete,51,0,0,False,False,True
dsC7O2H10nsd_2558.xyz,2558,"(('Br', 0), ('C', 7), ('Cl', 0), ('F', 0), ('H', 10), ('I', 0), ('N', 0), ('O', 2), ('S', 0))",19,51,complete,51,0,0,False,False,True
dsC7O2H10nsd_2559.xyz,2559,"(('Br', 0), ('C', 7), ('Cl', 0), ('F', 0), ('H', 10), ('I', 0), ('N', 0), ('O', 2), ('S', 0))",19,51,complete,51,0,0,False,False,True
dsC7O2H10nsd_2560.xyz,2560,"(('Br', 0), ('C', 7), ('Cl', 0), ('F', 0), ('H', 10), ('I', 0), ('N', 0), ('O', 2), ('S', 0))",19,51,complete,51,0,0,False,False,True
dsC7O2H10nsd_2561.xyz,2561,"(('Br', 0), ('C', 7), ('Cl', 0), ('F', 0), ('H', 10), ('I', 0), ('N', 0), ('O', 2), ('S', 0))",19,51,complete,51,0,0,False,False,True
dsC7O2H10nsd_2562.xyz,2562,"(('Br', 0), ('C', 7), ('Cl', 0), ('F', 0), ('H', 10), ('I', 0), ('N', 0), ('O', 2), ('S', 0))",19,51,complete,51,0,0,False,False,True
dsC7O2H10nsd_2563.xyz,2563,"(('Br', 0), ('C', 7), ('Cl', 0), ('F', 0), ('H', 10), ('I', 0), ('N', 0), ('O', 2), ('S', 0))",19,51,complete,51,0,0,False,False,True
dsC7O2H10nsd_2564.xyz,2564,"(('Br', 0), ('C', 7), ('Cl', 0), ('F', 0), ('H', 10), ('I', 0), ('N', 0), ('O', 2), ('S', 0))",19,51,complete,51,0,0,False,False,True
dsC7O2H10nsd_2565.xyz,2565,"(('Br', 0), ('C', 7), ('Cl', 0), ('F', 0), ('H', 10), ('I', 0), ('N', 0), ('O', 2), ('S', 0))",19,51,complete,51,0,0,False,False,True
dsC7O2H10nsd_2566.xyz,2566,"(('Br', 0), ('C', 7), ('Cl', 0), ('F', 0), ('H', 10), ('I', 0), ('N', 0), ('O', 2), ('S', 0))",19,51,complete,51,0,0,True,True,True
dsC7O2H10nsd_2567.xyz,2567,"(('Br', 0), ('C', 7), ('Cl', 0), ('F', 0), ('H', 10), ('I', 0), ('N', 0), ('O', 2), ('S', 0))",19,51,complete,51,0,0,True,True,True
dsC7O2H10nsd_2568.xyz,2568,"(('Br', 0), ('C', 7), ('Cl', 0), ('F', 0), ('H', 10), ('I', 0), ('N', 0), ('O', 2), ('S', 0))",19,51,complete,51,0,0,False,False,True
dsC7O2H10nsd_2569.xyz,2569,"(('Br', 0), ('C', 7), ('Cl', 0), ('F', 0), ('H', 10), ('I', 0), ('N', 0), ('O', 2), ('S', 0))",19,51,complete,51,0,0,False,False,True
dsC7O2H10nsd_2570.xyz,2570,"(('Br', 0), ('C', 7), ('Cl', 0), ('F', 0), ('H', 10), ('I', 0), ('N', 0), ('O', 2), ('S', 0))",19,51,complete,51,0,0,False,False,True
dsC7O2H10nsd_2571.xyz,2571,"(('Br', 0), ('C', 7), ('Cl', 0), ('F', 0), ('H', 10), ('I', 0), ('N', 0), ('O', 2), ('S', 0))",19,51,complete,51,0,0,False,False,True
dsC7O2H10nsd_2572.xyz,2572,"(('Br', 0), ('C', 7), ('Cl', 0), ('F', 0), ('H', 10), ('I', 0), ('N', 0), ('O', 2), ('S', 0))",19,51,complete,51,0,0,False,False,True
dsC7O2H10nsd_2573.xyz,2573,"(('Br', 0), ('C', 7), ('Cl', 0), ('F', 0), ('H', 10), ('I', 0), ('N', 0), ('O', 2), ('S', 0))",19,51,complete,51,0,0,False,False,True
dsC7O2H10nsd_2574.xyz,2574,"(('Br', 0), ('C', 7), ('Cl', 0), ('F', 0), ('H', 10), ('I', 0), ('N', 0), ('O', 2), ('S', 0))",19,51,complete,51,0,0,False,False,True
dsC7O2H10nsd_2575.xyz,2575,"(('Br', 0), ('C', 7), ('Cl', 0), ('F', 0), ('H', 10), ('I', 0), ('N', 0), ('O', 2), ('S', 0))",19,51,complete,51,0,0,False,False,True
dsC7O2H10nsd_2576.xyz,2576,"(('Br', 0), ('C', 7), ('Cl', 0), ('F', 0), ('H', 10), ('I', 0), ('N', 0), ('O', 2), ('S', 0))",19,51,complete,51,0,0,False,False,True
dsC7O2H10nsd_2577.xyz,2577,"(('Br', 0), ('C', 7), ('Cl', 0), ('F', 0), ('H', 10), ('I', 0), ('N', 0), ('O', 2), ('S', 0))",19,51,complete,51,0,0,False,False,True
dsC7O2H10nsd_2578.xyz,2578,"(('Br', 0), ('C', 7), ('Cl', 0), ('F', 0), ('H', 10), ('I', 0), ('N', 0), ('O', 2), ('S', 0))",19,51,complete,51,0,0,True,True,True
dsC7O2H10nsd_2579.xyz,2579,"(('Br', 0), ('C', 7), ('Cl', 0), ('F', 0), ('H', 10), ('I', 0), ('N', 0), ('O', 2), ('S', 0))",19,51,complete,51,0,0,True,True,True
dsC7O2H10nsd_2580.xyz,2580,"(('Br', 0), ('C', 7), ('Cl', 0), ('F', 0), ('H', 10), ('I', 0), ('N', 0), ('O', 2), ('S', 0))",19,51,complete,51,0,0,False,False,True
dsC7O2H10nsd_2581.xyz,2581,"(('Br', 0), ('C', 7), ('Cl', 0), ('F', 0), ('H', 10), ('I', 0), ('N', 0), ('O', 2), ('S', 0))",19,51,complete,51,0,0,False,False,True
dsC7O2H10nsd_2582.xyz,2582,"(('Br', 0), ('C', 7), ('Cl', 0), ('F', 0), ('H', 10), ('I', 0), ('N', 0), ('O', 2), ('S', 0))",19,51,complete,51,0,0,False,False,True
dsC7O2H10nsd_2583.xyz,2583,"(('Br', 0), ('C', 7), ('Cl', 0), ('F', 0), ('H', 10), ('I', 0), ('N', 0), ('O', 2), ('S', 0))",19,51,complete,51,0,0,False,True,True
dsC7O2H10nsd_2584.xyz,2584,"(('Br', 0), ('C', 7), ('Cl', 0), ('F', 0), ('H', 10), ('I', 0), ('N', 0), ('O', 2), ('S', 0))",19,51,complete,51,0,0,False,False,True
dsC7O2H10nsd_2585.xyz,2585,"(('Br', 0), ('C', 7), ('Cl', 0), ('F', 0), ('H', 10), ('I', 0), ('N', 0), ('O', 2), ('S', 0))",19,51,complete,51,0,0,False,False,True
dsC7O2H10nsd_2586.xyz,2586,"(('Br', 0), ('C', 7), ('Cl', 0), ('F', 0), ('H', 10), ('I', 0), ('N', 0), ('O', 2), ('S', 0))",19,51,complete,51,0,0,False,False,True
dsC7O2H10nsd_2587.xyz,2587,"(('Br', 0), ('C', 7), ('Cl', 0), ('F', 0), ('H', 10), ('I', 0), ('N', 0), ('O', 2), ('S', 0))",19,51,complete,51,0,0,False,False,True
dsC7O2H10nsd_2588.xyz,2588,"(('Br', 0), ('C', 7), ('Cl', 0), ('F', 0), ('H', 10), ('I', 0), ('N', 0), ('O', 2), ('S', 0))",19,51,complete,51,0,0,False,False,True
dsC7O2H10nsd_2589.xyz,2589,"(('Br', 0), ('C', 7), ('Cl', 0), ('F', 0), ('H', 10), ('I', 0), ('N', 0), ('O', 2), ('S', 0))",19,51,complete,51,0,0,True,True,True
dsC7O2H10nsd_2590.xyz,2590,"(('Br', 0), ('C', 7), ('Cl', 0), ('F', 0), ('H', 10), ('I', 0), ('N', 0), ('O', 2), ('S', 0))",19,51,complete,51,0,0,True,True,True
dsC7O2H10nsd_2591.xyz,2591,"(('Br', 0), ('C', 7), ('Cl', 0), ('F', 0), ('H', 10), ('I', 0), ('N', 0), ('O', 2), ('S', 0))",19,51,complete,51,0,0,False,False,True
dsC7O2H10nsd_2592.xyz,2592,"(('Br', 0), ('C', 7), ('Cl', 0), ('F', 0), ('H', 10), ('I', 0), ('N', 0), ('O', 2), ('S', 0))",19,51,complete,51,0,0,False,False,True
dsC7O2H10nsd_2593.xyz,2593,"(('Br', 0), ('C', 7), ('Cl', 0), ('F', 0), ('H', 10), ('I', 0), ('N', 0), ('O', 2), ('S', 0))",19,51,complete,51,0,0,False,False,True
dsC7O2H10nsd_2594.xyz,2594,"(('Br', 0), ('C', 7), ('Cl', 0), ('F', 0), ('H', 10), ('I', 0), ('N', 0), ('O', 2), ('S', 0))",19,51,complete,51,0,0,False,False,True
dsC7O2H10nsd_2595.xyz,2595,"(('Br', 0), ('C', 7), ('Cl', 0), ('F', 0), ('H', 10), ('I', 0), ('N', 0), ('O', 2), ('S', 0))",19,51,complete,51,0,0,True,True,True
dsC7O2H10nsd_2596.xyz,2596,"(('Br', 0), ('C', 7), ('Cl', 0), ('F', 0), ('H', 10), ('I', 0), ('N', 0), ('O', 2), ('S', 0))",19,51,complete,51,0,0,True,True,True
dsC7O2H10nsd_2597.xyz,2597,"(('Br', 0), ('C', 7), ('Cl', 0), ('F', 0), ('H', 10), ('I', 0), ('N', 0), ('O', 2), ('S', 0))",19,51,complete,51,0,0,True,True,True
dsC7O2H10nsd_2598.xyz,2598,"(('Br', 0), ('C', 7), ('Cl', 0), ('F', 0), ('H', 10), ('I', 0), ('N', 0), ('O', 2), ('S', 0))",19,51,complete,51,0,0,False,False,True
dsC7O2H10nsd_2599.xyz,2599,"(('Br', 0), ('C', 7), ('Cl', 0), ('F', 0), ('H', 10), ('I', 0), ('N', 0), ('O', 2), ('S', 0))",19,51,complete,51,0,0,False,False,True
dsC7O2H10nsd_2600.xyz,2600,"(('Br', 0), ('C', 7), ('Cl', 0), ('F', 0), ('H', 10), ('I', 0), ('N', 0), ('O', 2), ('S', 0))",19,51,complete,51,0,0,False,False,True
dsC7O2H10nsd_2601.xyz,2601,"(('Br', 0), ('C', 7), ('Cl', 0), ('F', 0), ('H', 10), ('I', 0), ('N', 0), ('O', 2), ('S', 0))",19,51,complete,51,0,0,False,False,True
dsC7O2H10nsd_2602.xyz,2602,"(('Br', 0), ('C', 7), ('Cl', 0), ('F', 0), ('H', 10), ('I', 0), ('N', 0), ('O', 2), ('S', 0))",19,51,complete,51,0,0,False,False,True
dsC7O2H10nsd_2603.xyz,2603,"(('Br', 0), ('C', 7), ('Cl', 0), ('F', 0), ('H', 10), ('I', 0), ('N', 0), ('O', 2), ('S', 0))",19,51,complete,51,0,0,False,False,True
dsC7O2H10nsd_2604.xyz,2604,"(('Br', 0), ('C', 7), ('Cl', 0), ('F', 0), ('H', 10), ('I', 0), ('N', 0), ('O', 2), ('S', 0))",19,51,complete,51,0,0,False,False,True
dsC7O2H10nsd_2605.xyz,2605,"(('Br', 0), ('C', 7), ('Cl', 0), ('F', 0), ('H', 10), ('I', 0), ('N', 0), ('O', 2), ('S', 0))",19,51,complete,51,0,0,False,False,True
dsC7O2H10nsd_2606.xyz,2606,"(('Br', 0), ('C', 7), ('Cl', 0), ('F', 0), ('H', 10), ('I', 0), ('N', 0), ('O', 2), ('S', 0))",19,51,complete,51,0,0,False,False,True
dsC7O2H10nsd_2607.xyz,2607,"(('Br', 0), ('C', 7), ('Cl', 0), ('F', 0), ('H', 10), ('I', 0), ('N', 0), ('O', 2), ('S', 0))",19,51,complete,51,0,0,False,False,True
dsC7O2H10nsd_2608.xyz,2608,"(('Br', 0), ('C', 7), ('Cl', 0), ('F', 0), ('H', 10), ('I', 0), ('N', 0), ('O', 2), ('S', 0))",19,51,complete,51,0,0,False,False,True
dsC7O2H10nsd_2609.xyz,2609,"(('Br', 0), ('C', 7), ('Cl', 0), ('F', 0), ('H', 10), ('I', 0), ('N', 0), ('O', 2), ('S', 0))",19,51,complete,51,0,0,False,False,True
dsC7O2H10nsd_2610.xyz,2610,"(('Br', 0), ('C', 7), ('Cl', 0), ('F', 0), ('H', 10), ('I', 0), ('N', 0), ('O', 2), ('S', 0))",19,51,complete,51,0,0,False,False,True
dsC7O2H10nsd_2611.xyz,2611,"(('Br', 0), ('C', 7), ('Cl', 0), ('F', 0), ('H', 10), ('I', 0), ('N', 0), ('O', 2), ('S', 0))",19,51,complete,51,0,0,False,False,True
dsC7O2H10nsd_2612.xyz,2612,"(('Br', 0), ('C', 7), ('Cl', 0), ('F', 0), ('H', 10), ('I', 0), ('N', 0), ('O', 2), ('S', 0))",19,51,complete,51,0,0,False,False,True
dsC7O2H10nsd_2613.xyz,2613,"(('Br', 0), ('C', 7), ('Cl', 0), ('F', 0), ('H', 10), ('I', 0), ('N', 0), ('O', 2), ('S', 0))",19,51,complete,51,0,0,False,False,True
dsC7O2H10nsd_2614.xyz,2614,"(('Br', 0), ('C', 7), ('Cl', 0), ('F', 0), ('H', 10), ('I', 0), ('N', 0), ('O', 2), ('S', 0))",19,51,complete,51,0,0,False,False,True
dsC7O2H10nsd_2615.xyz,2615,"(('Br', 0), ('C', 7), ('Cl', 0), ('F', 0), ('H', 10), ('I', 0), ('N', 0), ('O', 2), ('S', 0))",19,51,complete,51,0,0,False,False,True
dsC7O2H10nsd_2616.xyz,2616,"(('Br', 0), ('C', 7), ('Cl', 0), ('F', 0), ('H', 10), ('I', 0), ('N', 0), ('O', 2), ('S', 0))",19,51,complete,51,0,0,False,False,True
dsC7O2H10nsd_2617.xyz,2617,"(('Br', 0), ('C', 7), ('Cl', 0), ('F', 0), ('H', 10), ('I', 0), ('N', 0), ('O', 2), ('S', 0))",19,51,complete,51,0,0,False,False,True
dsC7O2H10nsd_2618.xyz,2618,"(('Br', 0), ('C', 7), ('Cl', 0), ('F', 0), ('H', 10), ('I', 0), ('N', 0), ('O', 2), ('S', 0))",19,51,complete,51,0,0,False,False,True
dsC7O2H10nsd_2619.xyz,2619,"(('Br', 0), ('C', 7), ('Cl', 0), ('F', 0), ('H', 10), ('I', 0), ('N', 0), ('O', 2), ('S', 0))",19,102,incomplete_count,102,0,0,False,False,True
dsC7O2H10nsd_2620.xyz,2620,"(('Br', 0), ('C', 7), ('Cl', 0), ('F', 0), ('H', 10), ('I', 0), ('N', 0), ('O', 2), ('S', 0))",19,51,complete,51,0,0,False,False,True
dsC7O2H10nsd_2621.xyz,2621,"(('Br', 0), ('C', 7), ('Cl', 0), ('F', 0), ('H', 10), ('I', 0), ('N', 0), ('O', 2), ('S', 0))",19,51,complete,51,0,0,False,False,True
dsC7O2H10nsd_2622.xyz,2622,"(('Br', 0), ('C', 7), ('Cl', 0), ('F', 0), ('H', 10), ('I', 0), ('N', 0), ('O', 2), ('S', 0))",19,51,complete,51,0,0,False,False,True
dsC7O2H10nsd_2623.xyz,2623,"(('Br', 0), ('C', 7), ('Cl', 0), ('F', 0), ('H', 10), ('I', 0), ('N', 0), ('O', 2), ('S', 0))",19,51,complete,51,0,0,False,False,True
dsC7O2H10nsd_2624.xyz,2624,"(('Br', 0), ('C', 7), ('Cl', 0), ('F', 0), ('H', 10), ('I', 0), ('N', 0), ('O', 2), ('S', 0))",19,51,complete,51,0,0,False,False,True
dsC7O2H10nsd_2625.xyz,2625,"(('Br', 0), ('C', 7), ('Cl', 0), ('F', 0), ('H', 10), ('I', 0), ('N', 0), ('O', 2), ('S', 0))",19,51,complete,51,0,0,False,False,True
dsC7O2H10nsd_2626.xyz,2626,"(('Br', 0), ('C', 7), ('Cl', 0), ('F', 0), ('H', 10), ('I', 0), ('N', 0), ('O', 2), ('S', 0))",19,51,complete,51,0,0,False,False,True
dsC7O2H10nsd_2627.xyz,2627,"(('Br', 0), ('C', 7), ('Cl', 0), ('F', 0), ('H', 10), ('I', 0), ('N', 0), ('O', 2), ('S', 0))",19,51,complete,51,0,0,False,False,True
dsC7O2H10nsd_2628.xyz,2628,"(('Br', 0), ('C', 7), ('Cl', 0), ('F', 0), ('H', 10), ('I', 0), ('N', 0), ('O', 2), ('S', 0))",19,51,complete,51,0,0,False,False,True
dsC7O2H10nsd_2629.xyz,2629,"(('Br', 0), ('C', 7), ('Cl', 0), ('F', 0), ('H', 10), ('I', 0), ('N', 0), ('O', 2), ('S', 0))",19,51,complete,51,0,0,True,True,True
dsC7O2H10nsd_2630.xyz,2630,"(('Br', 0), ('C', 7), ('Cl', 0), ('F', 0), ('H', 10), ('I', 0), ('N', 0), ('O', 2), ('S', 0))",19,51,complete,51,0,0,False,False,True
dsC7O2H10nsd_2631.xyz,2631,"(('Br', 0), ('C', 7), ('Cl', 0), ('F', 0), ('H', 10), ('I', 0), ('N', 0), ('O', 2), ('S', 0))",19,51,complete,51,0,0,False,False,True
dsC7O2H10nsd_2632.xyz,2632,"(('Br', 0), ('C', 7), ('Cl', 0), ('F', 0), ('H', 10), ('I', 0), ('N', 0), ('O', 2), ('S', 0))",19,51,complete,51,0,0,False,False,True
dsC7O2H10nsd_2633.xyz,2633,"(('Br', 0), ('C', 7), ('Cl', 0), ('F', 0), ('H', 10), ('I', 0), ('N', 0), ('O', 2), ('S', 0))",19,51,complete,51,0,0,False,False,True
dsC7O2H10nsd_2634.xyz,2634,"(('Br', 0), ('C', 7), ('Cl', 0), ('F', 0), ('H', 10), ('I', 0), ('N', 0), ('O', 2), ('S', 0))",19,51,complete,51,0,0,False,False,True
dsC7O2H10nsd_2635.xyz,2635,"(('Br', 0), ('C', 7), ('Cl', 0), ('F', 0), ('H', 10), ('I', 0), ('N', 0), ('O', 2), ('S', 0))",19,51,complete,51,0,0,False,False,True
dsC7O2H10nsd_2636.xyz,2636,"(('Br', 0), ('C', 7), ('Cl', 0), ('F', 0), ('H', 10), ('I', 0), ('N', 0), ('O', 2), ('S', 0))",19,51,complete,51,0,0,False,False,True
dsC7O2H10nsd_2637.xyz,2637,"(('Br', 0), ('C', 7), ('Cl', 0), ('F', 0), ('H', 10), ('I', 0), ('N', 0), ('O', 2), ('S', 0))",19,51,complete,51,0,0,False,False,True
dsC7O2H10nsd_2638.xyz,2638,"(('Br', 0), ('C', 7), ('Cl', 0), ('F', 0), ('H', 10), ('I', 0), ('N', 0), ('O', 2), ('S', 0))",19,51,complete,51,0,0,False,False,True
dsC7O2H10nsd_2639.xyz,2639,"(('Br', 0), ('C', 7), ('Cl', 0), ('F', 0), ('H', 10), ('I', 0), ('N', 0), ('O', 2), ('S', 0))",19,51,complete,51,0,0,False,False,True
dsC7O2H10nsd_2640.xyz,2640,"(('Br', 0), ('C', 7), ('Cl', 0), ('F', 0), ('H', 10), ('I', 0), ('N', 0), ('O', 2), ('S', 0))",19,51,complete,51,0,0,False,False,True
dsC7O2H10nsd_2641.xyz,2641,"(('Br', 0), ('C', 7), ('Cl', 0), ('F', 0), ('H', 10), ('I', 0), ('N', 0), ('O', 2), ('S', 0))",19,51,complete,51,0,0,False,False,True
dsC7O2H10nsd_2642.xyz,2642,"(('Br', 0), ('C', 7), ('Cl', 0), ('F', 0), ('H', 10), ('I', 0), ('N', 0), ('O', 2), ('S', 0))",19,51,complete,51,0,0,False,False,True
dsC7O2H10nsd_2643.xyz,2643,"(('Br', 0), ('C', 7), ('Cl', 0), ('F', 0), ('H', 10), ('I', 0), ('N', 0), ('O', 2), ('S', 0))",19,51,complete,51,0,0,False,False,True
dsC7O2H10nsd_2644.xyz,2644,"(('Br', 0), ('C', 7), ('Cl', 0), ('F', 0), ('H', 10), ('I', 0), ('N', 0), ('O', 2), ('S', 0))",19,51,complete,51,0,0,False,False,True
dsC7O2H10nsd_2645.xyz,2645,"(('Br', 0), ('C', 7), ('Cl', 0), ('F', 0), ('H', 10), ('I', 0), ('N', 0), ('O', 2), ('S', 0))",19,51,complete,51,0,0,False,False,True
dsC7O2H10nsd_2646.xyz,2646,"(('Br', 0), ('C', 7), ('Cl', 0), ('F', 0), ('H', 10), ('I', 0), ('N', 0), ('O', 2), ('S', 0))",19,51,complete,51,0,0,False,False,True
dsC7O2H10nsd_2647.xyz,2647,"(('Br', 0), ('C', 7), ('Cl', 0), ('F', 0), ('H', 10), ('I', 0), ('N', 0), ('O', 2), ('S', 0))",19,51,complete,51,0,0,False,False,True
dsC7O2H10nsd_2648.xyz,2648,"(('Br', 0), ('C', 7), ('Cl', 0), ('F', 0), ('H', 10), ('I', 0), ('N', 0), ('O', 2), ('S', 0))",19,51,complete,51,0,0,False,False,True
dsC7O2H10nsd_2649.xyz,2649,"(('Br', 0), ('C', 7), ('Cl', 0), ('F', 0), ('H', 10), ('I', 0), ('N', 0), ('O', 2), ('S', 0))",19,51,complete,51,0,0,False,False,True
dsC7O2H10nsd_2650.xyz,2650,"(('Br', 0), ('C', 7), ('Cl', 0), ('F', 0), ('H', 10), ('I', 0), ('N', 0), ('O', 2), ('S', 0))",19,51,complete,51,0,0,False,False,True
dsC7O2H10nsd_2651.xyz,2651,"(('Br', 0), ('C', 7), ('Cl', 0), ('F', 0), ('H', 10), ('I', 0), ('N', 0), ('O', 2), ('S', 0))",19,51,complete,51,0,0,False,False,True
dsC7O2H10nsd_2652.xyz,2652,"(('Br', 0), ('C', 7), ('Cl', 0), ('F', 0), ('H', 10), ('I', 0), ('N', 0), ('O', 2), ('S', 0))",19,51,complete,51,0,0,False,False,True
dsC7O2H10nsd_2653.xyz,2653,"(('Br', 0), ('C', 7), ('Cl', 0), ('F', 0), ('H', 10), ('I', 0), ('N', 0), ('O', 2), ('S', 0))",19,51,complete,51,0,0,False,False,True
dsC7O2H10nsd_2654.xyz,2654,"(('Br', 0), ('C', 7), ('Cl', 0), ('F', 0), ('H', 10), ('I', 0), ('N', 0), ('O', 2), ('S', 0))",19,51,complete,51,0,0,False,False,True
dsC7O2H10nsd_2655.xyz,2655,"(('Br', 0), ('C', 7), ('Cl', 0), ('F', 0), ('H', 10), ('I', 0), ('N', 0), ('O', 2), ('S', 0))",19,51,complete,51,0,0,False,False,True
dsC7O2H10nsd_2656.xyz,2656,"(('Br', 0), ('C', 7), ('Cl', 0), ('F', 0), ('H', 10), ('I', 0), ('N', 0), ('O', 2), ('S', 0))",19,51,complete,51,0,0,False,False,True
dsC7O2H10nsd_2657.xyz,2657,"(('Br', 0), ('C', 7), ('Cl', 0), ('F', 0), ('H', 10), ('I', 0), ('N', 0), ('O', 2), ('S', 0))",19,51,complete,51,0,0,False,False,True
dsC7O2H10nsd_2658.xyz,2658,"(('Br', 0), ('C', 7), ('Cl', 0), ('F', 0), ('H', 10), ('I', 0), ('N', 0), ('O', 2), ('S', 0))",19,51,complete,51,0,0,False,False,True
dsC7O2H10nsd_2659.xyz,2659,"(('Br', 0), ('C', 7), ('Cl', 0), ('F', 0), ('H', 10), ('I', 0), ('N', 0), ('O', 2), ('S', 0))",19,51,complete,51,0,0,False,False,True
dsC7O2H10nsd_2660.xyz,2660,"(('Br', 0), ('C', 7), ('Cl', 0), ('F', 0), ('H', 10), ('I', 0), ('N', 0), ('O', 2), ('S', 0))",19,51,complete,51,0,0,False,False,True
dsC7O2H10nsd_2661.xyz,2661,"(('Br', 0), ('C', 7), ('Cl', 0), ('F', 0), ('H', 10), ('I', 0), ('N', 0), ('O', 2), ('S', 0))",19,51,complete,51,0,0,False,False,True
dsC7O2H10nsd_2662.xyz,2662,"(('Br', 0), ('C', 7), ('Cl', 0), ('F', 0), ('H', 10), ('I', 0), ('N', 0), ('O', 2), ('S', 0))",19,51,complete,51,0,0,False,False,True
dsC7O2H10nsd_2663.xyz,2663,"(('Br', 0), ('C', 7), ('Cl', 0), ('F', 0), ('H', 10), ('I', 0), ('N', 0), ('O', 2), ('S', 0))",19,51,complete,51,0,0,False,False,True
dsC7O2H10nsd_2664.xyz,2664,"(('Br', 0), ('C', 7), ('Cl', 0), ('F', 0), ('H', 10), ('I', 0), ('N', 0), ('O', 2), ('S', 0))",19,51,complete,51,0,0,False,False,True
dsC7O2H10nsd_2665.xyz,2665,"(('Br', 0), ('C', 7), ('Cl', 0), ('F', 0), ('H', 10), ('I', 0), ('N', 0), ('O', 2), ('S', 0))",19,51,complete,51,0,0,False,False,True
dsC7O2H10nsd_2666.xyz,2666,"(('Br', 0), ('C', 7), ('Cl', 0), ('F', 0), ('H', 10), ('I', 0), ('N', 0), ('O', 2), ('S', 0))",19,51,complete,51,0,0,False,False,True
dsC7O2H10nsd_2667.xyz,2667,"(('Br', 0), ('C', 7), ('Cl', 0), ('F', 0), ('H', 10), ('I', 0), ('N', 0), ('O', 2), ('S', 0))",19,51,complete,51,0,0,False,False,True
dsC7O2H10nsd_2668.xyz,2668,"(('Br', 0), ('C', 7), ('Cl', 0), ('F', 0), ('H', 10), ('I', 0), ('N', 0), ('O', 2), ('S', 0))",19,51,complete,51,0,0,False,False,True
dsC7O2H10nsd_2669.xyz,2669,"(('Br', 0), ('C', 7), ('Cl', 0), ('F', 0), ('H', 10), ('I', 0), ('N', 0), ('O', 2), ('S', 0))",19,51,complete,51,0,0,False,False,True
dsC7O2H10nsd_2670.xyz,2670,"(('Br', 0), ('C', 7), ('Cl', 0), ('F', 0), ('H', 10), ('I', 0), ('N', 0), ('O', 2), ('S', 0))",19,51,complete,51,0,0,False,False,True
dsC7O2H10nsd_2671.xyz,2671,"(('Br', 0), ('C', 7), ('Cl', 0), ('F', 0), ('H', 10), ('I', 0), ('N', 0), ('O', 2), ('S', 0))",19,51,complete,51,0,0,False,False,True
dsC7O2H10nsd_2672.xyz,2672,"(('Br', 0), ('C', 7), ('Cl', 0), ('F', 0), ('H', 10), ('I', 0), ('N', 0), ('O', 2), ('S', 0))",19,51,complete,51,0,0,False,False,True
dsC7O2H10nsd_2673.xyz,2673,"(('Br', 0), ('C', 7), ('Cl', 0), ('F', 0), ('H', 10), ('I', 0), ('N', 0), ('O', 2), ('S', 0))",19,51,complete,51,0,0,False,False,True
dsC7O2H10nsd_2674.xyz,2674,"(('Br', 0), ('C', 7), ('Cl', 0), ('F', 0), ('H', 10), ('I', 0), ('N', 0), ('O', 2), ('S', 0))",19,51,complete,51,0,0,False,False,True
dsC7O2H10nsd_2675.xyz,2675,"(('Br', 0), ('C', 7), ('Cl', 0), ('F', 0), ('H', 10), ('I', 0), ('N', 0), ('O', 2), ('S', 0))",19,51,complete,51,0,0,False,False,True
dsC7O2H10nsd_2676.xyz,2676,"(('Br', 0), ('C', 7), ('Cl', 0), ('F', 0), ('H', 10), ('I', 0), ('N', 0), ('O', 2), ('S', 0))",19,51,complete,51,0,0,False,False,True
dsC7O2H10nsd_2677.xyz,2677,"(('Br', 0), ('C', 7), ('Cl', 0), ('F', 0), ('H', 10), ('I', 0), ('N', 0), ('O', 2), ('S', 0))",19,51,complete,51,0,0,False,False,True
dsC7O2H10nsd_2678.xyz,2678,"(('Br', 0), ('C', 7), ('Cl', 0), ('F', 0), ('H', 10), ('I', 0), ('N', 0), ('O', 2), ('S', 0))",19,51,complete,51,0,0,False,False,True
dsC7O2H10nsd_2679.xyz,2679,"(('Br', 0), ('C', 7), ('Cl', 0), ('F', 0), ('H', 10), ('I', 0), ('N', 0), ('O', 2), ('S', 0))",19,51,complete,51,0,0,False,False,True
dsC7O2H10nsd_2680.xyz,2680,"(('Br', 0), ('C', 7), ('Cl', 0), ('F', 0), ('H', 10), ('I', 0), ('N', 0), ('O', 2), ('S', 0))",19,51,complete,51,0,0,False,False,True
dsC7O2H10nsd_2681.xyz,2681,"(('Br', 0), ('C', 7), ('Cl', 0), ('F', 0), ('H', 10), ('I', 0), ('N', 0), ('O', 2), ('S', 0))",19,51,complete,51,0,0,False,False,True
dsC7O2H10nsd_2682.xyz,2682,"(('Br', 0), ('C', 7), ('Cl', 0), ('F', 0), ('H', 10), ('I', 0), ('N', 0), ('O', 2), ('S', 0))",19,51,complete,51,0,0,False,False,True
dsC7O2H10nsd_2683.xyz,2683,"(('Br', 0), ('C', 7), ('Cl', 0), ('F', 0), ('H', 10), ('I', 0), ('N', 0), ('O', 2), ('S', 0))",19,51,complete,51,0,0,False,False,True
dsC7O2H10nsd_2684.xyz,2684,"(('Br', 0), ('C', 7), ('Cl', 0), ('F', 0), ('H', 10), ('I', 0), ('N', 0), ('O', 2), ('S', 0))",19,51,complete,51,0,0,False,False,True
dsC7O2H10nsd_2685.xyz,2685,"(('Br', 0), ('C', 7), ('Cl', 0), ('F', 0), ('H', 10), ('I', 0), ('N', 0), ('O', 2), ('S', 0))",19,51,complete,51,0,0,False,False,True
dsC7O2H10nsd_2686.xyz,2686,"(('Br', 0), ('C', 7), ('Cl', 0), ('F', 0), ('H', 10), ('I', 0), ('N', 0), ('O', 2), ('S', 0))",19,51,complete,51,0,0,False,False,True
dsC7O2H10nsd_2687.xyz,2687,"(('Br', 0), ('C', 7), ('Cl', 0), ('F', 0), ('H', 10), ('I', 0), ('N', 0), ('O', 2), ('S', 0))",19,51,complete,51,0,0,False,False,True
dsC7O2H10nsd_2688.xyz,2688,"(('Br', 0), ('C', 7), ('Cl', 0), ('F', 0), ('H', 10), ('I', 0), ('N', 0), ('O', 2), ('S', 0))",19,51,complete,51,0,0,False,False,True
dsC7O2H10nsd_2689.xyz,2689,"(('Br', 0), ('C', 7), ('Cl', 0), ('F', 0), ('H', 10), ('I', 0), ('N', 0), ('O', 2), ('S', 0))",19,51,complete,51,0,0,False,False,True
dsC7O2H10nsd_2690.xyz,2690,"(('Br', 0), ('C', 7), ('Cl', 0), ('F', 0), ('H', 10), ('I', 0), ('N', 0), ('O', 2), ('S', 0))",19,51,complete,51,0,0,False,False,True
dsC7O2H10nsd_2691.xyz,2691,"(('Br', 0), ('C', 7), ('Cl', 0), ('F', 0), ('H', 10), ('I', 0), ('N', 0), ('O', 2), ('S', 0))",19,51,complete,51,0,0,False,False,True
dsC7O2H10nsd_2692.xyz,2692,"(('Br', 0), ('C', 7), ('Cl', 0), ('F', 0), ('H', 10), ('I', 0), ('N', 0), ('O', 2), ('S', 0))",19,51,complete,51,0,0,False,False,True
dsC7O2H10nsd_2693.xyz,2693,"(('Br', 0), ('C', 7), ('Cl', 0), ('F', 0), ('H', 10), ('I', 0), ('N', 0), ('O', 2), ('S', 0))",19,51,complete,51,0,0,False,False,True
dsC7O2H10nsd_2694.xyz,2694,"(('Br', 0), ('C', 7), ('Cl', 0), ('F', 0), ('H', 10), ('I', 0), ('N', 0), ('O', 2), ('S', 0))",19,51,complete,51,0,0,False,False,True
dsC7O2H10nsd_2695.xyz,2695,"(('Br', 0), ('C', 7), ('Cl', 0), ('F', 0), ('H', 10), ('I', 0), ('N', 0), ('O', 2), ('S', 0))",19,51,complete,51,0,0,False,False,True
dsC7O2H10nsd_2696.xyz,2696,"(('Br', 0), ('C', 7), ('Cl', 0), ('F', 0), ('H', 10), ('I', 0), ('N', 0), ('O', 2), ('S', 0))",19,51,complete,51,0,0,False,False,True
dsC7O2H10nsd_2697.xyz,2697,"(('Br', 0), ('C', 7), ('Cl', 0), ('F', 0), ('H', 10), ('I', 0), ('N', 0), ('O', 2), ('S', 0))",19,51,complete,51,0,0,False,False,True
dsC7O2H10nsd_2698.xyz,2698,"(('Br', 0), ('C', 7), ('Cl', 0), ('F', 0), ('H', 10), ('I', 0), ('N', 0), ('O', 2), ('S', 0))",19,51,complete,51,0,0,False,False,True
dsC7O2H10nsd_2699.xyz,2699,"(('Br', 0), ('C', 7), ('Cl', 0), ('F', 0), ('H', 10), ('I', 0), ('N', 0), ('O', 2), ('S', 0))",19,51,complete,51,0,0,False,False,True
dsC7O2H10nsd_2700.xyz,2700,"(('Br', 0), ('C', 7), ('Cl', 0), ('F', 0), ('H', 10), ('I', 0), ('N', 0), ('O', 2), ('S', 0))",19,51,complete,51,0,0,False,False,True
dsC7O2H10nsd_2701.xyz,2701,"(('Br', 0), ('C', 7), ('Cl', 0), ('F', 0), ('H', 10), ('I', 0), ('N', 0), ('O', 2), ('S', 0))",19,51,complete,51,0,0,False,False,True
dsC7O2H10nsd_2702.xyz,2702,"(('Br', 0), ('C', 7), ('Cl', 0), ('F', 0), ('H', 10), ('I', 0), ('N', 0), ('O', 2), ('S', 0))",19,51,complete,51,0,0,False,False,True
dsC7O2H10nsd_2703.xyz,2703,"(('Br', 0), ('C', 7), ('Cl', 0), ('F', 0), ('H', 10), ('I', 0), ('N', 0), ('O', 2), ('S', 0))",19,51,complete,51,0,0,False,False,True
dsC7O2H10nsd_2704.xyz,2704,"(('Br', 0), ('C', 7), ('Cl', 0), ('F', 0), ('H', 10), ('I', 0), ('N', 0), ('O', 2), ('S', 0))",19,51,complete,51,0,0,False,False,True
dsC7O2H10nsd_2705.xyz,2705,"(('Br', 0), ('C', 7), ('Cl', 0), ('F', 0), ('H', 10), ('I', 0), ('N', 0), ('O', 2), ('S', 0))",19,51,complete,51,0,0,False,False,True
dsC7O2H10nsd_2706.xyz,2706,"(('Br', 0), ('C', 7), ('Cl', 0), ('F', 0), ('H', 10), ('I', 0), ('N', 0), ('O', 2), ('S', 0))",19,51,complete,51,0,0,False,False,True
dsC7O2H10nsd_2707.xyz,2707,"(('Br', 0), ('C', 7), ('Cl', 0), ('F', 0), ('H', 10), ('I', 0), ('N', 0), ('O', 2), ('S', 0))",19,51,complete,51,0,0,False,False,True
dsC7O2H10nsd_2708.xyz,2708,"(('Br', 0), ('C', 7), ('Cl', 0), ('F', 0), ('H', 10), ('I', 0), ('N', 0), ('O', 2), ('S', 0))",19,51,complete,51,0,0,False,False,True
dsC7O2H10nsd_2709.xyz,2709,"(('Br', 0), ('C', 7), ('Cl', 0), ('F', 0), ('H', 10), ('I', 0), ('N', 0), ('O', 2), ('S', 0))",19,51,complete,51,0,0,False,False,True
dsC7O2H10nsd_2710.xyz,2710,"(('Br', 0), ('C', 7), ('Cl', 0), ('F', 0), ('H', 10), ('I', 0), ('N', 0), ('O', 2), ('S', 0))",19,51,complete,51,0,0,False,False,True
dsC7O2H10nsd_2711.xyz,2711,"(('Br', 0), ('C', 7), ('Cl', 0), ('F', 0), ('H', 10), ('I', 0), ('N', 0), ('O', 2), ('S', 0))",19,51,complete,51,0,0,False,False,True
dsC7O2H10nsd_2712.xyz,2712,"(('Br', 0), ('C', 7), ('Cl', 0), ('F', 0), ('H', 10), ('I', 0), ('N', 0), ('O', 2), ('S', 0))",19,51,complete,51,0,0,False,False,True
dsC7O2H10nsd_2713.xyz,2713,"(('Br', 0), ('C', 7), ('Cl', 0), ('F', 0), ('H', 10), ('I', 0), ('N', 0), ('O', 2), ('S', 0))",19,51,complete,51,0,0,False,False,True
dsC7O2H10nsd_2714.xyz,2714,"(('Br', 0), ('C', 7), ('Cl', 0), ('F', 0), ('H', 10), ('I', 0), ('N', 0), ('O', 2), ('S', 0))",19,51,complete,51,0,0,False,False,True
dsC7O2H10nsd_2715.xyz,2715,"(('Br', 0), ('C', 7), ('Cl', 0), ('F', 0), ('H', 10), ('I', 0), ('N', 0), ('O', 2), ('S', 0))",19,51,complete,51,0,0,False,False,True
dsC7O2H10nsd_2716.xyz,2716,"(('Br', 0), ('C', 7), ('Cl', 0), ('F', 0), ('H', 10), ('I', 0), ('N', 0), ('O', 2), ('S', 0))",19,51,complete,51,0,0,False,False,True
dsC7O2H10nsd_2717.xyz,2717,"(('Br', 0), ('C', 7), ('Cl', 0), ('F', 0), ('H', 10), ('I', 0), ('N', 0), ('O', 2), ('S', 0))",19,102,incomplete_count,102,0,0,False,False,True
dsC7O2H10nsd_2718.xyz,2718,"(('Br', 0), ('C', 7), ('Cl', 0), ('F', 0), ('H', 10), ('I', 0), ('N', 0), ('O', 2), ('S', 0))",19,51,complete,51,0,0,False,False,True
dsC7O2H10nsd_2719.xyz,2719,"(('Br', 0), ('C', 7), ('Cl', 0), ('F', 0), ('H', 10), ('I', 0), ('N', 0), ('O', 2), ('S', 0))",19,51,complete,51,0,0,False,False,True
dsC7O2H10nsd_2720.xyz,2720,"(('Br', 0), ('C', 7), ('Cl', 0), ('F', 0), ('H', 10), ('I', 0), ('N', 0), ('O', 2), ('S', 0))",19,51,complete,51,0,0,False,False,True
dsC7O2H10nsd_2721.xyz,2721,"(('Br', 0), ('C', 7), ('Cl', 0), ('F', 0), ('H', 10), ('I', 0), ('N', 0), ('O', 2), ('S', 0))",19,51,complete,51,0,0,False,False,True
dsC7O2H10nsd_2722.xyz,2722,"(('Br', 0), ('C', 7), ('Cl', 0), ('F', 0), ('H', 10), ('I', 0), ('N', 0), ('O', 2), ('S', 0))",19,51,complete,51,0,0,False,False,True
dsC7O2H10nsd_2723.xyz,2723,"(('Br', 0), ('C', 7), ('Cl', 0), ('F', 0), ('H', 10), ('I', 0), ('N', 0), ('O', 2), ('S', 0))",19,51,complete,51,0,0,False,False,True
dsC7O2H10nsd_2724.xyz,2724,"(('Br', 0), ('C', 7), ('Cl', 0), ('F', 0), ('H', 10), ('I', 0), ('N', 0), ('O', 2), ('S', 0))",19,51,complete,51,0,0,False,False,True
dsC7O2H10nsd_2725.xyz,2725,"(('Br', 0), ('C', 7), ('Cl', 0), ('F', 0), ('H', 10), ('I', 0), ('N', 0), ('O', 2), ('S', 0))",19,51,complete,51,0,0,False,False,True
dsC7O2H10nsd_2726.xyz,2726,"(('Br', 0), ('C', 7), ('Cl', 0), ('F', 0), ('H', 10), ('I', 0), ('N', 0), ('O', 2), ('S', 0))",19,51,complete,51,0,0,False,False,True
dsC7O2H10nsd_2727.xyz,2727,"(('Br', 0), ('C', 7), ('Cl', 0), ('F', 0), ('H', 10), ('I', 0), ('N', 0), ('O', 2), ('S', 0))",19,51,complete,51,0,0,False,False,True
dsC7O2H10nsd_2728.xyz,2728,"(('Br', 0), ('C', 7), ('Cl', 0), ('F', 0), ('H', 10), ('I', 0), ('N', 0), ('O', 2), ('S', 0))",19,51,complete,51,0,0,False,False,True
dsC7O2H10nsd_2729.xyz,2729,"(('Br', 0), ('C', 7), ('Cl', 0), ('F', 0), ('H', 10), ('I', 0), ('N', 0), ('O', 2), ('S', 0))",19,51,complete,51,0,0,False,False,True
dsC7O2H10nsd_2730.xyz,2730,"(('Br', 0), ('C', 7), ('Cl', 0), ('F', 0), ('H', 10), ('I', 0), ('N', 0), ('O', 2), ('S', 0))",19,51,complete,51,0,0,False,False,True
dsC7O2H10nsd_2731.xyz,2731,"(('Br', 0), ('C', 7), ('Cl', 0), ('F', 0), ('H', 10), ('I', 0), ('N', 0), ('O', 2), ('S', 0))",19,51,complete,51,0,0,False,False,True
dsC7O2H10nsd_2732.xyz,2732,"(('Br', 0), ('C', 7), ('Cl', 0), ('F', 0), ('H', 10), ('I', 0), ('N', 0), ('O', 2), ('S', 0))",19,51,complete,51,0,0,False,False,True
dsC7O2H10nsd_2733.xyz,2733,"(('Br', 0), ('C', 7), ('Cl', 0), ('F', 0), ('H', 10), ('I', 0), ('N', 0), ('O', 2), ('S', 0))",19,51,complete,51,0,0,False,False,True
dsC7O2H10nsd_2734.xyz,2734,"(('Br', 0), ('C', 7), ('Cl', 0), ('F', 0), ('H', 10), ('I', 0), ('N', 0), ('O', 2), ('S', 0))",19,51,complete,51,0,0,False,False,True
dsC7O2H10nsd_2735.xyz,2735,"(('Br', 0), ('C', 7), ('Cl', 0), ('F', 0), ('H', 10), ('I', 0), ('N', 0), ('O', 2), ('S', 0))",19,51,complete,51,0,0,False,False,True
dsC7O2H10nsd_2736.xyz,2736,"(('Br', 0), ('C', 7), ('Cl', 0), ('F', 0), ('H', 10), ('I', 0), ('N', 0), ('O', 2), ('S', 0))",19,51,complete,51,0,0,False,False,True
dsC7O2H10nsd_2737.xyz,2737,"(('Br', 0), ('C', 7), ('Cl', 0), ('F', 0), ('H', 10), ('I', 0), ('N', 0), ('O', 2), ('S', 0))",19,51,complete,51,0,0,False,False,True
dsC7O2H10nsd_2738.xyz,2738,"(('Br', 0), ('C', 7), ('Cl', 0), ('F', 0), ('H', 10), ('I', 0), ('N', 0), ('O', 2), ('S', 0))",19,51,complete,51,0,0,False,False,True
dsC7O2H10nsd_2739.xyz,2739,"(('Br', 0), ('C', 7), ('Cl', 0), ('F', 0), ('H', 10), ('I', 0), ('N', 0), ('O', 2), ('S', 0))",19,51,complete,51,0,0,False,False,True
dsC7O2H10nsd_2740.xyz,2740,"(('Br', 0), ('C', 7), ('Cl', 0), ('F', 0), ('H', 10), ('I', 0), ('N', 0), ('O', 2), ('S', 0))",19,51,complete,51,0,0,False,False,True
dsC7O2H10nsd_2741.xyz,2741,"(('Br', 0), ('C', 7), ('Cl', 0), ('F', 0), ('H', 10), ('I', 0), ('N', 0), ('O', 2), ('S', 0))",19,51,complete,51,0,0,False,False,True
dsC7O2H10nsd_2742.xyz,2742,"(('Br', 0), ('C', 7), ('Cl', 0), ('F', 0), ('H', 10), ('I', 0), ('N', 0), ('O', 2), ('S', 0))",19,51,complete,51,0,0,False,False,True
dsC7O2H10nsd_2743.xyz,2743,"(('Br', 0), ('C', 7), ('Cl', 0), ('F', 0), ('H', 10), ('I', 0), ('N', 0), ('O', 2), ('S', 0))",19,51,complete,51,0,0,False,False,True
dsC7O2H10nsd_2744.xyz,2744,"(('Br', 0), ('C', 7), ('Cl', 0), ('F', 0), ('H', 10), ('I', 0), ('N', 0), ('O', 2), ('S', 0))",19,51,complete,51,0,0,False,True,True
dsC7O2H10nsd_2745.xyz,2745,"(('Br', 0), ('C', 7), ('Cl', 0), ('F', 0), ('H', 10), ('I', 0), ('N', 0), ('O', 2), ('S', 0))",19,51,complete,51,0,0,False,False,True
dsC7O2H10nsd_2746.xyz,2746,"(('Br', 0), ('C', 7), ('Cl', 0), ('F', 0), ('H', 10), ('I', 0), ('N', 0), ('O', 2), ('S', 0))",19,102,incomplete_count,102,0,0,False,False,True
dsC7O2H10nsd_2747.xyz,2747,"(('Br', 0), ('C', 7), ('Cl', 0), ('F', 0), ('H', 10), ('I', 0), ('N', 0), ('O', 2), ('S', 0))",19,51,complete,51,0,0,False,False,True
dsC7O2H10nsd_2748.xyz,2748,"(('Br', 0), ('C', 7), ('Cl', 0), ('F', 0), ('H', 10), ('I', 0), ('N', 0), ('O', 2), ('S', 0))",19,102,incomplete_count,102,0,0,False,False,True
dsC7O2H10nsd_2749.xyz,2749,"(('Br', 0), ('C', 7), ('Cl', 0), ('F', 0), ('H', 10), ('I', 0), ('N', 0), ('O', 2), ('S', 0))",19,51,complete,51,0,0,False,False,True
dsC7O2H10nsd_2750.xyz,2750,"(('Br', 0), ('C', 7), ('Cl', 0), ('F', 0), ('H', 10), ('I', 0), ('N', 0), ('O', 2), ('S', 0))",19,51,complete,51,0,0,False,False,True
dsC7O2H10nsd_2751.xyz,2751,"(('Br', 0), ('C', 7), ('Cl', 0), ('F', 0), ('H', 10), ('I', 0), ('N', 0), ('O', 2), ('S', 0))",19,51,complete,51,0,0,False,False,True
dsC7O2H10nsd_2752.xyz,2752,"(('Br', 0), ('C', 7), ('Cl', 0), ('F', 0), ('H', 10), ('I', 0), ('N', 0), ('O', 2), ('S', 0))",19,51,complete,51,0,0,False,False,True
dsC7O2H10nsd_2753.xyz,2753,"(('Br', 0), ('C', 7), ('Cl', 0), ('F', 0), ('H', 10), ('I', 0), ('N', 0), ('O', 2), ('S', 0))",19,51,complete,51,0,0,False,False,True
dsC7O2H10nsd_2754.xyz,2754,"(('Br', 0), ('C', 7), ('Cl', 0), ('F', 0), ('H', 10), ('I', 0), ('N', 0), ('O', 2), ('S', 0))",19,51,complete,51,0,0,False,False,True
dsC7O2H10nsd_2755.xyz,2755,"(('Br', 0), ('C', 7), ('Cl', 0), ('F', 0), ('H', 10), ('I', 0), ('N', 0), ('O', 2), ('S', 0))",19,51,complete,51,0,0,False,False,True
dsC7O2H10nsd_2756.xyz,2756,"(('Br', 0), ('C', 7), ('Cl', 0), ('F', 0), ('H', 10), ('I', 0), ('N', 0), ('O', 2), ('S', 0))",19,51,complete,51,0,0,False,False,True
dsC7O2H10nsd_2757.xyz,2757,"(('Br', 0), ('C', 7), ('Cl', 0), ('F', 0), ('H', 10), ('I', 0), ('N', 0), ('O', 2), ('S', 0))",19,51,complete,51,0,0,False,False,True
dsC7O2H10nsd_2758.xyz,2758,"(('Br', 0), ('C', 7), ('Cl', 0), ('F', 0), ('H', 10), ('I', 0), ('N', 0), ('O', 2), ('S', 0))",19,51,complete,51,0,0,False,False,True
dsC7O2H10nsd_2759.xyz,2759,"(('Br', 0), ('C', 7), ('Cl', 0), ('F', 0), ('H', 10), ('I', 0), ('N', 0), ('O', 2), ('S', 0))",19,51,complete,51,0,0,False,False,True
dsC7O2H10nsd_2760.xyz,2760,"(('Br', 0), ('C', 7), ('Cl', 0), ('F', 0), ('H', 10), ('I', 0), ('N', 0), ('O', 2), ('S', 0))",19,51,complete,51,0,0,False,False,True
dsC7O2H10nsd_2761.xyz,2761,"(('Br', 0), ('C', 7), ('Cl', 0), ('F', 0), ('H', 10), ('I', 0), ('N', 0), ('O', 2), ('S', 0))",19,51,complete,51,0,0,False,False,True
dsC7O2H10nsd_2762.xyz,2762,"(('Br', 0), ('C', 7), ('Cl', 0), ('F', 0), ('H', 10), ('I', 0), ('N', 0), ('O', 2), ('S', 0))",19,51,complete,51,0,0,False,False,True
dsC7O2H10nsd_2763.xyz,2763,"(('Br', 0), ('C', 7), ('Cl', 0), ('F', 0), ('H', 10), ('I', 0), ('N', 0), ('O', 2), ('S', 0))",19,51,complete,51,0,0,False,False,True
dsC7O2H10nsd_2764.xyz,2764,"(('Br', 0), ('C', 7), ('Cl', 0), ('F', 0), ('H', 10), ('I', 0), ('N', 0), ('O', 2), ('S', 0))",19,51,complete,51,0,0,False,False,True
dsC7O2H10nsd_2765.xyz,2765,"(('Br', 0), ('C', 7), ('Cl', 0), ('F', 0), ('H', 10), ('I', 0), ('N', 0), ('O', 2), ('S', 0))",19,51,complete,51,0,0,False,False,True
dsC7O2H10nsd_2766.xyz,2766,"(('Br', 0), ('C', 7), ('Cl', 0), ('F', 0), ('H', 10), ('I', 0), ('N', 0), ('O', 2), ('S', 0))",19,51,complete,51,0,0,False,False,True
dsC7O2H10nsd_2767.xyz,2767,"(('Br', 0), ('C', 7), ('Cl', 0), ('F', 0), ('H', 10), ('I', 0), ('N', 0), ('O', 2), ('S', 0))",19,51,complete,51,0,0,False,False,True
dsC7O2H10nsd_2768.xyz,2768,"(('Br', 0), ('C', 7), ('Cl', 0), ('F', 0), ('H', 10), ('I', 0), ('N', 0), ('O', 2), ('S', 0))",19,51,complete,51,0,0,False,False,True
dsC7O2H10nsd_2769.xyz,2769,"(('Br', 0), ('C', 7), ('Cl', 0), ('F', 0), ('H', 10), ('I', 0), ('N', 0), ('O', 2), ('S', 0))",19,51,complete,51,0,0,False,False,True
dsC7O2H10nsd_2770.xyz,2770,"(('Br', 0), ('C', 7), ('Cl', 0), ('F', 0), ('H', 10), ('I', 0), ('N', 0), ('O', 2), ('S', 0))",19,51,complete,51,0,0,False,False,True
dsC7O2H10nsd_2771.xyz,2771,"(('Br', 0), ('C', 7), ('Cl', 0), ('F', 0), ('H', 10), ('I', 0), ('N', 0), ('O', 2), ('S', 0))",19,51,complete,51,0,0,False,False,True
dsC7O2H10nsd_2772.xyz,2772,"(('Br', 0), ('C', 7), ('Cl', 0), ('F', 0), ('H', 10), ('I', 0), ('N', 0), ('O', 2), ('S', 0))",19,51,complete,51,0,0,False,False,True
dsC7O2H10nsd_2773.xyz,2773,"(('Br', 0), ('C', 7), ('Cl', 0), ('F', 0), ('H', 10), ('I', 0), ('N', 0), ('O', 2), ('S', 0))",19,51,complete,51,0,0,False,False,True
dsC7O2H10nsd_2774.xyz,2774,"(('Br', 0), ('C', 7), ('Cl', 0), ('F', 0), ('H', 10), ('I', 0), ('N', 0), ('O', 2), ('S', 0))",19,51,complete,51,0,0,False,False,True
dsC7O2H10nsd_2775.xyz,2775,"(('Br', 0), ('C', 7), ('Cl', 0), ('F', 0), ('H', 10), ('I', 0), ('N', 0), ('O', 2), ('S', 0))",19,51,complete,51,0,0,False,False,True
dsC7O2H10nsd_2776.xyz,2776,"(('Br', 0), ('C', 7), ('Cl', 0), ('F', 0), ('H', 10), ('I', 0), ('N', 0), ('O', 2), ('S', 0))",19,51,complete,51,0,0,False,False,True
dsC7O2H10nsd_2777.xyz,2777,"(('Br', 0), ('C', 7), ('Cl', 0), ('F', 0), ('H', 10), ('I', 0), ('N', 0), ('O', 2), ('S', 0))",19,51,complete,51,0,0,False,False,True
dsC7O2H10nsd_2778.xyz,2778,"(('Br', 0), ('C', 7), ('Cl', 0), ('F', 0), ('H', 10), ('I', 0), ('N', 0), ('O', 2), ('S', 0))",19,51,complete,51,0,0,False,False,True
dsC7O2H10nsd_2779.xyz,2779,"(('Br', 0), ('C', 7), ('Cl', 0), ('F', 0), ('H', 10), ('I', 0), ('N', 0), ('O', 2), ('S', 0))",19,51,complete,51,0,0,False,False,True
dsC7O2H10nsd_2780.xyz,2780,"(('Br', 0), ('C', 7), ('Cl', 0), ('F', 0), ('H', 10), ('I', 0), ('N', 0), ('O', 2), ('S', 0))",19,51,complete,51,0,0,False,False,True
dsC7O2H10nsd_2781.xyz,2781,"(('Br', 0), ('C', 7), ('Cl', 0), ('F', 0), ('H', 10), ('I', 0), ('N', 0), ('O', 2), ('S', 0))",19,51,complete,51,0,0,False,False,True
dsC7O2H10nsd_2782.xyz,2782,"(('Br', 0), ('C', 7), ('Cl', 0), ('F', 0), ('H', 10), ('I', 0), ('N', 0), ('O', 2), ('S', 0))",19,51,complete,51,0,0,False,False,True
dsC7O2H10nsd_2783.xyz,2783,"(('Br', 0), ('C', 7), ('Cl', 0), ('F', 0), ('H', 10), ('I', 0), ('N', 0), ('O', 2), ('S', 0))",19,51,complete,51,0,0,False,False,True
dsC7O2H10nsd_2784.xyz,2784,"(('Br', 0), ('C', 7), ('Cl', 0), ('F', 0), ('H', 10), ('I', 0), ('N', 0), ('O', 2), ('S', 0))",19,51,complete,51,0,0,False,False,True
dsC7O2H10nsd_2785.xyz,2785,"(('Br', 0), ('C', 7), ('Cl', 0), ('F', 0), ('H', 10), ('I', 0), ('N', 0), ('O', 2), ('S', 0))",19,51,complete,51,0,0,False,False,True
dsC7O2H10nsd_2786.xyz,2786,"(('Br', 0), ('C', 7), ('Cl', 0), ('F', 0), ('H', 10), ('I', 0), ('N', 0), ('O', 2), ('S', 0))",19,51,complete,51,0,0,False,False,True
dsC7O2H10nsd_2787.xyz,2787,"(('Br', 0), ('C', 7), ('Cl', 0), ('F', 0), ('H', 10), ('I', 0), ('N', 0), ('O', 2), ('S', 0))",19,51,complete,51,0,0,False,False,True
dsC7O2H10nsd_2788.xyz,2788,"(('Br', 0), ('C', 7), ('Cl', 0), ('F', 0), ('H', 10), ('I', 0), ('N', 0), ('O', 2), ('S', 0))",19,51,complete,51,0,0,False,False,True
dsC7O2H10nsd_2789.xyz,2789,"(('Br', 0), ('C', 7), ('Cl', 0), ('F', 0), ('H', 10), ('I', 0), ('N', 0), ('O', 2), ('S', 0))",19,51,complete,51,0,0,False,False,True
dsC7O2H10nsd_2790.xyz,2790,"(('Br', 0), ('C', 7), ('Cl', 0), ('F', 0), ('H', 10), ('I', 0), ('N', 0), ('O', 2), ('S', 0))",19,51,complete,51,0,0,False,False,True
dsC7O2H10nsd_2791.xyz,2791,"(('Br', 0), ('C', 7), ('Cl', 0), ('F', 0), ('H', 10), ('I', 0), ('N', 0), ('O', 2), ('S', 0))",19,51,complete,51,0,0,False,False,True
dsC7O2H10nsd_2792.xyz,2792,"(('Br', 0), ('C', 7), ('Cl', 0), ('F', 0), ('H', 10), ('I', 0), ('N', 0), ('O', 2), ('S', 0))",19,51,complete,51,0,0,False,False,True
dsC7O2H10nsd_2793.xyz,2793,"(('Br', 0), ('C', 7), ('Cl', 0), ('F', 0), ('H', 10), ('I', 0), ('N', 0), ('O', 2), ('S', 0))",19,51,complete,51,0,0,False,False,True
dsC7O2H10nsd_2794.xyz,2794,"(('Br', 0), ('C', 7), ('Cl', 0), ('F', 0), ('H', 10), ('I', 0), ('N', 0), ('O', 2), ('S', 0))",19,51,complete,51,0,0,False,False,True
dsC7O2H10nsd_2795.xyz,2795,"(('Br', 0), ('C', 7), ('Cl', 0), ('F', 0), ('H', 10), ('I', 0), ('N', 0), ('O', 2), ('S', 0))",19,51,complete,51,0,0,False,False,True
dsC7O2H10nsd_2796.xyz,2796,"(('Br', 0), ('C', 7), ('Cl', 0), ('F', 0), ('H', 10), ('I', 0), ('N', 0), ('O', 2), ('S', 0))",19,51,complete,51,0,0,False,False,True
dsC7O2H10nsd_2797.xyz,2797,"(('Br', 0), ('C', 7), ('Cl', 0), ('F', 0), ('H', 10), ('I', 0), ('N', 0), ('O', 2), ('S', 0))",19,51,complete,51,0,0,False,False,True
dsC7O2H10nsd_2798.xyz,2798,"(('Br', 0), ('C', 7), ('Cl', 0), ('F', 0), ('H', 10), ('I', 0), ('N', 0), ('O', 2), ('S', 0))",19,51,complete,51,0,0,False,False,True
dsC7O2H10nsd_2799.xyz,2799,"(('Br', 0), ('C', 7), ('Cl', 0), ('F', 0), ('H', 10), ('I', 0), ('N', 0), ('O', 2), ('S', 0))",19,51,complete,51,0,0,False,False,True
dsC7O2H10nsd_2800.xyz,2800,"(('Br', 0), ('C', 7), ('Cl', 0), ('F', 0), ('H', 10), ('I', 0), ('N', 0), ('O', 2), ('S', 0))",19,51,complete,51,0,0,False,False,True
dsC7O2H10nsd_2801.xyz,2801,"(('Br', 0), ('C', 7), ('Cl', 0), ('F', 0), ('H', 10), ('I', 0), ('N', 0), ('O', 2), ('S', 0))",19,51,complete,51,0,0,False,False,True
dsC7O2H10nsd_2802.xyz,2802,"(('Br', 0), ('C', 7), ('Cl', 0), ('F', 0), ('H', 10), ('I', 0), ('N', 0), ('O', 2), ('S', 0))",19,51,complete,51,0,0,False,False,True
dsC7O2H10nsd_2803.xyz,2803,"(('Br', 0), ('C', 7), ('Cl', 0), ('F', 0), ('H', 10), ('I', 0), ('N', 0), ('O', 2), ('S', 0))",19,51,complete,51,0,0,False,False,True
dsC7O2H10nsd_2804.xyz,2804,"(('Br', 0), ('C', 7), ('Cl', 0), ('F', 0), ('H', 10), ('I', 0), ('N', 0), ('O', 2), ('S', 0))",19,51,complete,51,0,0,False,False,True
dsC7O2H10nsd_2805.xyz,2805,"(('Br', 0), ('C', 7), ('Cl', 0), ('F', 0), ('H', 10), ('I', 0), ('N', 0), ('O', 2), ('S', 0))",19,51,complete,51,0,0,False,False,True
dsC7O2H10nsd_2806.xyz,2806,"(('Br', 0), ('C', 7), ('Cl', 0), ('F', 0), ('H', 10), ('I', 0), ('N', 0), ('O', 2), ('S', 0))",19,51,complete,51,0,0,False,False,True
dsC7O2H10nsd_2807.xyz,2807,"(('Br', 0), ('C', 7), ('Cl', 0), ('F', 0), ('H', 10), ('I', 0), ('N', 0), ('O', 2), ('S', 0))",19,51,complete,51,0,0,False,False,True
dsC7O2H10nsd_2808.xyz,2808,"(('Br', 0), ('C', 7), ('Cl', 0), ('F', 0), ('H', 10), ('I', 0), ('N', 0), ('O', 2), ('S', 0))",19,51,complete,51,0,0,False,False,True
dsC7O2H10nsd_2809.xyz,2809,"(('Br', 0), ('C', 7), ('Cl', 0), ('F', 0), ('H', 10), ('I', 0), ('N', 0), ('O', 2), ('S', 0))",19,51,complete,51,0,0,False,False,True
dsC7O2H10nsd_2810.xyz,2810,"(('Br', 0), ('C', 7), ('Cl', 0), ('F', 0), ('H', 10), ('I', 0), ('N', 0), ('O', 2), ('S', 0))",19,51,complete,51,0,0,False,False,True
dsC7O2H10nsd_2811.xyz,2811,"(('Br', 0), ('C', 7), ('Cl', 0), ('F', 0), ('H', 10), ('I', 0), ('N', 0), ('O', 2), ('S', 0))",19,51,complete,51,0,0,False,False,True
dsC7O2H10nsd_2812.xyz,2812,"(('Br', 0), ('C', 7), ('Cl', 0), ('F', 0), ('H', 10), ('I', 0), ('N', 0), ('O', 2), ('S', 0))",19,51,complete,51,0,0,False,False,True
dsC7O2H10nsd_2813.xyz,2813,"(('Br', 0), ('C', 7), ('Cl', 0), ('F', 0), ('H', 10), ('I', 0), ('N', 0), ('O', 2), ('S', 0))",19,51,complete,51,0,0,False,False,True
dsC7O2H10nsd_2814.xyz,2814,"(('Br', 0), ('C', 7), ('Cl', 0), ('F', 0), ('H', 10), ('I', 0), ('N', 0), ('O', 2), ('S', 0))",19,51,complete,51,0,0,False,False,True
dsC7O2H10nsd_2815.xyz,2815,"(('Br', 0), ('C', 7), ('Cl', 0), ('F', 0), ('H', 10), ('I', 0), ('N', 0), ('O', 2), ('S', 0))",19,51,complete,51,0,0,False,False,True
dsC7O2H10nsd_2816.xyz,2816,"(('Br', 0), ('C', 7), ('Cl', 0), ('F', 0), ('H', 10), ('I', 0), ('N', 0), ('O', 2), ('S', 0))",19,51,complete,51,0,0,False,False,True
dsC7O2H10nsd_2817.xyz,2817,"(('Br', 0), ('C', 7), ('Cl', 0), ('F', 0), ('H', 10), ('I', 0), ('N', 0), ('O', 2), ('S', 0))",19,51,complete,51,0,0,False,False,True
dsC7O2H10nsd_2818.xyz,2818,"(('Br', 0), ('C', 7), ('Cl', 0), ('F', 0), ('H', 10), ('I', 0), ('N', 0), ('O', 2), ('S', 0))",19,51,complete,51,0,0,False,False,True
dsC7O2H10nsd_2819.xyz,2819,"(('Br', 0), ('C', 7), ('Cl', 0), ('F', 0), ('H', 10), ('I', 0), ('N', 0), ('O', 2), ('S', 0))",19,51,complete,51,0,0,False,False,True
dsC7O2H10nsd_2820.xyz,2820,"(('Br', 0), ('C', 7), ('Cl', 0), ('F', 0), ('H', 10), ('I', 0), ('N', 0), ('O', 2), ('S', 0))",19,51,complete,51,0,0,False,False,True
dsC7O2H10nsd_2821.xyz,2821,"(('Br', 0), ('C', 7), ('Cl', 0), ('F', 0), ('H', 10), ('I', 0), ('N', 0), ('O', 2), ('S', 0))",19,51,complete,51,0,0,False,False,True
dsC7O2H10nsd_2822.xyz,2822,"(('Br', 0), ('C', 7), ('Cl', 0), ('F', 0), ('H', 10), ('I', 0), ('N', 0), ('O', 2), ('S', 0))",19,51,complete,51,0,0,False,False,True
dsC7O2H10nsd_2823.xyz,2823,"(('Br', 0), ('C', 7), ('Cl', 0), ('F', 0), ('H', 10), ('I', 0), ('N', 0), ('O', 2), ('S', 0))",19,51,complete,51,0,0,False,False,True
dsC7O2H10nsd_2824.xyz,2824,"(('Br', 0), ('C', 7), ('Cl', 0), ('F', 0), ('H', 10), ('I', 0), ('N', 0), ('O', 2), ('S', 0))",19,51,complete,51,0,0,False,False,True
dsC7O2H10nsd_2825.xyz,2825,"(('Br', 0), ('C', 7), ('Cl', 0), ('F', 0), ('H', 10), ('I', 0), ('N', 0), ('O', 2), ('S', 0))",19,51,complete,51,0,0,False,False,True
dsC7O2H10nsd_2826.xyz,2826,"(('Br', 0), ('C', 7), ('Cl', 0), ('F', 0), ('H', 10), ('I', 0), ('N', 0), ('O', 2), ('S', 0))",19,51,complete,51,0,0,False,False,True
dsC7O2H10nsd_2827.xyz,2827,"(('Br', 0), ('C', 7), ('Cl', 0), ('F', 0), ('H', 10), ('I', 0), ('N', 0), ('O', 2), ('S', 0))",19,51,complete,51,0,0,False,False,True
dsC7O2H10nsd_2828.xyz,2828,"(('Br', 0), ('C', 7), ('Cl', 0), ('F', 0), ('H', 10), ('I', 0), ('N', 0), ('O', 2), ('S', 0))",19,51,complete,51,0,0,False,False,True
dsC7O2H10nsd_2829.xyz,2829,"(('Br', 0), ('C', 7), ('Cl', 0), ('F', 0), ('H', 10), ('I', 0), ('N', 0), ('O', 2), ('S', 0))",19,51,complete,51,0,0,False,False,True
dsC7O2H10nsd_2830.xyz,2830,"(('Br', 0), ('C', 7), ('Cl', 0), ('F', 0), ('H', 10), ('I', 0), ('N', 0), ('O', 2), ('S', 0))",19,51,complete,51,0,0,False,False,True
dsC7O2H10nsd_2831.xyz,2831,"(('Br', 0), ('C', 7), ('Cl', 0), ('F', 0), ('H', 10), ('I', 0), ('N', 0), ('O', 2), ('S', 0))",19,51,complete,51,0,0,False,False,True
dsC7O2H10nsd_2832.xyz,2832,"(('Br', 0), ('C', 7), ('Cl', 0), ('F', 0), ('H', 10), ('I', 0), ('N', 0), ('O', 2), ('S', 0))",19,51,complete,51,0,0,False,False,True
dsC7O2H10nsd_2833.xyz,2833,"(('Br', 0), ('C', 7), ('Cl', 0), ('F', 0), ('H', 10), ('I', 0), ('N', 0), ('O', 2), ('S', 0))",19,51,complete,51,0,0,False,False,True
dsC7O2H10nsd_2834.xyz,2834,"(('Br', 0), ('C', 7), ('Cl', 0), ('F', 0), ('H', 10), ('I', 0), ('N', 0), ('O', 2), ('S', 0))",19,51,complete,51,0,0,False,False,True
dsC7O2H10nsd_2835.xyz,2835,"(('Br', 0), ('C', 7), ('Cl', 0), ('F', 0), ('H', 10), ('I', 0), ('N', 0), ('O', 2), ('S', 0))",19,51,complete,51,0,0,False,False,True
dsC7O2H10nsd_2836.xyz,2836,"(('Br', 0), ('C', 7), ('Cl', 0), ('F', 0), ('H', 10), ('I', 0), ('N', 0), ('O', 2), ('S', 0))",19,51,complete,51,0,0,False,False,True
dsC7O2H10nsd_2837.xyz,2837,"(('Br', 0), ('C', 7), ('Cl', 0), ('F', 0), ('H', 10), ('I', 0), ('N', 0), ('O', 2), ('S', 0))",19,51,complete,51,0,0,False,False,True
dsC7O2H10nsd_2838.xyz,2838,"(('Br', 0), ('C', 7), ('Cl', 0), ('F', 0), ('H', 10), ('I', 0), ('N', 0), ('O', 2), ('S', 0))",19,51,complete,51,0,0,False,False,True
dsC7O2H10nsd_2839.xyz,2839,"(('Br', 0), ('C', 7), ('Cl', 0), ('F', 0), ('H', 10), ('I', 0), ('N', 0), ('O', 2), ('S', 0))",19,51,complete,51,0,0,False,False,True
dsC7O2H10nsd_2840.xyz,2840,"(('Br', 0), ('C', 7), ('Cl', 0), ('F', 0), ('H', 10), ('I', 0), ('N', 0), ('O', 2), ('S', 0))",19,51,complete,51,0,0,False,False,True
dsC7O2H10nsd_2841.xyz,2841,"(('Br', 0), ('C', 7), ('Cl', 0), ('F', 0), ('H', 10), ('I', 0), ('N', 0), ('O', 2), ('S', 0))",19,51,complete,51,0,0,False,False,True
dsC7O2H10nsd_2842.xyz,2842,"(('Br', 0), ('C', 7), ('Cl', 0), ('F', 0), ('H', 10), ('I', 0), ('N', 0), ('O', 2), ('S', 0))",19,51,complete,51,0,0,False,False,True
dsC7O2H10nsd_2843.xyz,2843,"(('Br', 0), ('C', 7), ('Cl', 0), ('F', 0), ('H', 10), ('I', 0), ('N', 0), ('O', 2), ('S', 0))",19,51,complete,51,0,0,False,False,True
dsC7O2H10nsd_2844.xyz,2844,"(('Br', 0), ('C', 7), ('Cl', 0), ('F', 0), ('H', 10), ('I', 0), ('N', 0), ('O', 2), ('S', 0))",19,51,complete,51,0,0,False,False,True
dsC7O2H10nsd_2845.xyz,2845,"(('Br', 0), ('C', 7), ('Cl', 0), ('F', 0), ('H', 10), ('I', 0), ('N', 0), ('O', 2), ('S', 0))",19,51,complete,51,0,0,False,False,True
dsC7O2H10nsd_2846.xyz,2846,"(('Br', 0), ('C', 7), ('Cl', 0), ('F', 0), ('H', 10), ('I', 0), ('N', 0), ('O', 2), ('S', 0))",19,51,complete,51,0,0,False,False,True
dsC7O2H10nsd_2847.xyz,2847,"(('Br', 0), ('C', 7), ('Cl', 0), ('F', 0), ('H', 10), ('I', 0), ('N', 0), ('O', 2), ('S', 0))",19,51,complete,51,0,0,False,False,True
dsC7O2H10nsd_2848.xyz,2848,"(('Br', 0), ('C', 7), ('Cl', 0), ('F', 0), ('H', 10), ('I', 0), ('N', 0), ('O', 2), ('S', 0))",19,51,complete,51,0,0,False,False,True
dsC7O2H10nsd_2849.xyz,2849,"(('Br', 0), ('C', 7), ('Cl', 0), ('F', 0), ('H', 10), ('I', 0), ('N', 0), ('O', 2), ('S', 0))",19,51,complete,51,0,0,False,False,True
dsC7O2H10nsd_2850.xyz,2850,"(('Br', 0), ('C', 7), ('Cl', 0), ('F', 0), ('H', 10), ('I', 0), ('N', 0), ('O', 2), ('S', 0))",19,51,complete,51,0,0,False,False,True
dsC7O2H10nsd_2851.xyz,2851,"(('Br', 0), ('C', 7), ('Cl', 0), ('F', 0), ('H', 10), ('I', 0), ('N', 0), ('O', 2), ('S', 0))",19,51,complete,51,0,0,False,False,True
dsC7O2H10nsd_2852.xyz,2852,"(('Br', 0), ('C', 7), ('Cl', 0), ('F', 0), ('H', 10), ('I', 0), ('N', 0), ('O', 2), ('S', 0))",19,51,complete,51,0,0,False,False,True
dsC7O2H10nsd_2853.xyz,2853,"(('Br', 0), ('C', 7), ('Cl', 0), ('F', 0), ('H', 10), ('I', 0), ('N', 0), ('O', 2), ('S', 0))",19,51,complete,51,0,0,False,False,True
dsC7O2H10nsd_2854.xyz,2854,"(('Br', 0), ('C', 7), ('Cl', 0), ('F', 0), ('H', 10), ('I', 0), ('N', 0), ('O', 2), ('S', 0))",19,51,complete,51,0,0,False,False,True
dsC7O2H10nsd_2855.xyz,2855,"(('Br', 0), ('C', 7), ('Cl', 0), ('F', 0), ('H', 10), ('I', 0), ('N', 0), ('O', 2), ('S', 0))",19,51,complete,51,0,0,False,False,True
dsC7O2H10nsd_2856.xyz,2856,"(('Br', 0), ('C', 7), ('Cl', 0), ('F', 0), ('H', 10), ('I', 0), ('N', 0), ('O', 2), ('S', 0))",19,51,complete,51,0,0,False,False,True
dsC7O2H10nsd_2857.xyz,2857,"(('Br', 0), ('C', 7), ('Cl', 0), ('F', 0), ('H', 10), ('I', 0), ('N', 0), ('O', 2), ('S', 0))",19,51,complete,51,0,0,False,False,True
dsC7O2H10nsd_2858.xyz,2858,"(('Br', 0), ('C', 7), ('Cl', 0), ('F', 0), ('H', 10), ('I', 0), ('N', 0), ('O', 2), ('S', 0))",19,51,complete,51,0,0,False,False,True
dsC7O2H10nsd_2859.xyz,2859,"(('Br', 0), ('C', 7), ('Cl', 0), ('F', 0), ('H', 10), ('I', 0), ('N', 0), ('O', 2), ('S', 0))",19,51,complete,51,0,0,False,False,True
dsC7O2H10nsd_2860.xyz,2860,"(('Br', 0), ('C', 7), ('Cl', 0), ('F', 0), ('H', 10), ('I', 0), ('N', 0), ('O', 2), ('S', 0))",19,51,complete,51,0,0,False,False,True
dsC7O2H10nsd_2861.xyz,2861,"(('Br', 0), ('C', 7), ('Cl', 0), ('F', 0), ('H', 10), ('I', 0), ('N', 0), ('O', 2), ('S', 0))",19,51,complete,51,0,0,False,False,True
dsC7O2H10nsd_2862.xyz,2862,"(('Br', 0), ('C', 7), ('Cl', 0), ('F', 0), ('H', 10), ('I', 0), ('N', 0), ('O', 2), ('S', 0))",19,51,complete,51,0,0,False,False,True
dsC7O2H10nsd_2863.xyz,2863,"(('Br', 0), ('C', 7), ('Cl', 0), ('F', 0), ('H', 10), ('I', 0), ('N', 0), ('O', 2), ('S', 0))",19,51,complete,51,0,0,False,False,True
dsC7O2H10nsd_2864.xyz,2864,"(('Br', 0), ('C', 7), ('Cl', 0), ('F', 0), ('H', 10), ('I', 0), ('N', 0), ('O', 2), ('S', 0))",19,51,complete,51,0,0,False,False,True
dsC7O2H10nsd_2865.xyz,2865,"(('Br', 0), ('C', 7), ('Cl', 0), ('F', 0), ('H', 10), ('I', 0), ('N', 0), ('O', 2), ('S', 0))",19,51,complete,51,0,0,False,False,True
dsC7O2H10nsd_2866.xyz,2866,"(('Br', 0), ('C', 7), ('Cl', 0), ('F', 0), ('H', 10), ('I', 0), ('N', 0), ('O', 2), ('S', 0))",19,51,complete,51,0,0,False,False,True
dsC7O2H10nsd_2867.xyz,2867,"(('Br', 0), ('C', 7), ('Cl', 0), ('F', 0), ('H', 10), ('I', 0), ('N', 0), ('O', 2), ('S', 0))",19,51,complete,51,0,0,False,False,True
dsC7O2H10nsd_2868.xyz,2868,"(('Br', 0), ('C', 7), ('Cl', 0), ('F', 0), ('H', 10), ('I', 0), ('N', 0), ('O', 2), ('S', 0))",19,51,complete,51,0,0,False,False,True
dsC7O2H10nsd_2869.xyz,2869,"(('Br', 0), ('C', 7), ('Cl', 0), ('F', 0), ('H', 10), ('I', 0), ('N', 0), ('O', 2), ('S', 0))",19,51,complete,51,0,0,False,False,True
dsC7O2H10nsd_2870.xyz,2870,"(('Br', 0), ('C', 7), ('Cl', 0), ('F', 0), ('H', 10), ('I', 0), ('N', 0), ('O', 2), ('S', 0))",19,51,complete,51,0,0,False,False,True
dsC7O2H10nsd_2871.xyz,2871,"(('Br', 0), ('C', 7), ('Cl', 0), ('F', 0), ('H', 10), ('I', 0), ('N', 0), ('O', 2), ('S', 0))",19,51,complete,51,0,0,False,False,True
dsC7O2H10nsd_2872.xyz,2872,"(('Br', 0), ('C', 7), ('Cl', 0), ('F', 0), ('H', 10), ('I', 0), ('N', 0), ('O', 2), ('S', 0))",19,51,complete,51,0,0,False,False,True
dsC7O2H10nsd_2873.xyz,2873,"(('Br', 0), ('C', 7), ('Cl', 0), ('F', 0), ('H', 10), ('I', 0), ('N', 0), ('O', 2), ('S', 0))",19,51,complete,51,0,0,False,False,True
dsC7O2H10nsd_2874.xyz,2874,"(('Br', 0), ('C', 7), ('Cl', 0), ('F', 0), ('H', 10), ('I', 0), ('N', 0), ('O', 2), ('S', 0))",19,51,complete,51,0,0,False,False,True
dsC7O2H10nsd_2875.xyz,2875,"(('Br', 0), ('C', 7), ('Cl', 0), ('F', 0), ('H', 10), ('I', 0), ('N', 0), ('O', 2), ('S', 0))",19,51,complete,51,0,0,False,False,True
dsC7O2H10nsd_2876.xyz,2876,"(('Br', 0), ('C', 7), ('Cl', 0), ('F', 0), ('H', 10), ('I', 0), ('N', 0), ('O', 2), ('S', 0))",19,51,complete,51,0,0,False,False,True
dsC7O2H10nsd_2877.xyz,2877,"(('Br', 0), ('C', 7), ('Cl', 0), ('F', 0), ('H', 10), ('I', 0), ('N', 0), ('O', 2), ('S', 0))",19,51,complete,51,0,0,False,False,True
dsC7O2H10nsd_2878.xyz,2878,"(('Br', 0), ('C', 7), ('Cl', 0), ('F', 0), ('H', 10), ('I', 0), ('N', 0), ('O', 2), ('S', 0))",19,51,complete,51,0,0,False,False,True
dsC7O2H10nsd_2879.xyz,2879,"(('Br', 0), ('C', 7), ('Cl', 0), ('F', 0), ('H', 10), ('I', 0), ('N', 0), ('O', 2), ('S', 0))",19,51,complete,51,0,0,False,False,True
dsC7O2H10nsd_2880.xyz,2880,"(('Br', 0), ('C', 7), ('Cl', 0), ('F', 0), ('H', 10), ('I', 0), ('N', 0), ('O', 2), ('S', 0))",19,51,complete,51,0,0,False,False,True
dsC7O2H10nsd_2881.xyz,2881,"(('Br', 0), ('C', 7), ('Cl', 0), ('F', 0), ('H', 10), ('I', 0), ('N', 0), ('O', 2), ('S', 0))",19,51,complete,51,0,0,False,False,True
dsC7O2H10nsd_2882.xyz,2882,"(('Br', 0), ('C', 7), ('Cl', 0), ('F', 0), ('H', 10), ('I', 0), ('N', 0), ('O', 2), ('S', 0))",19,51,complete,51,0,0,False,False,True
dsC7O2H10nsd_2883.xyz,2883,"(('Br', 0), ('C', 7), ('Cl', 0), ('F', 0), ('H', 10), ('I', 0), ('N', 0), ('O', 2), ('S', 0))",19,51,complete,51,0,0,False,False,True
dsC7O2H10nsd_2884.xyz,2884,"(('Br', 0), ('C', 7), ('Cl', 0), ('F', 0), ('H', 10), ('I', 0), ('N', 0), ('O', 2), ('S', 0))",19,51,complete,51,0,0,False,False,True
dsC7O2H10nsd_2885.xyz,2885,"(('Br', 0), ('C', 7), ('Cl', 0), ('F', 0), ('H', 10), ('I', 0), ('N', 0), ('O', 2), ('S', 0))",19,51,complete,51,0,0,False,False,True
dsC7O2H10nsd_2886.xyz,2886,"(('Br', 0), ('C', 7), ('Cl', 0), ('F', 0), ('H', 10), ('I', 0), ('N', 0), ('O', 2), ('S', 0))",19,51,complete,51,0,0,False,False,True
dsC7O2H10nsd_2887.xyz,2887,"(('Br', 0), ('C', 7), ('Cl', 0), ('F', 0), ('H', 10), ('I', 0), ('N', 0), ('O', 2), ('S', 0))",19,51,complete,51,0,0,False,False,True
dsC7O2H10nsd_2888.xyz,2888,"(('Br', 0), ('C', 7), ('Cl', 0), ('F', 0), ('H', 10), ('I', 0), ('N', 0), ('O', 2), ('S', 0))",19,51,complete,51,0,0,False,False,True
dsC7O2H10nsd_2889.xyz,2889,"(('Br', 0), ('C', 7), ('Cl', 0), ('F', 0), ('H', 10), ('I', 0), ('N', 0), ('O', 2), ('S', 0))",19,51,complete,51,0,0,False,False,True
dsC7O2H10nsd_2890.xyz,2890,"(('Br', 0), ('C', 7), ('Cl', 0), ('F', 0), ('H', 10), ('I', 0), ('N', 0), ('O', 2), ('S', 0))",19,51,complete,51,0,0,False,False,True
dsC7O2H10nsd_2891.xyz,2891,"(('Br', 0), ('C', 7), ('Cl', 0), ('F', 0), ('H', 10), ('I', 0), ('N', 0), ('O', 2), ('S', 0))",19,51,complete,51,0,0,False,False,True
dsC7O2H10nsd_2892.xyz,2892,"(('Br', 0), ('C', 7), ('Cl', 0), ('F', 0), ('H', 10), ('I', 0), ('N', 0), ('O', 2), ('S', 0))",19,51,complete,51,0,0,False,False,True
dsC7O2H10nsd_2893.xyz,2893,"(('Br', 0), ('C', 7), ('Cl', 0), ('F', 0), ('H', 10), ('I', 0), ('N', 0), ('O', 2), ('S', 0))",19,51,complete,51,0,0,False,False,True
dsC7O2H10nsd_2894.xyz,2894,"(('Br', 0), ('C', 7), ('Cl', 0), ('F', 0), ('H', 10), ('I', 0), ('N', 0), ('O', 2), ('S', 0))",19,102,incomplete_count,102,0,0,False,False,True
dsC7O2H10nsd_2895.xyz,2895,"(('Br', 0), ('C', 7), ('Cl', 0), ('F', 0), ('H', 10), ('I', 0), ('N', 0), ('O', 2), ('S', 0))",19,51,complete,51,0,0,False,False,True
dsC7O2H10nsd_2896.xyz,2896,"(('Br', 0), ('C', 7), ('Cl', 0), ('F', 0), ('H', 10), ('I', 0), ('N', 0), ('O', 2), ('S', 0))",19,51,complete,51,0,0,False,False,True
dsC7O2H10nsd_2897.xyz,2897,"(('Br', 0), ('C', 7), ('Cl', 0), ('F', 0), ('H', 10), ('I', 0), ('N', 0), ('O', 2), ('S', 0))",19,51,complete,51,0,0,False,False,True
dsC7O2H10nsd_2898.xyz,2898,"(('Br', 0), ('C', 7), ('Cl', 0), ('F', 0), ('H', 10), ('I', 0), ('N', 0), ('O', 2), ('S', 0))",19,51,complete,51,0,0,False,False,True
dsC7O2H10nsd_2899.xyz,2899,"(('Br', 0), ('C', 7), ('Cl', 0), ('F', 0), ('H', 10), ('I', 0), ('N', 0), ('O', 2), ('S', 0))",19,51,complete,51,0,0,False,False,True
dsC7O2H10nsd_2900.xyz,2900,"(('Br', 0), ('C', 7), ('Cl', 0), ('F', 0), ('H', 10), ('I', 0), ('N', 0), ('O', 2), ('S', 0))",19,51,complete,51,0,0,False,False,True
dsC7O2H10nsd_2901.xyz,2901,"(('Br', 0), ('C', 7), ('Cl', 0), ('F', 0), ('H', 10), ('I', 0), ('N', 0), ('O', 2), ('S', 0))",19,51,complete,51,0,0,False,False,True
dsC7O2H10nsd_2902.xyz,2902,"(('Br', 0), ('C', 7), ('Cl', 0), ('F', 0), ('H', 10), ('I', 0), ('N', 0), ('O', 2), ('S', 0))",19,51,complete,51,0,0,False,False,True
dsC7O2H10nsd_2903.xyz,2903,"(('Br', 0), ('C', 7), ('Cl', 0), ('F', 0), ('H', 10), ('I', 0), ('N', 0), ('O', 2), ('S', 0))",19,51,complete,51,0,0,False,False,True
dsC7O2H10nsd_2904.xyz,2904,"(('Br', 0), ('C', 7), ('Cl', 0), ('F', 0), ('H', 10), ('I', 0), ('N', 0), ('O', 2), ('S', 0))",19,51,complete,51,0,0,False,False,True
dsC7O2H10nsd_2905.xyz,2905,"(('Br', 0), ('C', 7), ('Cl', 0), ('F', 0), ('H', 10), ('I', 0), ('N', 0), ('O', 2), ('S', 0))",19,51,complete,51,0,0,False,False,True
dsC7O2H10nsd_2906.xyz,2906,"(('Br', 0), ('C', 7), ('Cl', 0), ('F', 0), ('H', 10), ('I', 0), ('N', 0), ('O', 2), ('S', 0))",19,51,complete,51,0,0,False,False,True
dsC7O2H10nsd_2907.xyz,2907,"(('Br', 0), ('C', 7), ('Cl', 0), ('F', 0), ('H', 10), ('I', 0), ('N', 0), ('O', 2), ('S', 0))",19,51,complete,51,0,0,False,False,True
dsC7O2H10nsd_2908.xyz,2908,"(('Br', 0), ('C', 7), ('Cl', 0), ('F', 0), ('H', 10), ('I', 0), ('N', 0), ('O', 2), ('S', 0))",19,51,complete,51,0,0,False,False,True
dsC7O2H10nsd_2909.xyz,2909,"(('Br', 0), ('C', 7), ('Cl', 0), ('F', 0), ('H', 10), ('I', 0), ('N', 0), ('O', 2), ('S', 0))",19,51,complete,51,0,0,False,False,True
dsC7O2H10nsd_2910.xyz,2910,"(('Br', 0), ('C', 7), ('Cl', 0), ('F', 0), ('H', 10), ('I', 0), ('N', 0), ('O', 2), ('S', 0))",19,51,complete,51,0,0,False,False,True
dsC7O2H10nsd_2911.xyz,2911,"(('Br', 0), ('C', 7), ('Cl', 0), ('F', 0), ('H', 10), ('I', 0), ('N', 0), ('O', 2), ('S', 0))",19,51,complete,51,0,0,False,False,True
dsC7O2H10nsd_2912.xyz,2912,"(('Br', 0), ('C', 7), ('Cl', 0), ('F', 0), ('H', 10), ('I', 0), ('N', 0), ('O', 2), ('S', 0))",19,51,complete,51,0,0,False,False,True
dsC7O2H10nsd_2913.xyz,2913,"(('Br', 0), ('C', 7), ('Cl', 0), ('F', 0), ('H', 10), ('I', 0), ('N', 0), ('O', 2), ('S', 0))",19,51,complete,51,0,0,False,False,True
dsC7O2H10nsd_2914.xyz,2914,"(('Br', 0), ('C', 7), ('Cl', 0), ('F', 0), ('H', 10), ('I', 0), ('N', 0), ('O', 2), ('S', 0))",19,51,complete,51,0,0,False,False,True
dsC7O2H10nsd_2915.xyz,2915,"(('Br', 0), ('C', 7), ('Cl', 0), ('F', 0), ('H', 10), ('I', 0), ('N', 0), ('O', 2), ('S', 0))",19,51,complete,51,0,0,False,False,True
dsC7O2H10nsd_2916.xyz,2916,"(('Br', 0), ('C', 7), ('Cl', 0), ('F', 0), ('H', 10), ('I', 0), ('N', 0), ('O', 2), ('S', 0))",19,51,complete,51,0,0,False,False,True
dsC7O2H10nsd_2917.xyz,2917,"(('Br', 0), ('C', 7), ('Cl', 0), ('F', 0), ('H', 10), ('I', 0), ('N', 0), ('O', 2), ('S', 0))",19,51,complete,51,0,0,False,False,True
dsC7O2H10nsd_2918.xyz,2918,"(('Br', 0), ('C', 7), ('Cl', 0), ('F', 0), ('H', 10), ('I', 0), ('N', 0), ('O', 2), ('S', 0))",19,51,complete,51,0,0,False,False,True
dsC7O2H10nsd_2919.xyz,2919,"(('Br', 0), ('C', 7), ('Cl', 0), ('F', 0), ('H', 10), ('I', 0), ('N', 0), ('O', 2), ('S', 0))",19,51,complete,51,0,0,False,False,True
dsC7O2H10nsd_2920.xyz,2920,"(('Br', 0), ('C', 7), ('Cl', 0), ('F', 0), ('H', 10), ('I', 0), ('N', 0), ('O', 2), ('S', 0))",19,51,complete,51,0,0,False,False,True
dsC7O2H10nsd_2921.xyz,2921,"(('Br', 0), ('C', 7), ('Cl', 0), ('F', 0), ('H', 10), ('I', 0), ('N', 0), ('O', 2), ('S', 0))",19,51,complete,51,0,0,False,False,True
dsC7O2H10nsd_2922.xyz,2922,"(('Br', 0), ('C', 7), ('Cl', 0), ('F', 0), ('H', 10), ('I', 0), ('N', 0), ('O', 2), ('S', 0))",19,51,complete,51,0,0,False,False,True
dsC7O2H10nsd_2923.xyz,2923,"(('Br', 0), ('C', 7), ('Cl', 0), ('F', 0), ('H', 10), ('I', 0), ('N', 0), ('O', 2), ('S', 0))",19,51,complete,51,0,0,False,False,True
dsC7O2H10nsd_2924.xyz,2924,"(('Br', 0), ('C', 7), ('Cl', 0), ('F', 0), ('H', 10), ('I', 0), ('N', 0), ('O', 2), ('S', 0))",19,102,incomplete_count,102,0,0,False,False,True
dsC7O2H10nsd_2925.xyz,2925,"(('Br', 0), ('C', 7), ('Cl', 0), ('F', 0), ('H', 10), ('I', 0), ('N', 0), ('O', 2), ('S', 0))",19,51,complete,51,0,0,False,False,True
dsC7O2H10nsd_2926.xyz,2926,"(('Br', 0), ('C', 7), ('Cl', 0), ('F', 0), ('H', 10), ('I', 0), ('N', 0), ('O', 2), ('S', 0))",19,51,complete,51,0,0,False,False,True
dsC7O2H10nsd_2927.xyz,2927,"(('Br', 0), ('C', 7), ('Cl', 0), ('F', 0), ('H', 10), ('I', 0), ('N', 0), ('O', 2), ('S', 0))",19,51,complete,51,0,0,False,False,True
dsC7O2H10nsd_2928.xyz,2928,"(('Br', 0), ('C', 7), ('Cl', 0), ('F', 0), ('H', 10), ('I', 0), ('N', 0), ('O', 2), ('S', 0))",19,51,complete,51,0,0,False,False,True
dsC7O2H10nsd_2929.xyz,2929,"(('Br', 0), ('C', 7), ('Cl', 0), ('F', 0), ('H', 10), ('I', 0), ('N', 0), ('O', 2), ('S', 0))",19,51,complete,51,0,0,False,False,True
dsC7O2H10nsd_2930.xyz,2930,"(('Br', 0), ('C', 7), ('Cl', 0), ('F', 0), ('H', 10), ('I', 0), ('N', 0), ('O', 2), ('S', 0))",19,51,complete,51,0,0,False,False,True
dsC7O2H10nsd_2931.xyz,2931,"(('Br', 0), ('C', 7), ('Cl', 0), ('F', 0), ('H', 10), ('I', 0), ('N', 0), ('O', 2), ('S', 0))",19,51,complete,51,0,0,False,False,True
dsC7O2H10nsd_2932.xyz,2932,"(('Br', 0), ('C', 7), ('Cl', 0), ('F', 0), ('H', 10), ('I', 0), ('N', 0), ('O', 2), ('S', 0))",19,51,complete,51,0,0,False,False,True
dsC7O2H10nsd_2933.xyz,2933,"(('Br', 0), ('C', 7), ('Cl', 0), ('F', 0), ('H', 10), ('I', 0), ('N', 0), ('O', 2), ('S', 0))",19,51,complete,51,0,0,False,False,True
dsC7O2H10nsd_2934.xyz,2934,"(('Br', 0), ('C', 7), ('Cl', 0), ('F', 0), ('H', 10), ('I', 0), ('N', 0), ('O', 2), ('S', 0))",19,51,complete,51,0,0,False,False,True
dsC7O2H10nsd_2935.xyz,2935,"(('Br', 0), ('C', 7), ('Cl', 0), ('F', 0), ('H', 10), ('I', 0), ('N', 0), ('O', 2), ('S', 0))",19,51,complete,51,0,0,False,False,True
dsC7O2H10nsd_2936.xyz,2936,"(('Br', 0), ('C', 7), ('Cl', 0), ('F', 0), ('H', 10), ('I', 0), ('N', 0), ('O', 2), ('S', 0))",19,51,complete,51,0,0,False,False,True
dsC7O2H10nsd_2937.xyz,2937,"(('Br', 0), ('C', 7), ('Cl', 0), ('F', 0), ('H', 10), ('I', 0), ('N', 0), ('O', 2), ('S', 0))",19,51,complete,51,0,0,False,False,True
dsC7O2H10nsd_2938.xyz,2938,"(('Br', 0), ('C', 7), ('Cl', 0), ('F', 0), ('H', 10), ('I', 0), ('N', 0), ('O', 2), ('S', 0))",19,51,complete,51,0,0,False,False,True
dsC7O2H10nsd_2939.xyz,2939,"(('Br', 0), ('C', 7), ('Cl', 0), ('F', 0), ('H', 10), ('I', 0), ('N', 0), ('O', 2), ('S', 0))",19,51,complete,51,0,0,False,False,True
dsC7O2H10nsd_2940.xyz,2940,"(('Br', 0), ('C', 7), ('Cl', 0), ('F', 0), ('H', 10), ('I', 0), ('N', 0), ('O', 2), ('S', 0))",19,51,complete,51,0,0,False,False,True
dsC7O2H10nsd_2941.xyz,2941,"(('Br', 0), ('C', 7), ('Cl', 0), ('F', 0), ('H', 10), ('I', 0), ('N', 0), ('O', 2), ('S', 0))",19,51,complete,51,0,0,False,False,True
dsC7O2H10nsd_2942.xyz,2942,"(('Br', 0), ('C', 7), ('Cl', 0), ('F', 0), ('H', 10), ('I', 0), ('N', 0), ('O', 2), ('S', 0))",19,51,complete,51,0,0,False,False,True
dsC7O2H10nsd_2943.xyz,2943,"(('Br', 0), ('C', 7), ('Cl', 0), ('F', 0), ('H', 10), ('I', 0), ('N', 0), ('O', 2), ('S', 0))",19,51,complete,51,0,0,False,False,True
dsC7O2H10nsd_2944.xyz,2944,"(('Br', 0), ('C', 7), ('Cl', 0), ('F', 0), ('H', 10), ('I', 0), ('N', 0), ('O', 2), ('S', 0))",19,51,complete,51,0,0,False,False,True
dsC7O2H10nsd_2945.xyz,2945,"(('Br', 0), ('C', 7), ('Cl', 0), ('F', 0), ('H', 10), ('I', 0), ('N', 0), ('O', 2), ('S', 0))",19,51,complete,51,0,0,False,False,True
dsC7O2H10nsd_2946.xyz,2946,"(('Br', 0), ('C', 7), ('Cl', 0), ('F', 0), ('H', 10), ('I', 0), ('N', 0), ('O', 2), ('S', 0))",19,51,complete,51,0,0,False,False,True
dsC7O2H10nsd_2947.xyz,2947,"(('Br', 0), ('C', 7), ('Cl', 0), ('F', 0), ('H', 10), ('I', 0), ('N', 0), ('O', 2), ('S', 0))",19,51,complete,51,0,0,False,False,True
dsC7O2H10nsd_2948.xyz,2948,"(('Br', 0), ('C', 7), ('Cl', 0), ('F', 0), ('H', 10), ('I', 0), ('N', 0), ('O', 2), ('S', 0))",19,51,complete,51,0,0,False,False,True
dsC7O2H10nsd_2949.xyz,2949,"(('Br', 0), ('C', 7), ('Cl', 0), ('F', 0), ('H', 10), ('I', 0), ('N', 0), ('O', 2), ('S', 0))",19,51,complete,51,0,0,False,False,True
dsC7O2H10nsd_2950.xyz,2950,"(('Br', 0), ('C', 7), ('Cl', 0), ('F', 0), ('H', 10), ('I', 0), ('N', 0), ('O', 2), ('S', 0))",19,51,complete,51,0,0,False,False,True
dsC7O2H10nsd_2951.xyz,2951,"(('Br', 0), ('C', 7), ('Cl', 0), ('F', 0), ('H', 10), ('I', 0), ('N', 0), ('O', 2), ('S', 0))",19,51,complete,51,0,0,False,False,True
dsC7O2H10nsd_2952.xyz,2952,"(('Br', 0), ('C', 7), ('Cl', 0), ('F', 0), ('H', 10), ('I', 0), ('N', 0), ('O', 2), ('S', 0))",19,51,complete,51,0,0,False,False,True
dsC7O2H10nsd_2953.xyz,2953,"(('Br', 0), ('C', 7), ('Cl', 0), ('F', 0), ('H', 10), ('I', 0), ('N', 0), ('O', 2), ('S', 0))",19,51,complete,51,0,0,False,False,True
dsC7O2H10nsd_2954.xyz,2954,"(('Br', 0), ('C', 7), ('Cl', 0), ('F', 0), ('H', 10), ('I', 0), ('N', 0), ('O', 2), ('S', 0))",19,51,complete,51,0,0,False,False,True
dsC7O2H10nsd_2955.xyz,2955,"(('Br', 0), ('C', 7), ('Cl', 0), ('F', 0), ('H', 10), ('I', 0), ('N', 0), ('O', 2), ('S', 0))",19,51,complete,51,0,0,False,False,True
dsC7O2H10nsd_2956.xyz,2956,"(('Br', 0), ('C', 7), ('Cl', 0), ('F', 0), ('H', 10), ('I', 0), ('N', 0), ('O', 2), ('S', 0))",19,51,complete,51,0,0,False,False,True
dsC7O2H10nsd_2957.xyz,2957,"(('Br', 0), ('C', 7), ('Cl', 0), ('F', 0), ('H', 10), ('I', 0), ('N', 0), ('O', 2), ('S', 0))",19,51,complete,51,0,0,False,False,True
dsC7O2H10nsd_2958.xyz,2958,"(('Br', 0), ('C', 7), ('Cl', 0), ('F', 0), ('H', 10), ('I', 0), ('N', 0), ('O', 2), ('S', 0))",19,51,complete,51,0,0,False,False,True
dsC7O2H10nsd_2959.xyz,2959,"(('Br', 0), ('C', 7), ('Cl', 0), ('F', 0), ('H', 10), ('I', 0), ('N', 0), ('O', 2), ('S', 0))",19,51,complete,51,0,0,False,False,True
dsC7O2H10nsd_2960.xyz,2960,"(('Br', 0), ('C', 7), ('Cl', 0), ('F', 0), ('H', 10), ('I', 0), ('N', 0), ('O', 2), ('S', 0))",19,51,complete,51,0,0,False,False,True
dsC7O2H10nsd_2961.xyz,2961,"(('Br', 0), ('C', 7), ('Cl', 0), ('F', 0), ('H', 10), ('I', 0), ('N', 0), ('O', 2), ('S', 0))",19,51,complete,51,0,0,False,False,True
dsC7O2H10nsd_2962.xyz,2962,"(('Br', 0), ('C', 7), ('Cl', 0), ('F', 0), ('H', 10), ('I', 0), ('N', 0), ('O', 2), ('S', 0))",19,51,complete,51,0,0,False,False,True
dsC7O2H10nsd_2963.xyz,2963,"(('Br', 0), ('C', 7), ('Cl', 0), ('F', 0), ('H', 10), ('I', 0), ('N', 0), ('O', 2), ('S', 0))",19,51,complete,51,0,0,False,False,True
dsC7O2H10nsd_2964.xyz,2964,"(('Br', 0), ('C', 7), ('Cl', 0), ('F', 0), ('H', 10), ('I', 0), ('N', 0), ('O', 2), ('S', 0))",19,51,complete,51,0,0,False,False,True
dsC7O2H10nsd_2965.xyz,2965,"(('Br', 0), ('C', 7), ('Cl', 0), ('F', 0), ('H', 10), ('I', 0), ('N', 0), ('O', 2), ('S', 0))",19,51,complete,51,0,0,False,False,True
dsC7O2H10nsd_2966.xyz,2966,"(('Br', 0), ('C', 7), ('Cl', 0), ('F', 0), ('H', 10), ('I', 0), ('N', 0), ('O', 2), ('S', 0))",19,51,complete,51,0,0,False,False,True
dsC7O2H10nsd_2967.xyz,2967,"(('Br', 0), ('C', 7), ('Cl', 0), ('F', 0), ('H', 10), ('I', 0), ('N', 0), ('O', 2), ('S', 0))",19,51,complete,51,0,0,False,False,True
dsC7O2H10nsd_2968.xyz,2968,"(('Br', 0), ('C', 7), ('Cl', 0), ('F', 0), ('H', 10), ('I', 0), ('N', 0), ('O', 2), ('S', 0))",19,51,complete,51,0,0,False,False,True
dsC7O2H10nsd_2969.xyz,2969,"(('Br', 0), ('C', 7), ('Cl', 0), ('F', 0), ('H', 10), ('I', 0), ('N', 0), ('O', 2), ('S', 0))",19,51,complete,51,0,0,False,False,True
dsC7O2H10nsd_2970.xyz,2970,"(('Br', 0), ('C', 7), ('Cl', 0), ('F', 0), ('H', 10), ('I', 0), ('N', 0), ('O', 2), ('S', 0))",19,51,complete,51,0,0,False,False,True
dsC7O2H10nsd_2971.xyz,2971,"(('Br', 0), ('C', 7), ('Cl', 0), ('F', 0), ('H', 10), ('I', 0), ('N', 0), ('O', 2), ('S', 0))",19,51,complete,51,0,0,False,False,True
dsC7O2H10nsd_2972.xyz,2972,"(('Br', 0), ('C', 7), ('Cl', 0), ('F', 0), ('H', 10), ('I', 0), ('N', 0), ('O', 2), ('S', 0))",19,51,complete,51,0,0,False,False,True
dsC7O2H10nsd_2973.xyz,2973,"(('Br', 0), ('C', 7), ('Cl', 0), ('F', 0), ('H', 10), ('I', 0), ('N', 0), ('O', 2), ('S', 0))",19,51,complete,51,0,0,False,False,True
dsC7O2H10nsd_2974.xyz,2974,"(('Br', 0), ('C', 7), ('Cl', 0), ('F', 0), ('H', 10), ('I', 0), ('N', 0), ('O', 2), ('S', 0))",19,51,complete,51,0,0,False,False,True
dsC7O2H10nsd_2975.xyz,2975,"(('Br', 0), ('C', 7), ('Cl', 0), ('F', 0), ('H', 10), ('I', 0), ('N', 0), ('O', 2), ('S', 0))",19,51,complete,51,0,0,False,False,True
dsC7O2H10nsd_2976.xyz,2976,"(('Br', 0), ('C', 7), ('Cl', 0), ('F', 0), ('H', 10), ('I', 0), ('N', 0), ('O', 2), ('S', 0))",19,51,complete,51,0,0,False,False,True
dsC7O2H10nsd_2977.xyz,2977,"(('Br', 0), ('C', 7), ('Cl', 0), ('F', 0), ('H', 10), ('I', 0), ('N', 0), ('O', 2), ('S', 0))",19,51,complete,51,0,0,False,False,True
dsC7O2H10nsd_2978.xyz,2978,"(('Br', 0), ('C', 7), ('Cl', 0), ('F', 0), ('H', 10), ('I', 0), ('N', 0), ('O', 2), ('S', 0))",19,51,complete,51,0,0,False,False,True
dsC7O2H10nsd_2979.xyz,2979,"(('Br', 0), ('C', 7), ('Cl', 0), ('F', 0), ('H', 10), ('I', 0), ('N', 0), ('O', 2), ('S', 0))",19,51,complete,51,0,0,False,False,True
dsC7O2H10nsd_2980.xyz,2980,"(('Br', 0), ('C', 7), ('Cl', 0), ('F', 0), ('H', 10), ('I', 0), ('N', 0), ('O', 2), ('S', 0))",19,51,complete,51,0,0,False,False,True
dsC7O2H10nsd_2981.xyz,2981,"(('Br', 0), ('C', 7), ('Cl', 0), ('F', 0), ('H', 10), ('I', 0), ('N', 0), ('O', 2), ('S', 0))",19,51,complete,51,0,0,False,False,True
dsC7O2H10nsd_2982.xyz,2982,"(('Br', 0), ('C', 7), ('Cl', 0), ('F', 0), ('H', 10), ('I', 0), ('N', 0), ('O', 2), ('S', 0))",19,51,complete,51,0,0,False,False,True
dsC7O2H10nsd_2983.xyz,2983,"(('Br', 0), ('C', 7), ('Cl', 0), ('F', 0), ('H', 10), ('I', 0), ('N', 0), ('O', 2), ('S', 0))",19,51,complete,51,0,0,False,False,True
dsC7O2H10nsd_2984.xyz,2984,"(('Br', 0), ('C', 7), ('Cl', 0), ('F', 0), ('H', 10), ('I', 0), ('N', 0), ('O', 2), ('S', 0))",19,51,complete,51,0,0,False,False,True
dsC7O2H10nsd_2985.xyz,2985,"(('Br', 0), ('C', 7), ('Cl', 0), ('F', 0), ('H', 10), ('I', 0), ('N', 0), ('O', 2), ('S', 0))",19,51,complete,51,0,0,False,False,True
dsC7O2H10nsd_2986.xyz,2986,"(('Br', 0), ('C', 7), ('Cl', 0), ('F', 0), ('H', 10), ('I', 0), ('N', 0), ('O', 2), ('S', 0))",19,51,complete,51,0,0,False,False,True
dsC7O2H10nsd_2987.xyz,2987,"(('Br', 0), ('C', 7), ('Cl', 0), ('F', 0), ('H', 10), ('I', 0), ('N', 0), ('O', 2), ('S', 0))",19,51,complete,51,0,0,False,False,True
dsC7O2H10nsd_2988.xyz,2988,"(('Br', 0), ('C', 7), ('Cl', 0), ('F', 0), ('H', 10), ('I', 0), ('N', 0), ('O', 2), ('S', 0))",19,51,complete,51,0,0,False,False,True
dsC7O2H10nsd_2989.xyz,2989,"(('Br', 0), ('C', 7), ('Cl', 0), ('F', 0), ('H', 10), ('I', 0), ('N', 0), ('O', 2), ('S', 0))",19,51,complete,51,0,0,False,False,True
dsC7O2H10nsd_2990.xyz,2990,"(('Br', 0), ('C', 7), ('Cl', 0), ('F', 0), ('H', 10), ('I', 0), ('N', 0), ('O', 2), ('S', 0))",19,51,complete,51,0,0,False,False,True
dsC7O2H10nsd_2991.xyz,2991,"(('Br', 0), ('C', 7), ('Cl', 0), ('F', 0), ('H', 10), ('I', 0), ('N', 0), ('O', 2), ('S', 0))",19,51,complete,51,0,0,False,False,True
dsC7O2H10nsd_2992.xyz,2992,"(('Br', 0), ('C', 7), ('Cl', 0), ('F', 0), ('H', 10), ('I', 0), ('N', 0), ('O', 2), ('S', 0))",19,51,complete,51,0,0,False,False,True
dsC7O2H10nsd_2993.xyz,2993,"(('Br', 0), ('C', 7), ('Cl', 0), ('F', 0), ('H', 10), ('I', 0), ('N', 0), ('O', 2), ('S', 0))",19,51,complete,51,0,0,False,False,True
dsC7O2H10nsd_2994.xyz,2994,"(('Br', 0), ('C', 7), ('Cl', 0), ('F', 0), ('H', 10), ('I', 0), ('N', 0), ('O', 2), ('S', 0))",19,102,incomplete_count,102,0,0,False,False,True
dsC7O2H10nsd_2995.xyz,2995,"(('Br', 0), ('C', 7), ('Cl', 0), ('F', 0), ('H', 10), ('I', 0), ('N', 0), ('O', 2), ('S', 0))",19,51,complete,51,0,0,False,False,True
dsC7O2H10nsd_2996.xyz,2996,"(('Br', 0), ('C', 7), ('Cl', 0), ('F', 0), ('H', 10), ('I', 0), ('N', 0), ('O', 2), ('S', 0))",19,51,complete,51,0,0,False,False,True
dsC7O2H10nsd_2997.xyz,2997,"(('Br', 0), ('C', 7), ('Cl', 0), ('F', 0), ('H', 10), ('I', 0), ('N', 0), ('O', 2), ('S', 0))",19,51,complete,51,0,0,False,False,True
dsC7O2H10nsd_2998.xyz,2998,"(('Br', 0), ('C', 7), ('Cl', 0), ('F', 0), ('H', 10), ('I', 0), ('N', 0), ('O', 2), ('S', 0))",19,51,complete,51,0,0,False,False,True
dsC7O2H10nsd_2999.xyz,2999,"(('Br', 0), ('C', 7), ('Cl', 0), ('F', 0), ('H', 10), ('I', 0), ('N', 0), ('O', 2), ('S', 0))",19,51,complete,51,0,0,False,False,True
dsC7O2H10nsd_3000.xyz,3000,"(('Br', 0), ('C', 7), ('Cl', 0), ('F', 0), ('H', 10), ('I', 0), ('N', 0), ('O', 2), ('S', 0))",19,51,complete,51,0,0,False,False,True
dsC7O2H10nsd_3001.xyz,3001,"(('Br', 0), ('C', 7), ('Cl', 0), ('F', 0), ('H', 10), ('I', 0), ('N', 0), ('O', 2), ('S', 0))",19,51,complete,51,0,0,False,False,True
dsC7O2H10nsd_3002.xyz,3002,"(('Br', 0), ('C', 7), ('Cl', 0), ('F', 0), ('H', 10), ('I', 0), ('N', 0), ('O', 2), ('S', 0))",19,51,complete,51,0,0,False,False,True
dsC7O2H10nsd_3003.xyz,3003,"(('Br', 0), ('C', 7), ('Cl', 0), ('F', 0), ('H', 10), ('I', 0), ('N', 0), ('O', 2), ('S', 0))",19,51,complete,51,0,0,False,False,True
dsC7O2H10nsd_3004.xyz,3004,"(('Br', 0), ('C', 7), ('Cl', 0), ('F', 0), ('H', 10), ('I', 0), ('N', 0), ('O', 2), ('S', 0))",19,51,complete,51,0,0,False,False,True
dsC7O2H10nsd_3005.xyz,3005,"(('Br', 0), ('C', 7), ('Cl', 0), ('F', 0), ('H', 10), ('I', 0), ('N', 0), ('O', 2), ('S', 0))",19,51,complete,51,0,0,False,False,True
dsC7O2H10nsd_3006.xyz,3006,"(('Br', 0), ('C', 7), ('Cl', 0), ('F', 0), ('H', 10), ('I', 0), ('N', 0), ('O', 2), ('S', 0))",19,51,complete,51,0,0,False,False,True
dsC7O2H10nsd_3007.xyz,3007,"(('Br', 0), ('C', 7), ('Cl', 0), ('F', 0), ('H', 10), ('I', 0), ('N', 0), ('O', 2), ('S', 0))",19,51,complete,51,0,0,False,False,True
dsC7O2H10nsd_3008.xyz,3008,"(('Br', 0), ('C', 7), ('Cl', 0), ('F', 0), ('H', 10), ('I', 0), ('N', 0), ('O', 2), ('S', 0))",19,51,complete,51,0,0,False,False,True
dsC7O2H10nsd_3009.xyz,3009,"(('Br', 0), ('C', 7), ('Cl', 0), ('F', 0), ('H', 10), ('I', 0), ('N', 0), ('O', 2), ('S', 0))",19,51,complete,51,0,0,False,False,True
dsC7O2H10nsd_3010.xyz,3010,"(('Br', 0), ('C', 7), ('Cl', 0), ('F', 0), ('H', 10), ('I', 0), ('N', 0), ('O', 2), ('S', 0))",19,51,complete,51,0,0,False,False,True
dsC7O2H10nsd_3011.xyz,3011,"(('Br', 0), ('C', 7), ('Cl', 0), ('F', 0), ('H', 10), ('I', 0), ('N', 0), ('O', 2), ('S', 0))",19,51,complete,51,0,0,False,False,True
dsC7O2H10nsd_3012.xyz,3012,"(('Br', 0), ('C', 7), ('Cl', 0), ('F', 0), ('H', 10), ('I', 0), ('N', 0), ('O', 2), ('S', 0))",19,51,complete,51,0,0,False,False,True
dsC7O2H10nsd_3013.xyz,3013,"(('Br', 0), ('C', 7), ('Cl', 0), ('F', 0), ('H', 10), ('I', 0), ('N', 0), ('O', 2), ('S', 0))",19,51,complete,51,0,0,False,False,True
dsC7O2H10nsd_3014.xyz,3014,"(('Br', 0), ('C', 7), ('Cl', 0), ('F', 0), ('H', 10), ('I', 0), ('N', 0), ('O', 2), ('S', 0))",19,51,complete,51,0,0,False,False,True
dsC7O2H10nsd_3015.xyz,3015,"(('Br', 0), ('C', 7), ('Cl', 0), ('F', 0), ('H', 10), ('I', 0), ('N', 0), ('O', 2), ('S', 0))",19,51,complete,51,0,0,False,False,True
dsC7O2H10nsd_3016.xyz,3016,"(('Br', 0), ('C', 7), ('Cl', 0), ('F', 0), ('H', 10), ('I', 0), ('N', 0), ('O', 2), ('S', 0))",19,51,complete,51,0,0,False,False,True
dsC7O2H10nsd_3017.xyz,3017,"(('Br', 0), ('C', 7), ('Cl', 0), ('F', 0), ('H', 10), ('I', 0), ('N', 0), ('O', 2), ('S', 0))",19,51,complete,51,0,0,False,False,True
dsC7O2H10nsd_3018.xyz,3018,"(('Br', 0), ('C', 7), ('Cl', 0), ('F', 0), ('H', 10), ('I', 0), ('N', 0), ('O', 2), ('S', 0))",19,51,complete,51,0,0,False,False,True
dsC7O2H10nsd_3019.xyz,3019,"(('Br', 0), ('C', 7), ('Cl', 0), ('F', 0), ('H', 10), ('I', 0), ('N', 0), ('O', 2), ('S', 0))",19,51,complete,51,0,0,False,False,True
dsC7O2H10nsd_3020.xyz,3020,"(('Br', 0), ('C', 7), ('Cl', 0), ('F', 0), ('H', 10), ('I', 0), ('N', 0), ('O', 2), ('S', 0))",19,51,complete,51,0,0,False,False,True
dsC7O2H10nsd_3021.xyz,3021,"(('Br', 0), ('C', 7), ('Cl', 0), ('F', 0), ('H', 10), ('I', 0), ('N', 0), ('O', 2), ('S', 0))",19,51,complete,51,0,0,False,False,True
dsC7O2H10nsd_3022.xyz,3022,"(('Br', 0), ('C', 7), ('Cl', 0), ('F', 0), ('H', 10), ('I', 0), ('N', 0), ('O', 2), ('S', 0))",19,51,complete,51,0,0,False,False,True
dsC7O2H10nsd_3023.xyz,3023,"(('Br', 0), ('C', 7), ('Cl', 0), ('F', 0), ('H', 10), ('I', 0), ('N', 0), ('O', 2), ('S', 0))",19,51,complete,51,0,0,False,False,True
dsC7O2H10nsd_3024.xyz,3024,"(('Br', 0), ('C', 7), ('Cl', 0), ('F', 0), ('H', 10), ('I', 0), ('N', 0), ('O', 2), ('S', 0))",19,51,complete,51,0,0,False,False,True
dsC7O2H10nsd_3025.xyz,3025,"(('Br', 0), ('C', 7), ('Cl', 0), ('F', 0), ('H', 10), ('I', 0), ('N', 0), ('O', 2), ('S', 0))",19,51,complete,51,0,0,False,False,True
dsC7O2H10nsd_3026.xyz,3026,"(('Br', 0), ('C', 7), ('Cl', 0), ('F', 0), ('H', 10), ('I', 0), ('N', 0), ('O', 2), ('S', 0))",19,51,complete,51,0,0,False,False,True
dsC7O2H10nsd_3027.xyz,3027,"(('Br', 0), ('C', 7), ('Cl', 0), ('F', 0), ('H', 10), ('I', 0), ('N', 0), ('O', 2), ('S', 0))",19,51,complete,51,0,0,False,False,True
dsC7O2H10nsd_3028.xyz,3028,"(('Br', 0), ('C', 7), ('Cl', 0), ('F', 0), ('H', 10), ('I', 0), ('N', 0), ('O', 2), ('S', 0))",19,51,complete,51,0,0,False,False,True
dsC7O2H10nsd_3029.xyz,3029,"(('Br', 0), ('C', 7), ('Cl', 0), ('F', 0), ('H', 10), ('I', 0), ('N', 0), ('O', 2), ('S', 0))",19,51,complete,51,0,0,False,False,True
dsC7O2H10nsd_3030.xyz,3030,"(('Br', 0), ('C', 7), ('Cl', 0), ('F', 0), ('H', 10), ('I', 0), ('N', 0), ('O', 2), ('S', 0))",19,51,complete,51,0,0,False,False,True
dsC7O2H10nsd_3031.xyz,3031,"(('Br', 0), ('C', 7), ('Cl', 0), ('F', 0), ('H', 10), ('I', 0), ('N', 0), ('O', 2), ('S', 0))",19,51,complete,51,0,0,False,False,True
dsC7O2H10nsd_3032.xyz,3032,"(('Br', 0), ('C', 7), ('Cl', 0), ('F', 0), ('H', 10), ('I', 0), ('N', 0), ('O', 2), ('S', 0))",19,51,complete,51,0,0,False,False,True
dsC7O2H10nsd_3033.xyz,3033,"(('Br', 0), ('C', 7), ('Cl', 0), ('F', 0), ('H', 10), ('I', 0), ('N', 0), ('O', 2), ('S', 0))",19,51,complete,51,0,0,False,False,True
dsC7O2H10nsd_3034.xyz,3034,"(('Br', 0), ('C', 7), ('Cl', 0), ('F', 0), ('H', 10), ('I', 0), ('N', 0), ('O', 2), ('S', 0))",19,51,complete,51,0,0,False,False,True
dsC7O2H10nsd_3035.xyz,3035,"(('Br', 0), ('C', 7), ('Cl', 0), ('F', 0), ('H', 10), ('I', 0), ('N', 0), ('O', 2), ('S', 0))",19,51,complete,51,0,0,False,False,True
dsC7O2H10nsd_3036.xyz,3036,"(('Br', 0), ('C', 7), ('Cl', 0), ('F', 0), ('H', 10), ('I', 0), ('N', 0), ('O', 2), ('S', 0))",19,51,complete,51,0,0,False,False,True
dsC7O2H10nsd_3037.xyz,3037,"(('Br', 0), ('C', 7), ('Cl', 0), ('F', 0), ('H', 10), ('I', 0), ('N', 0), ('O', 2), ('S', 0))",19,51,complete,51,0,0,False,False,True
dsC7O2H10nsd_3038.xyz,3038,"(('Br', 0), ('C', 7), ('Cl', 0), ('F', 0), ('H', 10), ('I', 0), ('N', 0), ('O', 2), ('S', 0))",19,51,complete,51,0,0,False,False,True
dsC7O2H10nsd_3039.xyz,3039,"(('Br', 0), ('C', 7), ('Cl', 0), ('F', 0), ('H', 10), ('I', 0), ('N', 0), ('O', 2), ('S', 0))",19,51,complete,51,0,0,False,False,True
dsC7O2H10nsd_3040.xyz,3040,"(('Br', 0), ('C', 7), ('Cl', 0), ('F', 0), ('H', 10), ('I', 0), ('N', 0), ('O', 2), ('S', 0))",19,51,complete,51,0,0,False,False,True
dsC7O2H10nsd_3041.xyz,3041,"(('Br', 0), ('C', 7), ('Cl', 0), ('F', 0), ('H', 10), ('I', 0), ('N', 0), ('O', 2), ('S', 0))",19,51,complete,51,0,0,False,False,True
dsC7O2H10nsd_3042.xyz,3042,"(('Br', 0), ('C', 7), ('Cl', 0), ('F', 0), ('H', 10), ('I', 0), ('N', 0), ('O', 2), ('S', 0))",19,51,complete,51,0,0,False,False,True
dsC7O2H10nsd_3043.xyz,3043,"(('Br', 0), ('C', 7), ('Cl', 0), ('F', 0), ('H', 10), ('I', 0), ('N', 0), ('O', 2), ('S', 0))",19,51,complete,51,0,0,False,False,True
dsC7O2H10nsd_3044.xyz,3044,"(('Br', 0), ('C', 7), ('Cl', 0), ('F', 0), ('H', 10), ('I', 0), ('N', 0), ('O', 2), ('S', 0))",19,51,complete,51,0,0,False,False,True
dsC7O2H10nsd_3045.xyz,3045,"(('Br', 0), ('C', 7), ('Cl', 0), ('F', 0), ('H', 10), ('I', 0), ('N', 0), ('O', 2), ('S', 0))",19,51,complete,51,0,0,False,False,True
dsC7O2H10nsd_3046.xyz,3046,"(('Br', 0), ('C', 7), ('Cl', 0), ('F', 0), ('H', 10), ('I', 0), ('N', 0), ('O', 2), ('S', 0))",19,51,complete,51,0,0,False,False,True
dsC7O2H10nsd_3047.xyz,3047,"(('Br', 0), ('C', 7), ('Cl', 0), ('F', 0), ('H', 10), ('I', 0), ('N', 0), ('O', 2), ('S', 0))",19,51,complete,51,0,0,False,False,True
dsC7O2H10nsd_3048.xyz,3048,"(('Br', 0), ('C', 7), ('Cl', 0), ('F', 0), ('H', 10), ('I', 0), ('N', 0), ('O', 2), ('S', 0))",19,51,complete,51,0,0,False,False,True
dsC7O2H10nsd_3049.xyz,3049,"(('Br', 0), ('C', 7), ('Cl', 0), ('F', 0), ('H', 10), ('I', 0), ('N', 0), ('O', 2), ('S', 0))",19,51,complete,51,0,0,False,False,True
dsC7O2H10nsd_3050.xyz,3050,"(('Br', 0), ('C', 7), ('Cl', 0), ('F', 0), ('H', 10), ('I', 0), ('N', 0), ('O', 2), ('S', 0))",19,51,complete,51,0,0,False,False,True
dsC7O2H10nsd_3051.xyz,3051,"(('Br', 0), ('C', 7), ('Cl', 0), ('F', 0), ('H', 10), ('I', 0), ('N', 0), ('O', 2), ('S', 0))",19,51,complete,51,0,0,False,False,True
dsC7O2H10nsd_3052.xyz,3052,"(('Br', 0), ('C', 7), ('Cl', 0), ('F', 0), ('H', 10), ('I', 0), ('N', 0), ('O', 2), ('S', 0))",19,51,complete,51,0,0,False,False,True
dsC7O2H10nsd_3053.xyz,3053,"(('Br', 0), ('C', 7), ('Cl', 0), ('F', 0), ('H', 10), ('I', 0), ('N', 0), ('O', 2), ('S', 0))",19,51,complete,51,0,0,False,False,True
dsC7O2H10nsd_3054.xyz,3054,"(('Br', 0), ('C', 7), ('Cl', 0), ('F', 0), ('H', 10), ('I', 0), ('N', 0), ('O', 2), ('S', 0))",19,51,complete,51,0,0,False,False,True
dsC7O2H10nsd_3055.xyz,3055,"(('Br', 0), ('C', 7), ('Cl', 0), ('F', 0), ('H', 10), ('I', 0), ('N', 0), ('O', 2), ('S', 0))",19,51,complete,51,0,0,False,False,True
dsC7O2H10nsd_3056.xyz,3056,"(('Br', 0), ('C', 7), ('Cl', 0), ('F', 0), ('H', 10), ('I', 0), ('N', 0), ('O', 2), ('S', 0))",19,51,complete,51,0,0,False,False,True
dsC7O2H10nsd_3057.xyz,3057,"(('Br', 0), ('C', 7), ('Cl', 0), ('F', 0), ('H', 10), ('I', 0), ('N', 0), ('O', 2), ('S', 0))",19,51,complete,51,0,0,False,False,True
dsC7O2H10nsd_3058.xyz,3058,"(('Br', 0), ('C', 7), ('Cl', 0), ('F', 0), ('H', 10), ('I', 0), ('N', 0), ('O', 2), ('S', 0))",19,51,complete,51,0,0,False,False,True
dsC7O2H10nsd_3059.xyz,3059,"(('Br', 0), ('C', 7), ('Cl', 0), ('F', 0), ('H', 10), ('I', 0), ('N', 0), ('O', 2), ('S', 0))",19,51,complete,51,0,0,False,False,True
dsC7O2H10nsd_3060.xyz,3060,"(('Br', 0), ('C', 7), ('Cl', 0), ('F', 0), ('H', 10), ('I', 0), ('N', 0), ('O', 2), ('S', 0))",19,51,complete,51,0,0,False,False,True
dsC7O2H10nsd_3061.xyz,3061,"(('Br', 0), ('C', 7), ('Cl', 0), ('F', 0), ('H', 10), ('I', 0), ('N', 0), ('O', 2), ('S', 0))",19,51,complete,51,0,0,False,False,True
dsC7O2H10nsd_3062.xyz,3062,"(('Br', 0), ('C', 7), ('Cl', 0), ('F', 0), ('H', 10), ('I', 0), ('N', 0), ('O', 2), ('S', 0))",19,51,complete,51,0,0,False,False,True
dsC7O2H10nsd_3063.xyz,3063,"(('Br', 0), ('C', 7), ('Cl', 0), ('F', 0), ('H', 10), ('I', 0), ('N', 0), ('O', 2), ('S', 0))",19,51,complete,51,0,0,False,False,True
dsC7O2H10nsd_3064.xyz,3064,"(('Br', 0), ('C', 7), ('Cl', 0), ('F', 0), ('H', 10), ('I', 0), ('N', 0), ('O', 2), ('S', 0))",19,51,complete,51,0,0,False,False,True
dsC7O2H10nsd_3065.xyz,3065,"(('Br', 0), ('C', 7), ('Cl', 0), ('F', 0), ('H', 10), ('I', 0), ('N', 0), ('O', 2), ('S', 0))",19,51,complete,51,0,0,False,False,True
dsC7O2H10nsd_3066.xyz,3066,"(('Br', 0), ('C', 7), ('Cl', 0), ('F', 0), ('H', 10), ('I', 0), ('N', 0), ('O', 2), ('S', 0))",19,51,complete,51,0,0,False,False,True
dsC7O2H10nsd_3067.xyz,3067,"(('Br', 0), ('C', 7), ('Cl', 0), ('F', 0), ('H', 10), ('I', 0), ('N', 0), ('O', 2), ('S', 0))",19,51,complete,51,0,0,False,False,True
dsC7O2H10nsd_3068.xyz,3068,"(('Br', 0), ('C', 7), ('Cl', 0), ('F', 0), ('H', 10), ('I', 0), ('N', 0), ('O', 2), ('S', 0))",19,51,complete,51,0,0,False,False,True
dsC7O2H10nsd_3069.xyz,3069,"(('Br', 0), ('C', 7), ('Cl', 0), ('F', 0), ('H', 10), ('I', 0), ('N', 0), ('O', 2), ('S', 0))",19,51,complete,51,0,0,False,False,True
dsC7O2H10nsd_3070.xyz,3070,"(('Br', 0), ('C', 7), ('Cl', 0), ('F', 0), ('H', 10), ('I', 0), ('N', 0), ('O', 2), ('S', 0))",19,51,complete,51,0,0,False,False,True
dsC7O2H10nsd_3071.xyz,3071,"(('Br', 0), ('C', 7), ('Cl', 0), ('F', 0), ('H', 10), ('I', 0), ('N', 0), ('O', 2), ('S', 0))",19,51,complete,51,0,0,False,False,True
dsC7O2H10nsd_3072.xyz,3072,"(('Br', 0), ('C', 7), ('Cl', 0), ('F', 0), ('H', 10), ('I', 0), ('N', 0), ('O', 2), ('S', 0))",19,51,complete,51,0,0,False,False,True
dsC7O2H10nsd_3073.xyz,3073,"(('Br', 0), ('C', 7), ('Cl', 0), ('F', 0), ('H', 10), ('I', 0), ('N', 0), ('O', 2), ('S', 0))",19,51,complete,51,0,0,False,False,True
dsC7O2H10nsd_3074.xyz,3074,"(('Br', 0), ('C', 7), ('Cl', 0), ('F', 0), ('H', 10), ('I', 0), ('N', 0), ('O', 2), ('S', 0))",19,51,complete,51,0,0,False,False,True
dsC7O2H10nsd_3075.xyz,3075,"(('Br', 0), ('C', 7), ('Cl', 0), ('F', 0), ('H', 10), ('I', 0), ('N', 0), ('O', 2), ('S', 0))",19,51,complete,51,0,0,False,False,True
dsC7O2H10nsd_3076.xyz,3076,"(('Br', 0), ('C', 7), ('Cl', 0), ('F', 0), ('H', 10), ('I', 0), ('N', 0), ('O', 2), ('S', 0))",19,51,complete,51,0,0,False,False,True
dsC7O2H10nsd_3077.xyz,3077,"(('Br', 0), ('C', 7), ('Cl', 0), ('F', 0), ('H', 10), ('I', 0), ('N', 0), ('O', 2), ('S', 0))",19,51,complete,51,0,0,False,False,True
dsC7O2H10nsd_3078.xyz,3078,"(('Br', 0), ('C', 7), ('Cl', 0), ('F', 0), ('H', 10), ('I', 0), ('N', 0), ('O', 2), ('S', 0))",19,51,complete,51,0,0,False,False,True
dsC7O2H10nsd_3079.xyz,3079,"(('Br', 0), ('C', 7), ('Cl', 0), ('F', 0), ('H', 10), ('I', 0), ('N', 0), ('O', 2), ('S', 0))",19,51,complete,51,0,0,False,False,True
dsC7O2H10nsd_3080.xyz,3080,"(('Br', 0), ('C', 7), ('Cl', 0), ('F', 0), ('H', 10), ('I', 0), ('N', 0), ('O', 2), ('S', 0))",19,51,complete,51,0,0,False,False,True
dsC7O2H10nsd_3081.xyz,3081,"(('Br', 0), ('C', 7), ('Cl', 0), ('F', 0), ('H', 10), ('I', 0), ('N', 0), ('O', 2), ('S', 0))",19,51,complete,51,0,0,False,False,True
dsC7O2H10nsd_3082.xyz,3082,"(('Br', 0), ('C', 7), ('Cl', 0), ('F', 0), ('H', 10), ('I', 0), ('N', 0), ('O', 2), ('S', 0))",19,51,complete,51,0,0,False,False,True
dsC7O2H10nsd_3083.xyz,3083,"(('Br', 0), ('C', 7), ('Cl', 0), ('F', 0), ('H', 10), ('I', 0), ('N', 0), ('O', 2), ('S', 0))",19,51,complete,51,0,0,False,False,True
dsC7O2H10nsd_3084.xyz,3084,"(('Br', 0), ('C', 7), ('Cl', 0), ('F', 0), ('H', 10), ('I', 0), ('N', 0), ('O', 2), ('S', 0))",19,51,complete,51,0,0,False,False,True
dsC7O2H10nsd_3085.xyz,3085,"(('Br', 0), ('C', 7), ('Cl', 0), ('F', 0), ('H', 10), ('I', 0), ('N', 0), ('O', 2), ('S', 0))",19,51,complete,51,0,0,False,False,True
dsC7O2H10nsd_3086.xyz,3086,"(('Br', 0), ('C', 7), ('Cl', 0), ('F', 0), ('H', 10), ('I', 0), ('N', 0), ('O', 2), ('S', 0))",19,51,complete,51,0,0,False,False,True
dsC7O2H10nsd_3087.xyz,3087,"(('Br', 0), ('C', 7), ('Cl', 0), ('F', 0), ('H', 10), ('I', 0), ('N', 0), ('O', 2), ('S', 0))",19,51,complete,51,0,0,False,False,True
dsC7O2H10nsd_3088.xyz,3088,"(('Br', 0), ('C', 7), ('Cl', 0), ('F', 0), ('H', 10), ('I', 0), ('N', 0), ('O', 2), ('S', 0))",19,51,complete,51,0,0,False,False,True
dsC7O2H10nsd_3089.xyz,3089,"(('Br', 0), ('C', 7), ('Cl', 0), ('F', 0), ('H', 10), ('I', 0), ('N', 0), ('O', 2), ('S', 0))",19,51,complete,51,0,0,False,False,True
dsC7O2H10nsd_3090.xyz,3090,"(('Br', 0), ('C', 7), ('Cl', 0), ('F', 0), ('H', 10), ('I', 0), ('N', 0), ('O', 2), ('S', 0))",19,51,complete,51,0,0,False,False,True
dsC7O2H10nsd_3091.xyz,3091,"(('Br', 0), ('C', 7), ('Cl', 0), ('F', 0), ('H', 10), ('I', 0), ('N', 0), ('O', 2), ('S', 0))",19,51,complete,51,0,0,False,False,True
dsC7O2H10nsd_3092.xyz,3092,"(('Br', 0), ('C', 7), ('Cl', 0), ('F', 0), ('H', 10), ('I', 0), ('N', 0), ('O', 2), ('S', 0))",19,51,complete,51,0,0,False,False,True
dsC7O2H10nsd_3093.xyz,3093,"(('Br', 0), ('C', 7), ('Cl', 0), ('F', 0), ('H', 10), ('I', 0), ('N', 0), ('O', 2), ('S', 0))",19,102,incomplete_count,102,0,0,False,False,True
dsC7O2H10nsd_3094.xyz,3094,"(('Br', 0), ('C', 7), ('Cl', 0), ('F', 0), ('H', 10), ('I', 0), ('N', 0), ('O', 2), ('S', 0))",19,51,complete,51,0,0,False,False,True
dsC7O2H10nsd_3095.xyz,3095,"(('Br', 0), ('C', 7), ('Cl', 0), ('F', 0), ('H', 10), ('I', 0), ('N', 0), ('O', 2), ('S', 0))",19,51,complete,51,0,0,False,False,True
dsC7O2H10nsd_3096.xyz,3096,"(('Br', 0), ('C', 7), ('Cl', 0), ('F', 0), ('H', 10), ('I', 0), ('N', 0), ('O', 2), ('S', 0))",19,51,complete,51,0,0,False,False,True
dsC7O2H10nsd_3097.xyz,3097,"(('Br', 0), ('C', 7), ('Cl', 0), ('F', 0), ('H', 10), ('I', 0), ('N', 0), ('O', 2), ('S', 0))",19,51,complete,51,0,0,False,False,True
dsC7O2H10nsd_3098.xyz,3098,"(('Br', 0), ('C', 7), ('Cl', 0), ('F', 0), ('H', 10), ('I', 0), ('N', 0), ('O', 2), ('S', 0))",19,51,complete,51,0,0,False,False,True
dsC7O2H10nsd_3099.xyz,3099,"(('Br', 0), ('C', 7), ('Cl', 0), ('F', 0), ('H', 10), ('I', 0), ('N', 0), ('O', 2), ('S', 0))",19,51,complete,51,0,0,False,False,True
dsC7O2H10nsd_3100.xyz,3100,"(('Br', 0), ('C', 7), ('Cl', 0), ('F', 0), ('H', 10), ('I', 0), ('N', 0), ('O', 2), ('S', 0))",19,51,complete,51,0,0,False,False,True
dsC7O2H10nsd_3101.xyz,3101,"(('Br', 0), ('C', 7), ('Cl', 0), ('F', 0), ('H', 10), ('I', 0), ('N', 0), ('O', 2), ('S', 0))",19,51,complete,51,0,0,False,False,True
dsC7O2H10nsd_3102.xyz,3102,"(('Br', 0), ('C', 7), ('Cl', 0), ('F', 0), ('H', 10), ('I', 0), ('N', 0), ('O', 2), ('S', 0))",19,51,complete,51,0,0,False,False,True
dsC7O2H10nsd_3103.xyz,3103,"(('Br', 0), ('C', 7), ('Cl', 0), ('F', 0), ('H', 10), ('I', 0), ('N', 0), ('O', 2), ('S', 0))",19,51,complete,51,0,0,False,False,True
dsC7O2H10nsd_3104.xyz,3104,"(('Br', 0), ('C', 7), ('Cl', 0), ('F', 0), ('H', 10), ('I', 0), ('N', 0), ('O', 2), ('S', 0))",19,51,complete,51,0,0,False,False,True
dsC7O2H10nsd_3105.xyz,3105,"(('Br', 0), ('C', 7), ('Cl', 0), ('F', 0), ('H', 10), ('I', 0), ('N', 0), ('O', 2), ('S', 0))",19,51,complete,51,0,0,False,False,True
dsC7O2H10nsd_3106.xyz,3106,"(('Br', 0), ('C', 7), ('Cl', 0), ('F', 0), ('H', 10), ('I', 0), ('N', 0), ('O', 2), ('S', 0))",19,51,complete,51,0,0,False,False,True
dsC7O2H10nsd_3107.xyz,3107,"(('Br', 0), ('C', 7), ('Cl', 0), ('F', 0), ('H', 10), ('I', 0), ('N', 0), ('O', 2), ('S', 0))",19,51,complete,51,0,0,False,False,True
dsC7O2H10nsd_3108.xyz,3108,"(('Br', 0), ('C', 7), ('Cl', 0), ('F', 0), ('H', 10), ('I', 0), ('N', 0), ('O', 2), ('S', 0))",19,51,complete,51,0,0,False,False,True
dsC7O2H10nsd_3109.xyz,3109,"(('Br', 0), ('C', 7), ('Cl', 0), ('F', 0), ('H', 10), ('I', 0), ('N', 0), ('O', 2), ('S', 0))",19,51,complete,51,0,0,False,False,True
dsC7O2H10nsd_3110.xyz,3110,"(('Br', 0), ('C', 7), ('Cl', 0), ('F', 0), ('H', 10), ('I', 0), ('N', 0), ('O', 2), ('S', 0))",19,51,complete,51,0,0,False,False,True
dsC7O2H10nsd_3111.xyz,3111,"(('Br', 0), ('C', 7), ('Cl', 0), ('F', 0), ('H', 10), ('I', 0), ('N', 0), ('O', 2), ('S', 0))",19,51,complete,51,0,0,False,False,True
dsC7O2H10nsd_3112.xyz,3112,"(('Br', 0), ('C', 7), ('Cl', 0), ('F', 0), ('H', 10), ('I', 0), ('N', 0), ('O', 2), ('S', 0))",19,51,complete,51,0,0,False,False,True
dsC7O2H10nsd_3113.xyz,3113,"(('Br', 0), ('C', 7), ('Cl', 0), ('F', 0), ('H', 10), ('I', 0), ('N', 0), ('O', 2), ('S', 0))",19,51,complete,51,0,0,False,False,True
dsC7O2H10nsd_3114.xyz,3114,"(('Br', 0), ('C', 7), ('Cl', 0), ('F', 0), ('H', 10), ('I', 0), ('N', 0), ('O', 2), ('S', 0))",19,51,complete,51,0,0,False,False,True
dsC7O2H10nsd_3115.xyz,3115,"(('Br', 0), ('C', 7), ('Cl', 0), ('F', 0), ('H', 10), ('I', 0), ('N', 0), ('O', 2), ('S', 0))",19,51,complete,51,0,0,False,False,True
dsC7O2H10nsd_3116.xyz,3116,"(('Br', 0), ('C', 7), ('Cl', 0), ('F', 0), ('H', 10), ('I', 0), ('N', 0), ('O', 2), ('S', 0))",19,51,complete,51,0,0,False,False,True
dsC7O2H10nsd_3117.xyz,3117,"(('Br', 0), ('C', 7), ('Cl', 0), ('F', 0), ('H', 10), ('I', 0), ('N', 0), ('O', 2), ('S', 0))",19,51,complete,51,0,0,False,False,True
dsC7O2H10nsd_3118.xyz,3118,"(('Br', 0), ('C', 7), ('Cl', 0), ('F', 0), ('H', 10), ('I', 0), ('N', 0), ('O', 2), ('S', 0))",19,51,complete,51,0,0,False,False,True
dsC7O2H10nsd_3119.xyz,3119,"(('Br', 0), ('C', 7), ('Cl', 0), ('F', 0), ('H', 10), ('I', 0), ('N', 0), ('O', 2), ('S', 0))",19,51,complete,51,0,0,False,False,True
dsC7O2H10nsd_3120.xyz,3120,"(('Br', 0), ('C', 7), ('Cl', 0), ('F', 0), ('H', 10), ('I', 0), ('N', 0), ('O', 2), ('S', 0))",19,51,complete,51,0,0,False,False,True
dsC7O2H10nsd_3121.xyz,3121,"(('Br', 0), ('C', 7), ('Cl', 0), ('F', 0), ('H', 10), ('I', 0), ('N', 0), ('O', 2), ('S', 0))",19,51,complete,51,0,0,False,False,True
dsC7O2H10nsd_3122.xyz,3122,"(('Br', 0), ('C', 7), ('Cl', 0), ('F', 0), ('H', 10), ('I', 0), ('N', 0), ('O', 2), ('S', 0))",19,51,complete,51,0,0,False,False,True
dsC7O2H10nsd_3123.xyz,3123,"(('Br', 0), ('C', 7), ('Cl', 0), ('F', 0), ('H', 10), ('I', 0), ('N', 0), ('O', 2), ('S', 0))",19,51,complete,51,0,0,False,False,True
dsC7O2H10nsd_3124.xyz,3124,"(('Br', 0), ('C', 7), ('Cl', 0), ('F', 0), ('H', 10), ('I', 0), ('N', 0), ('O', 2), ('S', 0))",19,51,complete,51,0,0,False,False,True
dsC7O2H10nsd_3125.xyz,3125,"(('Br', 0), ('C', 7), ('Cl', 0), ('F', 0), ('H', 10), ('I', 0), ('N', 0), ('O', 2), ('S', 0))",19,51,complete,51,0,0,False,False,True
dsC7O2H10nsd_3126.xyz,3126,"(('Br', 0), ('C', 7), ('Cl', 0), ('F', 0), ('H', 10), ('I', 0), ('N', 0), ('O', 2), ('S', 0))",19,51,complete,51,0,0,False,False,True
dsC7O2H10nsd_3127.xyz,3127,"(('Br', 0), ('C', 7), ('Cl', 0), ('F', 0), ('H', 10), ('I', 0), ('N', 0), ('O', 2), ('S', 0))",19,51,complete,51,0,0,False,False,True
dsC7O2H10nsd_3128.xyz,3128,"(('Br', 0), ('C', 7), ('Cl', 0), ('F', 0), ('H', 10), ('I', 0), ('N', 0), ('O', 2), ('S', 0))",19,51,complete,51,0,0,False,False,True
dsC7O2H10nsd_3129.xyz,3129,"(('Br', 0), ('C', 7), ('Cl', 0), ('F', 0), ('H', 10), ('I', 0), ('N', 0), ('O', 2), ('S', 0))",19,51,complete,51,0,0,False,False,True
dsC7O2H10nsd_3130.xyz,3130,"(('Br', 0), ('C', 7), ('Cl', 0), ('F', 0), ('H', 10), ('I', 0), ('N', 0), ('O', 2), ('S', 0))",19,51,complete,51,0,0,False,False,True
dsC7O2H10nsd_3131.xyz,3131,"(('Br', 0), ('C', 7), ('Cl', 0), ('F', 0), ('H', 10), ('I', 0), ('N', 0), ('O', 2), ('S', 0))",19,51,complete,51,0,0,False,False,True
dsC7O2H10nsd_3132.xyz,3132,"(('Br', 0), ('C', 7), ('Cl', 0), ('F', 0), ('H', 10), ('I', 0), ('N', 0), ('O', 2), ('S', 0))",19,51,complete,51,0,0,False,False,True
dsC7O2H10nsd_3133.xyz,3133,"(('Br', 0), ('C', 7), ('Cl', 0), ('F', 0), ('H', 10), ('I', 0), ('N', 0), ('O', 2), ('S', 0))",19,51,complete,51,0,0,False,False,True
dsC7O2H10nsd_3134.xyz,3134,"(('Br', 0), ('C', 7), ('Cl', 0), ('F', 0), ('H', 10), ('I', 0), ('N', 0), ('O', 2), ('S', 0))",19,51,complete,51,0,0,False,False,True
dsC7O2H10nsd_3135.xyz,3135,"(('Br', 0), ('C', 7), ('Cl', 0), ('F', 0), ('H', 10), ('I', 0), ('N', 0), ('O', 2), ('S', 0))",19,51,complete,51,0,0,False,False,True
dsC7O2H10nsd_3136.xyz,3136,"(('Br', 0), ('C', 7), ('Cl', 0), ('F', 0), ('H', 10), ('I', 0), ('N', 0), ('O', 2), ('S', 0))",19,102,incomplete_count,102,0,0,False,False,True
dsC7O2H10nsd_3137.xyz,3137,"(('Br', 0), ('C', 7), ('Cl', 0), ('F', 0), ('H', 10), ('I', 0), ('N', 0), ('O', 2), ('S', 0))",19,51,complete,51,0,0,False,False,True
dsC7O2H10nsd_3138.xyz,3138,"(('Br', 0), ('C', 7), ('Cl', 0), ('F', 0), ('H', 10), ('I', 0), ('N', 0), ('O', 2), ('S', 0))",19,51,complete,51,0,0,False,False,True
dsC7O2H10nsd_3139.xyz,3139,"(('Br', 0), ('C', 7), ('Cl', 0), ('F', 0), ('H', 10), ('I', 0), ('N', 0), ('O', 2), ('S', 0))",19,51,complete,51,0,0,False,False,True
dsC7O2H10nsd_3140.xyz,3140,"(('Br', 0), ('C', 7), ('Cl', 0), ('F', 0), ('H', 10), ('I', 0), ('N', 0), ('O', 2), ('S', 0))",19,51,complete,51,0,0,False,False,True
dsC7O2H10nsd_3141.xyz,3141,"(('Br', 0), ('C', 7), ('Cl', 0), ('F', 0), ('H', 10), ('I', 0), ('N', 0), ('O', 2), ('S', 0))",19,51,complete,51,0,0,False,False,True
dsC7O2H10nsd_3142.xyz,3142,"(('Br', 0), ('C', 7), ('Cl', 0), ('F', 0), ('H', 10), ('I', 0), ('N', 0), ('O', 2), ('S', 0))",19,51,complete,51,0,0,False,False,True
dsC7O2H10nsd_3143.xyz,3143,"(('Br', 0), ('C', 7), ('Cl', 0), ('F', 0), ('H', 10), ('I', 0), ('N', 0), ('O', 2), ('S', 0))",19,51,complete,51,0,0,False,False,True
dsC7O2H10nsd_3144.xyz,3144,"(('Br', 0), ('C', 7), ('Cl', 0), ('F', 0), ('H', 10), ('I', 0), ('N', 0), ('O', 2), ('S', 0))",19,51,complete,51,0,0,False,False,True
dsC7O2H10nsd_3145.xyz,3145,"(('Br', 0), ('C', 7), ('Cl', 0), ('F', 0), ('H', 10), ('I', 0), ('N', 0), ('O', 2), ('S', 0))",19,51,complete,51,0,0,False,False,True
dsC7O2H10nsd_3146.xyz,3146,"(('Br', 0), ('C', 7), ('Cl', 0), ('F', 0), ('H', 10), ('I', 0), ('N', 0), ('O', 2), ('S', 0))",19,51,complete,51,0,0,False,False,True
dsC7O2H10nsd_3147.xyz,3147,"(('Br', 0), ('C', 7), ('Cl', 0), ('F', 0), ('H', 10), ('I', 0), ('N', 0), ('O', 2), ('S', 0))",19,51,complete,51,0,0,False,False,True
dsC7O2H10nsd_3148.xyz,3148,"(('Br', 0), ('C', 7), ('Cl', 0), ('F', 0), ('H', 10), ('I', 0), ('N', 0), ('O', 2), ('S', 0))",19,51,complete,51,0,0,False,False,True
dsC7O2H10nsd_3149.xyz,3149,"(('Br', 0), ('C', 7), ('Cl', 0), ('F', 0), ('H', 10), ('I', 0), ('N', 0), ('O', 2), ('S', 0))",19,51,complete,51,0,0,False,False,True
dsC7O2H10nsd_3150.xyz,3150,"(('Br', 0), ('C', 7), ('Cl', 0), ('F', 0), ('H', 10), ('I', 0), ('N', 0), ('O', 2), ('S', 0))",19,51,complete,51,0,0,False,False,True
dsC7O2H10nsd_3151.xyz,3151,"(('Br', 0), ('C', 7), ('Cl', 0), ('F', 0), ('H', 10), ('I', 0), ('N', 0), ('O', 2), ('S', 0))",19,51,complete,51,0,0,False,False,True
dsC7O2H10nsd_3152.xyz,3152,"(('Br', 0), ('C', 7), ('Cl', 0), ('F', 0), ('H', 10), ('I', 0), ('N', 0), ('O', 2), ('S', 0))",19,51,complete,51,0,0,False,False,True
dsC7O2H10nsd_3153.xyz,3153,"(('Br', 0), ('C', 7), ('Cl', 0), ('F', 0), ('H', 10), ('I', 0), ('N', 0), ('O', 2), ('S', 0))",19,51,complete,51,0,0,False,False,True
dsC7O2H10nsd_3154.xyz,3154,"(('Br', 0), ('C', 7), ('Cl', 0), ('F', 0), ('H', 10), ('I', 0), ('N', 0), ('O', 2), ('S', 0))",19,51,complete,51,0,0,False,False,True
dsC7O2H10nsd_3155.xyz,3155,"(('Br', 0), ('C', 7), ('Cl', 0), ('F', 0), ('H', 10), ('I', 0), ('N', 0), ('O', 2), ('S', 0))",19,51,complete,51,0,0,False,False,True
dsC7O2H10nsd_3156.xyz,3156,"(('Br', 0), ('C', 7), ('Cl', 0), ('F', 0), ('H', 10), ('I', 0), ('N', 0), ('O', 2), ('S', 0))",19,51,complete,51,0,0,False,False,True
dsC7O2H10nsd_3157.xyz,3157,"(('Br', 0), ('C', 7), ('Cl', 0), ('F', 0), ('H', 10), ('I', 0), ('N', 0), ('O', 2), ('S', 0))",19,51,complete,51,0,0,False,False,True
dsC7O2H10nsd_3158.xyz,3158,"(('Br', 0), ('C', 7), ('Cl', 0), ('F', 0), ('H', 10), ('I', 0), ('N', 0), ('O', 2), ('S', 0))",19,51,complete,51,0,0,False,False,True
dsC7O2H10nsd_3159.xyz,3159,"(('Br', 0), ('C', 7), ('Cl', 0), ('F', 0), ('H', 10), ('I', 0), ('N', 0), ('O', 2), ('S', 0))",19,51,complete,51,0,0,False,False,True
dsC7O2H10nsd_3160.xyz,3160,"(('Br', 0), ('C', 7), ('Cl', 0), ('F', 0), ('H', 10), ('I', 0), ('N', 0), ('O', 2), ('S', 0))",19,51,complete,51,0,0,False,False,True
dsC7O2H10nsd_3161.xyz,3161,"(('Br', 0), ('C', 7), ('Cl', 0), ('F', 0), ('H', 10), ('I', 0), ('N', 0), ('O', 2), ('S', 0))",19,51,complete,51,0,0,False,False,True
dsC7O2H10nsd_3162.xyz,3162,"(('Br', 0), ('C', 7), ('Cl', 0), ('F', 0), ('H', 10), ('I', 0), ('N', 0), ('O', 2), ('S', 0))",19,51,complete,51,0,0,False,False,True
dsC7O2H10nsd_3163.xyz,3163,"(('Br', 0), ('C', 7), ('Cl', 0), ('F', 0), ('H', 10), ('I', 0), ('N', 0), ('O', 2), ('S', 0))",19,51,complete,51,0,0,False,False,True
dsC7O2H10nsd_3164.xyz,3164,"(('Br', 0), ('C', 7), ('Cl', 0), ('F', 0), ('H', 10), ('I', 0), ('N', 0), ('O', 2), ('S', 0))",19,51,complete,51,0,0,False,False,True
dsC7O2H10nsd_3165.xyz,3165,"(('Br', 0), ('C', 7), ('Cl', 0), ('F', 0), ('H', 10), ('I', 0), ('N', 0), ('O', 2), ('S', 0))",19,51,complete,51,0,0,False,False,True
dsC7O2H10nsd_3166.xyz,3166,"(('Br', 0), ('C', 7), ('Cl', 0), ('F', 0), ('H', 10), ('I', 0), ('N', 0), ('O', 2), ('S', 0))",19,51,complete,51,0,0,False,False,True
dsC7O2H10nsd_3167.xyz,3167,"(('Br', 0), ('C', 7), ('Cl', 0), ('F', 0), ('H', 10), ('I', 0), ('N', 0), ('O', 2), ('S', 0))",19,51,complete,51,0,0,False,False,True
dsC7O2H10nsd_3168.xyz,3168,"(('Br', 0), ('C', 7), ('Cl', 0), ('F', 0), ('H', 10), ('I', 0), ('N', 0), ('O', 2), ('S', 0))",19,51,complete,51,0,0,False,False,True
dsC7O2H10nsd_3169.xyz,3169,"(('Br', 0), ('C', 7), ('Cl', 0), ('F', 0), ('H', 10), ('I', 0), ('N', 0), ('O', 2), ('S', 0))",19,51,complete,51,0,0,False,False,True
dsC7O2H10nsd_3170.xyz,3170,"(('Br', 0), ('C', 7), ('Cl', 0), ('F', 0), ('H', 10), ('I', 0), ('N', 0), ('O', 2), ('S', 0))",19,51,complete,51,0,0,False,False,True
dsC7O2H10nsd_3171.xyz,3171,"(('Br', 0), ('C', 7), ('Cl', 0), ('F', 0), ('H', 10), ('I', 0), ('N', 0), ('O', 2), ('S', 0))",19,51,complete,51,0,0,False,False,True
dsC7O2H10nsd_3172.xyz,3172,"(('Br', 0), ('C', 7), ('Cl', 0), ('F', 0), ('H', 10), ('I', 0), ('N', 0), ('O', 2), ('S', 0))",19,51,complete,51,0,0,False,False,True
dsC7O2H10nsd_3173.xyz,3173,"(('Br', 0), ('C', 7), ('Cl', 0), ('F', 0), ('H', 10), ('I', 0), ('N', 0), ('O', 2), ('S', 0))",19,51,complete,51,0,0,False,False,True
dsC7O2H10nsd_3174.xyz,3174,"(('Br', 0), ('C', 7), ('Cl', 0), ('F', 0), ('H', 10), ('I', 0), ('N', 0), ('O', 2), ('S', 0))",19,51,complete,51,0,0,False,False,True
dsC7O2H10nsd_3175.xyz,3175,"(('Br', 0), ('C', 7), ('Cl', 0), ('F', 0), ('H', 10), ('I', 0), ('N', 0), ('O', 2), ('S', 0))",19,51,complete,51,0,0,False,False,True
dsC7O2H10nsd_3176.xyz,3176,"(('Br', 0), ('C', 7), ('Cl', 0), ('F', 0), ('H', 10), ('I', 0), ('N', 0), ('O', 2), ('S', 0))",19,51,complete,51,0,0,False,False,True
dsC7O2H10nsd_3177.xyz,3177,"(('Br', 0), ('C', 7), ('Cl', 0), ('F', 0), ('H', 10), ('I', 0), ('N', 0), ('O', 2), ('S', 0))",19,51,complete,51,0,0,False,False,True
dsC7O2H10nsd_3178.xyz,3178,"(('Br', 0), ('C', 7), ('Cl', 0), ('F', 0), ('H', 10), ('I', 0), ('N', 0), ('O', 2), ('S', 0))",19,51,complete,51,0,0,False,False,True
dsC7O2H10nsd_3179.xyz,3179,"(('Br', 0), ('C', 7), ('Cl', 0), ('F', 0), ('H', 10), ('I', 0), ('N', 0), ('O', 2), ('S', 0))",19,51,complete,51,0,0,False,False,True
dsC7O2H10nsd_3180.xyz,3180,"(('Br', 0), ('C', 7), ('Cl', 0), ('F', 0), ('H', 10), ('I', 0), ('N', 0), ('O', 2), ('S', 0))",19,51,complete,51,0,0,False,False,True
dsC7O2H10nsd_3181.xyz,3181,"(('Br', 0), ('C', 7), ('Cl', 0), ('F', 0), ('H', 10), ('I', 0), ('N', 0), ('O', 2), ('S', 0))",19,51,complete,51,0,0,False,False,True
dsC7O2H10nsd_3182.xyz,3182,"(('Br', 0), ('C', 7), ('Cl', 0), ('F', 0), ('H', 10), ('I', 0), ('N', 0), ('O', 2), ('S', 0))",19,51,complete,51,0,0,False,False,True
dsC7O2H10nsd_3183.xyz,3183,"(('Br', 0), ('C', 7), ('Cl', 0), ('F', 0), ('H', 10), ('I', 0), ('N', 0), ('O', 2), ('S', 0))",19,51,complete,51,0,0,False,False,True
dsC7O2H10nsd_3184.xyz,3184,"(('Br', 0), ('C', 7), ('Cl', 0), ('F', 0), ('H', 10), ('I', 0), ('N', 0), ('O', 2), ('S', 0))",19,51,complete,51,0,0,False,False,True
dsC7O2H10nsd_3185.xyz,3185,"(('Br', 0), ('C', 7), ('Cl', 0), ('F', 0), ('H', 10), ('I', 0), ('N', 0), ('O', 2), ('S', 0))",19,51,complete,51,0,0,False,False,True
dsC7O2H10nsd_3186.xyz,3186,"(('Br', 0), ('C', 7), ('Cl', 0), ('F', 0), ('H', 10), ('I', 0), ('N', 0), ('O', 2), ('S', 0))",19,51,complete,51,0,0,False,False,True
dsC7O2H10nsd_3187.xyz,3187,"(('Br', 0), ('C', 7), ('Cl', 0), ('F', 0), ('H', 10), ('I', 0), ('N', 0), ('O', 2), ('S', 0))",19,51,complete,51,0,0,False,False,True
dsC7O2H10nsd_3188.xyz,3188,"(('Br', 0), ('C', 7), ('Cl', 0), ('F', 0), ('H', 10), ('I', 0), ('N', 0), ('O', 2), ('S', 0))",19,51,complete,51,0,0,False,False,True
dsC7O2H10nsd_3189.xyz,3189,"(('Br', 0), ('C', 7), ('Cl', 0), ('F', 0), ('H', 10), ('I', 0), ('N', 0), ('O', 2), ('S', 0))",19,51,complete,51,0,0,False,False,True
dsC7O2H10nsd_3190.xyz,3190,"(('Br', 0), ('C', 7), ('Cl', 0), ('F', 0), ('H', 10), ('I', 0), ('N', 0), ('O', 2), ('S', 0))",19,51,complete,51,0,0,False,False,True
dsC7O2H10nsd_3191.xyz,3191,"(('Br', 0), ('C', 7), ('Cl', 0), ('F', 0), ('H', 10), ('I', 0), ('N', 0), ('O', 2), ('S', 0))",19,51,complete,51,0,0,False,False,True
dsC7O2H10nsd_3192.xyz,3192,"(('Br', 0), ('C', 7), ('Cl', 0), ('F', 0), ('H', 10), ('I', 0), ('N', 0), ('O', 2), ('S', 0))",19,51,complete,51,0,0,False,False,True
dsC7O2H10nsd_3193.xyz,3193,"(('Br', 0), ('C', 7), ('Cl', 0), ('F', 0), ('H', 10), ('I', 0), ('N', 0), ('O', 2), ('S', 0))",19,51,complete,51,0,0,False,False,True
dsC7O2H10nsd_3194.xyz,3194,"(('Br', 0), ('C', 7), ('Cl', 0), ('F', 0), ('H', 10), ('I', 0), ('N', 0), ('O', 2), ('S', 0))",19,51,complete,51,0,0,False,False,True
dsC7O2H10nsd_3195.xyz,3195,"(('Br', 0), ('C', 7), ('Cl', 0), ('F', 0), ('H', 10), ('I', 0), ('N', 0), ('O', 2), ('S', 0))",19,51,complete,51,0,0,False,False,True
dsC7O2H10nsd_3196.xyz,3196,"(('Br', 0), ('C', 7), ('Cl', 0), ('F', 0), ('H', 10), ('I', 0), ('N', 0), ('O', 2), ('S', 0))",19,51,complete,51,0,0,False,False,True
dsC7O2H10nsd_3197.xyz,3197,"(('Br', 0), ('C', 7), ('Cl', 0), ('F', 0), ('H', 10), ('I', 0), ('N', 0), ('O', 2), ('S', 0))",19,51,complete,51,0,0,False,False,True
dsC7O2H10nsd_3198.xyz,3198,"(('Br', 0), ('C', 7), ('Cl', 0), ('F', 0), ('H', 10), ('I', 0), ('N', 0), ('O', 2), ('S', 0))",19,51,complete,51,0,0,False,False,True
dsC7O2H10nsd_3199.xyz,3199,"(('Br', 0), ('C', 7), ('Cl', 0), ('F', 0), ('H', 10), ('I', 0), ('N', 0), ('O', 2), ('S', 0))",19,51,complete,51,0,0,False,False,True
dsC7O2H10nsd_3200.xyz,3200,"(('Br', 0), ('C', 7), ('Cl', 0), ('F', 0), ('H', 10), ('I', 0), ('N', 0), ('O', 2), ('S', 0))",19,51,complete,51,0,0,False,False,True
dsC7O2H10nsd_3201.xyz,3201,"(('Br', 0), ('C', 7), ('Cl', 0), ('F', 0), ('H', 10), ('I', 0), ('N', 0), ('O', 2), ('S', 0))",19,51,complete,51,0,0,False,False,True
dsC7O2H10nsd_3202.xyz,3202,"(('Br', 0), ('C', 7), ('Cl', 0), ('F', 0), ('H', 10), ('I', 0), ('N', 0), ('O', 2), ('S', 0))",19,51,complete,51,0,0,False,False,True
dsC7O2H10nsd_3203.xyz,3203,"(('Br', 0), ('C', 7), ('Cl', 0), ('F', 0), ('H', 10), ('I', 0), ('N', 0), ('O', 2), ('S', 0))",19,51,complete,51,0,0,False,False,True
dsC7O2H10nsd_3204.xyz,3204,"(('Br', 0), ('C', 7), ('Cl', 0), ('F', 0), ('H', 10), ('I', 0), ('N', 0), ('O', 2), ('S', 0))",19,51,complete,51,0,0,False,False,True
dsC7O2H10nsd_3205.xyz,3205,"(('Br', 0), ('C', 7), ('Cl', 0), ('F', 0), ('H', 10), ('I', 0), ('N', 0), ('O', 2), ('S', 0))",19,51,complete,51,0,0,False,False,True
dsC7O2H10nsd_3206.xyz,3206,"(('Br', 0), ('C', 7), ('Cl', 0), ('F', 0), ('H', 10), ('I', 0), ('N', 0), ('O', 2), ('S', 0))",19,51,complete,51,0,0,False,False,True
dsC7O2H10nsd_3207.xyz,3207,"(('Br', 0), ('C', 7), ('Cl', 0), ('F', 0), ('H', 10), ('I', 0), ('N', 0), ('O', 2), ('S', 0))",19,51,complete,51,0,0,False,False,True
dsC7O2H10nsd_3208.xyz,3208,"(('Br', 0), ('C', 7), ('Cl', 0), ('F', 0), ('H', 10), ('I', 0), ('N', 0), ('O', 2), ('S', 0))",19,51,complete,51,0,0,False,False,True
dsC7O2H10nsd_3209.xyz,3209,"(('Br', 0), ('C', 7), ('Cl', 0), ('F', 0), ('H', 10), ('I', 0), ('N', 0), ('O', 2), ('S', 0))",19,51,complete,51,0,0,False,False,True
dsC7O2H10nsd_3210.xyz,3210,"(('Br', 0), ('C', 7), ('Cl', 0), ('F', 0), ('H', 10), ('I', 0), ('N', 0), ('O', 2), ('S', 0))",19,51,complete,51,0,0,False,False,True
dsC7O2H10nsd_3211.xyz,3211,"(('Br', 0), ('C', 7), ('Cl', 0), ('F', 0), ('H', 10), ('I', 0), ('N', 0), ('O', 2), ('S', 0))",19,51,complete,51,0,0,False,False,True
dsC7O2H10nsd_3212.xyz,3212,"(('Br', 0), ('C', 7), ('Cl', 0), ('F', 0), ('H', 10), ('I', 0), ('N', 0), ('O', 2), ('S', 0))",19,51,complete,51,0,0,False,False,True
dsC7O2H10nsd_3213.xyz,3213,"(('Br', 0), ('C', 7), ('Cl', 0), ('F', 0), ('H', 10), ('I', 0), ('N', 0), ('O', 2), ('S', 0))",19,51,complete,51,0,0,False,False,True
dsC7O2H10nsd_3214.xyz,3214,"(('Br', 0), ('C', 7), ('Cl', 0), ('F', 0), ('H', 10), ('I', 0), ('N', 0), ('O', 2), ('S', 0))",19,51,complete,51,0,0,False,False,True
dsC7O2H10nsd_3215.xyz,3215,"(('Br', 0), ('C', 7), ('Cl', 0), ('F', 0), ('H', 10), ('I', 0), ('N', 0), ('O', 2), ('S', 0))",19,51,complete,51,0,0,False,False,True
dsC7O2H10nsd_3216.xyz,3216,"(('Br', 0), ('C', 7), ('Cl', 0), ('F', 0), ('H', 10), ('I', 0), ('N', 0), ('O', 2), ('S', 0))",19,51,complete,51,0,0,False,False,True
dsC7O2H10nsd_3217.xyz,3217,"(('Br', 0), ('C', 7), ('Cl', 0), ('F', 0), ('H', 10), ('I', 0), ('N', 0), ('O', 2), ('S', 0))",19,51,complete,51,0,0,False,False,True
dsC7O2H10nsd_3218.xyz,3218,"(('Br', 0), ('C', 7), ('Cl', 0), ('F', 0), ('H', 10), ('I', 0), ('N', 0), ('O', 2), ('S', 0))",19,51,complete,51,0,0,False,False,True
dsC7O2H10nsd_3219.xyz,3219,"(('Br', 0), ('C', 7), ('Cl', 0), ('F', 0), ('H', 10), ('I', 0), ('N', 0), ('O', 2), ('S', 0))",19,51,complete,51,0,0,False,False,True
dsC7O2H10nsd_3220.xyz,3220,"(('Br', 0), ('C', 7), ('Cl', 0), ('F', 0), ('H', 10), ('I', 0), ('N', 0), ('O', 2), ('S', 0))",19,51,complete,51,0,0,False,False,True
dsC7O2H10nsd_3221.xyz,3221,"(('Br', 0), ('C', 7), ('Cl', 0), ('F', 0), ('H', 10), ('I', 0), ('N', 0), ('O', 2), ('S', 0))",19,51,complete,51,0,0,False,False,True
dsC7O2H10nsd_3222.xyz,3222,"(('Br', 0), ('C', 7), ('Cl', 0), ('F', 0), ('H', 10), ('I', 0), ('N', 0), ('O', 2), ('S', 0))",19,51,complete,51,0,0,False,False,True
dsC7O2H10nsd_3223.xyz,3223,"(('Br', 0), ('C', 7), ('Cl', 0), ('F', 0), ('H', 10), ('I', 0), ('N', 0), ('O', 2), ('S', 0))",19,51,complete,51,0,0,False,False,True
dsC7O2H10nsd_3224.xyz,3224,"(('Br', 0), ('C', 7), ('Cl', 0), ('F', 0), ('H', 10), ('I', 0), ('N', 0), ('O', 2), ('S', 0))",19,51,complete,51,0,0,False,False,True
dsC7O2H10nsd_3225.xyz,3225,"(('Br', 0), ('C', 7), ('Cl', 0), ('F', 0), ('H', 10), ('I', 0), ('N', 0), ('O', 2), ('S', 0))",19,51,complete,51,0,0,False,False,True
dsC7O2H10nsd_3226.xyz,3226,"(('Br', 0), ('C', 7), ('Cl', 0), ('F', 0), ('H', 10), ('I', 0), ('N', 0), ('O', 2), ('S', 0))",19,51,complete,51,0,0,False,False,True
dsC7O2H10nsd_3227.xyz,3227,"(('Br', 0), ('C', 7), ('Cl', 0), ('F', 0), ('H', 10), ('I', 0), ('N', 0), ('O', 2), ('S', 0))",19,51,complete,51,0,0,False,False,True
dsC7O2H10nsd_3228.xyz,3228,"(('Br', 0), ('C', 7), ('Cl', 0), ('F', 0), ('H', 10), ('I', 0), ('N', 0), ('O', 2), ('S', 0))",19,51,complete,51,0,0,False,False,True
dsC7O2H10nsd_3229.xyz,3229,"(('Br', 0), ('C', 7), ('Cl', 0), ('F', 0), ('H', 10), ('I', 0), ('N', 0), ('O', 2), ('S', 0))",19,51,complete,51,0,0,False,False,True
dsC7O2H10nsd_3230.xyz,3230,"(('Br', 0), ('C', 7), ('Cl', 0), ('F', 0), ('H', 10), ('I', 0), ('N', 0), ('O', 2), ('S', 0))",19,51,complete,51,0,0,False,False,True
dsC7O2H10nsd_3231.xyz,3231,"(('Br', 0), ('C', 7), ('Cl', 0), ('F', 0), ('H', 10), ('I', 0), ('N', 0), ('O', 2), ('S', 0))",19,51,complete,51,0,0,False,False,True
dsC7O2H10nsd_3232.xyz,3232,"(('Br', 0), ('C', 7), ('Cl', 0), ('F', 0), ('H', 10), ('I', 0), ('N', 0), ('O', 2), ('S', 0))",19,51,complete,51,0,0,False,False,True
dsC7O2H10nsd_3233.xyz,3233,"(('Br', 0), ('C', 7), ('Cl', 0), ('F', 0), ('H', 10), ('I', 0), ('N', 0), ('O', 2), ('S', 0))",19,51,complete,51,0,0,False,False,True
dsC7O2H10nsd_3234.xyz,3234,"(('Br', 0), ('C', 7), ('Cl', 0), ('F', 0), ('H', 10), ('I', 0), ('N', 0), ('O', 2), ('S', 0))",19,51,complete,51,0,0,False,False,True
dsC7O2H10nsd_3235.xyz,3235,"(('Br', 0), ('C', 7), ('Cl', 0), ('F', 0), ('H', 10), ('I', 0), ('N', 0), ('O', 2), ('S', 0))",19,51,complete,51,0,0,False,False,True
dsC7O2H10nsd_3236.xyz,3236,"(('Br', 0), ('C', 7), ('Cl', 0), ('F', 0), ('H', 10), ('I', 0), ('N', 0), ('O', 2), ('S', 0))",19,51,complete,51,0,0,False,False,True
dsC7O2H10nsd_3237.xyz,3237,"(('Br', 0), ('C', 7), ('Cl', 0), ('F', 0), ('H', 10), ('I', 0), ('N', 0), ('O', 2), ('S', 0))",19,51,complete,51,0,0,False,False,True
dsC7O2H10nsd_3238.xyz,3238,"(('Br', 0), ('C', 7), ('Cl', 0), ('F', 0), ('H', 10), ('I', 0), ('N', 0), ('O', 2), ('S', 0))",19,51,complete,51,0,0,False,False,True
dsC7O2H10nsd_3239.xyz,3239,"(('Br', 0), ('C', 7), ('Cl', 0), ('F', 0), ('H', 10), ('I', 0), ('N', 0), ('O', 2), ('S', 0))",19,51,complete,51,0,0,False,False,True
dsC7O2H10nsd_3240.xyz,3240,"(('Br', 0), ('C', 7), ('Cl', 0), ('F', 0), ('H', 10), ('I', 0), ('N', 0), ('O', 2), ('S', 0))",19,51,complete,51,0,0,False,False,True
dsC7O2H10nsd_3241.xyz,3241,"(('Br', 0), ('C', 7), ('Cl', 0), ('F', 0), ('H', 10), ('I', 0), ('N', 0), ('O', 2), ('S', 0))",19,51,complete,51,0,0,False,False,True
dsC7O2H10nsd_3242.xyz,3242,"(('Br', 0), ('C', 7), ('Cl', 0), ('F', 0), ('H', 10), ('I', 0), ('N', 0), ('O', 2), ('S', 0))",19,51,complete,51,0,0,False,False,True
dsC7O2H10nsd_3243.xyz,3243,"(('Br', 0), ('C', 7), ('Cl', 0), ('F', 0), ('H', 10), ('I', 0), ('N', 0), ('O', 2), ('S', 0))",19,51,complete,51,0,0,False,False,True
dsC7O2H10nsd_3244.xyz,3244,"(('Br', 0), ('C', 7), ('Cl', 0), ('F', 0), ('H', 10), ('I', 0), ('N', 0), ('O', 2), ('S', 0))",19,51,complete,51,0,0,False,False,True
dsC7O2H10nsd_3245.xyz,3245,"(('Br', 0), ('C', 7), ('Cl', 0), ('F', 0), ('H', 10), ('I', 0), ('N', 0), ('O', 2), ('S', 0))",19,51,complete,51,0,0,False,False,True
dsC7O2H10nsd_3246.xyz,3246,"(('Br', 0), ('C', 7), ('Cl', 0), ('F', 0), ('H', 10), ('I', 0), ('N', 0), ('O', 2), ('S', 0))",19,51,complete,51,0,0,False,False,True
dsC7O2H10nsd_3247.xyz,3247,"(('Br', 0), ('C', 7), ('Cl', 0), ('F', 0), ('H', 10), ('I', 0), ('N', 0), ('O', 2), ('S', 0))",19,51,complete,51,0,0,False,False,True
dsC7O2H10nsd_3248.xyz,3248,"(('Br', 0), ('C', 7), ('Cl', 0), ('F', 0), ('H', 10), ('I', 0), ('N', 0), ('O', 2), ('S', 0))",19,51,complete,51,0,0,False,False,True
dsC7O2H10nsd_3249.xyz,3249,"(('Br', 0), ('C', 7), ('Cl', 0), ('F', 0), ('H', 10), ('I', 0), ('N', 0), ('O', 2), ('S', 0))",19,51,complete,51,0,0,False,False,True
dsC7O2H10nsd_3250.xyz,3250,"(('Br', 0), ('C', 7), ('Cl', 0), ('F', 0), ('H', 10), ('I', 0), ('N', 0), ('O', 2), ('S', 0))",19,51,complete,51,0,0,False,False,True
dsC7O2H10nsd_3251.xyz,3251,"(('Br', 0), ('C', 7), ('Cl', 0), ('F', 0), ('H', 10), ('I', 0), ('N', 0), ('O', 2), ('S', 0))",19,51,complete,51,0,0,False,False,True
dsC7O2H10nsd_3252.xyz,3252,"(('Br', 0), ('C', 7), ('Cl', 0), ('F', 0), ('H', 10), ('I', 0), ('N', 0), ('O', 2), ('S', 0))",19,51,complete,51,0,0,False,False,True
dsC7O2H10nsd_3253.xyz,3253,"(('Br', 0), ('C', 7), ('Cl', 0), ('F', 0), ('H', 10), ('I', 0), ('N', 0), ('O', 2), ('S', 0))",19,51,complete,51,0,0,False,False,True
dsC7O2H10nsd_3254.xyz,3254,"(('Br', 0), ('C', 7), ('Cl', 0), ('F', 0), ('H', 10), ('I', 0), ('N', 0), ('O', 2), ('S', 0))",19,51,complete,51,0,0,False,False,True
dsC7O2H10nsd_3255.xyz,3255,"(('Br', 0), ('C', 7), ('Cl', 0), ('F', 0), ('H', 10), ('I', 0), ('N', 0), ('O', 2), ('S', 0))",19,51,complete,51,0,0,False,False,True
dsC7O2H10nsd_3256.xyz,3256,"(('Br', 0), ('C', 7), ('Cl', 0), ('F', 0), ('H', 10), ('I', 0), ('N', 0), ('O', 2), ('S', 0))",19,51,complete,51,0,0,False,False,True
dsC7O2H10nsd_3257.xyz,3257,"(('Br', 0), ('C', 7), ('Cl', 0), ('F', 0), ('H', 10), ('I', 0), ('N', 0), ('O', 2), ('S', 0))",19,51,complete,51,0,0,False,False,True
dsC7O2H10nsd_3258.xyz,3258,"(('Br', 0), ('C', 7), ('Cl', 0), ('F', 0), ('H', 10), ('I', 0), ('N', 0), ('O', 2), ('S', 0))",19,51,complete,51,0,0,False,False,True
dsC7O2H10nsd_3259.xyz,3259,"(('Br', 0), ('C', 7), ('Cl', 0), ('F', 0), ('H', 10), ('I', 0), ('N', 0), ('O', 2), ('S', 0))",19,51,complete,51,0,0,False,False,True
dsC7O2H10nsd_3260.xyz,3260,"(('Br', 0), ('C', 7), ('Cl', 0), ('F', 0), ('H', 10), ('I', 0), ('N', 0), ('O', 2), ('S', 0))",19,51,complete,51,0,0,False,False,True
dsC7O2H10nsd_3261.xyz,3261,"(('Br', 0), ('C', 7), ('Cl', 0), ('F', 0), ('H', 10), ('I', 0), ('N', 0), ('O', 2), ('S', 0))",19,51,complete,51,0,0,False,False,True
dsC7O2H10nsd_3262.xyz,3262,"(('Br', 0), ('C', 7), ('Cl', 0), ('F', 0), ('H', 10), ('I', 0), ('N', 0), ('O', 2), ('S', 0))",19,51,complete,51,0,0,False,False,True
dsC7O2H10nsd_3263.xyz,3263,"(('Br', 0), ('C', 7), ('Cl', 0), ('F', 0), ('H', 10), ('I', 0), ('N', 0), ('O', 2), ('S', 0))",19,51,complete,51,0,0,False,False,True
dsC7O2H10nsd_3264.xyz,3264,"(('Br', 0), ('C', 7), ('Cl', 0), ('F', 0), ('H', 10), ('I', 0), ('N', 0), ('O', 2), ('S', 0))",19,51,complete,51,0,0,False,False,True
dsC7O2H10nsd_3265.xyz,3265,"(('Br', 0), ('C', 7), ('Cl', 0), ('F', 0), ('H', 10), ('I', 0), ('N', 0), ('O', 2), ('S', 0))",19,51,complete,51,0,0,False,False,True
dsC7O2H10nsd_3266.xyz,3266,"(('Br', 0), ('C', 7), ('Cl', 0), ('F', 0), ('H', 10), ('I', 0), ('N', 0), ('O', 2), ('S', 0))",19,51,complete,51,0,0,False,False,True
dsC7O2H10nsd_3267.xyz,3267,"(('Br', 0), ('C', 7), ('Cl', 0), ('F', 0), ('H', 10), ('I', 0), ('N', 0), ('O', 2), ('S', 0))",19,51,complete,51,0,0,False,False,True
dsC7O2H10nsd_3268.xyz,3268,"(('Br', 0), ('C', 7), ('Cl', 0), ('F', 0), ('H', 10), ('I', 0), ('N', 0), ('O', 2), ('S', 0))",19,51,complete,51,0,0,False,False,True
dsC7O2H10nsd_3269.xyz,3269,"(('Br', 0), ('C', 7), ('Cl', 0), ('F', 0), ('H', 10), ('I', 0), ('N', 0), ('O', 2), ('S', 0))",19,51,complete,51,0,0,False,False,True
dsC7O2H10nsd_3270.xyz,3270,"(('Br', 0), ('C', 7), ('Cl', 0), ('F', 0), ('H', 10), ('I', 0), ('N', 0), ('O', 2), ('S', 0))",19,51,complete,51,0,0,False,False,True
dsC7O2H10nsd_3271.xyz,3271,"(('Br', 0), ('C', 7), ('Cl', 0), ('F', 0), ('H', 10), ('I', 0), ('N', 0), ('O', 2), ('S', 0))",19,51,complete,51,0,0,False,False,True
dsC7O2H10nsd_3272.xyz,3272,"(('Br', 0), ('C', 7), ('Cl', 0), ('F', 0), ('H', 10), ('I', 0), ('N', 0), ('O', 2), ('S', 0))",19,51,complete,51,0,0,False,False,True
dsC7O2H10nsd_3273.xyz,3273,"(('Br', 0), ('C', 7), ('Cl', 0), ('F', 0), ('H', 10), ('I', 0), ('N', 0), ('O', 2), ('S', 0))",19,51,complete,51,0,0,False,False,True
dsC7O2H10nsd_3274.xyz,3274,"(('Br', 0), ('C', 7), ('Cl', 0), ('F', 0), ('H', 10), ('I', 0), ('N', 0), ('O', 2), ('S', 0))",19,51,complete,51,0,0,False,False,True
dsC7O2H10nsd_3275.xyz,3275,"(('Br', 0), ('C', 7), ('Cl', 0), ('F', 0), ('H', 10), ('I', 0), ('N', 0), ('O', 2), ('S', 0))",19,51,complete,51,0,0,False,False,True
dsC7O2H10nsd_3276.xyz,3276,"(('Br', 0), ('C', 7), ('Cl', 0), ('F', 0), ('H', 10), ('I', 0), ('N', 0), ('O', 2), ('S', 0))",19,51,complete,51,0,0,False,False,True
dsC7O2H10nsd_3277.xyz,3277,"(('Br', 0), ('C', 7), ('Cl', 0), ('F', 0), ('H', 10), ('I', 0), ('N', 0), ('O', 2), ('S', 0))",19,51,complete,51,0,0,False,False,True
dsC7O2H10nsd_3278.xyz,3278,"(('Br', 0), ('C', 7), ('Cl', 0), ('F', 0), ('H', 10), ('I', 0), ('N', 0), ('O', 2), ('S', 0))",19,51,complete,51,0,0,False,False,True
dsC7O2H10nsd_3279.xyz,3279,"(('Br', 0), ('C', 7), ('Cl', 0), ('F', 0), ('H', 10), ('I', 0), ('N', 0), ('O', 2), ('S', 0))",19,51,complete,51,0,0,False,False,True
dsC7O2H10nsd_3280.xyz,3280,"(('Br', 0), ('C', 7), ('Cl', 0), ('F', 0), ('H', 10), ('I', 0), ('N', 0), ('O', 2), ('S', 0))",19,51,complete,51,0,0,False,False,True
dsC7O2H10nsd_3281.xyz,3281,"(('Br', 0), ('C', 7), ('Cl', 0), ('F', 0), ('H', 10), ('I', 0), ('N', 0), ('O', 2), ('S', 0))",19,51,complete,51,0,0,False,False,True
dsC7O2H10nsd_3282.xyz,3282,"(('Br', 0), ('C', 7), ('Cl', 0), ('F', 0), ('H', 10), ('I', 0), ('N', 0), ('O', 2), ('S', 0))",19,51,complete,51,0,0,False,False,True
dsC7O2H10nsd_3283.xyz,3283,"(('Br', 0), ('C', 7), ('Cl', 0), ('F', 0), ('H', 10), ('I', 0), ('N', 0), ('O', 2), ('S', 0))",19,51,complete,51,0,0,False,False,True
dsC7O2H10nsd_3284.xyz,3284,"(('Br', 0), ('C', 7), ('Cl', 0), ('F', 0), ('H', 10), ('I', 0), ('N', 0), ('O', 2), ('S', 0))",19,51,complete,51,0,0,False,False,True
dsC7O2H10nsd_3285.xyz,3285,"(('Br', 0), ('C', 7), ('Cl', 0), ('F', 0), ('H', 10), ('I', 0), ('N', 0), ('O', 2), ('S', 0))",19,51,complete,51,0,0,False,False,True
dsC7O2H10nsd_3286.xyz,3286,"(('Br', 0), ('C', 7), ('Cl', 0), ('F', 0), ('H', 10), ('I', 0), ('N', 0), ('O', 2), ('S', 0))",19,51,complete,51,0,0,False,False,True
dsC7O2H10nsd_3287.xyz,3287,"(('Br', 0), ('C', 7), ('Cl', 0), ('F', 0), ('H', 10), ('I', 0), ('N', 0), ('O', 2), ('S', 0))",19,51,complete,51,0,0,False,False,True
dsC7O2H10nsd_3288.xyz,3288,"(('Br', 0), ('C', 7), ('Cl', 0), ('F', 0), ('H', 10), ('I', 0), ('N', 0), ('O', 2), ('S', 0))",19,51,complete,51,0,0,False,False,True
dsC7O2H10nsd_3289.xyz,3289,"(('Br', 0), ('C', 7), ('Cl', 0), ('F', 0), ('H', 10), ('I', 0), ('N', 0), ('O', 2), ('S', 0))",19,51,complete,51,0,0,False,False,True
dsC7O2H10nsd_3290.xyz,3290,"(('Br', 0), ('C', 7), ('Cl', 0), ('F', 0), ('H', 10), ('I', 0), ('N', 0), ('O', 2), ('S', 0))",19,51,complete,51,0,0,False,False,True
dsC7O2H10nsd_3291.xyz,3291,"(('Br', 0), ('C', 7), ('Cl', 0), ('F', 0), ('H', 10), ('I', 0), ('N', 0), ('O', 2), ('S', 0))",19,51,complete,51,0,0,False,False,True
dsC7O2H10nsd_3292.xyz,3292,"(('Br', 0), ('C', 7), ('Cl', 0), ('F', 0), ('H', 10), ('I', 0), ('N', 0), ('O', 2), ('S', 0))",19,51,complete,51,0,0,False,False,True
dsC7O2H10nsd_3293.xyz,3293,"(('Br', 0), ('C', 7), ('Cl', 0), ('F', 0), ('H', 10), ('I', 0), ('N', 0), ('O', 2), ('S', 0))",19,51,complete,51,0,0,False,False,True
dsC7O2H10nsd_3294.xyz,3294,"(('Br', 0), ('C', 7), ('Cl', 0), ('F', 0), ('H', 10), ('I', 0), ('N', 0), ('O', 2), ('S', 0))",19,51,complete,51,0,0,False,False,True
dsC7O2H10nsd_3295.xyz,3295,"(('Br', 0), ('C', 7), ('Cl', 0), ('F', 0), ('H', 10), ('I', 0), ('N', 0), ('O', 2), ('S', 0))",19,51,complete,51,0,0,False,False,True
dsC7O2H10nsd_3296.xyz,3296,"(('Br', 0), ('C', 7), ('Cl', 0), ('F', 0), ('H', 10), ('I', 0), ('N', 0), ('O', 2), ('S', 0))",19,51,complete,51,0,0,False,False,True
dsC7O2H10nsd_3297.xyz,3297,"(('Br', 0), ('C', 7), ('Cl', 0), ('F', 0), ('H', 10), ('I', 0), ('N', 0), ('O', 2), ('S', 0))",19,51,complete,51,0,0,False,False,True
dsC7O2H10nsd_3298.xyz,3298,"(('Br', 0), ('C', 7), ('Cl', 0), ('F', 0), ('H', 10), ('I', 0), ('N', 0), ('O', 2), ('S', 0))",19,51,complete,51,0,0,False,False,True
dsC7O2H10nsd_3299.xyz,3299,"(('Br', 0), ('C', 7), ('Cl', 0), ('F', 0), ('H', 10), ('I', 0), ('N', 0), ('O', 2), ('S', 0))",19,51,complete,51,0,0,False,False,True
dsC7O2H10nsd_3300.xyz,3300,"(('Br', 0), ('C', 7), ('Cl', 0), ('F', 0), ('H', 10), ('I', 0), ('N', 0), ('O', 2), ('S', 0))",19,51,complete,51,0,0,False,False,True
dsC7O2H10nsd_3301.xyz,3301,"(('Br', 0), ('C', 7), ('Cl', 0), ('F', 0), ('H', 10), ('I', 0), ('N', 0), ('O', 2), ('S', 0))",19,51,complete,51,0,0,False,False,True
dsC7O2H10nsd_3302.xyz,3302,"(('Br', 0), ('C', 7), ('Cl', 0), ('F', 0), ('H', 10), ('I', 0), ('N', 0), ('O', 2), ('S', 0))",19,51,complete,51,0,0,False,False,True
dsC7O2H10nsd_3303.xyz,3303,"(('Br', 0), ('C', 7), ('Cl', 0), ('F', 0), ('H', 10), ('I', 0), ('N', 0), ('O', 2), ('S', 0))",19,51,complete,51,0,0,False,False,True
dsC7O2H10nsd_3304.xyz,3304,"(('Br', 0), ('C', 7), ('Cl', 0), ('F', 0), ('H', 10), ('I', 0), ('N', 0), ('O', 2), ('S', 0))",19,51,complete,51,0,0,False,False,True
dsC7O2H10nsd_3305.xyz,3305,"(('Br', 0), ('C', 7), ('Cl', 0), ('F', 0), ('H', 10), ('I', 0), ('N', 0), ('O', 2), ('S', 0))",19,51,complete,51,0,0,False,False,True
dsC7O2H10nsd_3306.xyz,3306,"(('Br', 0), ('C', 7), ('Cl', 0), ('F', 0), ('H', 10), ('I', 0), ('N', 0), ('O', 2), ('S', 0))",19,51,complete,51,0,0,False,False,True
dsC7O2H10nsd_3307.xyz,3307,"(('Br', 0), ('C', 7), ('Cl', 0), ('F', 0), ('H', 10), ('I', 0), ('N', 0), ('O', 2), ('S', 0))",19,51,complete,51,0,0,False,False,True
dsC7O2H10nsd_3308.xyz,3308,"(('Br', 0), ('C', 7), ('Cl', 0), ('F', 0), ('H', 10), ('I', 0), ('N', 0), ('O', 2), ('S', 0))",19,51,complete,51,0,0,False,False,True
dsC7O2H10nsd_3309.xyz,3309,"(('Br', 0), ('C', 7), ('Cl', 0), ('F', 0), ('H', 10), ('I', 0), ('N', 0), ('O', 2), ('S', 0))",19,51,complete,51,0,0,False,False,True
dsC7O2H10nsd_3310.xyz,3310,"(('Br', 0), ('C', 7), ('Cl', 0), ('F', 0), ('H', 10), ('I', 0), ('N', 0), ('O', 2), ('S', 0))",19,51,complete,51,0,0,False,False,True
dsC7O2H10nsd_3311.xyz,3311,"(('Br', 0), ('C', 7), ('Cl', 0), ('F', 0), ('H', 10), ('I', 0), ('N', 0), ('O', 2), ('S', 0))",19,51,complete,51,0,0,False,False,True
dsC7O2H10nsd_3312.xyz,3312,"(('Br', 0), ('C', 7), ('Cl', 0), ('F', 0), ('H', 10), ('I', 0), ('N', 0), ('O', 2), ('S', 0))",19,51,complete,51,0,0,False,False,True
dsC7O2H10nsd_3313.xyz,3313,"(('Br', 0), ('C', 7), ('Cl', 0), ('F', 0), ('H', 10), ('I', 0), ('N', 0), ('O', 2), ('S', 0))",19,51,complete,51,0,0,False,False,True
dsC7O2H10nsd_3314.xyz,3314,"(('Br', 0), ('C', 7), ('Cl', 0), ('F', 0), ('H', 10), ('I', 0), ('N', 0), ('O', 2), ('S', 0))",19,51,complete,51,0,0,False,False,True
dsC7O2H10nsd_3315.xyz,3315,"(('Br', 0), ('C', 7), ('Cl', 0), ('F', 0), ('H', 10), ('I', 0), ('N', 0), ('O', 2), ('S', 0))",19,51,complete,51,0,0,False,False,True
dsC7O2H10nsd_3316.xyz,3316,"(('Br', 0), ('C', 7), ('Cl', 0), ('F', 0), ('H', 10), ('I', 0), ('N', 0), ('O', 2), ('S', 0))",19,51,complete,51,0,0,False,False,True
dsC7O2H10nsd_3317.xyz,3317,"(('Br', 0), ('C', 7), ('Cl', 0), ('F', 0), ('H', 10), ('I', 0), ('N', 0), ('O', 2), ('S', 0))",19,51,complete,51,0,0,False,False,True
dsC7O2H10nsd_3318.xyz,3318,"(('Br', 0), ('C', 7), ('Cl', 0), ('F', 0), ('H', 10), ('I', 0), ('N', 0), ('O', 2), ('S', 0))",19,51,complete,51,0,0,False,False,True
dsC7O2H10nsd_3319.xyz,3319,"(('Br', 0), ('C', 7), ('Cl', 0), ('F', 0), ('H', 10), ('I', 0), ('N', 0), ('O', 2), ('S', 0))",19,51,complete,51,0,0,False,False,True
dsC7O2H10nsd_3320.xyz,3320,"(('Br', 0), ('C', 7), ('Cl', 0), ('F', 0), ('H', 10), ('I', 0), ('N', 0), ('O', 2), ('S', 0))",19,51,complete,51,0,0,False,False,True
dsC7O2H10nsd_3321.xyz,3321,"(('Br', 0), ('C', 7), ('Cl', 0), ('F', 0), ('H', 10), ('I', 0), ('N', 0), ('O', 2), ('S', 0))",19,51,complete,51,0,0,False,False,True
dsC7O2H10nsd_3322.xyz,3322,"(('Br', 0), ('C', 7), ('Cl', 0), ('F', 0), ('H', 10), ('I', 0), ('N', 0), ('O', 2), ('S', 0))",19,51,complete,51,0,0,False,False,True
dsC7O2H10nsd_3323.xyz,3323,"(('Br', 0), ('C', 7), ('Cl', 0), ('F', 0), ('H', 10), ('I', 0), ('N', 0), ('O', 2), ('S', 0))",19,51,complete,51,0,0,False,False,True
dsC7O2H10nsd_3324.xyz,3324,"(('Br', 0), ('C', 7), ('Cl', 0), ('F', 0), ('H', 10), ('I', 0), ('N', 0), ('O', 2), ('S', 0))",19,51,complete,51,0,0,False,False,True
dsC7O2H10nsd_3325.xyz,3325,"(('Br', 0), ('C', 7), ('Cl', 0), ('F', 0), ('H', 10), ('I', 0), ('N', 0), ('O', 2), ('S', 0))",19,51,complete,51,0,0,False,False,True
dsC7O2H10nsd_3326.xyz,3326,"(('Br', 0), ('C', 7), ('Cl', 0), ('F', 0), ('H', 10), ('I', 0), ('N', 0), ('O', 2), ('S', 0))",19,51,complete,51,0,0,False,False,True
dsC7O2H10nsd_3327.xyz,3327,"(('Br', 0), ('C', 7), ('Cl', 0), ('F', 0), ('H', 10), ('I', 0), ('N', 0), ('O', 2), ('S', 0))",19,51,complete,51,0,0,False,False,True
dsC7O2H10nsd_3328.xyz,3328,"(('Br', 0), ('C', 7), ('Cl', 0), ('F', 0), ('H', 10), ('I', 0), ('N', 0), ('O', 2), ('S', 0))",19,51,complete,51,0,0,False,False,True
dsC7O2H10nsd_3329.xyz,3329,"(('Br', 0), ('C', 7), ('Cl', 0), ('F', 0), ('H', 10), ('I', 0), ('N', 0), ('O', 2), ('S', 0))",19,51,complete,51,0,0,False,False,True
dsC7O2H10nsd_3330.xyz,3330,"(('Br', 0), ('C', 7), ('Cl', 0), ('F', 0), ('H', 10), ('I', 0), ('N', 0), ('O', 2), ('S', 0))",19,51,complete,51,0,0,False,False,True
dsC7O2H10nsd_3331.xyz,3331,"(('Br', 0), ('C', 7), ('Cl', 0), ('F', 0), ('H', 10), ('I', 0), ('N', 0), ('O', 2), ('S', 0))",19,51,complete,51,0,0,False,False,True
dsC7O2H10nsd_3332.xyz,3332,"(('Br', 0), ('C', 7), ('Cl', 0), ('F', 0), ('H', 10), ('I', 0), ('N', 0), ('O', 2), ('S', 0))",19,51,complete,51,0,0,False,False,True
dsC7O2H10nsd_3333.xyz,3333,"(('Br', 0), ('C', 7), ('Cl', 0), ('F', 0), ('H', 10), ('I', 0), ('N', 0), ('O', 2), ('S', 0))",19,51,complete,51,0,0,False,False,True
dsC7O2H10nsd_3334.xyz,3334,"(('Br', 0), ('C', 7), ('Cl', 0), ('F', 0), ('H', 10), ('I', 0), ('N', 0), ('O', 2), ('S', 0))",19,51,complete,51,0,0,False,False,True
dsC7O2H10nsd_3335.xyz,3335,"(('Br', 0), ('C', 7), ('Cl', 0), ('F', 0), ('H', 10), ('I', 0), ('N', 0), ('O', 2), ('S', 0))",19,51,complete,51,0,0,False,False,True
dsC7O2H10nsd_3336.xyz,3336,"(('Br', 0), ('C', 7), ('Cl', 0), ('F', 0), ('H', 10), ('I', 0), ('N', 0), ('O', 2), ('S', 0))",19,51,complete,51,0,0,False,False,True
dsC7O2H10nsd_3337.xyz,3337,"(('Br', 0), ('C', 7), ('Cl', 0), ('F', 0), ('H', 10), ('I', 0), ('N', 0), ('O', 2), ('S', 0))",19,51,complete,51,0,0,False,False,True
dsC7O2H10nsd_3338.xyz,3338,"(('Br', 0), ('C', 7), ('Cl', 0), ('F', 0), ('H', 10), ('I', 0), ('N', 0), ('O', 2), ('S', 0))",19,51,complete,51,0,0,False,False,True
dsC7O2H10nsd_3339.xyz,3339,"(('Br', 0), ('C', 7), ('Cl', 0), ('F', 0), ('H', 10), ('I', 0), ('N', 0), ('O', 2), ('S', 0))",19,51,complete,51,0,0,False,False,True
dsC7O2H10nsd_3340.xyz,3340,"(('Br', 0), ('C', 7), ('Cl', 0), ('F', 0), ('H', 10), ('I', 0), ('N', 0), ('O', 2), ('S', 0))",19,51,complete,51,0,0,False,False,True
dsC7O2H10nsd_3341.xyz,3341,"(('Br', 0), ('C', 7), ('Cl', 0), ('F', 0), ('H', 10), ('I', 0), ('N', 0), ('O', 2), ('S', 0))",19,51,complete,51,0,0,False,False,True
dsC7O2H10nsd_3342.xyz,3342,"(('Br', 0), ('C', 7), ('Cl', 0), ('F', 0), ('H', 10), ('I', 0), ('N', 0), ('O', 2), ('S', 0))",19,51,complete,51,0,0,False,False,True
dsC7O2H10nsd_3343.xyz,3343,"(('Br', 0), ('C', 7), ('Cl', 0), ('F', 0), ('H', 10), ('I', 0), ('N', 0), ('O', 2), ('S', 0))",19,51,complete,51,0,0,False,False,True
dsC7O2H10nsd_3344.xyz,3344,"(('Br', 0), ('C', 7), ('Cl', 0), ('F', 0), ('H', 10), ('I', 0), ('N', 0), ('O', 2), ('S', 0))",19,51,complete,51,0,0,False,False,True
dsC7O2H10nsd_3345.xyz,3345,"(('Br', 0), ('C', 7), ('Cl', 0), ('F', 0), ('H', 10), ('I', 0), ('N', 0), ('O', 2), ('S', 0))",19,51,complete,51,0,0,False,False,True
dsC7O2H10nsd_3346.xyz,3346,"(('Br', 0), ('C', 7), ('Cl', 0), ('F', 0), ('H', 10), ('I', 0), ('N', 0), ('O', 2), ('S', 0))",19,51,complete,51,0,0,False,False,True
dsC7O2H10nsd_3347.xyz,3347,"(('Br', 0), ('C', 7), ('Cl', 0), ('F', 0), ('H', 10), ('I', 0), ('N', 0), ('O', 2), ('S', 0))",19,51,complete,51,0,0,False,False,True
dsC7O2H10nsd_3348.xyz,3348,"(('Br', 0), ('C', 7), ('Cl', 0), ('F', 0), ('H', 10), ('I', 0), ('N', 0), ('O', 2), ('S', 0))",19,51,complete,51,0,0,False,False,True
dsC7O2H10nsd_3349.xyz,3349,"(('Br', 0), ('C', 7), ('Cl', 0), ('F', 0), ('H', 10), ('I', 0), ('N', 0), ('O', 2), ('S', 0))",19,51,complete,51,0,0,False,False,True
dsC7O2H10nsd_3350.xyz,3350,"(('Br', 0), ('C', 7), ('Cl', 0), ('F', 0), ('H', 10), ('I', 0), ('N', 0), ('O', 2), ('S', 0))",19,51,complete,51,0,0,False,False,True
dsC7O2H10nsd_3351.xyz,3351,"(('Br', 0), ('C', 7), ('Cl', 0), ('F', 0), ('H', 10), ('I', 0), ('N', 0), ('O', 2), ('S', 0))",19,51,complete,51,0,0,False,False,True
dsC7O2H10nsd_3352.xyz,3352,"(('Br', 0), ('C', 7), ('Cl', 0), ('F', 0), ('H', 10), ('I', 0), ('N', 0), ('O', 2), ('S', 0))",19,51,complete,51,0,0,False,False,True
dsC7O2H10nsd_3353.xyz,3353,"(('Br', 0), ('C', 7), ('Cl', 0), ('F', 0), ('H', 10), ('I', 0), ('N', 0), ('O', 2), ('S', 0))",19,51,complete,51,0,0,False,False,True
dsC7O2H10nsd_3354.xyz,3354,"(('Br', 0), ('C', 7), ('Cl', 0), ('F', 0), ('H', 10), ('I', 0), ('N', 0), ('O', 2), ('S', 0))",19,51,complete,51,0,0,False,False,True
dsC7O2H10nsd_3355.xyz,3355,"(('Br', 0), ('C', 7), ('Cl', 0), ('F', 0), ('H', 10), ('I', 0), ('N', 0), ('O', 2), ('S', 0))",19,51,complete,51,0,0,False,False,True
dsC7O2H10nsd_3356.xyz,3356,"(('Br', 0), ('C', 7), ('Cl', 0), ('F', 0), ('H', 10), ('I', 0), ('N', 0), ('O', 2), ('S', 0))",19,51,complete,51,0,0,False,False,True
dsC7O2H10nsd_3357.xyz,3357,"(('Br', 0), ('C', 7), ('Cl', 0), ('F', 0), ('H', 10), ('I', 0), ('N', 0), ('O', 2), ('S', 0))",19,51,complete,51,0,0,False,False,True
dsC7O2H10nsd_3358.xyz,3358,"(('Br', 0), ('C', 7), ('Cl', 0), ('F', 0), ('H', 10), ('I', 0), ('N', 0), ('O', 2), ('S', 0))",19,51,complete,51,0,0,False,False,True
dsC7O2H10nsd_3359.xyz,3359,"(('Br', 0), ('C', 7), ('Cl', 0), ('F', 0), ('H', 10), ('I', 0), ('N', 0), ('O', 2), ('S', 0))",19,51,complete,51,0,0,False,False,True
dsC7O2H10nsd_3360.xyz,3360,"(('Br', 0), ('C', 7), ('Cl', 0), ('F', 0), ('H', 10), ('I', 0), ('N', 0), ('O', 2), ('S', 0))",19,51,complete,51,0,0,False,False,True
dsC7O2H10nsd_3361.xyz,3361,"(('Br', 0), ('C', 7), ('Cl', 0), ('F', 0), ('H', 10), ('I', 0), ('N', 0), ('O', 2), ('S', 0))",19,51,complete,51,0,0,False,False,True
dsC7O2H10nsd_3362.xyz,3362,"(('Br', 0), ('C', 7), ('Cl', 0), ('F', 0), ('H', 10), ('I', 0), ('N', 0), ('O', 2), ('S', 0))",19,51,complete,51,0,0,False,False,True
dsC7O2H10nsd_3363.xyz,3363,"(('Br', 0), ('C', 7), ('Cl', 0), ('F', 0), ('H', 10), ('I', 0), ('N', 0), ('O', 2), ('S', 0))",19,51,complete,51,0,0,False,False,True
dsC7O2H10nsd_3364.xyz,3364,"(('Br', 0), ('C', 7), ('Cl', 0), ('F', 0), ('H', 10), ('I', 0), ('N', 0), ('O', 2), ('S', 0))",19,51,complete,51,0,0,False,False,True
dsC7O2H10nsd_3365.xyz,3365,"(('Br', 0), ('C', 7), ('Cl', 0), ('F', 0), ('H', 10), ('I', 0), ('N', 0), ('O', 2), ('S', 0))",19,51,complete,51,0,0,False,False,True
dsC7O2H10nsd_3366.xyz,3366,"(('Br', 0), ('C', 7), ('Cl', 0), ('F', 0), ('H', 10), ('I', 0), ('N', 0), ('O', 2), ('S', 0))",19,51,complete,51,0,0,False,False,True
dsC7O2H10nsd_3367.xyz,3367,"(('Br', 0), ('C', 7), ('Cl', 0), ('F', 0), ('H', 10), ('I', 0), ('N', 0), ('O', 2), ('S', 0))",19,51,complete,51,0,0,False,False,True
dsC7O2H10nsd_3368.xyz,3368,"(('Br', 0), ('C', 7), ('Cl', 0), ('F', 0), ('H', 10), ('I', 0), ('N', 0), ('O', 2), ('S', 0))",19,51,complete,51,0,0,False,False,True
dsC7O2H10nsd_3369.xyz,3369,"(('Br', 0), ('C', 7), ('Cl', 0), ('F', 0), ('H', 10), ('I', 0), ('N', 0), ('O', 2), ('S', 0))",19,51,complete,51,0,0,False,False,True
dsC7O2H10nsd_3370.xyz,3370,"(('Br', 0), ('C', 7), ('Cl', 0), ('F', 0), ('H', 10), ('I', 0), ('N', 0), ('O', 2), ('S', 0))",19,51,complete,51,0,0,False,False,True
dsC7O2H10nsd_3371.xyz,3371,"(('Br', 0), ('C', 7), ('Cl', 0), ('F', 0), ('H', 10), ('I', 0), ('N', 0), ('O', 2), ('S', 0))",19,51,complete,51,0,0,False,False,True
dsC7O2H10nsd_3372.xyz,3372,"(('Br', 0), ('C', 7), ('Cl', 0), ('F', 0), ('H', 10), ('I', 0), ('N', 0), ('O', 2), ('S', 0))",19,51,complete,51,0,0,False,False,True
dsC7O2H10nsd_3373.xyz,3373,"(('Br', 0), ('C', 7), ('Cl', 0), ('F', 0), ('H', 10), ('I', 0), ('N', 0), ('O', 2), ('S', 0))",19,51,complete,51,0,0,False,False,True
dsC7O2H10nsd_3374.xyz,3374,"(('Br', 0), ('C', 7), ('Cl', 0), ('F', 0), ('H', 10), ('I', 0), ('N', 0), ('O', 2), ('S', 0))",19,51,complete,51,0,0,False,False,True
dsC7O2H10nsd_3375.xyz,3375,"(('Br', 0), ('C', 7), ('Cl', 0), ('F', 0), ('H', 10), ('I', 0), ('N', 0), ('O', 2), ('S', 0))",19,51,complete,51,0,0,False,False,True
dsC7O2H10nsd_3376.xyz,3376,"(('Br', 0), ('C', 7), ('Cl', 0), ('F', 0), ('H', 10), ('I', 0), ('N', 0), ('O', 2), ('S', 0))",19,51,complete,51,0,0,False,False,True
dsC7O2H10nsd_3377.xyz,3377,"(('Br', 0), ('C', 7), ('Cl', 0), ('F', 0), ('H', 10), ('I', 0), ('N', 0), ('O', 2), ('S', 0))",19,51,complete,51,0,0,False,False,True
dsC7O2H10nsd_3378.xyz,3378,"(('Br', 0), ('C', 7), ('Cl', 0), ('F', 0), ('H', 10), ('I', 0), ('N', 0), ('O', 2), ('S', 0))",19,51,complete,51,0,0,False,False,True
dsC7O2H10nsd_3379.xyz,3379,"(('Br', 0), ('C', 7), ('Cl', 0), ('F', 0), ('H', 10), ('I', 0), ('N', 0), ('O', 2), ('S', 0))",19,51,complete,51,0,0,False,False,True
dsC7O2H10nsd_3380.xyz,3380,"(('Br', 0), ('C', 7), ('Cl', 0), ('F', 0), ('H', 10), ('I', 0), ('N', 0), ('O', 2), ('S', 0))",19,51,complete,51,0,0,False,False,True
dsC7O2H10nsd_3381.xyz,3381,"(('Br', 0), ('C', 7), ('Cl', 0), ('F', 0), ('H', 10), ('I', 0), ('N', 0), ('O', 2), ('S', 0))",19,51,complete,51,0,0,False,False,True
dsC7O2H10nsd_3382.xyz,3382,"(('Br', 0), ('C', 7), ('Cl', 0), ('F', 0), ('H', 10), ('I', 0), ('N', 0), ('O', 2), ('S', 0))",19,51,complete,51,0,0,False,False,True
dsC7O2H10nsd_3383.xyz,3383,"(('Br', 0), ('C', 7), ('Cl', 0), ('F', 0), ('H', 10), ('I', 0), ('N', 0), ('O', 2), ('S', 0))",19,51,complete,51,0,0,False,False,True
dsC7O2H10nsd_3384.xyz,3384,"(('Br', 0), ('C', 7), ('Cl', 0), ('F', 0), ('H', 10), ('I', 0), ('N', 0), ('O', 2), ('S', 0))",19,51,complete,51,0,0,False,False,True
dsC7O2H10nsd_3385.xyz,3385,"(('Br', 0), ('C', 7), ('Cl', 0), ('F', 0), ('H', 10), ('I', 0), ('N', 0), ('O', 2), ('S', 0))",19,51,complete,51,0,0,False,False,True
dsC7O2H10nsd_3386.xyz,3386,"(('Br', 0), ('C', 7), ('Cl', 0), ('F', 0), ('H', 10), ('I', 0), ('N', 0), ('O', 2), ('S', 0))",19,51,complete,51,0,0,False,False,True
dsC7O2H10nsd_3387.xyz,3387,"(('Br', 0), ('C', 7), ('Cl', 0), ('F', 0), ('H', 10), ('I', 0), ('N', 0), ('O', 2), ('S', 0))",19,51,complete,51,0,0,False,False,True
dsC7O2H10nsd_3388.xyz,3388,"(('Br', 0), ('C', 7), ('Cl', 0), ('F', 0), ('H', 10), ('I', 0), ('N', 0), ('O', 2), ('S', 0))",19,51,complete,51,0,0,False,False,True
dsC7O2H10nsd_3389.xyz,3389,"(('Br', 0), ('C', 7), ('Cl', 0), ('F', 0), ('H', 10), ('I', 0), ('N', 0), ('O', 2), ('S', 0))",19,51,complete,51,0,0,False,False,True
dsC7O2H10nsd_3390.xyz,3390,"(('Br', 0), ('C', 7), ('Cl', 0), ('F', 0), ('H', 10), ('I', 0), ('N', 0), ('O', 2), ('S', 0))",19,51,complete,51,0,0,False,False,True
dsC7O2H10nsd_3391.xyz,3391,"(('Br', 0), ('C', 7), ('Cl', 0), ('F', 0), ('H', 10), ('I', 0), ('N', 0), ('O', 2), ('S', 0))",19,51,complete,51,0,0,False,False,True
dsC7O2H10nsd_3392.xyz,3392,"(('Br', 0), ('C', 7), ('Cl', 0), ('F', 0), ('H', 10), ('I', 0), ('N', 0), ('O', 2), ('S', 0))",19,51,complete,51,0,0,False,False,True
dsC7O2H10nsd_3393.xyz,3393,"(('Br', 0), ('C', 7), ('Cl', 0), ('F', 0), ('H', 10), ('I', 0), ('N', 0), ('O', 2), ('S', 0))",19,51,complete,51,0,0,False,False,True
dsC7O2H10nsd_3394.xyz,3394,"(('Br', 0), ('C', 7), ('Cl', 0), ('F', 0), ('H', 10), ('I', 0), ('N', 0), ('O', 2), ('S', 0))",19,51,complete,51,0,0,False,False,True
dsC7O2H10nsd_3395.xyz,3395,"(('Br', 0), ('C', 7), ('Cl', 0), ('F', 0), ('H', 10), ('I', 0), ('N', 0), ('O', 2), ('S', 0))",19,51,complete,51,0,0,False,False,True
dsC7O2H10nsd_3396.xyz,3396,"(('Br', 0), ('C', 7), ('Cl', 0), ('F', 0), ('H', 10), ('I', 0), ('N', 0), ('O', 2), ('S', 0))",19,51,complete,51,0,0,False,False,True
dsC7O2H10nsd_3397.xyz,3397,"(('Br', 0), ('C', 7), ('Cl', 0), ('F', 0), ('H', 10), ('I', 0), ('N', 0), ('O', 2), ('S', 0))",19,51,complete,51,0,0,False,False,True
dsC7O2H10nsd_3398.xyz,3398,"(('Br', 0), ('C', 7), ('Cl', 0), ('F', 0), ('H', 10), ('I', 0), ('N', 0), ('O', 2), ('S', 0))",19,51,complete,51,0,0,False,False,True
dsC7O2H10nsd_3399.xyz,3399,"(('Br', 0), ('C', 7), ('Cl', 0), ('F', 0), ('H', 10), ('I', 0), ('N', 0), ('O', 2), ('S', 0))",19,51,complete,51,0,0,False,False,True
dsC7O2H10nsd_3400.xyz,3400,"(('Br', 0), ('C', 7), ('Cl', 0), ('F', 0), ('H', 10), ('I', 0), ('N', 0), ('O', 2), ('S', 0))",19,51,complete,51,0,0,False,False,True
dsC7O2H10nsd_3401.xyz,3401,"(('Br', 0), ('C', 7), ('Cl', 0), ('F', 0), ('H', 10), ('I', 0), ('N', 0), ('O', 2), ('S', 0))",19,51,complete,51,0,0,False,False,True
dsC7O2H10nsd_3402.xyz,3402,"(('Br', 0), ('C', 7), ('Cl', 0), ('F', 0), ('H', 10), ('I', 0), ('N', 0), ('O', 2), ('S', 0))",19,51,complete,51,0,0,False,False,True
dsC7O2H10nsd_3403.xyz,3403,"(('Br', 0), ('C', 7), ('Cl', 0), ('F', 0), ('H', 10), ('I', 0), ('N', 0), ('O', 2), ('S', 0))",19,51,complete,51,0,0,False,False,True
dsC7O2H10nsd_3404.xyz,3404,"(('Br', 0), ('C', 7), ('Cl', 0), ('F', 0), ('H', 10), ('I', 0), ('N', 0), ('O', 2), ('S', 0))",19,51,complete,51,0,0,False,False,True
dsC7O2H10nsd_3405.xyz,3405,"(('Br', 0), ('C', 7), ('Cl', 0), ('F', 0), ('H', 10), ('I', 0), ('N', 0), ('O', 2), ('S', 0))",19,51,complete,51,0,0,False,False,True
dsC7O2H10nsd_3406.xyz,3406,"(('Br', 0), ('C', 7), ('Cl', 0), ('F', 0), ('H', 10), ('I', 0), ('N', 0), ('O', 2), ('S', 0))",19,51,complete,51,0,0,False,False,True
dsC7O2H10nsd_3407.xyz,3407,"(('Br', 0), ('C', 7), ('Cl', 0), ('F', 0), ('H', 10), ('I', 0), ('N', 0), ('O', 2), ('S', 0))",19,51,complete,51,0,0,False,False,True
dsC7O2H10nsd_3408.xyz,3408,"(('Br', 0), ('C', 7), ('Cl', 0), ('F', 0), ('H', 10), ('I', 0), ('N', 0), ('O', 2), ('S', 0))",19,51,complete,51,0,0,False,False,True
dsC7O2H10nsd_3409.xyz,3409,"(('Br', 0), ('C', 7), ('Cl', 0), ('F', 0), ('H', 10), ('I', 0), ('N', 0), ('O', 2), ('S', 0))",19,51,complete,51,0,0,False,False,True
dsC7O2H10nsd_3410.xyz,3410,"(('Br', 0), ('C', 7), ('Cl', 0), ('F', 0), ('H', 10), ('I', 0), ('N', 0), ('O', 2), ('S', 0))",19,51,complete,51,0,0,False,False,True
dsC7O2H10nsd_3411.xyz,3411,"(('Br', 0), ('C', 7), ('Cl', 0), ('F', 0), ('H', 10), ('I', 0), ('N', 0), ('O', 2), ('S', 0))",19,51,complete,51,0,0,False,False,True
dsC7O2H10nsd_3412.xyz,3412,"(('Br', 0), ('C', 7), ('Cl', 0), ('F', 0), ('H', 10), ('I', 0), ('N', 0), ('O', 2), ('S', 0))",19,51,complete,51,0,0,False,False,True
dsC7O2H10nsd_3413.xyz,3413,"(('Br', 0), ('C', 7), ('Cl', 0), ('F', 0), ('H', 10), ('I', 0), ('N', 0), ('O', 2), ('S', 0))",19,51,complete,51,0,0,False,False,True
dsC7O2H10nsd_3414.xyz,3414,"(('Br', 0), ('C', 7), ('Cl', 0), ('F', 0), ('H', 10), ('I', 0), ('N', 0), ('O', 2), ('S', 0))",19,51,complete,51,0,0,False,False,True
dsC7O2H10nsd_3415.xyz,3415,"(('Br', 0), ('C', 7), ('Cl', 0), ('F', 0), ('H', 10), ('I', 0), ('N', 0), ('O', 2), ('S', 0))",19,51,complete,51,0,0,False,False,True
dsC7O2H10nsd_3416.xyz,3416,"(('Br', 0), ('C', 7), ('Cl', 0), ('F', 0), ('H', 10), ('I', 0), ('N', 0), ('O', 2), ('S', 0))",19,51,complete,51,0,0,False,False,True
dsC7O2H10nsd_3417.xyz,3417,"(('Br', 0), ('C', 7), ('Cl', 0), ('F', 0), ('H', 10), ('I', 0), ('N', 0), ('O', 2), ('S', 0))",19,51,complete,51,0,0,False,False,True
dsC7O2H10nsd_3418.xyz,3418,"(('Br', 0), ('C', 7), ('Cl', 0), ('F', 0), ('H', 10), ('I', 0), ('N', 0), ('O', 2), ('S', 0))",19,51,complete,51,0,0,False,False,True
dsC7O2H10nsd_3419.xyz,3419,"(('Br', 0), ('C', 7), ('Cl', 0), ('F', 0), ('H', 10), ('I', 0), ('N', 0), ('O', 2), ('S', 0))",19,51,complete,51,0,0,False,False,True
dsC7O2H10nsd_3420.xyz,3420,"(('Br', 0), ('C', 7), ('Cl', 0), ('F', 0), ('H', 10), ('I', 0), ('N', 0), ('O', 2), ('S', 0))",19,51,complete,51,0,0,False,False,True
dsC7O2H10nsd_3421.xyz,3421,"(('Br', 0), ('C', 7), ('Cl', 0), ('F', 0), ('H', 10), ('I', 0), ('N', 0), ('O', 2), ('S', 0))",19,51,complete,51,0,0,False,False,True
dsC7O2H10nsd_3422.xyz,3422,"(('Br', 0), ('C', 7), ('Cl', 0), ('F', 0), ('H', 10), ('I', 0), ('N', 0), ('O', 2), ('S', 0))",19,51,complete,51,0,0,False,False,True
dsC7O2H10nsd_3423.xyz,3423,"(('Br', 0), ('C', 7), ('Cl', 0), ('F', 0), ('H', 10), ('I', 0), ('N', 0), ('O', 2), ('S', 0))",19,51,complete,51,0,0,False,False,True
dsC7O2H10nsd_3424.xyz,3424,"(('Br', 0), ('C', 7), ('Cl', 0), ('F', 0), ('H', 10), ('I', 0), ('N', 0), ('O', 2), ('S', 0))",19,51,complete,51,0,0,False,False,True
dsC7O2H10nsd_3425.xyz,3425,"(('Br', 0), ('C', 7), ('Cl', 0), ('F', 0), ('H', 10), ('I', 0), ('N', 0), ('O', 2), ('S', 0))",19,51,complete,51,0,0,False,False,True
dsC7O2H10nsd_3426.xyz,3426,"(('Br', 0), ('C', 7), ('Cl', 0), ('F', 0), ('H', 10), ('I', 0), ('N', 0), ('O', 2), ('S', 0))",19,51,complete,51,0,0,False,False,True
dsC7O2H10nsd_3427.xyz,3427,"(('Br', 0), ('C', 7), ('Cl', 0), ('F', 0), ('H', 10), ('I', 0), ('N', 0), ('O', 2), ('S', 0))",19,51,complete,51,0,0,False,False,True
dsC7O2H10nsd_3428.xyz,3428,"(('Br', 0), ('C', 7), ('Cl', 0), ('F', 0), ('H', 10), ('I', 0), ('N', 0), ('O', 2), ('S', 0))",19,51,complete,51,0,0,False,False,True
dsC7O2H10nsd_3429.xyz,3429,"(('Br', 0), ('C', 7), ('Cl', 0), ('F', 0), ('H', 10), ('I', 0), ('N', 0), ('O', 2), ('S', 0))",19,51,complete,51,0,0,False,False,True
dsC7O2H10nsd_3430.xyz,3430,"(('Br', 0), ('C', 7), ('Cl', 0), ('F', 0), ('H', 10), ('I', 0), ('N', 0), ('O', 2), ('S', 0))",19,51,complete,51,0,0,False,False,True
dsC7O2H10nsd_3431.xyz,3431,"(('Br', 0), ('C', 7), ('Cl', 0), ('F', 0), ('H', 10), ('I', 0), ('N', 0), ('O', 2), ('S', 0))",19,51,complete,51,0,0,False,False,True
dsC7O2H10nsd_3432.xyz,3432,"(('Br', 0), ('C', 7), ('Cl', 0), ('F', 0), ('H', 10), ('I', 0), ('N', 0), ('O', 2), ('S', 0))",19,51,complete,51,0,0,False,False,True
dsC7O2H10nsd_3433.xyz,3433,"(('Br', 0), ('C', 7), ('Cl', 0), ('F', 0), ('H', 10), ('I', 0), ('N', 0), ('O', 2), ('S', 0))",19,51,complete,51,0,0,False,False,True
dsC7O2H10nsd_3434.xyz,3434,"(('Br', 0), ('C', 7), ('Cl', 0), ('F', 0), ('H', 10), ('I', 0), ('N', 0), ('O', 2), ('S', 0))",19,51,complete,51,0,0,False,False,True
dsC7O2H10nsd_3435.xyz,3435,"(('Br', 0), ('C', 7), ('Cl', 0), ('F', 0), ('H', 10), ('I', 0), ('N', 0), ('O', 2), ('S', 0))",19,51,complete,51,0,0,False,False,True
dsC7O2H10nsd_3436.xyz,3436,"(('Br', 0), ('C', 7), ('Cl', 0), ('F', 0), ('H', 10), ('I', 0), ('N', 0), ('O', 2), ('S', 0))",19,51,complete,51,0,0,False,False,True
dsC7O2H10nsd_3437.xyz,3437,"(('Br', 0), ('C', 7), ('Cl', 0), ('F', 0), ('H', 10), ('I', 0), ('N', 0), ('O', 2), ('S', 0))",19,51,complete,51,0,0,False,False,True
dsC7O2H10nsd_3438.xyz,3438,"(('Br', 0), ('C', 7), ('Cl', 0), ('F', 0), ('H', 10), ('I', 0), ('N', 0), ('O', 2), ('S', 0))",19,51,complete,51,0,0,False,False,True
dsC7O2H10nsd_3439.xyz,3439,"(('Br', 0), ('C', 7), ('Cl', 0), ('F', 0), ('H', 10), ('I', 0), ('N', 0), ('O', 2), ('S', 0))",19,51,complete,51,0,0,False,False,True
dsC7O2H10nsd_3440.xyz,3440,"(('Br', 0), ('C', 7), ('Cl', 0), ('F', 0), ('H', 10), ('I', 0), ('N', 0), ('O', 2), ('S', 0))",19,51,complete,51,0,0,False,False,True
dsC7O2H10nsd_3441.xyz,3441,"(('Br', 0), ('C', 7), ('Cl', 0), ('F', 0), ('H', 10), ('I', 0), ('N', 0), ('O', 2), ('S', 0))",19,51,complete,51,0,0,False,False,True
dsC7O2H10nsd_3442.xyz,3442,"(('Br', 0), ('C', 7), ('Cl', 0), ('F', 0), ('H', 10), ('I', 0), ('N', 0), ('O', 2), ('S', 0))",19,51,complete,51,0,0,False,False,True
dsC7O2H10nsd_3443.xyz,3443,"(('Br', 0), ('C', 7), ('Cl', 0), ('F', 0), ('H', 10), ('I', 0), ('N', 0), ('O', 2), ('S', 0))",19,51,complete,51,0,0,False,False,True
dsC7O2H10nsd_3444.xyz,3444,"(('Br', 0), ('C', 7), ('Cl', 0), ('F', 0), ('H', 10), ('I', 0), ('N', 0), ('O', 2), ('S', 0))",19,51,complete,51,0,0,False,False,True
dsC7O2H10nsd_3445.xyz,3445,"(('Br', 0), ('C', 7), ('Cl', 0), ('F', 0), ('H', 10), ('I', 0), ('N', 0), ('O', 2), ('S', 0))",19,51,complete,51,0,0,False,False,True
dsC7O2H10nsd_3446.xyz,3446,"(('Br', 0), ('C', 7), ('Cl', 0), ('F', 0), ('H', 10), ('I', 0), ('N', 0), ('O', 2), ('S', 0))",19,51,complete,51,0,0,False,False,True
dsC7O2H10nsd_3447.xyz,3447,"(('Br', 0), ('C', 7), ('Cl', 0), ('F', 0), ('H', 10), ('I', 0), ('N', 0), ('O', 2), ('S', 0))",19,51,complete,51,0,0,False,False,True
dsC7O2H10nsd_3448.xyz,3448,"(('Br', 0), ('C', 7), ('Cl', 0), ('F', 0), ('H', 10), ('I', 0), ('N', 0), ('O', 2), ('S', 0))",19,51,complete,51,0,0,False,False,True
dsC7O2H10nsd_3449.xyz,3449,"(('Br', 0), ('C', 7), ('Cl', 0), ('F', 0), ('H', 10), ('I', 0), ('N', 0), ('O', 2), ('S', 0))",19,51,complete,51,0,0,False,False,True
dsC7O2H10nsd_3450.xyz,3450,"(('Br', 0), ('C', 7), ('Cl', 0), ('F', 0), ('H', 10), ('I', 0), ('N', 0), ('O', 2), ('S', 0))",19,51,complete,51,0,0,False,False,True
dsC7O2H10nsd_3451.xyz,3451,"(('Br', 0), ('C', 7), ('Cl', 0), ('F', 0), ('H', 10), ('I', 0), ('N', 0), ('O', 2), ('S', 0))",19,51,complete,51,0,0,False,False,True
dsC7O2H10nsd_3452.xyz,3452,"(('Br', 0), ('C', 7), ('Cl', 0), ('F', 0), ('H', 10), ('I', 0), ('N', 0), ('O', 2), ('S', 0))",19,51,complete,51,0,0,False,False,True
dsC7O2H10nsd_3453.xyz,3453,"(('Br', 0), ('C', 7), ('Cl', 0), ('F', 0), ('H', 10), ('I', 0), ('N', 0), ('O', 2), ('S', 0))",19,51,complete,51,0,0,False,False,True
dsC7O2H10nsd_3454.xyz,3454,"(('Br', 0), ('C', 7), ('Cl', 0), ('F', 0), ('H', 10), ('I', 0), ('N', 0), ('O', 2), ('S', 0))",19,51,complete,51,0,0,False,False,True
dsC7O2H10nsd_3455.xyz,3455,"(('Br', 0), ('C', 7), ('Cl', 0), ('F', 0), ('H', 10), ('I', 0), ('N', 0), ('O', 2), ('S', 0))",19,51,complete,51,0,0,False,False,True
dsC7O2H10nsd_3456.xyz,3456,"(('Br', 0), ('C', 7), ('Cl', 0), ('F', 0), ('H', 10), ('I', 0), ('N', 0), ('O', 2), ('S', 0))",19,51,complete,51,0,0,False,False,True
dsC7O2H10nsd_3457.xyz,3457,"(('Br', 0), ('C', 7), ('Cl', 0), ('F', 0), ('H', 10), ('I', 0), ('N', 0), ('O', 2), ('S', 0))",19,102,incomplete_count,102,0,0,False,False,True
dsC7O2H10nsd_3458.xyz,3458,"(('Br', 0), ('C', 7), ('Cl', 0), ('F', 0), ('H', 10), ('I', 0), ('N', 0), ('O', 2), ('S', 0))",19,51,complete,51,0,0,False,False,True
dsC7O2H10nsd_3459.xyz,3459,"(('Br', 0), ('C', 7), ('Cl', 0), ('F', 0), ('H', 10), ('I', 0), ('N', 0), ('O', 2), ('S', 0))",19,51,complete,51,0,0,False,False,True
dsC7O2H10nsd_3460.xyz,3460,"(('Br', 0), ('C', 7), ('Cl', 0), ('F', 0), ('H', 10), ('I', 0), ('N', 0), ('O', 2), ('S', 0))",19,51,complete,51,0,0,False,False,True
dsC7O2H10nsd_3461.xyz,3461,"(('Br', 0), ('C', 7), ('Cl', 0), ('F', 0), ('H', 10), ('I', 0), ('N', 0), ('O', 2), ('S', 0))",19,51,complete,51,0,0,False,False,True
dsC7O2H10nsd_3462.xyz,3462,"(('Br', 0), ('C', 7), ('Cl', 0), ('F', 0), ('H', 10), ('I', 0), ('N', 0), ('O', 2), ('S', 0))",19,51,complete,51,0,0,False,False,True
dsC7O2H10nsd_3463.xyz,3463,"(('Br', 0), ('C', 7), ('Cl', 0), ('F', 0), ('H', 10), ('I', 0), ('N', 0), ('O', 2), ('S', 0))",19,51,complete,51,0,0,False,False,True
dsC7O2H10nsd_3464.xyz,3464,"(('Br', 0), ('C', 7), ('Cl', 0), ('F', 0), ('H', 10), ('I', 0), ('N', 0), ('O', 2), ('S', 0))",19,51,complete,51,0,0,False,False,True
dsC7O2H10nsd_3465.xyz,3465,"(('Br', 0), ('C', 7), ('Cl', 0), ('F', 0), ('H', 10), ('I', 0), ('N', 0), ('O', 2), ('S', 0))",19,51,complete,51,0,0,False,False,True
dsC7O2H10nsd_3466.xyz,3466,"(('Br', 0), ('C', 7), ('Cl', 0), ('F', 0), ('H', 10), ('I', 0), ('N', 0), ('O', 2), ('S', 0))",19,51,complete,51,0,0,False,False,True
dsC7O2H10nsd_3467.xyz,3467,"(('Br', 0), ('C', 7), ('Cl', 0), ('F', 0), ('H', 10), ('I', 0), ('N', 0), ('O', 2), ('S', 0))",19,51,complete,51,0,0,False,False,True
dsC7O2H10nsd_3468.xyz,3468,"(('Br', 0), ('C', 7), ('Cl', 0), ('F', 0), ('H', 10), ('I', 0), ('N', 0), ('O', 2), ('S', 0))",19,51,complete,51,0,0,False,False,True
dsC7O2H10nsd_3469.xyz,3469,"(('Br', 0), ('C', 7), ('Cl', 0), ('F', 0), ('H', 10), ('I', 0), ('N', 0), ('O', 2), ('S', 0))",19,51,complete,51,0,0,False,False,True
dsC7O2H10nsd_3470.xyz,3470,"(('Br', 0), ('C', 7), ('Cl', 0), ('F', 0), ('H', 10), ('I', 0), ('N', 0), ('O', 2), ('S', 0))",19,51,complete,51,0,0,False,False,True
dsC7O2H10nsd_3471.xyz,3471,"(('Br', 0), ('C', 7), ('Cl', 0), ('F', 0), ('H', 10), ('I', 0), ('N', 0), ('O', 2), ('S', 0))",19,51,complete,51,0,0,False,False,True
dsC7O2H10nsd_3472.xyz,3472,"(('Br', 0), ('C', 7), ('Cl', 0), ('F', 0), ('H', 10), ('I', 0), ('N', 0), ('O', 2), ('S', 0))",19,51,complete,51,0,0,False,False,True
dsC7O2H10nsd_3473.xyz,3473,"(('Br', 0), ('C', 7), ('Cl', 0), ('F', 0), ('H', 10), ('I', 0), ('N', 0), ('O', 2), ('S', 0))",19,51,complete,51,0,0,False,False,True
dsC7O2H10nsd_3474.xyz,3474,"(('Br', 0), ('C', 7), ('Cl', 0), ('F', 0), ('H', 10), ('I', 0), ('N', 0), ('O', 2), ('S', 0))",19,51,complete,51,0,0,False,False,True
dsC7O2H10nsd_3475.xyz,3475,"(('Br', 0), ('C', 7), ('Cl', 0), ('F', 0), ('H', 10), ('I', 0), ('N', 0), ('O', 2), ('S', 0))",19,51,complete,51,0,0,False,False,True
dsC7O2H10nsd_3476.xyz,3476,"(('Br', 0), ('C', 7), ('Cl', 0), ('F', 0), ('H', 10), ('I', 0), ('N', 0), ('O', 2), ('S', 0))",19,51,complete,51,0,0,False,False,True
dsC7O2H10nsd_3477.xyz,3477,"(('Br', 0), ('C', 7), ('Cl', 0), ('F', 0), ('H', 10), ('I', 0), ('N', 0), ('O', 2), ('S', 0))",19,51,complete,51,0,0,False,False,True
dsC7O2H10nsd_3478.xyz,3478,"(('Br', 0), ('C', 7), ('Cl', 0), ('F', 0), ('H', 10), ('I', 0), ('N', 0), ('O', 2), ('S', 0))",19,51,complete,51,0,0,False,False,True
dsC7O2H10nsd_3479.xyz,3479,"(('Br', 0), ('C', 7), ('Cl', 0), ('F', 0), ('H', 10), ('I', 0), ('N', 0), ('O', 2), ('S', 0))",19,51,complete,51,0,0,False,False,True
dsC7O2H10nsd_3480.xyz,3480,"(('Br', 0), ('C', 7), ('Cl', 0), ('F', 0), ('H', 10), ('I', 0), ('N', 0), ('O', 2), ('S', 0))",19,51,complete,51,0,0,False,False,True
dsC7O2H10nsd_3481.xyz,3481,"(('Br', 0), ('C', 7), ('Cl', 0), ('F', 0), ('H', 10), ('I', 0), ('N', 0), ('O', 2), ('S', 0))",19,51,complete,51,0,0,False,False,True
dsC7O2H10nsd_3482.xyz,3482,"(('Br', 0), ('C', 7), ('Cl', 0), ('F', 0), ('H', 10), ('I', 0), ('N', 0), ('O', 2), ('S', 0))",19,51,complete,51,0,0,False,False,True
dsC7O2H10nsd_3483.xyz,3483,"(('Br', 0), ('C', 7), ('Cl', 0), ('F', 0), ('H', 10), ('I', 0), ('N', 0), ('O', 2), ('S', 0))",19,51,complete,51,0,0,False,False,True
dsC7O2H10nsd_3484.xyz,3484,"(('Br', 0), ('C', 7), ('Cl', 0), ('F', 0), ('H', 10), ('I', 0), ('N', 0), ('O', 2), ('S', 0))",19,51,complete,51,0,0,False,False,True
dsC7O2H10nsd_3485.xyz,3485,"(('Br', 0), ('C', 7), ('Cl', 0), ('F', 0), ('H', 10), ('I', 0), ('N', 0), ('O', 2), ('S', 0))",19,51,complete,51,0,0,False,False,True
dsC7O2H10nsd_3486.xyz,3486,"(('Br', 0), ('C', 7), ('Cl', 0), ('F', 0), ('H', 10), ('I', 0), ('N', 0), ('O', 2), ('S', 0))",19,51,complete,51,0,0,False,False,True
dsC7O2H10nsd_3487.xyz,3487,"(('Br', 0), ('C', 7), ('Cl', 0), ('F', 0), ('H', 10), ('I', 0), ('N', 0), ('O', 2), ('S', 0))",19,51,complete,51,0,0,False,False,True
dsC7O2H10nsd_3488.xyz,3488,"(('Br', 0), ('C', 7), ('Cl', 0), ('F', 0), ('H', 10), ('I', 0), ('N', 0), ('O', 2), ('S', 0))",19,51,complete,51,0,0,False,False,True
dsC7O2H10nsd_3489.xyz,3489,"(('Br', 0), ('C', 7), ('Cl', 0), ('F', 0), ('H', 10), ('I', 0), ('N', 0), ('O', 2), ('S', 0))",19,51,complete,51,0,0,False,False,True
dsC7O2H10nsd_3490.xyz,3490,"(('Br', 0), ('C', 7), ('Cl', 0), ('F', 0), ('H', 10), ('I', 0), ('N', 0), ('O', 2), ('S', 0))",19,51,complete,51,0,0,False,False,True
dsC7O2H10nsd_3491.xyz,3491,"(('Br', 0), ('C', 7), ('Cl', 0), ('F', 0), ('H', 10), ('I', 0), ('N', 0), ('O', 2), ('S', 0))",19,51,complete,51,0,0,False,False,True
dsC7O2H10nsd_3492.xyz,3492,"(('Br', 0), ('C', 7), ('Cl', 0), ('F', 0), ('H', 10), ('I', 0), ('N', 0), ('O', 2), ('S', 0))",19,51,complete,51,0,0,False,False,True
dsC7O2H10nsd_3493.xyz,3493,"(('Br', 0), ('C', 7), ('Cl', 0), ('F', 0), ('H', 10), ('I', 0), ('N', 0), ('O', 2), ('S', 0))",19,51,complete,51,0,0,False,False,True
dsC7O2H10nsd_3494.xyz,3494,"(('Br', 0), ('C', 7), ('Cl', 0), ('F', 0), ('H', 10), ('I', 0), ('N', 0), ('O', 2), ('S', 0))",19,51,complete,51,0,0,False,False,True
dsC7O2H10nsd_3495.xyz,3495,"(('Br', 0), ('C', 7), ('Cl', 0), ('F', 0), ('H', 10), ('I', 0), ('N', 0), ('O', 2), ('S', 0))",19,51,complete,51,0,0,False,False,True
dsC7O2H10nsd_3496.xyz,3496,"(('Br', 0), ('C', 7), ('Cl', 0), ('F', 0), ('H', 10), ('I', 0), ('N', 0), ('O', 2), ('S', 0))",19,51,complete,51,0,0,False,False,True
dsC7O2H10nsd_3497.xyz,3497,"(('Br', 0), ('C', 7), ('Cl', 0), ('F', 0), ('H', 10), ('I', 0), ('N', 0), ('O', 2), ('S', 0))",19,51,complete,51,0,0,False,False,True
dsC7O2H10nsd_3498.xyz,3498,"(('Br', 0), ('C', 7), ('Cl', 0), ('F', 0), ('H', 10), ('I', 0), ('N', 0), ('O', 2), ('S', 0))",19,51,complete,51,0,0,False,False,True
dsC7O2H10nsd_3499.xyz,3499,"(('Br', 0), ('C', 7), ('Cl', 0), ('F', 0), ('H', 10), ('I', 0), ('N', 0), ('O', 2), ('S', 0))",19,51,complete,51,0,0,False,False,True
dsC7O2H10nsd_3500.xyz,3500,"(('Br', 0), ('C', 7), ('Cl', 0), ('F', 0), ('H', 10), ('I', 0), ('N', 0), ('O', 2), ('S', 0))",19,51,complete,51,0,0,False,False,True
dsC7O2H10nsd_3501.xyz,3501,"(('Br', 0), ('C', 7), ('Cl', 0), ('F', 0), ('H', 10), ('I', 0), ('N', 0), ('O', 2), ('S', 0))",19,51,complete,51,0,0,False,False,True
dsC7O2H10nsd_3502.xyz,3502,"(('Br', 0), ('C', 7), ('Cl', 0), ('F', 0), ('H', 10), ('I', 0), ('N', 0), ('O', 2), ('S', 0))",19,51,complete,51,0,0,False,False,True
dsC7O2H10nsd_3503.xyz,3503,"(('Br', 0), ('C', 7), ('Cl', 0), ('F', 0), ('H', 10), ('I', 0), ('N', 0), ('O', 2), ('S', 0))",19,51,complete,51,0,0,False,False,True
dsC7O2H10nsd_3504.xyz,3504,"(('Br', 0), ('C', 7), ('Cl', 0), ('F', 0), ('H', 10), ('I', 0), ('N', 0), ('O', 2), ('S', 0))",19,51,complete,51,0,0,False,False,True
dsC7O2H10nsd_3505.xyz,3505,"(('Br', 0), ('C', 7), ('Cl', 0), ('F', 0), ('H', 10), ('I', 0), ('N', 0), ('O', 2), ('S', 0))",19,51,complete,51,0,0,False,False,True
dsC7O2H10nsd_3506.xyz,3506,"(('Br', 0), ('C', 7), ('Cl', 0), ('F', 0), ('H', 10), ('I', 0), ('N', 0), ('O', 2), ('S', 0))",19,51,complete,51,0,0,False,False,True
dsC7O2H10nsd_3507.xyz,3507,"(('Br', 0), ('C', 7), ('Cl', 0), ('F', 0), ('H', 10), ('I', 0), ('N', 0), ('O', 2), ('S', 0))",19,51,complete,51,0,0,False,False,True
dsC7O2H10nsd_3508.xyz,3508,"(('Br', 0), ('C', 7), ('Cl', 0), ('F', 0), ('H', 10), ('I', 0), ('N', 0), ('O', 2), ('S', 0))",19,51,complete,51,0,0,False,False,True
dsC7O2H10nsd_3509.xyz,3509,"(('Br', 0), ('C', 7), ('Cl', 0), ('F', 0), ('H', 10), ('I', 0), ('N', 0), ('O', 2), ('S', 0))",19,51,complete,51,0,0,False,False,True
dsC7O2H10nsd_3510.xyz,3510,"(('Br', 0), ('C', 7), ('Cl', 0), ('F', 0), ('H', 10), ('I', 0), ('N', 0), ('O', 2), ('S', 0))",19,51,complete,51,0,0,False,False,True
dsC7O2H10nsd_3511.xyz,3511,"(('Br', 0), ('C', 7), ('Cl', 0), ('F', 0), ('H', 10), ('I', 0), ('N', 0), ('O', 2), ('S', 0))",19,51,complete,51,0,0,False,False,True
dsC7O2H10nsd_3512.xyz,3512,"(('Br', 0), ('C', 7), ('Cl', 0), ('F', 0), ('H', 10), ('I', 0), ('N', 0), ('O', 2), ('S', 0))",19,51,complete,51,0,0,False,False,True
dsC7O2H10nsd_3513.xyz,3513,"(('Br', 0), ('C', 7), ('Cl', 0), ('F', 0), ('H', 10), ('I', 0), ('N', 0), ('O', 2), ('S', 0))",19,51,complete,51,0,0,False,False,True
dsC7O2H10nsd_3514.xyz,3514,"(('Br', 0), ('C', 7), ('Cl', 0), ('F', 0), ('H', 10), ('I', 0), ('N', 0), ('O', 2), ('S', 0))",19,51,complete,51,0,0,False,False,True
dsC7O2H10nsd_3515.xyz,3515,"(('Br', 0), ('C', 7), ('Cl', 0), ('F', 0), ('H', 10), ('I', 0), ('N', 0), ('O', 2), ('S', 0))",19,51,complete,51,0,0,False,False,True
dsC7O2H10nsd_3516.xyz,3516,"(('Br', 0), ('C', 7), ('Cl', 0), ('F', 0), ('H', 10), ('I', 0), ('N', 0), ('O', 2), ('S', 0))",19,51,complete,51,0,0,False,False,True
dsC7O2H10nsd_3517.xyz,3517,"(('Br', 0), ('C', 7), ('Cl', 0), ('F', 0), ('H', 10), ('I', 0), ('N', 0), ('O', 2), ('S', 0))",19,51,complete,51,0,0,False,False,True
dsC7O2H10nsd_3518.xyz,3518,"(('Br', 0), ('C', 7), ('Cl', 0), ('F', 0), ('H', 10), ('I', 0), ('N', 0), ('O', 2), ('S', 0))",19,51,complete,51,0,0,False,True,True
dsC7O2H10nsd_3519.xyz,3519,"(('Br', 0), ('C', 7), ('Cl', 0), ('F', 0), ('H', 10), ('I', 0), ('N', 0), ('O', 2), ('S', 0))",19,51,complete,51,0,0,False,False,True
dsC7O2H10nsd_3520.xyz,3520,"(('Br', 0), ('C', 7), ('Cl', 0), ('F', 0), ('H', 10), ('I', 0), ('N', 0), ('O', 2), ('S', 0))",19,51,complete,51,0,0,False,False,True
dsC7O2H10nsd_3521.xyz,3521,"(('Br', 0), ('C', 7), ('Cl', 0), ('F', 0), ('H', 10), ('I', 0), ('N', 0), ('O', 2), ('S', 0))",19,51,complete,51,0,0,False,False,True
dsC7O2H10nsd_3522.xyz,3522,"(('Br', 0), ('C', 7), ('Cl', 0), ('F', 0), ('H', 10), ('I', 0), ('N', 0), ('O', 2), ('S', 0))",19,51,complete,51,0,0,False,False,True
dsC7O2H10nsd_3523.xyz,3523,"(('Br', 0), ('C', 7), ('Cl', 0), ('F', 0), ('H', 10), ('I', 0), ('N', 0), ('O', 2), ('S', 0))",19,51,complete,51,0,0,False,False,True
dsC7O2H10nsd_3524.xyz,3524,"(('Br', 0), ('C', 7), ('Cl', 0), ('F', 0), ('H', 10), ('I', 0), ('N', 0), ('O', 2), ('S', 0))",19,51,complete,51,0,0,False,False,True
dsC7O2H10nsd_3525.xyz,3525,"(('Br', 0), ('C', 7), ('Cl', 0), ('F', 0), ('H', 10), ('I', 0), ('N', 0), ('O', 2), ('S', 0))",19,51,complete,51,0,0,False,False,True
dsC7O2H10nsd_3526.xyz,3526,"(('Br', 0), ('C', 7), ('Cl', 0), ('F', 0), ('H', 10), ('I', 0), ('N', 0), ('O', 2), ('S', 0))",19,51,complete,51,0,0,False,False,True
dsC7O2H10nsd_3527.xyz,3527,"(('Br', 0), ('C', 7), ('Cl', 0), ('F', 0), ('H', 10), ('I', 0), ('N', 0), ('O', 2), ('S', 0))",19,51,complete,51,0,0,False,False,True
dsC7O2H10nsd_3528.xyz,3528,"(('Br', 0), ('C', 7), ('Cl', 0), ('F', 0), ('H', 10), ('I', 0), ('N', 0), ('O', 2), ('S', 0))",19,51,complete,51,0,0,False,False,True
dsC7O2H10nsd_3529.xyz,3529,"(('Br', 0), ('C', 7), ('Cl', 0), ('F', 0), ('H', 10), ('I', 0), ('N', 0), ('O', 2), ('S', 0))",19,51,complete,51,0,0,False,False,True
dsC7O2H10nsd_3530.xyz,3530,"(('Br', 0), ('C', 7), ('Cl', 0), ('F', 0), ('H', 10), ('I', 0), ('N', 0), ('O', 2), ('S', 0))",19,51,complete,51,0,0,False,False,True
dsC7O2H10nsd_3531.xyz,3531,"(('Br', 0), ('C', 7), ('Cl', 0), ('F', 0), ('H', 10), ('I', 0), ('N', 0), ('O', 2), ('S', 0))",19,51,complete,51,0,0,False,False,True
dsC7O2H10nsd_3532.xyz,3532,"(('Br', 0), ('C', 7), ('Cl', 0), ('F', 0), ('H', 10), ('I', 0), ('N', 0), ('O', 2), ('S', 0))",19,51,complete,51,0,0,False,False,True
dsC7O2H10nsd_3533.xyz,3533,"(('Br', 0), ('C', 7), ('Cl', 0), ('F', 0), ('H', 10), ('I', 0), ('N', 0), ('O', 2), ('S', 0))",19,51,complete,51,0,0,False,False,True
dsC7O2H10nsd_3534.xyz,3534,"(('Br', 0), ('C', 7), ('Cl', 0), ('F', 0), ('H', 10), ('I', 0), ('N', 0), ('O', 2), ('S', 0))",19,51,complete,51,0,0,False,False,True
dsC7O2H10nsd_3535.xyz,3535,"(('Br', 0), ('C', 7), ('Cl', 0), ('F', 0), ('H', 10), ('I', 0), ('N', 0), ('O', 2), ('S', 0))",19,51,complete,51,0,0,False,False,True
dsC7O2H10nsd_3536.xyz,3536,"(('Br', 0), ('C', 7), ('Cl', 0), ('F', 0), ('H', 10), ('I', 0), ('N', 0), ('O', 2), ('S', 0))",19,51,complete,51,0,0,False,False,True
dsC7O2H10nsd_3537.xyz,3537,"(('Br', 0), ('C', 7), ('Cl', 0), ('F', 0), ('H', 10), ('I', 0), ('N', 0), ('O', 2), ('S', 0))",19,51,complete,51,0,0,False,False,True
dsC7O2H10nsd_3538.xyz,3538,"(('Br', 0), ('C', 7), ('Cl', 0), ('F', 0), ('H', 10), ('I', 0), ('N', 0), ('O', 2), ('S', 0))",19,51,complete,51,0,0,False,False,True
dsC7O2H10nsd_3539.xyz,3539,"(('Br', 0), ('C', 7), ('Cl', 0), ('F', 0), ('H', 10), ('I', 0), ('N', 0), ('O', 2), ('S', 0))",19,51,complete,51,0,0,False,False,True
dsC7O2H10nsd_3540.xyz,3540,"(('Br', 0), ('C', 7), ('Cl', 0), ('F', 0), ('H', 10), ('I', 0), ('N', 0), ('O', 2), ('S', 0))",19,51,complete,51,0,0,False,False,True
dsC7O2H10nsd_3541.xyz,3541,"(('Br', 0), ('C', 7), ('Cl', 0), ('F', 0), ('H', 10), ('I', 0), ('N', 0), ('O', 2), ('S', 0))",19,51,complete,51,0,0,False,False,True
dsC7O2H10nsd_3542.xyz,3542,"(('Br', 0), ('C', 7), ('Cl', 0), ('F', 0), ('H', 10), ('I', 0), ('N', 0), ('O', 2), ('S', 0))",19,51,complete,51,0,0,False,False,True
dsC7O2H10nsd_3543.xyz,3543,"(('Br', 0), ('C', 7), ('Cl', 0), ('F', 0), ('H', 10), ('I', 0), ('N', 0), ('O', 2), ('S', 0))",19,51,complete,51,0,0,False,False,True
dsC7O2H10nsd_3544.xyz,3544,"(('Br', 0), ('C', 7), ('Cl', 0), ('F', 0), ('H', 10), ('I', 0), ('N', 0), ('O', 2), ('S', 0))",19,51,complete,51,0,0,False,False,True
dsC7O2H10nsd_3545.xyz,3545,"(('Br', 0), ('C', 7), ('Cl', 0), ('F', 0), ('H', 10), ('I', 0), ('N', 0), ('O', 2), ('S', 0))",19,51,complete,51,0,0,False,False,True
dsC7O2H10nsd_3546.xyz,3546,"(('Br', 0), ('C', 7), ('Cl', 0), ('F', 0), ('H', 10), ('I', 0), ('N', 0), ('O', 2), ('S', 0))",19,51,complete,51,0,0,False,False,True
dsC7O2H10nsd_3547.xyz,3547,"(('Br', 0), ('C', 7), ('Cl', 0), ('F', 0), ('H', 10), ('I', 0), ('N', 0), ('O', 2), ('S', 0))",19,51,complete,51,0,0,False,False,True
dsC7O2H10nsd_3548.xyz,3548,"(('Br', 0), ('C', 7), ('Cl', 0), ('F', 0), ('H', 10), ('I', 0), ('N', 0), ('O', 2), ('S', 0))",19,51,complete,51,0,0,False,False,True
dsC7O2H10nsd_3549.xyz,3549,"(('Br', 0), ('C', 7), ('Cl', 0), ('F', 0), ('H', 10), ('I', 0), ('N', 0), ('O', 2), ('S', 0))",19,51,complete,51,0,0,False,False,True
dsC7O2H10nsd_3550.xyz,3550,"(('Br', 0), ('C', 7), ('Cl', 0), ('F', 0), ('H', 10), ('I', 0), ('N', 0), ('O', 2), ('S', 0))",19,51,complete,51,0,0,False,False,True
dsC7O2H10nsd_3551.xyz,3551,"(('Br', 0), ('C', 7), ('Cl', 0), ('F', 0), ('H', 10), ('I', 0), ('N', 0), ('O', 2), ('S', 0))",19,51,complete,51,0,0,False,False,True
dsC7O2H10nsd_3552.xyz,3552,"(('Br', 0), ('C', 7), ('Cl', 0), ('F', 0), ('H', 10), ('I', 0), ('N', 0), ('O', 2), ('S', 0))",19,51,complete,51,0,0,False,False,True
dsC7O2H10nsd_3553.xyz,3553,"(('Br', 0), ('C', 7), ('Cl', 0), ('F', 0), ('H', 10), ('I', 0), ('N', 0), ('O', 2), ('S', 0))",19,51,complete,51,0,0,False,False,True
dsC7O2H10nsd_3554.xyz,3554,"(('Br', 0), ('C', 7), ('Cl', 0), ('F', 0), ('H', 10), ('I', 0), ('N', 0), ('O', 2), ('S', 0))",19,51,complete,51,0,0,False,False,True
dsC7O2H10nsd_3555.xyz,3555,"(('Br', 0), ('C', 7), ('Cl', 0), ('F', 0), ('H', 10), ('I', 0), ('N', 0), ('O', 2), ('S', 0))",19,51,complete,51,0,0,False,False,True
dsC7O2H10nsd_3556.xyz,3556,"(('Br', 0), ('C', 7), ('Cl', 0), ('F', 0), ('H', 10), ('I', 0), ('N', 0), ('O', 2), ('S', 0))",19,51,complete,51,0,0,False,False,True
dsC7O2H10nsd_3557.xyz,3557,"(('Br', 0), ('C', 7), ('Cl', 0), ('F', 0), ('H', 10), ('I', 0), ('N', 0), ('O', 2), ('S', 0))",19,51,complete,51,0,0,False,False,True
dsC7O2H10nsd_3558.xyz,3558,"(('Br', 0), ('C', 7), ('Cl', 0), ('F', 0), ('H', 10), ('I', 0), ('N', 0), ('O', 2), ('S', 0))",19,51,complete,51,0,0,False,False,True
dsC7O2H10nsd_3559.xyz,3559,"(('Br', 0), ('C', 7), ('Cl', 0), ('F', 0), ('H', 10), ('I', 0), ('N', 0), ('O', 2), ('S', 0))",19,51,complete,51,0,0,False,False,True
dsC7O2H10nsd_3560.xyz,3560,"(('Br', 0), ('C', 7), ('Cl', 0), ('F', 0), ('H', 10), ('I', 0), ('N', 0), ('O', 2), ('S', 0))",19,51,complete,51,0,0,True,True,True
dsC7O2H10nsd_3561.xyz,3561,"(('Br', 0), ('C', 7), ('Cl', 0), ('F', 0), ('H', 10), ('I', 0), ('N', 0), ('O', 2), ('S', 0))",19,51,complete,51,0,0,False,False,True
dsC7O2H10nsd_3562.xyz,3562,"(('Br', 0), ('C', 7), ('Cl', 0), ('F', 0), ('H', 10), ('I', 0), ('N', 0), ('O', 2), ('S', 0))",19,51,complete,51,0,0,False,False,True
dsC7O2H10nsd_3563.xyz,3563,"(('Br', 0), ('C', 7), ('Cl', 0), ('F', 0), ('H', 10), ('I', 0), ('N', 0), ('O', 2), ('S', 0))",19,51,complete,51,0,0,False,False,True
dsC7O2H10nsd_3564.xyz,3564,"(('Br', 0), ('C', 7), ('Cl', 0), ('F', 0), ('H', 10), ('I', 0), ('N', 0), ('O', 2), ('S', 0))",19,51,complete,51,0,0,False,False,True
dsC7O2H10nsd_3565.xyz,3565,"(('Br', 0), ('C', 7), ('Cl', 0), ('F', 0), ('H', 10), ('I', 0), ('N', 0), ('O', 2), ('S', 0))",19,51,complete,51,0,0,False,False,True
dsC7O2H10nsd_3566.xyz,3566,"(('Br', 0), ('C', 7), ('Cl', 0), ('F', 0), ('H', 10), ('I', 0), ('N', 0), ('O', 2), ('S', 0))",19,51,complete,51,0,0,False,False,True
dsC7O2H10nsd_3567.xyz,3567,"(('Br', 0), ('C', 7), ('Cl', 0), ('F', 0), ('H', 10), ('I', 0), ('N', 0), ('O', 2), ('S', 0))",19,51,complete,51,0,0,False,False,True
dsC7O2H10nsd_3568.xyz,3568,"(('Br', 0), ('C', 7), ('Cl', 0), ('F', 0), ('H', 10), ('I', 0), ('N', 0), ('O', 2), ('S', 0))",19,51,complete,51,0,0,False,False,True
dsC7O2H10nsd_3569.xyz,3569,"(('Br', 0), ('C', 7), ('Cl', 0), ('F', 0), ('H', 10), ('I', 0), ('N', 0), ('O', 2), ('S', 0))",19,51,complete,51,0,0,False,False,True
dsC7O2H10nsd_3570.xyz,3570,"(('Br', 0), ('C', 7), ('Cl', 0), ('F', 0), ('H', 10), ('I', 0), ('N', 0), ('O', 2), ('S', 0))",19,51,complete,51,0,0,False,False,True
dsC7O2H10nsd_3571.xyz,3571,"(('Br', 0), ('C', 7), ('Cl', 0), ('F', 0), ('H', 10), ('I', 0), ('N', 0), ('O', 2), ('S', 0))",19,51,complete,51,0,0,False,False,True
dsC7O2H10nsd_3572.xyz,3572,"(('Br', 0), ('C', 7), ('Cl', 0), ('F', 0), ('H', 10), ('I', 0), ('N', 0), ('O', 2), ('S', 0))",19,51,complete,51,0,0,False,False,True
dsC7O2H10nsd_3573.xyz,3573,"(('Br', 0), ('C', 7), ('Cl', 0), ('F', 0), ('H', 10), ('I', 0), ('N', 0), ('O', 2), ('S', 0))",19,51,complete,51,0,0,False,False,True
dsC7O2H10nsd_3574.xyz,3574,"(('Br', 0), ('C', 7), ('Cl', 0), ('F', 0), ('H', 10), ('I', 0), ('N', 0), ('O', 2), ('S', 0))",19,51,complete,51,0,0,False,False,True
dsC7O2H10nsd_3575.xyz,3575,"(('Br', 0), ('C', 7), ('Cl', 0), ('F', 0), ('H', 10), ('I', 0), ('N', 0), ('O', 2), ('S', 0))",19,51,complete,51,0,0,False,False,True
dsC7O2H10nsd_3576.xyz,3576,"(('Br', 0), ('C', 7), ('Cl', 0), ('F', 0), ('H', 10), ('I', 0), ('N', 0), ('O', 2), ('S', 0))",19,51,complete,51,0,0,False,False,True
dsC7O2H10nsd_3577.xyz,3577,"(('Br', 0), ('C', 7), ('Cl', 0), ('F', 0), ('H', 10), ('I', 0), ('N', 0), ('O', 2), ('S', 0))",19,51,complete,51,0,0,False,False,True
dsC7O2H10nsd_3578.xyz,3578,"(('Br', 0), ('C', 7), ('Cl', 0), ('F', 0), ('H', 10), ('I', 0), ('N', 0), ('O', 2), ('S', 0))",19,51,complete,51,0,0,False,False,True
dsC7O2H10nsd_3579.xyz,3579,"(('Br', 0), ('C', 7), ('Cl', 0), ('F', 0), ('H', 10), ('I', 0), ('N', 0), ('O', 2), ('S', 0))",19,51,complete,51,0,0,False,False,True
dsC7O2H10nsd_3580.xyz,3580,"(('Br', 0), ('C', 7), ('Cl', 0), ('F', 0), ('H', 10), ('I', 0), ('N', 0), ('O', 2), ('S', 0))",19,51,complete,51,0,0,False,False,True
dsC7O2H10nsd_3581.xyz,3581,"(('Br', 0), ('C', 7), ('Cl', 0), ('F', 0), ('H', 10), ('I', 0), ('N', 0), ('O', 2), ('S', 0))",19,51,complete,51,0,0,False,False,True
dsC7O2H10nsd_3582.xyz,3582,"(('Br', 0), ('C', 7), ('Cl', 0), ('F', 0), ('H', 10), ('I', 0), ('N', 0), ('O', 2), ('S', 0))",19,51,complete,51,0,0,False,False,True
dsC7O2H10nsd_3583.xyz,3583,"(('Br', 0), ('C', 7), ('Cl', 0), ('F', 0), ('H', 10), ('I', 0), ('N', 0), ('O', 2), ('S', 0))",19,51,complete,51,0,0,False,False,True
dsC7O2H10nsd_3584.xyz,3584,"(('Br', 0), ('C', 7), ('Cl', 0), ('F', 0), ('H', 10), ('I', 0), ('N', 0), ('O', 2), ('S', 0))",19,51,complete,51,0,0,False,False,True
dsC7O2H10nsd_3585.xyz,3585,"(('Br', 0), ('C', 7), ('Cl', 0), ('F', 0), ('H', 10), ('I', 0), ('N', 0), ('O', 2), ('S', 0))",19,51,complete,51,0,0,False,False,True
dsC7O2H10nsd_3586.xyz,3586,"(('Br', 0), ('C', 7), ('Cl', 0), ('F', 0), ('H', 10), ('I', 0), ('N', 0), ('O', 2), ('S', 0))",19,51,complete,51,0,0,False,False,True
dsC7O2H10nsd_3587.xyz,3587,"(('Br', 0), ('C', 7), ('Cl', 0), ('F', 0), ('H', 10), ('I', 0), ('N', 0), ('O', 2), ('S', 0))",19,51,complete,51,0,0,False,False,True
dsC7O2H10nsd_3588.xyz,3588,"(('Br', 0), ('C', 7), ('Cl', 0), ('F', 0), ('H', 10), ('I', 0), ('N', 0), ('O', 2), ('S', 0))",19,51,complete,51,0,0,False,False,True
dsC7O2H10nsd_3589.xyz,3589,"(('Br', 0), ('C', 7), ('Cl', 0), ('F', 0), ('H', 10), ('I', 0), ('N', 0), ('O', 2), ('S', 0))",19,51,complete,51,0,0,False,False,True
dsC7O2H10nsd_3590.xyz,3590,"(('Br', 0), ('C', 7), ('Cl', 0), ('F', 0), ('H', 10), ('I', 0), ('N', 0), ('O', 2), ('S', 0))",19,51,complete,51,0,0,False,False,True
dsC7O2H10nsd_3591.xyz,3591,"(('Br', 0), ('C', 7), ('Cl', 0), ('F', 0), ('H', 10), ('I', 0), ('N', 0), ('O', 2), ('S', 0))",19,51,complete,51,0,0,False,False,True
dsC7O2H10nsd_3592.xyz,3592,"(('Br', 0), ('C', 7), ('Cl', 0), ('F', 0), ('H', 10), ('I', 0), ('N', 0), ('O', 2), ('S', 0))",19,51,complete,51,0,0,False,False,True
dsC7O2H10nsd_3593.xyz,3593,"(('Br', 0), ('C', 7), ('Cl', 0), ('F', 0), ('H', 10), ('I', 0), ('N', 0), ('O', 2), ('S', 0))",19,51,complete,51,0,0,False,False,True
dsC7O2H10nsd_3594.xyz,3594,"(('Br', 0), ('C', 7), ('Cl', 0), ('F', 0), ('H', 10), ('I', 0), ('N', 0), ('O', 2), ('S', 0))",19,51,complete,51,0,0,False,False,True
dsC7O2H10nsd_3595.xyz,3595,"(('Br', 0), ('C', 7), ('Cl', 0), ('F', 0), ('H', 10), ('I', 0), ('N', 0), ('O', 2), ('S', 0))",19,51,complete,51,0,0,False,False,True
dsC7O2H10nsd_3596.xyz,3596,"(('Br', 0), ('C', 7), ('Cl', 0), ('F', 0), ('H', 10), ('I', 0), ('N', 0), ('O', 2), ('S', 0))",19,51,complete,51,0,0,False,False,True
dsC7O2H10nsd_3597.xyz,3597,"(('Br', 0), ('C', 7), ('Cl', 0), ('F', 0), ('H', 10), ('I', 0), ('N', 0), ('O', 2), ('S', 0))",19,51,complete,51,0,0,False,False,True
dsC7O2H10nsd_3598.xyz,3598,"(('Br', 0), ('C', 7), ('Cl', 0), ('F', 0), ('H', 10), ('I', 0), ('N', 0), ('O', 2), ('S', 0))",19,51,complete,51,0,0,False,False,True
dsC7O2H10nsd_3599.xyz,3599,"(('Br', 0), ('C', 7), ('Cl', 0), ('F', 0), ('H', 10), ('I', 0), ('N', 0), ('O', 2), ('S', 0))",19,51,complete,51,0,0,False,False,True
dsC7O2H10nsd_3600.xyz,3600,"(('Br', 0), ('C', 7), ('Cl', 0), ('F', 0), ('H', 10), ('I', 0), ('N', 0), ('O', 2), ('S', 0))",19,51,complete,51,0,0,False,False,True
dsC7O2H10nsd_3601.xyz,3601,"(('Br', 0), ('C', 7), ('Cl', 0), ('F', 0), ('H', 10), ('I', 0), ('N', 0), ('O', 2), ('S', 0))",19,51,complete,51,0,0,False,False,True
dsC7O2H10nsd_3602.xyz,3602,"(('Br', 0), ('C', 7), ('Cl', 0), ('F', 0), ('H', 10), ('I', 0), ('N', 0), ('O', 2), ('S', 0))",19,51,complete,51,0,0,False,False,True
dsC7O2H10nsd_3603.xyz,3603,"(('Br', 0), ('C', 7), ('Cl', 0), ('F', 0), ('H', 10), ('I', 0), ('N', 0), ('O', 2), ('S', 0))",19,51,complete,51,0,0,False,False,True
dsC7O2H10nsd_3604.xyz,3604,"(('Br', 0), ('C', 7), ('Cl', 0), ('F', 0), ('H', 10), ('I', 0), ('N', 0), ('O', 2), ('S', 0))",19,51,complete,51,0,0,False,False,True
dsC7O2H10nsd_3605.xyz,3605,"(('Br', 0), ('C', 7), ('Cl', 0), ('F', 0), ('H', 10), ('I', 0), ('N', 0), ('O', 2), ('S', 0))",19,51,complete,51,0,0,False,False,True
dsC7O2H10nsd_3606.xyz,3606,"(('Br', 0), ('C', 7), ('Cl', 0), ('F', 0), ('H', 10), ('I', 0), ('N', 0), ('O', 2), ('S', 0))",19,51,complete,51,0,0,False,False,True
dsC7O2H10nsd_3607.xyz,3607,"(('Br', 0), ('C', 7), ('Cl', 0), ('F', 0), ('H', 10), ('I', 0), ('N', 0), ('O', 2), ('S', 0))",19,51,complete,51,0,0,False,False,True
dsC7O2H10nsd_3608.xyz,3608,"(('Br', 0), ('C', 7), ('Cl', 0), ('F', 0), ('H', 10), ('I', 0), ('N', 0), ('O', 2), ('S', 0))",19,51,complete,51,0,0,False,False,True
dsC7O2H10nsd_3609.xyz,3609,"(('Br', 0), ('C', 7), ('Cl', 0), ('F', 0), ('H', 10), ('I', 0), ('N', 0), ('O', 2), ('S', 0))",19,51,complete,51,0,0,False,False,True
dsC7O2H10nsd_3610.xyz,3610,"(('Br', 0), ('C', 7), ('Cl', 0), ('F', 0), ('H', 10), ('I', 0), ('N', 0), ('O', 2), ('S', 0))",19,51,complete,51,0,0,False,False,True
dsC7O2H10nsd_3611.xyz,3611,"(('Br', 0), ('C', 7), ('Cl', 0), ('F', 0), ('H', 10), ('I', 0), ('N', 0), ('O', 2), ('S', 0))",19,102,incomplete_count,102,0,0,False,False,True
dsC7O2H10nsd_3612.xyz,3612,"(('Br', 0), ('C', 7), ('Cl', 0), ('F', 0), ('H', 10), ('I', 0), ('N', 0), ('O', 2), ('S', 0))",19,51,complete,51,0,0,False,False,True
dsC7O2H10nsd_3613.xyz,3613,"(('Br', 0), ('C', 7), ('Cl', 0), ('F', 0), ('H', 10), ('I', 0), ('N', 0), ('O', 2), ('S', 0))",19,51,complete,51,0,0,True,True,True
dsC7O2H10nsd_3614.xyz,3614,"(('Br', 0), ('C', 7), ('Cl', 0), ('F', 0), ('H', 10), ('I', 0), ('N', 0), ('O', 2), ('S', 0))",19,51,complete,51,0,0,False,False,True
dsC7O2H10nsd_3615.xyz,3615,"(('Br', 0), ('C', 7), ('Cl', 0), ('F', 0), ('H', 10), ('I', 0), ('N', 0), ('O', 2), ('S', 0))",19,51,complete,51,0,0,False,False,True
dsC7O2H10nsd_3616.xyz,3616,"(('Br', 0), ('C', 7), ('Cl', 0), ('F', 0), ('H', 10), ('I', 0), ('N', 0), ('O', 2), ('S', 0))",19,51,complete,51,0,0,False,False,True
dsC7O2H10nsd_3617.xyz,3617,"(('Br', 0), ('C', 7), ('Cl', 0), ('F', 0), ('H', 10), ('I', 0), ('N', 0), ('O', 2), ('S', 0))",19,51,complete,51,0,0,False,False,True
dsC7O2H10nsd_3618.xyz,3618,"(('Br', 0), ('C', 7), ('Cl', 0), ('F', 0), ('H', 10), ('I', 0), ('N', 0), ('O', 2), ('S', 0))",19,51,complete,51,0,0,False,False,True
dsC7O2H10nsd_3619.xyz,3619,"(('Br', 0), ('C', 7), ('Cl', 0), ('F', 0), ('H', 10), ('I', 0), ('N', 0), ('O', 2), ('S', 0))",19,51,complete,51,0,0,False,False,True
dsC7O2H10nsd_3620.xyz,3620,"(('Br', 0), ('C', 7), ('Cl', 0), ('F', 0), ('H', 10), ('I', 0), ('N', 0), ('O', 2), ('S', 0))",19,51,complete,51,0,0,False,False,True
dsC7O2H10nsd_3621.xyz,3621,"(('Br', 0), ('C', 7), ('Cl', 0), ('F', 0), ('H', 10), ('I', 0), ('N', 0), ('O', 2), ('S', 0))",19,51,complete,51,0,0,False,False,True
dsC7O2H10nsd_3622.xyz,3622,"(('Br', 0), ('C', 7), ('Cl', 0), ('F', 0), ('H', 10), ('I', 0), ('N', 0), ('O', 2), ('S', 0))",19,51,complete,51,0,0,False,False,True
dsC7O2H10nsd_3623.xyz,3623,"(('Br', 0), ('C', 7), ('Cl', 0), ('F', 0), ('H', 10), ('I', 0), ('N', 0), ('O', 2), ('S', 0))",19,51,complete,51,0,0,False,False,True
dsC7O2H10nsd_3624.xyz,3624,"(('Br', 0), ('C', 7), ('Cl', 0), ('F', 0), ('H', 10), ('I', 0), ('N', 0), ('O', 2), ('S', 0))",19,51,complete,51,0,0,False,False,True
dsC7O2H10nsd_3625.xyz,3625,"(('Br', 0), ('C', 7), ('Cl', 0), ('F', 0), ('H', 10), ('I', 0), ('N', 0), ('O', 2), ('S', 0))",19,51,complete,51,0,0,False,False,True
dsC7O2H10nsd_3626.xyz,3626,"(('Br', 0), ('C', 7), ('Cl', 0), ('F', 0), ('H', 10), ('I', 0), ('N', 0), ('O', 2), ('S', 0))",19,51,complete,51,0,0,False,False,True
dsC7O2H10nsd_3627.xyz,3627,"(('Br', 0), ('C', 7), ('Cl', 0), ('F', 0), ('H', 10), ('I', 0), ('N', 0), ('O', 2), ('S', 0))",19,51,complete,51,0,0,False,False,True
dsC7O2H10nsd_3628.xyz,3628,"(('Br', 0), ('C', 7), ('Cl', 0), ('F', 0), ('H', 10), ('I', 0), ('N', 0), ('O', 2), ('S', 0))",19,51,complete,51,0,0,False,False,True
dsC7O2H10nsd_3629.xyz,3629,"(('Br', 0), ('C', 7), ('Cl', 0), ('F', 0), ('H', 10), ('I', 0), ('N', 0), ('O', 2), ('S', 0))",19,51,complete,51,0,0,False,False,True
dsC7O2H10nsd_3630.xyz,3630,"(('Br', 0), ('C', 7), ('Cl', 0), ('F', 0), ('H', 10), ('I', 0), ('N', 0), ('O', 2), ('S', 0))",19,51,complete,51,0,0,False,False,True
dsC7O2H10nsd_3631.xyz,3631,"(('Br', 0), ('C', 7), ('Cl', 0), ('F', 0), ('H', 10), ('I', 0), ('N', 0), ('O', 2), ('S', 0))",19,51,complete,51,0,0,False,False,True
dsC7O2H10nsd_3632.xyz,3632,"(('Br', 0), ('C', 7), ('Cl', 0), ('F', 0), ('H', 10), ('I', 0), ('N', 0), ('O', 2), ('S', 0))",19,51,complete,51,0,0,False,False,True
dsC7O2H10nsd_3633.xyz,3633,"(('Br', 0), ('C', 7), ('Cl', 0), ('F', 0), ('H', 10), ('I', 0), ('N', 0), ('O', 2), ('S', 0))",19,51,complete,51,0,0,False,False,True
dsC7O2H10nsd_3634.xyz,3634,"(('Br', 0), ('C', 7), ('Cl', 0), ('F', 0), ('H', 10), ('I', 0), ('N', 0), ('O', 2), ('S', 0))",19,51,complete,51,0,0,False,False,True
dsC7O2H10nsd_3635.xyz,3635,"(('Br', 0), ('C', 7), ('Cl', 0), ('F', 0), ('H', 10), ('I', 0), ('N', 0), ('O', 2), ('S', 0))",19,51,complete,51,0,0,False,False,True
dsC7O2H10nsd_3636.xyz,3636,"(('Br', 0), ('C', 7), ('Cl', 0), ('F', 0), ('H', 10), ('I', 0), ('N', 0), ('O', 2), ('S', 0))",19,51,complete,51,0,0,False,False,True
dsC7O2H10nsd_3637.xyz,3637,"(('Br', 0), ('C', 7), ('Cl', 0), ('F', 0), ('H', 10), ('I', 0), ('N', 0), ('O', 2), ('S', 0))",19,51,complete,51,0,0,False,False,True
dsC7O2H10nsd_3638.xyz,3638,"(('Br', 0), ('C', 7), ('Cl', 0), ('F', 0), ('H', 10), ('I', 0), ('N', 0), ('O', 2), ('S', 0))",19,51,complete,51,0,0,False,False,True
dsC7O2H10nsd_3639.xyz,3639,"(('Br', 0), ('C', 7), ('Cl', 0), ('F', 0), ('H', 10), ('I', 0), ('N', 0), ('O', 2), ('S', 0))",19,51,complete,51,0,0,False,False,True
dsC7O2H10nsd_3640.xyz,3640,"(('Br', 0), ('C', 7), ('Cl', 0), ('F', 0), ('H', 10), ('I', 0), ('N', 0), ('O', 2), ('S', 0))",19,51,complete,51,0,0,False,False,True
dsC7O2H10nsd_3641.xyz,3641,"(('Br', 0), ('C', 7), ('Cl', 0), ('F', 0), ('H', 10), ('I', 0), ('N', 0), ('O', 2), ('S', 0))",19,51,complete,51,0,0,False,False,True
dsC7O2H10nsd_3642.xyz,3642,"(('Br', 0), ('C', 7), ('Cl', 0), ('F', 0), ('H', 10), ('I', 0), ('N', 0), ('O', 2), ('S', 0))",19,51,complete,51,0,0,False,False,True
dsC7O2H10nsd_3643.xyz,3643,"(('Br', 0), ('C', 7), ('Cl', 0), ('F', 0), ('H', 10), ('I', 0), ('N', 0), ('O', 2), ('S', 0))",19,51,complete,51,0,0,False,False,True
dsC7O2H10nsd_3644.xyz,3644,"(('Br', 0), ('C', 7), ('Cl', 0), ('F', 0), ('H', 10), ('I', 0), ('N', 0), ('O', 2), ('S', 0))",19,51,complete,51,0,0,False,False,True
dsC7O2H10nsd_3645.xyz,3645,"(('Br', 0), ('C', 7), ('Cl', 0), ('F', 0), ('H', 10), ('I', 0), ('N', 0), ('O', 2), ('S', 0))",19,51,complete,51,0,0,False,False,True
dsC7O2H10nsd_3646.xyz,3646,"(('Br', 0), ('C', 7), ('Cl', 0), ('F', 0), ('H', 10), ('I', 0), ('N', 0), ('O', 2), ('S', 0))",19,51,complete,51,0,0,False,False,True
dsC7O2H10nsd_3647.xyz,3647,"(('Br', 0), ('C', 7), ('Cl', 0), ('F', 0), ('H', 10), ('I', 0), ('N', 0), ('O', 2), ('S', 0))",19,51,complete,51,0,0,False,False,True
dsC7O2H10nsd_3648.xyz,3648,"(('Br', 0), ('C', 7), ('Cl', 0), ('F', 0), ('H', 10), ('I', 0), ('N', 0), ('O', 2), ('S', 0))",19,51,complete,51,0,0,False,False,True
dsC7O2H10nsd_3649.xyz,3649,"(('Br', 0), ('C', 7), ('Cl', 0), ('F', 0), ('H', 10), ('I', 0), ('N', 0), ('O', 2), ('S', 0))",19,51,complete,51,0,0,False,False,True
dsC7O2H10nsd_3650.xyz,3650,"(('Br', 0), ('C', 7), ('Cl', 0), ('F', 0), ('H', 10), ('I', 0), ('N', 0), ('O', 2), ('S', 0))",19,51,complete,51,0,0,False,False,True
dsC7O2H10nsd_3651.xyz,3651,"(('Br', 0), ('C', 7), ('Cl', 0), ('F', 0), ('H', 10), ('I', 0), ('N', 0), ('O', 2), ('S', 0))",19,51,complete,51,0,0,False,False,True
dsC7O2H10nsd_3652.xyz,3652,"(('Br', 0), ('C', 7), ('Cl', 0), ('F', 0), ('H', 10), ('I', 0), ('N', 0), ('O', 2), ('S', 0))",19,51,complete,51,0,0,False,False,True
dsC7O2H10nsd_3653.xyz,3653,"(('Br', 0), ('C', 7), ('Cl', 0), ('F', 0), ('H', 10), ('I', 0), ('N', 0), ('O', 2), ('S', 0))",19,51,complete,51,0,0,False,False,True
dsC7O2H10nsd_3654.xyz,3654,"(('Br', 0), ('C', 7), ('Cl', 0), ('F', 0), ('H', 10), ('I', 0), ('N', 0), ('O', 2), ('S', 0))",19,51,complete,51,0,0,False,False,True
dsC7O2H10nsd_3655.xyz,3655,"(('Br', 0), ('C', 7), ('Cl', 0), ('F', 0), ('H', 10), ('I', 0), ('N', 0), ('O', 2), ('S', 0))",19,51,complete,51,0,0,False,False,True
dsC7O2H10nsd_3656.xyz,3656,"(('Br', 0), ('C', 7), ('Cl', 0), ('F', 0), ('H', 10), ('I', 0), ('N', 0), ('O', 2), ('S', 0))",19,51,complete,51,0,0,False,False,True
dsC7O2H10nsd_3657.xyz,3657,"(('Br', 0), ('C', 7), ('Cl', 0), ('F', 0), ('H', 10), ('I', 0), ('N', 0), ('O', 2), ('S', 0))",19,51,complete,51,0,0,False,False,True
dsC7O2H10nsd_3658.xyz,3658,"(('Br', 0), ('C', 7), ('Cl', 0), ('F', 0), ('H', 10), ('I', 0), ('N', 0), ('O', 2), ('S', 0))",19,51,complete,51,0,0,False,False,True
dsC7O2H10nsd_3659.xyz,3659,"(('Br', 0), ('C', 7), ('Cl', 0), ('F', 0), ('H', 10), ('I', 0), ('N', 0), ('O', 2), ('S', 0))",19,51,complete,51,0,0,False,False,True
dsC7O2H10nsd_3660.xyz,3660,"(('Br', 0), ('C', 7), ('Cl', 0), ('F', 0), ('H', 10), ('I', 0), ('N', 0), ('O', 2), ('S', 0))",19,51,complete,51,0,0,False,False,True
dsC7O2H10nsd_3661.xyz,3661,"(('Br', 0), ('C', 7), ('Cl', 0), ('F', 0), ('H', 10), ('I', 0), ('N', 0), ('O', 2), ('S', 0))",19,51,complete,51,0,0,False,False,True
dsC7O2H10nsd_3662.xyz,3662,"(('Br', 0), ('C', 7), ('Cl', 0), ('F', 0), ('H', 10), ('I', 0), ('N', 0), ('O', 2), ('S', 0))",19,51,complete,51,0,0,False,False,True
dsC7O2H10nsd_3663.xyz,3663,"(('Br', 0), ('C', 7), ('Cl', 0), ('F', 0), ('H', 10), ('I', 0), ('N', 0), ('O', 2), ('S', 0))",19,51,complete,51,0,0,False,False,True
dsC7O2H10nsd_3664.xyz,3664,"(('Br', 0), ('C', 7), ('Cl', 0), ('F', 0), ('H', 10), ('I', 0), ('N', 0), ('O', 2), ('S', 0))",19,51,complete,51,0,0,False,False,True
dsC7O2H10nsd_3665.xyz,3665,"(('Br', 0), ('C', 7), ('Cl', 0), ('F', 0), ('H', 10), ('I', 0), ('N', 0), ('O', 2), ('S', 0))",19,51,complete,51,0,0,False,False,True
dsC7O2H10nsd_3666.xyz,3666,"(('Br', 0), ('C', 7), ('Cl', 0), ('F', 0), ('H', 10), ('I', 0), ('N', 0), ('O', 2), ('S', 0))",19,51,complete,51,0,0,False,False,True
dsC7O2H10nsd_3667.xyz,3667,"(('Br', 0), ('C', 7), ('Cl', 0), ('F', 0), ('H', 10), ('I', 0), ('N', 0), ('O', 2), ('S', 0))",19,51,complete,51,0,0,False,False,True
dsC7O2H10nsd_3668.xyz,3668,"(('Br', 0), ('C', 7), ('Cl', 0), ('F', 0), ('H', 10), ('I', 0), ('N', 0), ('O', 2), ('S', 0))",19,51,complete,51,0,0,False,False,True
dsC7O2H10nsd_3669.xyz,3669,"(('Br', 0), ('C', 7), ('Cl', 0), ('F', 0), ('H', 10), ('I', 0), ('N', 0), ('O', 2), ('S', 0))",19,51,complete,51,0,0,False,False,True
dsC7O2H10nsd_3670.xyz,3670,"(('Br', 0), ('C', 7), ('Cl', 0), ('F', 0), ('H', 10), ('I', 0), ('N', 0), ('O', 2), ('S', 0))",19,51,complete,51,0,0,False,False,True
dsC7O2H10nsd_3671.xyz,3671,"(('Br', 0), ('C', 7), ('Cl', 0), ('F', 0), ('H', 10), ('I', 0), ('N', 0), ('O', 2), ('S', 0))",19,51,complete,51,0,0,False,False,True
dsC7O2H10nsd_3672.xyz,3672,"(('Br', 0), ('C', 7), ('Cl', 0), ('F', 0), ('H', 10), ('I', 0), ('N', 0), ('O', 2), ('S', 0))",19,51,complete,51,0,0,False,False,True
dsC7O2H10nsd_3673.xyz,3673,"(('Br', 0), ('C', 7), ('Cl', 0), ('F', 0), ('H', 10), ('I', 0), ('N', 0), ('O', 2), ('S', 0))",19,51,complete,51,0,0,False,False,True
dsC7O2H10nsd_3674.xyz,3674,"(('Br', 0), ('C', 7), ('Cl', 0), ('F', 0), ('H', 10), ('I', 0), ('N', 0), ('O', 2), ('S', 0))",19,51,complete,51,0,0,False,False,True
dsC7O2H10nsd_3675.xyz,3675,"(('Br', 0), ('C', 7), ('Cl', 0), ('F', 0), ('H', 10), ('I', 0), ('N', 0), ('O', 2), ('S', 0))",19,51,complete,51,0,0,False,False,True
dsC7O2H10nsd_3676.xyz,3676,"(('Br', 0), ('C', 7), ('Cl', 0), ('F', 0), ('H', 10), ('I', 0), ('N', 0), ('O', 2), ('S', 0))",19,51,complete,51,0,0,False,False,True
dsC7O2H10nsd_3677.xyz,3677,"(('Br', 0), ('C', 7), ('Cl', 0), ('F', 0), ('H', 10), ('I', 0), ('N', 0), ('O', 2), ('S', 0))",19,51,complete,51,0,0,False,False,True
dsC7O2H10nsd_3678.xyz,3678,"(('Br', 0), ('C', 7), ('Cl', 0), ('F', 0), ('H', 10), ('I', 0), ('N', 0), ('O', 2), ('S', 0))",19,51,complete,51,0,0,False,False,True
dsC7O2H10nsd_3679.xyz,3679,"(('Br', 0), ('C', 7), ('Cl', 0), ('F', 0), ('H', 10), ('I', 0), ('N', 0), ('O', 2), ('S', 0))",19,51,complete,51,0,0,False,False,True
dsC7O2H10nsd_3680.xyz,3680,"(('Br', 0), ('C', 7), ('Cl', 0), ('F', 0), ('H', 10), ('I', 0), ('N', 0), ('O', 2), ('S', 0))",19,51,complete,51,0,0,False,False,True
dsC7O2H10nsd_3681.xyz,3681,"(('Br', 0), ('C', 7), ('Cl', 0), ('F', 0), ('H', 10), ('I', 0), ('N', 0), ('O', 2), ('S', 0))",19,51,complete,51,0,0,False,False,True
dsC7O2H10nsd_3682.xyz,3682,"(('Br', 0), ('C', 7), ('Cl', 0), ('F', 0), ('H', 10), ('I', 0), ('N', 0), ('O', 2), ('S', 0))",19,51,complete,51,0,0,False,False,True
dsC7O2H10nsd_3683.xyz,3683,"(('Br', 0), ('C', 7), ('Cl', 0), ('F', 0), ('H', 10), ('I', 0), ('N', 0), ('O', 2), ('S', 0))",19,51,complete,51,0,0,False,False,True
dsC7O2H10nsd_3684.xyz,3684,"(('Br', 0), ('C', 7), ('Cl', 0), ('F', 0), ('H', 10), ('I', 0), ('N', 0), ('O', 2), ('S', 0))",19,51,complete,51,0,0,False,False,True
dsC7O2H10nsd_3685.xyz,3685,"(('Br', 0), ('C', 7), ('Cl', 0), ('F', 0), ('H', 10), ('I', 0), ('N', 0), ('O', 2), ('S', 0))",19,51,complete,51,0,0,False,False,True
dsC7O2H10nsd_3686.xyz,3686,"(('Br', 0), ('C', 7), ('Cl', 0), ('F', 0), ('H', 10), ('I', 0), ('N', 0), ('O', 2), ('S', 0))",19,51,complete,51,0,0,False,False,True
dsC7O2H10nsd_3687.xyz,3687,"(('Br', 0), ('C', 7), ('Cl', 0), ('F', 0), ('H', 10), ('I', 0), ('N', 0), ('O', 2), ('S', 0))",19,51,complete,51,0,0,False,False,True
dsC7O2H10nsd_3688.xyz,3688,"(('Br', 0), ('C', 7), ('Cl', 0), ('F', 0), ('H', 10), ('I', 0), ('N', 0), ('O', 2), ('S', 0))",19,51,complete,51,0,0,False,False,True
dsC7O2H10nsd_3689.xyz,3689,"(('Br', 0), ('C', 7), ('Cl', 0), ('F', 0), ('H', 10), ('I', 0), ('N', 0), ('O', 2), ('S', 0))",19,51,complete,51,0,0,False,False,True
dsC7O2H10nsd_3690.xyz,3690,"(('Br', 0), ('C', 7), ('Cl', 0), ('F', 0), ('H', 10), ('I', 0), ('N', 0), ('O', 2), ('S', 0))",19,51,complete,51,0,0,False,False,True
dsC7O2H10nsd_3691.xyz,3691,"(('Br', 0), ('C', 7), ('Cl', 0), ('F', 0), ('H', 10), ('I', 0), ('N', 0), ('O', 2), ('S', 0))",19,51,complete,51,0,0,False,False,True
dsC7O2H10nsd_3692.xyz,3692,"(('Br', 0), ('C', 7), ('Cl', 0), ('F', 0), ('H', 10), ('I', 0), ('N', 0), ('O', 2), ('S', 0))",19,51,complete,51,0,0,False,False,True
dsC7O2H10nsd_3693.xyz,3693,"(('Br', 0), ('C', 7), ('Cl', 0), ('F', 0), ('H', 10), ('I', 0), ('N', 0), ('O', 2), ('S', 0))",19,51,complete,51,0,0,False,False,True
dsC7O2H10nsd_3694.xyz,3694,"(('Br', 0), ('C', 7), ('Cl', 0), ('F', 0), ('H', 10), ('I', 0), ('N', 0), ('O', 2), ('S', 0))",19,51,complete,51,0,0,False,False,True
dsC7O2H10nsd_3695.xyz,3695,"(('Br', 0), ('C', 7), ('Cl', 0), ('F', 0), ('H', 10), ('I', 0), ('N', 0), ('O', 2), ('S', 0))",19,51,complete,51,0,0,False,False,True
dsC7O2H10nsd_3696.xyz,3696,"(('Br', 0), ('C', 7), ('Cl', 0), ('F', 0), ('H', 10), ('I', 0), ('N', 0), ('O', 2), ('S', 0))",19,51,complete,51,0,0,False,False,True
dsC7O2H10nsd_3697.xyz,3697,"(('Br', 0), ('C', 7), ('Cl', 0), ('F', 0), ('H', 10), ('I', 0), ('N', 0), ('O', 2), ('S', 0))",19,51,complete,51,0,0,False,False,True
dsC7O2H10nsd_3698.xyz,3698,"(('Br', 0), ('C', 7), ('Cl', 0), ('F', 0), ('H', 10), ('I', 0), ('N', 0), ('O', 2), ('S', 0))",19,51,complete,51,0,0,False,False,True
dsC7O2H10nsd_3699.xyz,3699,"(('Br', 0), ('C', 7), ('Cl', 0), ('F', 0), ('H', 10), ('I', 0), ('N', 0), ('O', 2), ('S', 0))",19,51,complete,51,0,0,False,False,True
dsC7O2H10nsd_3700.xyz,3700,"(('Br', 0), ('C', 7), ('Cl', 0), ('F', 0), ('H', 10), ('I', 0), ('N', 0), ('O', 2), ('S', 0))",19,51,complete,51,0,0,False,False,True
dsC7O2H10nsd_3701.xyz,3701,"(('Br', 0), ('C', 7), ('Cl', 0), ('F', 0), ('H', 10), ('I', 0), ('N', 0), ('O', 2), ('S', 0))",19,51,complete,51,0,0,False,False,True
dsC7O2H10nsd_3702.xyz,3702,"(('Br', 0), ('C', 7), ('Cl', 0), ('F', 0), ('H', 10), ('I', 0), ('N', 0), ('O', 2), ('S', 0))",19,51,complete,51,0,0,False,False,True
dsC7O2H10nsd_3703.xyz,3703,"(('Br', 0), ('C', 7), ('Cl', 0), ('F', 0), ('H', 10), ('I', 0), ('N', 0), ('O', 2), ('S', 0))",19,51,complete,51,0,0,False,False,True
dsC7O2H10nsd_3704.xyz,3704,"(('Br', 0), ('C', 7), ('Cl', 0), ('F', 0), ('H', 10), ('I', 0), ('N', 0), ('O', 2), ('S', 0))",19,51,complete,51,0,0,False,False,True
dsC7O2H10nsd_3705.xyz,3705,"(('Br', 0), ('C', 7), ('Cl', 0), ('F', 0), ('H', 10), ('I', 0), ('N', 0), ('O', 2), ('S', 0))",19,51,complete,51,0,0,False,False,True
dsC7O2H10nsd_3706.xyz,3706,"(('Br', 0), ('C', 7), ('Cl', 0), ('F', 0), ('H', 10), ('I', 0), ('N', 0), ('O', 2), ('S', 0))",19,51,complete,51,0,0,False,False,True
dsC7O2H10nsd_3707.xyz,3707,"(('Br', 0), ('C', 7), ('Cl', 0), ('F', 0), ('H', 10), ('I', 0), ('N', 0), ('O', 2), ('S', 0))",19,51,complete,51,0,0,False,False,True
dsC7O2H10nsd_3708.xyz,3708,"(('Br', 0), ('C', 7), ('Cl', 0), ('F', 0), ('H', 10), ('I', 0), ('N', 0), ('O', 2), ('S', 0))",19,51,complete,51,0,0,False,False,True
dsC7O2H10nsd_3709.xyz,3709,"(('Br', 0), ('C', 7), ('Cl', 0), ('F', 0), ('H', 10), ('I', 0), ('N', 0), ('O', 2), ('S', 0))",19,51,complete,51,0,0,False,False,True
dsC7O2H10nsd_3710.xyz,3710,"(('Br', 0), ('C', 7), ('Cl', 0), ('F', 0), ('H', 10), ('I', 0), ('N', 0), ('O', 2), ('S', 0))",19,51,complete,51,0,0,False,False,True
dsC7O2H10nsd_3711.xyz,3711,"(('Br', 0), ('C', 7), ('Cl', 0), ('F', 0), ('H', 10), ('I', 0), ('N', 0), ('O', 2), ('S', 0))",19,51,complete,51,0,0,False,False,True
dsC7O2H10nsd_3712.xyz,3712,"(('Br', 0), ('C', 7), ('Cl', 0), ('F', 0), ('H', 10), ('I', 0), ('N', 0), ('O', 2), ('S', 0))",19,51,complete,51,0,0,False,False,True
dsC7O2H10nsd_3713.xyz,3713,"(('Br', 0), ('C', 7), ('Cl', 0), ('F', 0), ('H', 10), ('I', 0), ('N', 0), ('O', 2), ('S', 0))",19,51,complete,51,0,0,False,False,True
dsC7O2H10nsd_3714.xyz,3714,"(('Br', 0), ('C', 7), ('Cl', 0), ('F', 0), ('H', 10), ('I', 0), ('N', 0), ('O', 2), ('S', 0))",19,51,complete,51,0,0,False,False,True
dsC7O2H10nsd_3715.xyz,3715,"(('Br', 0), ('C', 7), ('Cl', 0), ('F', 0), ('H', 10), ('I', 0), ('N', 0), ('O', 2), ('S', 0))",19,51,complete,51,0,0,False,False,True
dsC7O2H10nsd_3716.xyz,3716,"(('Br', 0), ('C', 7), ('Cl', 0), ('F', 0), ('H', 10), ('I', 0), ('N', 0), ('O', 2), ('S', 0))",19,51,complete,51,0,0,False,False,True
dsC7O2H10nsd_3717.xyz,3717,"(('Br', 0), ('C', 7), ('Cl', 0), ('F', 0), ('H', 10), ('I', 0), ('N', 0), ('O', 2), ('S', 0))",19,51,complete,51,0,0,False,False,True
dsC7O2H10nsd_3718.xyz,3718,"(('Br', 0), ('C', 7), ('Cl', 0), ('F', 0), ('H', 10), ('I', 0), ('N', 0), ('O', 2), ('S', 0))",19,51,complete,51,0,0,False,False,True
dsC7O2H10nsd_3719.xyz,3719,"(('Br', 0), ('C', 7), ('Cl', 0), ('F', 0), ('H', 10), ('I', 0), ('N', 0), ('O', 2), ('S', 0))",19,51,complete,51,0,0,False,False,True
dsC7O2H10nsd_3720.xyz,3720,"(('Br', 0), ('C', 7), ('Cl', 0), ('F', 0), ('H', 10), ('I', 0), ('N', 0), ('O', 2), ('S', 0))",19,51,complete,51,0,0,False,False,True
dsC7O2H10nsd_3721.xyz,3721,"(('Br', 0), ('C', 7), ('Cl', 0), ('F', 0), ('H', 10), ('I', 0), ('N', 0), ('O', 2), ('S', 0))",19,51,complete,51,0,0,False,False,True
dsC7O2H10nsd_3722.xyz,3722,"(('Br', 0), ('C', 7), ('Cl', 0), ('F', 0), ('H', 10), ('I', 0), ('N', 0), ('O', 2), ('S', 0))",19,51,complete,51,0,0,False,False,True
dsC7O2H10nsd_3723.xyz,3723,"(('Br', 0), ('C', 7), ('Cl', 0), ('F', 0), ('H', 10), ('I', 0), ('N', 0), ('O', 2), ('S', 0))",19,51,complete,51,0,0,False,False,True
dsC7O2H10nsd_3724.xyz,3724,"(('Br', 0), ('C', 7), ('Cl', 0), ('F', 0), ('H', 10), ('I', 0), ('N', 0), ('O', 2), ('S', 0))",19,51,complete,51,0,0,False,False,True
dsC7O2H10nsd_3725.xyz,3725,"(('Br', 0), ('C', 7), ('Cl', 0), ('F', 0), ('H', 10), ('I', 0), ('N', 0), ('O', 2), ('S', 0))",19,51,complete,51,0,0,False,False,True
dsC7O2H10nsd_3726.xyz,3726,"(('Br', 0), ('C', 7), ('Cl', 0), ('F', 0), ('H', 10), ('I', 0), ('N', 0), ('O', 2), ('S', 0))",19,51,complete,51,0,0,False,False,True
dsC7O2H10nsd_3727.xyz,3727,"(('Br', 0), ('C', 7), ('Cl', 0), ('F', 0), ('H', 10), ('I', 0), ('N', 0), ('O', 2), ('S', 0))",19,51,complete,51,0,0,False,False,True
dsC7O2H10nsd_3728.xyz,3728,"(('Br', 0), ('C', 7), ('Cl', 0), ('F', 0), ('H', 10), ('I', 0), ('N', 0), ('O', 2), ('S', 0))",19,51,complete,51,0,0,False,False,True
dsC7O2H10nsd_3729.xyz,3729,"(('Br', 0), ('C', 7), ('Cl', 0), ('F', 0), ('H', 10), ('I', 0), ('N', 0), ('O', 2), ('S', 0))",19,51,complete,51,0,0,False,False,True
dsC7O2H10nsd_3730.xyz,3730,"(('Br', 0), ('C', 7), ('Cl', 0), ('F', 0), ('H', 10), ('I', 0), ('N', 0), ('O', 2), ('S', 0))",19,51,complete,51,0,0,False,False,True
dsC7O2H10nsd_3731.xyz,3731,"(('Br', 0), ('C', 7), ('Cl', 0), ('F', 0), ('H', 10), ('I', 0), ('N', 0), ('O', 2), ('S', 0))",19,51,complete,51,0,0,False,False,True
dsC7O2H10nsd_3732.xyz,3732,"(('Br', 0), ('C', 7), ('Cl', 0), ('F', 0), ('H', 10), ('I', 0), ('N', 0), ('O', 2), ('S', 0))",19,51,complete,51,0,0,False,False,True
dsC7O2H10nsd_3733.xyz,3733,"(('Br', 0), ('C', 7), ('Cl', 0), ('F', 0), ('H', 10), ('I', 0), ('N', 0), ('O', 2), ('S', 0))",19,51,complete,51,0,0,False,False,True
dsC7O2H10nsd_3734.xyz,3734,"(('Br', 0), ('C', 7), ('Cl', 0), ('F', 0), ('H', 10), ('I', 0), ('N', 0), ('O', 2), ('S', 0))",19,51,complete,51,0,0,False,False,True
dsC7O2H10nsd_3735.xyz,3735,"(('Br', 0), ('C', 7), ('Cl', 0), ('F', 0), ('H', 10), ('I', 0), ('N', 0), ('O', 2), ('S', 0))",19,51,complete,51,0,0,False,False,True
dsC7O2H10nsd_3736.xyz,3736,"(('Br', 0), ('C', 7), ('Cl', 0), ('F', 0), ('H', 10), ('I', 0), ('N', 0), ('O', 2), ('S', 0))",19,51,complete,51,0,0,False,False,True
dsC7O2H10nsd_3737.xyz,3737,"(('Br', 0), ('C', 7), ('Cl', 0), ('F', 0), ('H', 10), ('I', 0), ('N', 0), ('O', 2), ('S', 0))",19,51,complete,51,0,0,False,False,True
dsC7O2H10nsd_3738.xyz,3738,"(('Br', 0), ('C', 7), ('Cl', 0), ('F', 0), ('H', 10), ('I', 0), ('N', 0), ('O', 2), ('S', 0))",19,51,complete,51,0,0,False,False,True
dsC7O2H10nsd_3739.xyz,3739,"(('Br', 0), ('C', 7), ('Cl', 0), ('F', 0), ('H', 10), ('I', 0), ('N', 0), ('O', 2), ('S', 0))",19,51,complete,51,0,0,False,False,True
dsC7O2H10nsd_3740.xyz,3740,"(('Br', 0), ('C', 7), ('Cl', 0), ('F', 0), ('H', 10), ('I', 0), ('N', 0), ('O', 2), ('S', 0))",19,51,complete,51,0,0,False,False,True
dsC7O2H10nsd_3741.xyz,3741,"(('Br', 0), ('C', 7), ('Cl', 0), ('F', 0), ('H', 10), ('I', 0), ('N', 0), ('O', 2), ('S', 0))",19,51,complete,51,0,0,False,False,True
dsC7O2H10nsd_3742.xyz,3742,"(('Br', 0), ('C', 7), ('Cl', 0), ('F', 0), ('H', 10), ('I', 0), ('N', 0), ('O', 2), ('S', 0))",19,51,complete,51,0,0,False,False,True
dsC7O2H10nsd_3743.xyz,3743,"(('Br', 0), ('C', 7), ('Cl', 0), ('F', 0), ('H', 10), ('I', 0), ('N', 0), ('O', 2), ('S', 0))",19,51,complete,51,0,0,False,False,True
dsC7O2H10nsd_3744.xyz,3744,"(('Br', 0), ('C', 7), ('Cl', 0), ('F', 0), ('H', 10), ('I', 0), ('N', 0), ('O', 2), ('S', 0))",19,51,complete,51,0,0,False,False,True
dsC7O2H10nsd_3745.xyz,3745,"(('Br', 0), ('C', 7), ('Cl', 0), ('F', 0), ('H', 10), ('I', 0), ('N', 0), ('O', 2), ('S', 0))",19,51,complete,51,0,0,False,False,True
dsC7O2H10nsd_3746.xyz,3746,"(('Br', 0), ('C', 7), ('Cl', 0), ('F', 0), ('H', 10), ('I', 0), ('N', 0), ('O', 2), ('S', 0))",19,51,complete,51,0,0,False,False,True
dsC7O2H10nsd_3747.xyz,3747,"(('Br', 0), ('C', 7), ('Cl', 0), ('F', 0), ('H', 10), ('I', 0), ('N', 0), ('O', 2), ('S', 0))",19,51,complete,51,0,0,False,False,True
dsC7O2H10nsd_3748.xyz,3748,"(('Br', 0), ('C', 7), ('Cl', 0), ('F', 0), ('H', 10), ('I', 0), ('N', 0), ('O', 2), ('S', 0))",19,51,complete,51,0,0,False,False,True
dsC7O2H10nsd_3749.xyz,3749,"(('Br', 0), ('C', 7), ('Cl', 0), ('F', 0), ('H', 10), ('I', 0), ('N', 0), ('O', 2), ('S', 0))",19,51,complete,51,0,0,False,False,True
dsC7O2H10nsd_3750.xyz,3750,"(('Br', 0), ('C', 7), ('Cl', 0), ('F', 0), ('H', 10), ('I', 0), ('N', 0), ('O', 2), ('S', 0))",19,51,complete,51,0,0,False,False,True
dsC7O2H10nsd_3751.xyz,3751,"(('Br', 0), ('C', 7), ('Cl', 0), ('F', 0), ('H', 10), ('I', 0), ('N', 0), ('O', 2), ('S', 0))",19,51,complete,51,0,0,False,False,True
dsC7O2H10nsd_3752.xyz,3752,"(('Br', 0), ('C', 7), ('Cl', 0), ('F', 0), ('H', 10), ('I', 0), ('N', 0), ('O', 2), ('S', 0))",19,51,complete,51,0,0,False,False,True
dsC7O2H10nsd_3753.xyz,3753,"(('Br', 0), ('C', 7), ('Cl', 0), ('F', 0), ('H', 10), ('I', 0), ('N', 0), ('O', 2), ('S', 0))",19,51,complete,51,0,0,False,False,True
dsC7O2H10nsd_3754.xyz,3754,"(('Br', 0), ('C', 7), ('Cl', 0), ('F', 0), ('H', 10), ('I', 0), ('N', 0), ('O', 2), ('S', 0))",19,51,complete,51,0,0,False,False,True
dsC7O2H10nsd_3755.xyz,3755,"(('Br', 0), ('C', 7), ('Cl', 0), ('F', 0), ('H', 10), ('I', 0), ('N', 0), ('O', 2), ('S', 0))",19,51,complete,51,0,0,False,False,True
dsC7O2H10nsd_3756.xyz,3756,"(('Br', 0), ('C', 7), ('Cl', 0), ('F', 0), ('H', 10), ('I', 0), ('N', 0), ('O', 2), ('S', 0))",19,51,complete,51,0,0,False,False,True
dsC7O2H10nsd_3757.xyz,3757,"(('Br', 0), ('C', 7), ('Cl', 0), ('F', 0), ('H', 10), ('I', 0), ('N', 0), ('O', 2), ('S', 0))",19,51,complete,51,0,0,False,False,True
dsC7O2H10nsd_3758.xyz,3758,"(('Br', 0), ('C', 7), ('Cl', 0), ('F', 0), ('H', 10), ('I', 0), ('N', 0), ('O', 2), ('S', 0))",19,51,complete,51,0,0,False,False,True
dsC7O2H10nsd_3759.xyz,3759,"(('Br', 0), ('C', 7), ('Cl', 0), ('F', 0), ('H', 10), ('I', 0), ('N', 0), ('O', 2), ('S', 0))",19,51,complete,51,0,0,False,False,True
dsC7O2H10nsd_3760.xyz,3760,"(('Br', 0), ('C', 7), ('Cl', 0), ('F', 0), ('H', 10), ('I', 0), ('N', 0), ('O', 2), ('S', 0))",19,51,complete,51,0,0,False,False,True
dsC7O2H10nsd_3761.xyz,3761,"(('Br', 0), ('C', 7), ('Cl', 0), ('F', 0), ('H', 10), ('I', 0), ('N', 0), ('O', 2), ('S', 0))",19,51,complete,51,0,0,False,False,True
dsC7O2H10nsd_3762.xyz,3762,"(('Br', 0), ('C', 7), ('Cl', 0), ('F', 0), ('H', 10), ('I', 0), ('N', 0), ('O', 2), ('S', 0))",19,51,complete,51,0,0,False,False,True
dsC7O2H10nsd_3763.xyz,3763,"(('Br', 0), ('C', 7), ('Cl', 0), ('F', 0), ('H', 10), ('I', 0), ('N', 0), ('O', 2), ('S', 0))",19,51,complete,51,0,0,False,False,True
dsC7O2H10nsd_3764.xyz,3764,"(('Br', 0), ('C', 7), ('Cl', 0), ('F', 0), ('H', 10), ('I', 0), ('N', 0), ('O', 2), ('S', 0))",19,51,complete,51,0,0,False,False,True
dsC7O2H10nsd_3765.xyz,3765,"(('Br', 0), ('C', 7), ('Cl', 0), ('F', 0), ('H', 10), ('I', 0), ('N', 0), ('O', 2), ('S', 0))",19,51,complete,51,0,0,False,False,True
dsC7O2H10nsd_3766.xyz,3766,"(('Br', 0), ('C', 7), ('Cl', 0), ('F', 0), ('H', 10), ('I', 0), ('N', 0), ('O', 2), ('S', 0))",19,51,complete,51,0,0,False,False,True
dsC7O2H10nsd_3767.xyz,3767,"(('Br', 0), ('C', 7), ('Cl', 0), ('F', 0), ('H', 10), ('I', 0), ('N', 0), ('O', 2), ('S', 0))",19,51,complete,51,0,0,False,False,True
dsC7O2H10nsd_3768.xyz,3768,"(('Br', 0), ('C', 7), ('Cl', 0), ('F', 0), ('H', 10), ('I', 0), ('N', 0), ('O', 2), ('S', 0))",19,51,complete,51,0,0,False,False,True
dsC7O2H10nsd_3769.xyz,3769,"(('Br', 0), ('C', 7), ('Cl', 0), ('F', 0), ('H', 10), ('I', 0), ('N', 0), ('O', 2), ('S', 0))",19,51,complete,51,0,0,False,False,True
dsC7O2H10nsd_3770.xyz,3770,"(('Br', 0), ('C', 7), ('Cl', 0), ('F', 0), ('H', 10), ('I', 0), ('N', 0), ('O', 2), ('S', 0))",19,51,complete,51,0,0,False,False,True
dsC7O2H10nsd_3771.xyz,3771,"(('Br', 0), ('C', 7), ('Cl', 0), ('F', 0), ('H', 10), ('I', 0), ('N', 0), ('O', 2), ('S', 0))",19,51,complete,51,0,0,False,False,True
dsC7O2H10nsd_3772.xyz,3772,"(('Br', 0), ('C', 7), ('Cl', 0), ('F', 0), ('H', 10), ('I', 0), ('N', 0), ('O', 2), ('S', 0))",19,51,complete,51,0,0,False,False,True
dsC7O2H10nsd_3773.xyz,3773,"(('Br', 0), ('C', 7), ('Cl', 0), ('F', 0), ('H', 10), ('I', 0), ('N', 0), ('O', 2), ('S', 0))",19,51,complete,51,0,0,False,False,True
dsC7O2H10nsd_3774.xyz,3774,"(('Br', 0), ('C', 7), ('Cl', 0), ('F', 0), ('H', 10), ('I', 0), ('N', 0), ('O', 2), ('S', 0))",19,51,complete,51,0,0,False,False,True
dsC7O2H10nsd_3775.xyz,3775,"(('Br', 0), ('C', 7), ('Cl', 0), ('F', 0), ('H', 10), ('I', 0), ('N', 0), ('O', 2), ('S', 0))",19,51,complete,51,0,0,False,False,True
dsC7O2H10nsd_3776.xyz,3776,"(('Br', 0), ('C', 7), ('Cl', 0), ('F', 0), ('H', 10), ('I', 0), ('N', 0), ('O', 2), ('S', 0))",19,51,complete,51,0,0,False,False,True
dsC7O2H10nsd_3777.xyz,3777,"(('Br', 0), ('C', 7), ('Cl', 0), ('F', 0), ('H', 10), ('I', 0), ('N', 0), ('O', 2), ('S', 0))",19,51,complete,51,0,0,False,False,True
dsC7O2H10nsd_3778.xyz,3778,"(('Br', 0), ('C', 7), ('Cl', 0), ('F', 0), ('H', 10), ('I', 0), ('N', 0), ('O', 2), ('S', 0))",19,51,complete,51,0,0,False,False,True
dsC7O2H10nsd_3779.xyz,3779,"(('Br', 0), ('C', 7), ('Cl', 0), ('F', 0), ('H', 10), ('I', 0), ('N', 0), ('O', 2), ('S', 0))",19,51,complete,51,0,0,False,False,True
dsC7O2H10nsd_3780.xyz,3780,"(('Br', 0), ('C', 7), ('Cl', 0), ('F', 0), ('H', 10), ('I', 0), ('N', 0), ('O', 2), ('S', 0))",19,51,complete,51,0,0,False,False,True
dsC7O2H10nsd_3781.xyz,3781,"(('Br', 0), ('C', 7), ('Cl', 0), ('F', 0), ('H', 10), ('I', 0), ('N', 0), ('O', 2), ('S', 0))",19,51,complete,51,0,0,False,False,True
dsC7O2H10nsd_3782.xyz,3782,"(('Br', 0), ('C', 7), ('Cl', 0), ('F', 0), ('H', 10), ('I', 0), ('N', 0), ('O', 2), ('S', 0))",19,51,complete,51,0,0,False,False,True
dsC7O2H10nsd_3783.xyz,3783,"(('Br', 0), ('C', 7), ('Cl', 0), ('F', 0), ('H', 10), ('I', 0), ('N', 0), ('O', 2), ('S', 0))",19,51,complete,51,0,0,False,False,True
dsC7O2H10nsd_3784.xyz,3784,"(('Br', 0), ('C', 7), ('Cl', 0), ('F', 0), ('H', 10), ('I', 0), ('N', 0), ('O', 2), ('S', 0))",19,51,complete,51,0,0,False,False,True
dsC7O2H10nsd_3785.xyz,3785,"(('Br', 0), ('C', 7), ('Cl', 0), ('F', 0), ('H', 10), ('I', 0), ('N', 0), ('O', 2), ('S', 0))",19,51,complete,51,0,0,False,False,True
dsC7O2H10nsd_3786.xyz,3786,"(('Br', 0), ('C', 7), ('Cl', 0), ('F', 0), ('H', 10), ('I', 0), ('N', 0), ('O', 2), ('S', 0))",19,51,complete,51,0,0,False,False,True
dsC7O2H10nsd_3787.xyz,3787,"(('Br', 0), ('C', 7), ('Cl', 0), ('F', 0), ('H', 10), ('I', 0), ('N', 0), ('O', 2), ('S', 0))",19,51,complete,51,0,0,False,False,True
dsC7O2H10nsd_3788.xyz,3788,"(('Br', 0), ('C', 7), ('Cl', 0), ('F', 0), ('H', 10), ('I', 0), ('N', 0), ('O', 2), ('S', 0))",19,51,complete,51,0,0,False,False,True
dsC7O2H10nsd_3789.xyz,3789,"(('Br', 0), ('C', 7), ('Cl', 0), ('F', 0), ('H', 10), ('I', 0), ('N', 0), ('O', 2), ('S', 0))",19,51,complete,51,0,0,False,False,True
dsC7O2H10nsd_3790.xyz,3790,"(('Br', 0), ('C', 7), ('Cl', 0), ('F', 0), ('H', 10), ('I', 0), ('N', 0), ('O', 2), ('S', 0))",19,51,complete,51,0,0,False,False,True
dsC7O2H10nsd_3791.xyz,3791,"(('Br', 0), ('C', 7), ('Cl', 0), ('F', 0), ('H', 10), ('I', 0), ('N', 0), ('O', 2), ('S', 0))",19,51,complete,51,0,0,False,False,True
dsC7O2H10nsd_3792.xyz,3792,"(('Br', 0), ('C', 7), ('Cl', 0), ('F', 0), ('H', 10), ('I', 0), ('N', 0), ('O', 2), ('S', 0))",19,51,complete,51,0,0,False,False,True
dsC7O2H10nsd_3793.xyz,3793,"(('Br', 0), ('C', 7), ('Cl', 0), ('F', 0), ('H', 10), ('I', 0), ('N', 0), ('O', 2), ('S', 0))",19,51,complete,51,0,0,False,False,True
dsC7O2H10nsd_3794.xyz,3794,"(('Br', 0), ('C', 7), ('Cl', 0), ('F', 0), ('H', 10), ('I', 0), ('N', 0), ('O', 2), ('S', 0))",19,51,complete,51,0,0,False,False,True
dsC7O2H10nsd_3795.xyz,3795,"(('Br', 0), ('C', 7), ('Cl', 0), ('F', 0), ('H', 10), ('I', 0), ('N', 0), ('O', 2), ('S', 0))",19,51,complete,51,0,0,False,False,True
dsC7O2H10nsd_3796.xyz,3796,"(('Br', 0), ('C', 7), ('Cl', 0), ('F', 0), ('H', 10), ('I', 0), ('N', 0), ('O', 2), ('S', 0))",19,51,complete,51,0,0,False,False,True
dsC7O2H10nsd_3797.xyz,3797,"(('Br', 0), ('C', 7), ('Cl', 0), ('F', 0), ('H', 10), ('I', 0), ('N', 0), ('O', 2), ('S', 0))",19,51,complete,51,0,0,False,False,True
dsC7O2H10nsd_3798.xyz,3798,"(('Br', 0), ('C', 7), ('Cl', 0), ('F', 0), ('H', 10), ('I', 0), ('N', 0), ('O', 2), ('S', 0))",19,51,complete,51,0,0,False,False,True
dsC7O2H10nsd_3799.xyz,3799,"(('Br', 0), ('C', 7), ('Cl', 0), ('F', 0), ('H', 10), ('I', 0), ('N', 0), ('O', 2), ('S', 0))",19,51,complete,51,0,0,False,False,True
dsC7O2H10nsd_3800.xyz,3800,"(('Br', 0), ('C', 7), ('Cl', 0), ('F', 0), ('H', 10), ('I', 0), ('N', 0), ('O', 2), ('S', 0))",19,51,complete,51,0,0,False,False,True
dsC7O2H10nsd_3801.xyz,3801,"(('Br', 0), ('C', 7), ('Cl', 0), ('F', 0), ('H', 10), ('I', 0), ('N', 0), ('O', 2), ('S', 0))",19,51,complete,51,0,0,False,False,True
dsC7O2H10nsd_3802.xyz,3802,"(('Br', 0), ('C', 7), ('Cl', 0), ('F', 0), ('H', 10), ('I', 0), ('N', 0), ('O', 2), ('S', 0))",19,51,complete,51,0,0,False,False,True
dsC7O2H10nsd_3803.xyz,3803,"(('Br', 0), ('C', 7), ('Cl', 0), ('F', 0), ('H', 10), ('I', 0), ('N', 0), ('O', 2), ('S', 0))",19,51,complete,51,0,0,False,False,True
dsC7O2H10nsd_3804.xyz,3804,"(('Br', 0), ('C', 7), ('Cl', 0), ('F', 0), ('H', 10), ('I', 0), ('N', 0), ('O', 2), ('S', 0))",19,51,complete,51,0,0,False,False,True
dsC7O2H10nsd_3805.xyz,3805,"(('Br', 0), ('C', 7), ('Cl', 0), ('F', 0), ('H', 10), ('I', 0), ('N', 0), ('O', 2), ('S', 0))",19,51,complete,51,0,0,False,False,True
dsC7O2H10nsd_3806.xyz,3806,"(('Br', 0), ('C', 7), ('Cl', 0), ('F', 0), ('H', 10), ('I', 0), ('N', 0), ('O', 2), ('S', 0))",19,51,complete,51,0,0,False,False,True
dsC7O2H10nsd_3807.xyz,3807,"(('Br', 0), ('C', 7), ('Cl', 0), ('F', 0), ('H', 10), ('I', 0), ('N', 0), ('O', 2), ('S', 0))",19,51,complete,51,0,0,False,False,True
dsC7O2H10nsd_3808.xyz,3808,"(('Br', 0), ('C', 7), ('Cl', 0), ('F', 0), ('H', 10), ('I', 0), ('N', 0), ('O', 2), ('S', 0))",19,51,complete,51,0,0,False,False,True
dsC7O2H10nsd_3809.xyz,3809,"(('Br', 0), ('C', 7), ('Cl', 0), ('F', 0), ('H', 10), ('I', 0), ('N', 0), ('O', 2), ('S', 0))",19,51,complete,51,0,0,False,False,True
dsC7O2H10nsd_3810.xyz,3810,"(('Br', 0), ('C', 7), ('Cl', 0), ('F', 0), ('H', 10), ('I', 0), ('N', 0), ('O', 2), ('S', 0))",19,51,complete,51,0,0,False,False,True
dsC7O2H10nsd_3811.xyz,3811,"(('Br', 0), ('C', 7), ('Cl', 0), ('F', 0), ('H', 10), ('I', 0), ('N', 0), ('O', 2), ('S', 0))",19,51,complete,51,0,0,False,False,True
dsC7O2H10nsd_3812.xyz,3812,"(('Br', 0), ('C', 7), ('Cl', 0), ('F', 0), ('H', 10), ('I', 0), ('N', 0), ('O', 2), ('S', 0))",19,51,complete,51,0,0,False,False,True
dsC7O2H10nsd_3813.xyz,3813,"(('Br', 0), ('C', 7), ('Cl', 0), ('F', 0), ('H', 10), ('I', 0), ('N', 0), ('O', 2), ('S', 0))",19,51,complete,51,0,0,False,False,True
dsC7O2H10nsd_3814.xyz,3814,"(('Br', 0), ('C', 7), ('Cl', 0), ('F', 0), ('H', 10), ('I', 0), ('N', 0), ('O', 2), ('S', 0))",19,51,complete,51,0,0,False,False,True
dsC7O2H10nsd_3815.xyz,3815,"(('Br', 0), ('C', 7), ('Cl', 0), ('F', 0), ('H', 10), ('I', 0), ('N', 0), ('O', 2), ('S', 0))",19,51,complete,51,0,0,False,False,True
dsC7O2H10nsd_3816.xyz,3816,"(('Br', 0), ('C', 7), ('Cl', 0), ('F', 0), ('H', 10), ('I', 0), ('N', 0), ('O', 2), ('S', 0))",19,51,complete,51,0,0,False,False,True
dsC7O2H10nsd_3817.xyz,3817,"(('Br', 0), ('C', 7), ('Cl', 0), ('F', 0), ('H', 10), ('I', 0), ('N', 0), ('O', 2), ('S', 0))",19,51,complete,51,0,0,False,False,True
dsC7O2H10nsd_3818.xyz,3818,"(('Br', 0), ('C', 7), ('Cl', 0), ('F', 0), ('H', 10), ('I', 0), ('N', 0), ('O', 2), ('S', 0))",19,51,complete,51,0,0,False,False,True
dsC7O2H10nsd_3819.xyz,3819,"(('Br', 0), ('C', 7), ('Cl', 0), ('F', 0), ('H', 10), ('I', 0), ('N', 0), ('O', 2), ('S', 0))",19,51,complete,51,0,0,False,False,True
dsC7O2H10nsd_3820.xyz,3820,"(('Br', 0), ('C', 7), ('Cl', 0), ('F', 0), ('H', 10), ('I', 0), ('N', 0), ('O', 2), ('S', 0))",19,51,complete,51,0,0,False,False,True
dsC7O2H10nsd_3821.xyz,3821,"(('Br', 0), ('C', 7), ('Cl', 0), ('F', 0), ('H', 10), ('I', 0), ('N', 0), ('O', 2), ('S', 0))",19,51,complete,51,0,0,False,False,True
dsC7O2H10nsd_3822.xyz,3822,"(('Br', 0), ('C', 7), ('Cl', 0), ('F', 0), ('H', 10), ('I', 0), ('N', 0), ('O', 2), ('S', 0))",19,51,complete,51,0,0,False,False,True
dsC7O2H10nsd_3823.xyz,3823,"(('Br', 0), ('C', 7), ('Cl', 0), ('F', 0), ('H', 10), ('I', 0), ('N', 0), ('O', 2), ('S', 0))",19,51,complete,51,0,0,False,False,True
dsC7O2H10nsd_3824.xyz,3824,"(('Br', 0), ('C', 7), ('Cl', 0), ('F', 0), ('H', 10), ('I', 0), ('N', 0), ('O', 2), ('S', 0))",19,51,complete,51,0,0,False,False,True
dsC7O2H10nsd_3825.xyz,3825,"(('Br', 0), ('C', 7), ('Cl', 0), ('F', 0), ('H', 10), ('I', 0), ('N', 0), ('O', 2), ('S', 0))",19,51,complete,51,0,0,False,False,True
dsC7O2H10nsd_3826.xyz,3826,"(('Br', 0), ('C', 7), ('Cl', 0), ('F', 0), ('H', 10), ('I', 0), ('N', 0), ('O', 2), ('S', 0))",19,51,complete,51,0,0,False,False,True
dsC7O2H10nsd_3827.xyz,3827,"(('Br', 0), ('C', 7), ('Cl', 0), ('F', 0), ('H', 10), ('I', 0), ('N', 0), ('O', 2), ('S', 0))",19,51,complete,51,0,0,False,False,True
dsC7O2H10nsd_3828.xyz,3828,"(('Br', 0), ('C', 7), ('Cl', 0), ('F', 0), ('H', 10), ('I', 0), ('N', 0), ('O', 2), ('S', 0))",19,51,complete,51,0,0,False,False,True
dsC7O2H10nsd_3829.xyz,3829,"(('Br', 0), ('C', 7), ('Cl', 0), ('F', 0), ('H', 10), ('I', 0), ('N', 0), ('O', 2), ('S', 0))",19,51,complete,51,0,0,False,False,True
dsC7O2H10nsd_3830.xyz,3830,"(('Br', 0), ('C', 7), ('Cl', 0), ('F', 0), ('H', 10), ('I', 0), ('N', 0), ('O', 2), ('S', 0))",19,51,complete,51,0,0,False,False,True
dsC7O2H10nsd_3831.xyz,3831,"(('Br', 0), ('C', 7), ('Cl', 0), ('F', 0), ('H', 10), ('I', 0), ('N', 0), ('O', 2), ('S', 0))",19,51,complete,51,0,0,False,False,True
dsC7O2H10nsd_3832.xyz,3832,"(('Br', 0), ('C', 7), ('Cl', 0), ('F', 0), ('H', 10), ('I', 0), ('N', 0), ('O', 2), ('S', 0))",19,51,complete,51,0,0,False,False,True
dsC7O2H10nsd_3833.xyz,3833,"(('Br', 0), ('C', 7), ('Cl', 0), ('F', 0), ('H', 10), ('I', 0), ('N', 0), ('O', 2), ('S', 0))",19,51,complete,51,0,0,False,False,True
dsC7O2H10nsd_3834.xyz,3834,"(('Br', 0), ('C', 7), ('Cl', 0), ('F', 0), ('H', 10), ('I', 0), ('N', 0), ('O', 2), ('S', 0))",19,51,complete,51,0,0,False,False,True
dsC7O2H10nsd_3835.xyz,3835,"(('Br', 0), ('C', 7), ('Cl', 0), ('F', 0), ('H', 10), ('I', 0), ('N', 0), ('O', 2), ('S', 0))",19,51,complete,51,0,0,False,False,True
dsC7O2H10nsd_3836.xyz,3836,"(('Br', 0), ('C', 7), ('Cl', 0), ('F', 0), ('H', 10), ('I', 0), ('N', 0), ('O', 2), ('S', 0))",19,51,complete,51,0,0,False,False,True
dsC7O2H10nsd_3837.xyz,3837,"(('Br', 0), ('C', 7), ('Cl', 0), ('F', 0), ('H', 10), ('I', 0), ('N', 0), ('O', 2), ('S', 0))",19,51,complete,51,0,0,False,False,True
dsC7O2H10nsd_3838.xyz,3838,"(('Br', 0), ('C', 7), ('Cl', 0), ('F', 0), ('H', 10), ('I', 0), ('N', 0), ('O', 2), ('S', 0))",19,51,complete,51,0,0,False,False,True
dsC7O2H10nsd_3839.xyz,3839,"(('Br', 0), ('C', 7), ('Cl', 0), ('F', 0), ('H', 10), ('I', 0), ('N', 0), ('O', 2), ('S', 0))",19,51,complete,51,0,0,False,False,True
dsC7O2H10nsd_3840.xyz,3840,"(('Br', 0), ('C', 7), ('Cl', 0), ('F', 0), ('H', 10), ('I', 0), ('N', 0), ('O', 2), ('S', 0))",19,51,complete,51,0,0,False,False,True
dsC7O2H10nsd_3841.xyz,3841,"(('Br', 0), ('C', 7), ('Cl', 0), ('F', 0), ('H', 10), ('I', 0), ('N', 0), ('O', 2), ('S', 0))",19,51,complete,51,0,0,False,False,True
dsC7O2H10nsd_3842.xyz,3842,"(('Br', 0), ('C', 7), ('Cl', 0), ('F', 0), ('H', 10), ('I', 0), ('N', 0), ('O', 2), ('S', 0))",19,51,complete,51,0,0,False,False,True
dsC7O2H10nsd_3843.xyz,3843,"(('Br', 0), ('C', 7), ('Cl', 0), ('F', 0), ('H', 10), ('I', 0), ('N', 0), ('O', 2), ('S', 0))",19,51,complete,51,0,0,False,False,True
dsC7O2H10nsd_3844.xyz,3844,"(('Br', 0), ('C', 7), ('Cl', 0), ('F', 0), ('H', 10), ('I', 0), ('N', 0), ('O', 2), ('S', 0))",19,51,complete,51,0,0,False,False,True
dsC7O2H10nsd_3845.xyz,3845,"(('Br', 0), ('C', 7), ('Cl', 0), ('F', 0), ('H', 10), ('I', 0), ('N', 0), ('O', 2), ('S', 0))",19,51,complete,51,0,0,False,False,True
dsC7O2H10nsd_3846.xyz,3846,"(('Br', 0), ('C', 7), ('Cl', 0), ('F', 0), ('H', 10), ('I', 0), ('N', 0), ('O', 2), ('S', 0))",19,51,complete,51,0,0,False,False,True
dsC7O2H10nsd_3847.xyz,3847,"(('Br', 0), ('C', 7), ('Cl', 0), ('F', 0), ('H', 10), ('I', 0), ('N', 0), ('O', 2), ('S', 0))",19,51,complete,51,0,0,False,False,True
dsC7O2H10nsd_3848.xyz,3848,"(('Br', 0), ('C', 7), ('Cl', 0), ('F', 0), ('H', 10), ('I', 0), ('N', 0), ('O', 2), ('S', 0))",19,51,complete,51,0,0,False,False,True
dsC7O2H10nsd_3849.xyz,3849,"(('Br', 0), ('C', 7), ('Cl', 0), ('F', 0), ('H', 10), ('I', 0), ('N', 0), ('O', 2), ('S', 0))",19,51,complete,51,0,0,False,False,True
dsC7O2H10nsd_3850.xyz,3850,"(('Br', 0), ('C', 7), ('Cl', 0), ('F', 0), ('H', 10), ('I', 0), ('N', 0), ('O', 2), ('S', 0))",19,51,complete,51,0,0,False,False,True
dsC7O2H10nsd_3851.xyz,3851,"(('Br', 0), ('C', 7), ('Cl', 0), ('F', 0), ('H', 10), ('I', 0), ('N', 0), ('O', 2), ('S', 0))",19,51,complete,51,0,0,False,False,True
dsC7O2H10nsd_3852.xyz,3852,"(('Br', 0), ('C', 7), ('Cl', 0), ('F', 0), ('H', 10), ('I', 0), ('N', 0), ('O', 2), ('S', 0))",19,51,complete,51,0,0,False,False,True
dsC7O2H10nsd_3853.xyz,3853,"(('Br', 0), ('C', 7), ('Cl', 0), ('F', 0), ('H', 10), ('I', 0), ('N', 0), ('O', 2), ('S', 0))",19,102,incomplete_count,102,0,0,False,False,True
dsC7O2H10nsd_3854.xyz,3854,"(('Br', 0), ('C', 7), ('Cl', 0), ('F', 0), ('H', 10), ('I', 0), ('N', 0), ('O', 2), ('S', 0))",19,51,complete,51,0,0,False,False,True
dsC7O2H10nsd_3855.xyz,3855,"(('Br', 0), ('C', 7), ('Cl', 0), ('F', 0), ('H', 10), ('I', 0), ('N', 0), ('O', 2), ('S', 0))",19,51,complete,51,0,0,False,False,True
dsC7O2H10nsd_3856.xyz,3856,"(('Br', 0), ('C', 7), ('Cl', 0), ('F', 0), ('H', 10), ('I', 0), ('N', 0), ('O', 2), ('S', 0))",19,102,incomplete_count,102,0,0,False,False,True
dsC7O2H10nsd_3857.xyz,3857,"(('Br', 0), ('C', 7), ('Cl', 0), ('F', 0), ('H', 10), ('I', 0), ('N', 0), ('O', 2), ('S', 0))",19,51,complete,51,0,0,False,False,True
dsC7O2H10nsd_3858.xyz,3858,"(('Br', 0), ('C', 7), ('Cl', 0), ('F', 0), ('H', 10), ('I', 0), ('N', 0), ('O', 2), ('S', 0))",19,102,incomplete_count,102,0,0,True,True,True
dsC7O2H10nsd_3859.xyz,3859,"(('Br', 0), ('C', 7), ('Cl', 0), ('F', 0), ('H', 10), ('I', 0), ('N', 0), ('O', 2), ('S', 0))",19,102,incomplete_count,102,0,0,False,False,True
dsC7O2H10nsd_3860.xyz,3860,"(('Br', 0), ('C', 7), ('Cl', 0), ('F', 0), ('H', 10), ('I', 0), ('N', 0), ('O', 2), ('S', 0))",19,51,complete,51,0,0,False,False,True
dsC7O2H10nsd_3861.xyz,3861,"(('Br', 0), ('C', 7), ('Cl', 0), ('F', 0), ('H', 10), ('I', 0), ('N', 0), ('O', 2), ('S', 0))",19,51,complete,51,0,0,False,False,True
dsC7O2H10nsd_3862.xyz,3862,"(('Br', 0), ('C', 7), ('Cl', 0), ('F', 0), ('H', 10), ('I', 0), ('N', 0), ('O', 2), ('S', 0))",19,51,complete,51,0,0,False,False,True
dsC7O2H10nsd_3863.xyz,3863,"(('Br', 0), ('C', 7), ('Cl', 0), ('F', 0), ('H', 10), ('I', 0), ('N', 0), ('O', 2), ('S', 0))",19,51,complete,51,0,0,False,False,True
dsC7O2H10nsd_3864.xyz,3864,"(('Br', 0), ('C', 7), ('Cl', 0), ('F', 0), ('H', 10), ('I', 0), ('N', 0), ('O', 2), ('S', 0))",19,51,complete,51,0,0,False,False,True
dsC7O2H10nsd_3865.xyz,3865,"(('Br', 0), ('C', 7), ('Cl', 0), ('F', 0), ('H', 10), ('I', 0), ('N', 0), ('O', 2), ('S', 0))",19,51,complete,51,0,0,False,False,True
dsC7O2H10nsd_3866.xyz,3866,"(('Br', 0), ('C', 7), ('Cl', 0), ('F', 0), ('H', 10), ('I', 0), ('N', 0), ('O', 2), ('S', 0))",19,51,complete,51,0,0,False,False,True
dsC7O2H10nsd_3867.xyz,3867,"(('Br', 0), ('C', 7), ('Cl', 0), ('F', 0), ('H', 10), ('I', 0), ('N', 0), ('O', 2), ('S', 0))",19,51,complete,51,0,0,False,False,True
dsC7O2H10nsd_3868.xyz,3868,"(('Br', 0), ('C', 7), ('Cl', 0), ('F', 0), ('H', 10), ('I', 0), ('N', 0), ('O', 2), ('S', 0))",19,51,complete,51,0,0,False,False,True
dsC7O2H10nsd_3869.xyz,3869,"(('Br', 0), ('C', 7), ('Cl', 0), ('F', 0), ('H', 10), ('I', 0), ('N', 0), ('O', 2), ('S', 0))",19,51,complete,51,0,0,False,False,True
dsC7O2H10nsd_3870.xyz,3870,"(('Br', 0), ('C', 7), ('Cl', 0), ('F', 0), ('H', 10), ('I', 0), ('N', 0), ('O', 2), ('S', 0))",19,51,complete,51,0,0,False,False,True
dsC7O2H10nsd_3871.xyz,3871,"(('Br', 0), ('C', 7), ('Cl', 0), ('F', 0), ('H', 10), ('I', 0), ('N', 0), ('O', 2), ('S', 0))",19,51,complete,51,0,0,False,False,True
dsC7O2H10nsd_3872.xyz,3872,"(('Br', 0), ('C', 7), ('Cl', 0), ('F', 0), ('H', 10), ('I', 0), ('N', 0), ('O', 2), ('S', 0))",19,102,incomplete_count,102,0,0,False,False,True
dsC7O2H10nsd_3873.xyz,3873,"(('Br', 0), ('C', 7), ('Cl', 0), ('F', 0), ('H', 10), ('I', 0), ('N', 0), ('O', 2), ('S', 0))",19,51,complete,51,0,0,False,False,True
dsC7O2H10nsd_3874.xyz,3874,"(('Br', 0), ('C', 7), ('Cl', 0), ('F', 0), ('H', 10), ('I', 0), ('N', 0), ('O', 2), ('S', 0))",19,51,complete,51,0,0,False,False,True
dsC7O2H10nsd_3875.xyz,3875,"(('Br', 0), ('C', 7), ('Cl', 0), ('F', 0), ('H', 10), ('I', 0), ('N', 0), ('O', 2), ('S', 0))",19,51,complete,51,0,0,False,False,True
dsC7O2H10nsd_3876.xyz,3876,"(('Br', 0), ('C', 7), ('Cl', 0), ('F', 0), ('H', 10), ('I', 0), ('N', 0), ('O', 2), ('S', 0))",19,51,complete,51,0,0,False,False,True
dsC7O2H10nsd_3877.xyz,3877,"(('Br', 0), ('C', 7), ('Cl', 0), ('F', 0), ('H', 10), ('I', 0), ('N', 0), ('O', 2), ('S', 0))",19,51,complete,51,0,0,False,False,True
dsC7O2H10nsd_3878.xyz,3878,"(('Br', 0), ('C', 7), ('Cl', 0), ('F', 0), ('H', 10), ('I', 0), ('N', 0), ('O', 2), ('S', 0))",19,51,complete,51,0,0,False,False,True
dsC7O2H10nsd_3879.xyz,3879,"(('Br', 0), ('C', 7), ('Cl', 0), ('F', 0), ('H', 10), ('I', 0), ('N', 0), ('O', 2), ('S', 0))",19,51,complete,51,0,0,False,False,True
dsC7O2H10nsd_3880.xyz,3880,"(('Br', 0), ('C', 7), ('Cl', 0), ('F', 0), ('H', 10), ('I', 0), ('N', 0), ('O', 2), ('S', 0))",19,51,complete,51,0,0,False,False,True
dsC7O2H10nsd_3881.xyz,3881,"(('Br', 0), ('C', 7), ('Cl', 0), ('F', 0), ('H', 10), ('I', 0), ('N', 0), ('O', 2), ('S', 0))",19,51,complete,51,0,0,False,False,True
dsC7O2H10nsd_3882.xyz,3882,"(('Br', 0), ('C', 7), ('Cl', 0), ('F', 0), ('H', 10), ('I', 0), ('N', 0), ('O', 2), ('S', 0))",19,51,complete,51,0,0,False,False,True
dsC7O2H10nsd_3883.xyz,3883,"(('Br', 0), ('C', 7), ('Cl', 0), ('F', 0), ('H', 10), ('I', 0), ('N', 0), ('O', 2), ('S', 0))",19,51,complete,51,0,0,False,False,True
dsC7O2H10nsd_3884.xyz,3884,"(('Br', 0), ('C', 7), ('Cl', 0), ('F', 0), ('H', 10), ('I', 0), ('N', 0), ('O', 2), ('S', 0))",19,51,complete,51,0,0,False,False,True
dsC7O2H10nsd_3885.xyz,3885,"(('Br', 0), ('C', 7), ('Cl', 0), ('F', 0), ('H', 10), ('I', 0), ('N', 0), ('O', 2), ('S', 0))",19,51,complete,51,0,0,False,False,True
dsC7O2H10nsd_3886.xyz,3886,"(('Br', 0), ('C', 7), ('Cl', 0), ('F', 0), ('H', 10), ('I', 0), ('N', 0), ('O', 2), ('S', 0))",19,51,complete,51,0,0,False,False,True
dsC7O2H10nsd_3887.xyz,3887,"(('Br', 0), ('C', 7), ('Cl', 0), ('F', 0), ('H', 10), ('I', 0), ('N', 0), ('O', 2), ('S', 0))",19,51,complete,51,0,0,False,False,True
dsC7O2H10nsd_3888.xyz,3888,"(('Br', 0), ('C', 7), ('Cl', 0), ('F', 0), ('H', 10), ('I', 0), ('N', 0), ('O', 2), ('S', 0))",19,51,complete,51,0,0,False,False,True
dsC7O2H10nsd_3889.xyz,3889,"(('Br', 0), ('C', 7), ('Cl', 0), ('F', 0), ('H', 10), ('I', 0), ('N', 0), ('O', 2), ('S', 0))",19,51,complete,51,0,0,False,False,True
dsC7O2H10nsd_3890.xyz,3890,"(('Br', 0), ('C', 7), ('Cl', 0), ('F', 0), ('H', 10), ('I', 0), ('N', 0), ('O', 2), ('S', 0))",19,51,complete,51,0,0,False,False,True
dsC7O2H10nsd_3891.xyz,3891,"(('Br', 0), ('C', 7), ('Cl', 0), ('F', 0), ('H', 10), ('I', 0), ('N', 0), ('O', 2), ('S', 0))",19,51,complete,51,0,0,False,False,True
dsC7O2H10nsd_3892.xyz,3892,"(('Br', 0), ('C', 7), ('Cl', 0), ('F', 0), ('H', 10), ('I', 0), ('N', 0), ('O', 2), ('S', 0))",19,102,incomplete_count,102,0,0,False,False,True
dsC7O2H10nsd_3893.xyz,3893,"(('Br', 0), ('C', 7), ('Cl', 0), ('F', 0), ('H', 10), ('I', 0), ('N', 0), ('O', 2), ('S', 0))",19,51,complete,51,0,0,False,False,True
dsC7O2H10nsd_3894.xyz,3894,"(('Br', 0), ('C', 7), ('Cl', 0), ('F', 0), ('H', 10), ('I', 0), ('N', 0), ('O', 2), ('S', 0))",19,51,complete,51,0,0,False,False,True
dsC7O2H10nsd_3895.xyz,3895,"(('Br', 0), ('C', 7), ('Cl', 0), ('F', 0), ('H', 10), ('I', 0), ('N', 0), ('O', 2), ('S', 0))",19,51,complete,51,0,0,False,False,True
dsC7O2H10nsd_3896.xyz,3896,"(('Br', 0), ('C', 7), ('Cl', 0), ('F', 0), ('H', 10), ('I', 0), ('N', 0), ('O', 2), ('S', 0))",19,102,incomplete_count,102,0,0,False,False,True
dsC7O2H10nsd_3897.xyz,3897,"(('Br', 0), ('C', 7), ('Cl', 0), ('F', 0), ('H', 10), ('I', 0), ('N', 0), ('O', 2), ('S', 0))",19,51,complete,51,0,0,False,False,True
dsC7O2H10nsd_3898.xyz,3898,"(('Br', 0), ('C', 7), ('Cl', 0), ('F', 0), ('H', 10), ('I', 0), ('N', 0), ('O', 2), ('S', 0))",19,51,complete,51,0,0,False,False,True
dsC7O2H10nsd_3899.xyz,3899,"(('Br', 0), ('C', 7), ('Cl', 0), ('F', 0), ('H', 10), ('I', 0), ('N', 0), ('O', 2), ('S', 0))",19,51,complete,51,0,0,False,False,True
dsC7O2H10nsd_3900.xyz,3900,"(('Br', 0), ('C', 7), ('Cl', 0), ('F', 0), ('H', 10), ('I', 0), ('N', 0), ('O', 2), ('S', 0))",19,51,complete,51,0,0,False,False,True
dsC7O2H10nsd_3901.xyz,3901,"(('Br', 0), ('C', 7), ('Cl', 0), ('F', 0), ('H', 10), ('I', 0), ('N', 0), ('O', 2), ('S', 0))",19,51,complete,51,0,0,False,False,True
dsC7O2H10nsd_3902.xyz,3902,"(('Br', 0), ('C', 7), ('Cl', 0), ('F', 0), ('H', 10), ('I', 0), ('N', 0), ('O', 2), ('S', 0))",19,51,complete,51,0,0,False,False,True
dsC7O2H10nsd_3903.xyz,3903,"(('Br', 0), ('C', 7), ('Cl', 0), ('F', 0), ('H', 10), ('I', 0), ('N', 0), ('O', 2), ('S', 0))",19,51,complete,51,0,0,False,False,True
dsC7O2H10nsd_3904.xyz,3904,"(('Br', 0), ('C', 7), ('Cl', 0), ('F', 0), ('H', 10), ('I', 0), ('N', 0), ('O', 2), ('S', 0))",19,51,complete,51,0,0,False,False,True
dsC7O2H10nsd_3905.xyz,3905,"(('Br', 0), ('C', 7), ('Cl', 0), ('F', 0), ('H', 10), ('I', 0), ('N', 0), ('O', 2), ('S', 0))",19,51,complete,51,0,0,False,False,True
dsC7O2H10nsd_3906.xyz,3906,"(('Br', 0), ('C', 7), ('Cl', 0), ('F', 0), ('H', 10), ('I', 0), ('N', 0), ('O', 2), ('S', 0))",19,51,complete,51,0,0,False,False,True
dsC7O2H10nsd_3907.xyz,3907,"(('Br', 0), ('C', 7), ('Cl', 0), ('F', 0), ('H', 10), ('I', 0), ('N', 0), ('O', 2), ('S', 0))",19,51,complete,51,0,0,False,False,True
dsC7O2H10nsd_3908.xyz,3908,"(('Br', 0), ('C', 7), ('Cl', 0), ('F', 0), ('H', 10), ('I', 0), ('N', 0), ('O', 2), ('S', 0))",19,51,complete,51,0,0,False,False,True
dsC7O2H10nsd_3909.xyz,3909,"(('Br', 0), ('C', 7), ('Cl', 0), ('F', 0), ('H', 10), ('I', 0), ('N', 0), ('O', 2), ('S', 0))",19,51,complete,51,0,0,False,False,True
dsC7O2H10nsd_3910.xyz,3910,"(('Br', 0), ('C', 7), ('Cl', 0), ('F', 0), ('H', 10), ('I', 0), ('N', 0), ('O', 2), ('S', 0))",19,51,complete,51,0,0,False,False,True
dsC7O2H10nsd_3911.xyz,3911,"(('Br', 0), ('C', 7), ('Cl', 0), ('F', 0), ('H', 10), ('I', 0), ('N', 0), ('O', 2), ('S', 0))",19,51,complete,51,0,0,False,False,True
dsC7O2H10nsd_3912.xyz,3912,"(('Br', 0), ('C', 7), ('Cl', 0), ('F', 0), ('H', 10), ('I', 0), ('N', 0), ('O', 2), ('S', 0))",19,51,complete,51,0,0,False,False,True
dsC7O2H10nsd_3913.xyz,3913,"(('Br', 0), ('C', 7), ('Cl', 0), ('F', 0), ('H', 10), ('I', 0), ('N', 0), ('O', 2), ('S', 0))",19,51,complete,51,0,0,False,False,True
dsC7O2H10nsd_3914.xyz,3914,"(('Br', 0), ('C', 7), ('Cl', 0), ('F', 0), ('H', 10), ('I', 0), ('N', 0), ('O', 2), ('S', 0))",19,51,complete,51,0,0,False,False,True
dsC7O2H10nsd_3915.xyz,3915,"(('Br', 0), ('C', 7), ('Cl', 0), ('F', 0), ('H', 10), ('I', 0), ('N', 0), ('O', 2), ('S', 0))",19,51,complete,51,0,0,False,False,True
dsC7O2H10nsd_3916.xyz,3916,"(('Br', 0), ('C', 7), ('Cl', 0), ('F', 0), ('H', 10), ('I', 0), ('N', 0), ('O', 2), ('S', 0))",19,51,complete,51,0,0,False,False,True
dsC7O2H10nsd_3917.xyz,3917,"(('Br', 0), ('C', 7), ('Cl', 0), ('F', 0), ('H', 10), ('I', 0), ('N', 0), ('O', 2), ('S', 0))",19,51,complete,51,0,0,False,False,True
dsC7O2H10nsd_3918.xyz,3918,"(('Br', 0), ('C', 7), ('Cl', 0), ('F', 0), ('H', 10), ('I', 0), ('N', 0), ('O', 2), ('S', 0))",19,51,complete,51,0,0,False,False,True
dsC7O2H10nsd_3919.xyz,3919,"(('Br', 0), ('C', 7), ('Cl', 0), ('F', 0), ('H', 10), ('I', 0), ('N', 0), ('O', 2), ('S', 0))",19,51,complete,51,0,0,False,False,True
dsC7O2H10nsd_3920.xyz,3920,"(('Br', 0), ('C', 7), ('Cl', 0), ('F', 0), ('H', 10), ('I', 0), ('N', 0), ('O', 2), ('S', 0))",19,51,complete,51,0,0,False,False,True
dsC7O2H10nsd_3921.xyz,3921,"(('Br', 0), ('C', 7), ('Cl', 0), ('F', 0), ('H', 10), ('I', 0), ('N', 0), ('O', 2), ('S', 0))",19,51,complete,51,0,0,False,False,True
dsC7O2H10nsd_3922.xyz,3922,"(('Br', 0), ('C', 7), ('Cl', 0), ('F', 0), ('H', 10), ('I', 0), ('N', 0), ('O', 2), ('S', 0))",19,102,incomplete_count,102,0,0,False,False,True
dsC7O2H10nsd_3923.xyz,3923,"(('Br', 0), ('C', 7), ('Cl', 0), ('F', 0), ('H', 10), ('I', 0), ('N', 0), ('O', 2), ('S', 0))",19,51,complete,51,0,0,False,False,True
dsC7O2H10nsd_3924.xyz,3924,"(('Br', 0), ('C', 7), ('Cl', 0), ('F', 0), ('H', 10), ('I', 0), ('N', 0), ('O', 2), ('S', 0))",19,51,complete,51,0,0,False,False,True
dsC7O2H10nsd_3925.xyz,3925,"(('Br', 0), ('C', 7), ('Cl', 0), ('F', 0), ('H', 10), ('I', 0), ('N', 0), ('O', 2), ('S', 0))",19,51,complete,51,0,0,False,False,True
dsC7O2H10nsd_3926.xyz,3926,"(('Br', 0), ('C', 7), ('Cl', 0), ('F', 0), ('H', 10), ('I', 0), ('N', 0), ('O', 2), ('S', 0))",19,51,complete,51,0,0,False,False,True
dsC7O2H10nsd_3927.xyz,3927,"(('Br', 0), ('C', 7), ('Cl', 0), ('F', 0), ('H', 10), ('I', 0), ('N', 0), ('O', 2), ('S', 0))",19,51,complete,51,0,0,False,False,True
dsC7O2H10nsd_3928.xyz,3928,"(('Br', 0), ('C', 7), ('Cl', 0), ('F', 0), ('H', 10), ('I', 0), ('N', 0), ('O', 2), ('S', 0))",19,51,complete,51,0,0,False,False,True
dsC7O2H10nsd_3929.xyz,3929,"(('Br', 0), ('C', 7), ('Cl', 0), ('F', 0), ('H', 10), ('I', 0), ('N', 0), ('O', 2), ('S', 0))",19,51,complete,51,0,0,False,False,True
dsC7O2H10nsd_3930.xyz,3930,"(('Br', 0), ('C', 7), ('Cl', 0), ('F', 0), ('H', 10), ('I', 0), ('N', 0), ('O', 2), ('S', 0))",19,51,complete,51,0,0,False,False,True
dsC7O2H10nsd_3931.xyz,3931,"(('Br', 0), ('C', 7), ('Cl', 0), ('F', 0), ('H', 10), ('I', 0), ('N', 0), ('O', 2), ('S', 0))",19,51,complete,51,0,0,False,False,True
dsC7O2H10nsd_3932.xyz,3932,"(('Br', 0), ('C', 7), ('Cl', 0), ('F', 0), ('H', 10), ('I', 0), ('N', 0), ('O', 2), ('S', 0))",19,51,complete,51,0,0,False,False,True
dsC7O2H10nsd_3933.xyz,3933,"(('Br', 0), ('C', 7), ('Cl', 0), ('F', 0), ('H', 10), ('I', 0), ('N', 0), ('O', 2), ('S', 0))",19,51,complete,51,0,0,False,False,True
dsC7O2H10nsd_3934.xyz,3934,"(('Br', 0), ('C', 7), ('Cl', 0), ('F', 0), ('H', 10), ('I', 0), ('N', 0), ('O', 2), ('S', 0))",19,51,complete,51,0,0,False,False,True
dsC7O2H10nsd_3935.xyz,3935,"(('Br', 0), ('C', 7), ('Cl', 0), ('F', 0), ('H', 10), ('I', 0), ('N', 0), ('O', 2), ('S', 0))",19,51,complete,51,0,0,False,False,True
dsC7O2H10nsd_3936.xyz,3936,"(('Br', 0), ('C', 7), ('Cl', 0), ('F', 0), ('H', 10), ('I', 0), ('N', 0), ('O', 2), ('S', 0))",19,51,complete,51,0,0,False,False,True
dsC7O2H10nsd_3937.xyz,3937,"(('Br', 0), ('C', 7), ('Cl', 0), ('F', 0), ('H', 10), ('I', 0), ('N', 0), ('O', 2), ('S', 0))",19,51,complete,51,0,0,False,False,True
dsC7O2H10nsd_3938.xyz,3938,"(('Br', 0), ('C', 7), ('Cl', 0), ('F', 0), ('H', 10), ('I', 0), ('N', 0), ('O', 2), ('S', 0))",19,51,complete,51,0,0,False,False,True
dsC7O2H10nsd_3939.xyz,3939,"(('Br', 0), ('C', 7), ('Cl', 0), ('F', 0), ('H', 10), ('I', 0), ('N', 0), ('O', 2), ('S', 0))",19,51,complete,51,0,0,False,False,True
dsC7O2H10nsd_3940.xyz,3940,"(('Br', 0), ('C', 7), ('Cl', 0), ('F', 0), ('H', 10), ('I', 0), ('N', 0), ('O', 2), ('S', 0))",19,51,complete,51,0,0,False,False,True
dsC7O2H10nsd_3941.xyz,3941,"(('Br', 0), ('C', 7), ('Cl', 0), ('F', 0), ('H', 10), ('I', 0), ('N', 0), ('O', 2), ('S', 0))",19,51,complete,51,0,0,False,False,True
dsC7O2H10nsd_3942.xyz,3942,"(('Br', 0), ('C', 7), ('Cl', 0), ('F', 0), ('H', 10), ('I', 0), ('N', 0), ('O', 2), ('S', 0))",19,51,complete,51,0,0,False,False,True
dsC7O2H10nsd_3943.xyz,3943,"(('Br', 0), ('C', 7), ('Cl', 0), ('F', 0), ('H', 10), ('I', 0), ('N', 0), ('O', 2), ('S', 0))",19,51,complete,51,0,0,False,False,True
dsC7O2H10nsd_3944.xyz,3944,"(('Br', 0), ('C', 7), ('Cl', 0), ('F', 0), ('H', 10), ('I', 0), ('N', 0), ('O', 2), ('S', 0))",19,51,complete,51,0,0,False,False,True
dsC7O2H10nsd_3945.xyz,3945,"(('Br', 0), ('C', 7), ('Cl', 0), ('F', 0), ('H', 10), ('I', 0), ('N', 0), ('O', 2), ('S', 0))",19,51,complete,51,0,0,False,False,True
dsC7O2H10nsd_3946.xyz,3946,"(('Br', 0), ('C', 7), ('Cl', 0), ('F', 0), ('H', 10), ('I', 0), ('N', 0), ('O', 2), ('S', 0))",19,51,complete,51,0,0,False,False,True
dsC7O2H10nsd_3947.xyz,3947,"(('Br', 0), ('C', 7), ('Cl', 0), ('F', 0), ('H', 10), ('I', 0), ('N', 0), ('O', 2), ('S', 0))",19,51,complete,51,0,0,False,False,True
dsC7O2H10nsd_3948.xyz,3948,"(('Br', 0), ('C', 7), ('Cl', 0), ('F', 0), ('H', 10), ('I', 0), ('N', 0), ('O', 2), ('S', 0))",19,51,complete,51,0,0,False,False,True
dsC7O2H10nsd_3949.xyz,3949,"(('Br', 0), ('C', 7), ('Cl', 0), ('F', 0), ('H', 10), ('I', 0), ('N', 0), ('O', 2), ('S', 0))",19,51,complete,51,0,0,False,False,True
dsC7O2H10nsd_3950.xyz,3950,"(('Br', 0), ('C', 7), ('Cl', 0), ('F', 0), ('H', 10), ('I', 0), ('N', 0), ('O', 2), ('S', 0))",19,51,complete,51,0,0,False,False,True
dsC7O2H10nsd_3951.xyz,3951,"(('Br', 0), ('C', 7), ('Cl', 0), ('F', 0), ('H', 10), ('I', 0), ('N', 0), ('O', 2), ('S', 0))",19,51,complete,51,0,0,False,False,True
dsC7O2H10nsd_3952.xyz,3952,"(('Br', 0), ('C', 7), ('Cl', 0), ('F', 0), ('H', 10), ('I', 0), ('N', 0), ('O', 2), ('S', 0))",19,51,complete,51,0,0,False,False,True
dsC7O2H10nsd_3953.xyz,3953,"(('Br', 0), ('C', 7), ('Cl', 0), ('F', 0), ('H', 10), ('I', 0), ('N', 0), ('O', 2), ('S', 0))",19,51,complete,51,0,0,False,False,True
dsC7O2H10nsd_3954.xyz,3954,"(('Br', 0), ('C', 7), ('Cl', 0), ('F', 0), ('H', 10), ('I', 0), ('N', 0), ('O', 2), ('S', 0))",19,51,complete,51,0,0,False,False,True
dsC7O2H10nsd_3955.xyz,3955,"(('Br', 0), ('C', 7), ('Cl', 0), ('F', 0), ('H', 10), ('I', 0), ('N', 0), ('O', 2), ('S', 0))",19,51,complete,51,0,0,False,False,True
dsC7O2H10nsd_3956.xyz,3956,"(('Br', 0), ('C', 7), ('Cl', 0), ('F', 0), ('H', 10), ('I', 0), ('N', 0), ('O', 2), ('S', 0))",19,51,complete,51,0,0,False,False,True
dsC7O2H10nsd_3957.xyz,3957,"(('Br', 0), ('C', 7), ('Cl', 0), ('F', 0), ('H', 10), ('I', 0), ('N', 0), ('O', 2), ('S', 0))",19,51,complete,51,0,0,False,False,True
dsC7O2H10nsd_3958.xyz,3958,"(('Br', 0), ('C', 7), ('Cl', 0), ('F', 0), ('H', 10), ('I', 0), ('N', 0), ('O', 2), ('S', 0))",19,51,complete,51,0,0,False,False,True
dsC7O2H10nsd_3959.xyz,3959,"(('Br', 0), ('C', 7), ('Cl', 0), ('F', 0), ('H', 10), ('I', 0), ('N', 0), ('O', 2), ('S', 0))",19,51,complete,51,0,0,False,False,True
dsC7O2H10nsd_3960.xyz,3960,"(('Br', 0), ('C', 7), ('Cl', 0), ('F', 0), ('H', 10), ('I', 0), ('N', 0), ('O', 2), ('S', 0))",19,51,complete,51,0,0,False,False,True
dsC7O2H10nsd_3961.xyz,3961,"(('Br', 0), ('C', 7), ('Cl', 0), ('F', 0), ('H', 10), ('I', 0), ('N', 0), ('O', 2), ('S', 0))",19,51,complete,51,0,0,False,False,True
dsC7O2H10nsd_3962.xyz,3962,"(('Br', 0), ('C', 7), ('Cl', 0), ('F', 0), ('H', 10), ('I', 0), ('N', 0), ('O', 2), ('S', 0))",19,51,complete,51,0,0,False,False,True
dsC7O2H10nsd_3963.xyz,3963,"(('Br', 0), ('C', 7), ('Cl', 0), ('F', 0), ('H', 10), ('I', 0), ('N', 0), ('O', 2), ('S', 0))",19,51,complete,51,0,0,False,True,True
dsC7O2H10nsd_3964.xyz,3964,"(('Br', 0), ('C', 7), ('Cl', 0), ('F', 0), ('H', 10), ('I', 0), ('N', 0), ('O', 2), ('S', 0))",19,51,complete,51,0,0,False,False,True
dsC7O2H10nsd_3965.xyz,3965,"(('Br', 0), ('C', 7), ('Cl', 0), ('F', 0), ('H', 10), ('I', 0), ('N', 0), ('O', 2), ('S', 0))",19,51,complete,51,0,0,False,False,True
dsC7O2H10nsd_3966.xyz,3966,"(('Br', 0), ('C', 7), ('Cl', 0), ('F', 0), ('H', 10), ('I', 0), ('N', 0), ('O', 2), ('S', 0))",19,51,complete,51,0,0,False,False,True
dsC7O2H10nsd_3967.xyz,3967,"(('Br', 0), ('C', 7), ('Cl', 0), ('F', 0), ('H', 10), ('I', 0), ('N', 0), ('O', 2), ('S', 0))",19,51,complete,51,0,0,False,False,True
dsC7O2H10nsd_3968.xyz,3968,"(('Br', 0), ('C', 7), ('Cl', 0), ('F', 0), ('H', 10), ('I', 0), ('N', 0), ('O', 2), ('S', 0))",19,51,complete,51,0,0,False,False,True
dsC7O2H10nsd_3969.xyz,3969,"(('Br', 0), ('C', 7), ('Cl', 0), ('F', 0), ('H', 10), ('I', 0), ('N', 0), ('O', 2), ('S', 0))",19,51,complete,51,0,0,False,False,True
dsC7O2H10nsd_3970.xyz,3970,"(('Br', 0), ('C', 7), ('Cl', 0), ('F', 0), ('H', 10), ('I', 0), ('N', 0), ('O', 2), ('S', 0))",19,51,complete,51,0,0,False,False,True
dsC7O2H10nsd_3971.xyz,3971,"(('Br', 0), ('C', 7), ('Cl', 0), ('F', 0), ('H', 10), ('I', 0), ('N', 0), ('O', 2), ('S', 0))",19,51,complete,51,0,0,False,False,True
dsC7O2H10nsd_3972.xyz,3972,"(('Br', 0), ('C', 7), ('Cl', 0), ('F', 0), ('H', 10), ('I', 0), ('N', 0), ('O', 2), ('S', 0))",19,51,complete,51,0,0,False,False,True
dsC7O2H10nsd_3973.xyz,3973,"(('Br', 0), ('C', 7), ('Cl', 0), ('F', 0), ('H', 10), ('I', 0), ('N', 0), ('O', 2), ('S', 0))",19,51,complete,51,0,0,False,False,True
dsC7O2H10nsd_3974.xyz,3974,"(('Br', 0), ('C', 7), ('Cl', 0), ('F', 0), ('H', 10), ('I', 0), ('N', 0), ('O', 2), ('S', 0))",19,51,complete,51,0,0,False,False,True
dsC7O2H10nsd_3975.xyz,3975,"(('Br', 0), ('C', 7), ('Cl', 0), ('F', 0), ('H', 10), ('I', 0), ('N', 0), ('O', 2), ('S', 0))",19,51,complete,51,0,0,False,False,True
dsC7O2H10nsd_3976.xyz,3976,"(('Br', 0), ('C', 7), ('Cl', 0), ('F', 0), ('H', 10), ('I', 0), ('N', 0), ('O', 2), ('S', 0))",19,51,complete,51,0,0,False,False,True
dsC7O2H10nsd_3977.xyz,3977,"(('Br', 0), ('C', 7), ('Cl', 0), ('F', 0), ('H', 10), ('I', 0), ('N', 0), ('O', 2), ('S', 0))",19,51,complete,51,0,0,False,False,True
dsC7O2H10nsd_3978.xyz,3978,"(('Br', 0), ('C', 7), ('Cl', 0), ('F', 0), ('H', 10), ('I', 0), ('N', 0), ('O', 2), ('S', 0))",19,51,complete,51,0,0,False,False,True
dsC7O2H10nsd_3979.xyz,3979,"(('Br', 0), ('C', 7), ('Cl', 0), ('F', 0), ('H', 10), ('I', 0), ('N', 0), ('O', 2), ('S', 0))",19,51,complete,51,0,0,False,False,True
dsC7O2H10nsd_3980.xyz,3980,"(('Br', 0), ('C', 7), ('Cl', 0), ('F', 0), ('H', 10), ('I', 0), ('N', 0), ('O', 2), ('S', 0))",19,51,complete,51,0,0,False,False,True
dsC7O2H10nsd_3981.xyz,3981,"(('Br', 0), ('C', 7), ('Cl', 0), ('F', 0), ('H', 10), ('I', 0), ('N', 0), ('O', 2), ('S', 0))",19,51,complete,51,0,0,False,False,True
dsC7O2H10nsd_3982.xyz,3982,"(('Br', 0), ('C', 7), ('Cl', 0), ('F', 0), ('H', 10), ('I', 0), ('N', 0), ('O', 2), ('S', 0))",19,51,complete,51,0,0,False,False,True
dsC7O2H10nsd_3983.xyz,3983,"(('Br', 0), ('C', 7), ('Cl', 0), ('F', 0), ('H', 10), ('I', 0), ('N', 0), ('O', 2), ('S', 0))",19,51,complete,51,0,0,False,False,True
dsC7O2H10nsd_3984.xyz,3984,"(('Br', 0), ('C', 7), ('Cl', 0), ('F', 0), ('H', 10), ('I', 0), ('N', 0), ('O', 2), ('S', 0))",19,51,complete,51,0,0,False,False,True
dsC7O2H10nsd_3985.xyz,3985,"(('Br', 0), ('C', 7), ('Cl', 0), ('F', 0), ('H', 10), ('I', 0), ('N', 0), ('O', 2), ('S', 0))",19,51,complete,51,0,0,False,False,True
dsC7O2H10nsd_3986.xyz,3986,"(('Br', 0), ('C', 7), ('Cl', 0), ('F', 0), ('H', 10), ('I', 0), ('N', 0), ('O', 2), ('S', 0))",19,51,complete,51,0,0,False,False,True
dsC7O2H10nsd_3987.xyz,3987,"(('Br', 0), ('C', 7), ('Cl', 0), ('F', 0), ('H', 10), ('I', 0), ('N', 0), ('O', 2), ('S', 0))",19,51,complete,51,0,0,False,False,True
dsC7O2H10nsd_3988.xyz,3988,"(('Br', 0), ('C', 7), ('Cl', 0), ('F', 0), ('H', 10), ('I', 0), ('N', 0), ('O', 2), ('S', 0))",19,51,complete,51,0,0,False,False,True
dsC7O2H10nsd_3989.xyz,3989,"(('Br', 0), ('C', 7), ('Cl', 0), ('F', 0), ('H', 10), ('I', 0), ('N', 0), ('O', 2), ('S', 0))",19,51,complete,51,0,0,False,False,True
dsC7O2H10nsd_3990.xyz,3990,"(('Br', 0), ('C', 7), ('Cl', 0), ('F', 0), ('H', 10), ('I', 0), ('N', 0), ('O', 2), ('S', 0))",19,51,complete,51,0,0,False,False,True
dsC7O2H10nsd_3991.xyz,3991,"(('Br', 0), ('C', 7), ('Cl', 0), ('F', 0), ('H', 10), ('I', 0), ('N', 0), ('O', 2), ('S', 0))",19,51,complete,51,0,0,False,False,True
dsC7O2H10nsd_3992.xyz,3992,"(('Br', 0), ('C', 7), ('Cl', 0), ('F', 0), ('H', 10), ('I', 0), ('N', 0), ('O', 2), ('S', 0))",19,51,complete,51,0,0,False,False,True
dsC7O2H10nsd_3993.xyz,3993,"(('Br', 0), ('C', 7), ('Cl', 0), ('F', 0), ('H', 10), ('I', 0), ('N', 0), ('O', 2), ('S', 0))",19,51,complete,51,0,0,False,False,True
dsC7O2H10nsd_3994.xyz,3994,"(('Br', 0), ('C', 7), ('Cl', 0), ('F', 0), ('H', 10), ('I', 0), ('N', 0), ('O', 2), ('S', 0))",19,102,incomplete_count,102,0,0,False,False,True
dsC7O2H10nsd_3995.xyz,3995,"(('Br', 0), ('C', 7), ('Cl', 0), ('F', 0), ('H', 10), ('I', 0), ('N', 0), ('O', 2), ('S', 0))",19,51,complete,51,0,0,False,False,True
dsC7O2H10nsd_3996.xyz,3996,"(('Br', 0), ('C', 7), ('Cl', 0), ('F', 0), ('H', 10), ('I', 0), ('N', 0), ('O', 2), ('S', 0))",19,51,complete,51,0,0,False,False,True
dsC7O2H10nsd_3997.xyz,3997,"(('Br', 0), ('C', 7), ('Cl', 0), ('F', 0), ('H', 10), ('I', 0), ('N', 0), ('O', 2), ('S', 0))",19,51,complete,51,0,0,False,False,True
dsC7O2H10nsd_3998.xyz,3998,"(('Br', 0), ('C', 7), ('Cl', 0), ('F', 0), ('H', 10), ('I', 0), ('N', 0), ('O', 2), ('S', 0))",19,51,complete,51,0,0,False,False,True
dsC7O2H10nsd_3999.xyz,3999,"(('Br', 0), ('C', 7), ('Cl', 0), ('F', 0), ('H', 10), ('I', 0), ('N', 0), ('O', 2), ('S', 0))",19,51,complete,51,0,0,False,False,True
dsC7O2H10nsd_4000.xyz,4000,"(('Br', 0), ('C', 7), ('Cl', 0), ('F', 0), ('H', 10), ('I', 0), ('N', 0), ('O', 2), ('S', 0))",19,51,complete,51,0,0,False,False,True
dsC7O2H10nsd_4001.xyz,4001,"(('Br', 0), ('C', 7), ('Cl', 0), ('F', 0), ('H', 10), ('I', 0), ('N', 0), ('O', 2), ('S', 0))",19,51,complete,51,0,0,False,False,True
dsC7O2H10nsd_4002.xyz,4002,"(('Br', 0), ('C', 7), ('Cl', 0), ('F', 0), ('H', 10), ('I', 0), ('N', 0), ('O', 2), ('S', 0))",19,51,complete,51,0,0,False,False,True
dsC7O2H10nsd_4003.xyz,4003,"(('Br', 0), ('C', 7), ('Cl', 0), ('F', 0), ('H', 10), ('I', 0), ('N', 0), ('O', 2), ('S', 0))",19,51,complete,51,0,0,False,False,True
dsC7O2H10nsd_4004.xyz,4004,"(('Br', 0), ('C', 7), ('Cl', 0), ('F', 0), ('H', 10), ('I', 0), ('N', 0), ('O', 2), ('S', 0))",19,51,complete,51,0,0,False,False,True
dsC7O2H10nsd_4005.xyz,4005,"(('Br', 0), ('C', 7), ('Cl', 0), ('F', 0), ('H', 10), ('I', 0), ('N', 0), ('O', 2), ('S', 0))",19,51,complete,51,0,0,False,False,True
dsC7O2H10nsd_4006.xyz,4006,"(('Br', 0), ('C', 7), ('Cl', 0), ('F', 0), ('H', 10), ('I', 0), ('N', 0), ('O', 2), ('S', 0))",19,51,complete,51,0,0,False,False,True
dsC7O2H10nsd_4007.xyz,4007,"(('Br', 0), ('C', 7), ('Cl', 0), ('F', 0), ('H', 10), ('I', 0), ('N', 0), ('O', 2), ('S', 0))",19,51,complete,51,0,0,False,False,True
dsC7O2H10nsd_4008.xyz,4008,"(('Br', 0), ('C', 7), ('Cl', 0), ('F', 0), ('H', 10), ('I', 0), ('N', 0), ('O', 2), ('S', 0))",19,51,complete,51,0,0,False,False,True
dsC7O2H10nsd_4009.xyz,4009,"(('Br', 0), ('C', 7), ('Cl', 0), ('F', 0), ('H', 10), ('I', 0), ('N', 0), ('O', 2), ('S', 0))",19,51,complete,51,0,0,False,False,True
dsC7O2H10nsd_4010.xyz,4010,"(('Br', 0), ('C', 7), ('Cl', 0), ('F', 0), ('H', 10), ('I', 0), ('N', 0), ('O', 2), ('S', 0))",19,51,complete,51,0,0,False,False,True
dsC7O2H10nsd_4011.xyz,4011,"(('Br', 0), ('C', 7), ('Cl', 0), ('F', 0), ('H', 10), ('I', 0), ('N', 0), ('O', 2), ('S', 0))",19,51,complete,51,0,0,False,False,True
dsC7O2H10nsd_4012.xyz,4012,"(('Br', 0), ('C', 7), ('Cl', 0), ('F', 0), ('H', 10), ('I', 0), ('N', 0), ('O', 2), ('S', 0))",19,51,complete,51,0,0,False,False,True
dsC7O2H10nsd_4013.xyz,4013,"(('Br', 0), ('C', 7), ('Cl', 0), ('F', 0), ('H', 10), ('I', 0), ('N', 0), ('O', 2), ('S', 0))",19,51,complete,51,0,0,False,False,True
dsC7O2H10nsd_4014.xyz,4014,"(('Br', 0), ('C', 7), ('Cl', 0), ('F', 0), ('H', 10), ('I', 0), ('N', 0), ('O', 2), ('S', 0))",19,51,complete,51,0,0,False,False,True
dsC7O2H10nsd_4015.xyz,4015,"(('Br', 0), ('C', 7), ('Cl', 0), ('F', 0), ('H', 10), ('I', 0), ('N', 0), ('O', 2), ('S', 0))",19,51,complete,51,0,0,False,False,True
dsC7O2H10nsd_4016.xyz,4016,"(('Br', 0), ('C', 7), ('Cl', 0), ('F', 0), ('H', 10), ('I', 0), ('N', 0), ('O', 2), ('S', 0))",19,51,complete,51,0,0,False,False,True
dsC7O2H10nsd_4017.xyz,4017,"(('Br', 0), ('C', 7), ('Cl', 0), ('F', 0), ('H', 10), ('I', 0), ('N', 0), ('O', 2), ('S', 0))",19,51,complete,51,0,0,False,False,True
dsC7O2H10nsd_4018.xyz,4018,"(('Br', 0), ('C', 7), ('Cl', 0), ('F', 0), ('H', 10), ('I', 0), ('N', 0), ('O', 2), ('S', 0))",19,51,complete,51,0,0,False,False,True
dsC7O2H10nsd_4019.xyz,4019,"(('Br', 0), ('C', 7), ('Cl', 0), ('F', 0), ('H', 10), ('I', 0), ('N', 0), ('O', 2), ('S', 0))",19,51,complete,51,0,0,False,False,True
dsC7O2H10nsd_4020.xyz,4020,"(('Br', 0), ('C', 7), ('Cl', 0), ('F', 0), ('H', 10), ('I', 0), ('N', 0), ('O', 2), ('S', 0))",19,51,complete,51,0,0,False,False,True
dsC7O2H10nsd_4021.xyz,4021,"(('Br', 0), ('C', 7), ('Cl', 0), ('F', 0), ('H', 10), ('I', 0), ('N', 0), ('O', 2), ('S', 0))",19,51,complete,51,0,0,False,False,True
dsC7O2H10nsd_4022.xyz,4022,"(('Br', 0), ('C', 7), ('Cl', 0), ('F', 0), ('H', 10), ('I', 0), ('N', 0), ('O', 2), ('S', 0))",19,51,complete,51,0,0,False,False,True
dsC7O2H10nsd_4023.xyz,4023,"(('Br', 0), ('C', 7), ('Cl', 0), ('F', 0), ('H', 10), ('I', 0), ('N', 0), ('O', 2), ('S', 0))",19,51,complete,51,0,0,False,False,True
dsC7O2H10nsd_4024.xyz,4024,"(('Br', 0), ('C', 7), ('Cl', 0), ('F', 0), ('H', 10), ('I', 0), ('N', 0), ('O', 2), ('S', 0))",19,51,complete,51,0,0,False,False,True
dsC7O2H10nsd_4025.xyz,4025,"(('Br', 0), ('C', 7), ('Cl', 0), ('F', 0), ('H', 10), ('I', 0), ('N', 0), ('O', 2), ('S', 0))",19,51,complete,51,0,0,False,False,True
dsC7O2H10nsd_4026.xyz,4026,"(('Br', 0), ('C', 7), ('Cl', 0), ('F', 0), ('H', 10), ('I', 0), ('N', 0), ('O', 2), ('S', 0))",19,51,complete,51,0,0,False,False,True
dsC7O2H10nsd_4027.xyz,4027,"(('Br', 0), ('C', 7), ('Cl', 0), ('F', 0), ('H', 10), ('I', 0), ('N', 0), ('O', 2), ('S', 0))",19,51,complete,51,0,0,False,False,True
dsC7O2H10nsd_4028.xyz,4028,"(('Br', 0), ('C', 7), ('Cl', 0), ('F', 0), ('H', 10), ('I', 0), ('N', 0), ('O', 2), ('S', 0))",19,51,complete,51,0,0,False,False,True
dsC7O2H10nsd_4029.xyz,4029,"(('Br', 0), ('C', 7), ('Cl', 0), ('F', 0), ('H', 10), ('I', 0), ('N', 0), ('O', 2), ('S', 0))",19,51,complete,51,0,0,False,False,True
dsC7O2H10nsd_4030.xyz,4030,"(('Br', 0), ('C', 7), ('Cl', 0), ('F', 0), ('H', 10), ('I', 0), ('N', 0), ('O', 2), ('S', 0))",19,51,complete,51,0,0,False,False,True
dsC7O2H10nsd_4031.xyz,4031,"(('Br', 0), ('C', 7), ('Cl', 0), ('F', 0), ('H', 10), ('I', 0), ('N', 0), ('O', 2), ('S', 0))",19,51,complete,51,0,0,False,False,True
dsC7O2H10nsd_4032.xyz,4032,"(('Br', 0), ('C', 7), ('Cl', 0), ('F', 0), ('H', 10), ('I', 0), ('N', 0), ('O', 2), ('S', 0))",19,51,complete,51,0,0,False,False,True
dsC7O2H10nsd_4033.xyz,4033,"(('Br', 0), ('C', 7), ('Cl', 0), ('F', 0), ('H', 10), ('I', 0), ('N', 0), ('O', 2), ('S', 0))",19,51,complete,51,0,0,False,False,True
dsC7O2H10nsd_4034.xyz,4034,"(('Br', 0), ('C', 7), ('Cl', 0), ('F', 0), ('H', 10), ('I', 0), ('N', 0), ('O', 2), ('S', 0))",19,51,complete,51,0,0,False,False,True
dsC7O2H10nsd_4035.xyz,4035,"(('Br', 0), ('C', 7), ('Cl', 0), ('F', 0), ('H', 10), ('I', 0), ('N', 0), ('O', 2), ('S', 0))",19,51,complete,51,0,0,False,False,True
dsC7O2H10nsd_4036.xyz,4036,"(('Br', 0), ('C', 7), ('Cl', 0), ('F', 0), ('H', 10), ('I', 0), ('N', 0), ('O', 2), ('S', 0))",19,51,complete,51,0,0,False,False,True
dsC7O2H10nsd_4037.xyz,4037,"(('Br', 0), ('C', 7), ('Cl', 0), ('F', 0), ('H', 10), ('I', 0), ('N', 0), ('O', 2), ('S', 0))",19,51,complete,51,0,0,False,False,True
dsC7O2H10nsd_4038.xyz,4038,"(('Br', 0), ('C', 7), ('Cl', 0), ('F', 0), ('H', 10), ('I', 0), ('N', 0), ('O', 2), ('S', 0))",19,51,complete,51,0,0,False,False,True
dsC7O2H10nsd_4039.xyz,4039,"(('Br', 0), ('C', 7), ('Cl', 0), ('F', 0), ('H', 10), ('I', 0), ('N', 0), ('O', 2), ('S', 0))",19,51,complete,51,0,0,False,False,True
dsC7O2H10nsd_4040.xyz,4040,"(('Br', 0), ('C', 7), ('Cl', 0), ('F', 0), ('H', 10), ('I', 0), ('N', 0), ('O', 2), ('S', 0))",19,51,complete,51,0,0,False,False,True
dsC7O2H10nsd_4041.xyz,4041,"(('Br', 0), ('C', 7), ('Cl', 0), ('F', 0), ('H', 10), ('I', 0), ('N', 0), ('O', 2), ('S', 0))",19,51,complete,51,0,0,False,False,True
dsC7O2H10nsd_4042.xyz,4042,"(('Br', 0), ('C', 7), ('Cl', 0), ('F', 0), ('H', 10), ('I', 0), ('N', 0), ('O', 2), ('S', 0))",19,51,complete,51,0,0,False,False,True
dsC7O2H10nsd_4043.xyz,4043,"(('Br', 0), ('C', 7), ('Cl', 0), ('F', 0), ('H', 10), ('I', 0), ('N', 0), ('O', 2), ('S', 0))",19,51,complete,51,0,0,False,False,True
dsC7O2H10nsd_4044.xyz,4044,"(('Br', 0), ('C', 7), ('Cl', 0), ('F', 0), ('H', 10), ('I', 0), ('N', 0), ('O', 2), ('S', 0))",19,51,complete,51,0,0,False,False,True
dsC7O2H10nsd_4045.xyz,4045,"(('Br', 0), ('C', 7), ('Cl', 0), ('F', 0), ('H', 10), ('I', 0), ('N', 0), ('O', 2), ('S', 0))",19,51,complete,51,0,0,False,False,True
dsC7O2H10nsd_4046.xyz,4046,"(('Br', 0), ('C', 7), ('Cl', 0), ('F', 0), ('H', 10), ('I', 0), ('N', 0), ('O', 2), ('S', 0))",19,51,complete,51,0,0,False,False,True
dsC7O2H10nsd_4047.xyz,4047,"(('Br', 0), ('C', 7), ('Cl', 0), ('F', 0), ('H', 10), ('I', 0), ('N', 0), ('O', 2), ('S', 0))",19,51,complete,51,0,0,False,False,True
dsC7O2H10nsd_4048.xyz,4048,"(('Br', 0), ('C', 7), ('Cl', 0), ('F', 0), ('H', 10), ('I', 0), ('N', 0), ('O', 2), ('S', 0))",19,51,complete,51,0,0,False,False,True
dsC7O2H10nsd_4049.xyz,4049,"(('Br', 0), ('C', 7), ('Cl', 0), ('F', 0), ('H', 10), ('I', 0), ('N', 0), ('O', 2), ('S', 0))",19,51,complete,51,0,0,False,False,True
dsC7O2H10nsd_4050.xyz,4050,"(('Br', 0), ('C', 7), ('Cl', 0), ('F', 0), ('H', 10), ('I', 0), ('N', 0), ('O', 2), ('S', 0))",19,51,complete,51,0,0,False,False,True
dsC7O2H10nsd_4051.xyz,4051,"(('Br', 0), ('C', 7), ('Cl', 0), ('F', 0), ('H', 10), ('I', 0), ('N', 0), ('O', 2), ('S', 0))",19,51,complete,51,0,0,False,False,True
dsC7O2H10nsd_4052.xyz,4052,"(('Br', 0), ('C', 7), ('Cl', 0), ('F', 0), ('H', 10), ('I', 0), ('N', 0), ('O', 2), ('S', 0))",19,51,complete,51,0,0,False,False,True
dsC7O2H10nsd_4053.xyz,4053,"(('Br', 0), ('C', 7), ('Cl', 0), ('F', 0), ('H', 10), ('I', 0), ('N', 0), ('O', 2), ('S', 0))",19,51,complete,51,0,0,False,False,True
dsC7O2H10nsd_4054.xyz,4054,"(('Br', 0), ('C', 7), ('Cl', 0), ('F', 0), ('H', 10), ('I', 0), ('N', 0), ('O', 2), ('S', 0))",19,51,complete,51,0,0,False,False,True
dsC7O2H10nsd_4055.xyz,4055,"(('Br', 0), ('C', 7), ('Cl', 0), ('F', 0), ('H', 10), ('I', 0), ('N', 0), ('O', 2), ('S', 0))",19,51,complete,51,0,0,False,False,True
dsC7O2H10nsd_4056.xyz,4056,"(('Br', 0), ('C', 7), ('Cl', 0), ('F', 0), ('H', 10), ('I', 0), ('N', 0), ('O', 2), ('S', 0))",19,51,complete,51,0,0,False,False,True
dsC7O2H10nsd_4057.xyz,4057,"(('Br', 0), ('C', 7), ('Cl', 0), ('F', 0), ('H', 10), ('I', 0), ('N', 0), ('O', 2), ('S', 0))",19,51,complete,51,0,0,False,False,True
dsC7O2H10nsd_4058.xyz,4058,"(('Br', 0), ('C', 7), ('Cl', 0), ('F', 0), ('H', 10), ('I', 0), ('N', 0), ('O', 2), ('S', 0))",19,51,complete,51,0,0,False,False,True
dsC7O2H10nsd_4059.xyz,4059,"(('Br', 0), ('C', 7), ('Cl', 0), ('F', 0), ('H', 10), ('I', 0), ('N', 0), ('O', 2), ('S', 0))",19,51,complete,51,0,0,False,False,True
dsC7O2H10nsd_4060.xyz,4060,"(('Br', 0), ('C', 7), ('Cl', 0), ('F', 0), ('H', 10), ('I', 0), ('N', 0), ('O', 2), ('S', 0))",19,51,complete,51,0,0,False,False,True
dsC7O2H10nsd_4061.xyz,4061,"(('Br', 0), ('C', 7), ('Cl', 0), ('F', 0), ('H', 10), ('I', 0), ('N', 0), ('O', 2), ('S', 0))",19,51,complete,51,0,0,False,False,True
dsC7O2H10nsd_4062.xyz,4062,"(('Br', 0), ('C', 7), ('Cl', 0), ('F', 0), ('H', 10), ('I', 0), ('N', 0), ('O', 2), ('S', 0))",19,51,complete,51,0,0,False,False,True
dsC7O2H10nsd_4063.xyz,4063,"(('Br', 0), ('C', 7), ('Cl', 0), ('F', 0), ('H', 10), ('I', 0), ('N', 0), ('O', 2), ('S', 0))",19,51,complete,51,0,0,False,False,True
dsC7O2H10nsd_4064.xyz,4064,"(('Br', 0), ('C', 7), ('Cl', 0), ('F', 0), ('H', 10), ('I', 0), ('N', 0), ('O', 2), ('S', 0))",19,51,complete,51,0,0,False,False,True
dsC7O2H10nsd_4065.xyz,4065,"(('Br', 0), ('C', 7), ('Cl', 0), ('F', 0), ('H', 10), ('I', 0), ('N', 0), ('O', 2), ('S', 0))",19,51,complete,51,0,0,False,False,True
dsC7O2H10nsd_4066.xyz,4066,"(('Br', 0), ('C', 7), ('Cl', 0), ('F', 0), ('H', 10), ('I', 0), ('N', 0), ('O', 2), ('S', 0))",19,51,complete,51,0,0,False,False,True
dsC7O2H10nsd_4067.xyz,4067,"(('Br', 0), ('C', 7), ('Cl', 0), ('F', 0), ('H', 10), ('I', 0), ('N', 0), ('O', 2), ('S', 0))",19,51,complete,51,0,0,False,False,True
dsC7O2H10nsd_4068.xyz,4068,"(('Br', 0), ('C', 7), ('Cl', 0), ('F', 0), ('H', 10), ('I', 0), ('N', 0), ('O', 2), ('S', 0))",19,51,complete,51,0,0,False,False,True
dsC7O2H10nsd_4069.xyz,4069,"(('Br', 0), ('C', 7), ('Cl', 0), ('F', 0), ('H', 10), ('I', 0), ('N', 0), ('O', 2), ('S', 0))",19,51,complete,51,0,0,False,False,True
dsC7O2H10nsd_4070.xyz,4070,"(('Br', 0), ('C', 7), ('Cl', 0), ('F', 0), ('H', 10), ('I', 0), ('N', 0), ('O', 2), ('S', 0))",19,51,complete,51,0,0,False,False,True
dsC7O2H10nsd_4071.xyz,4071,"(('Br', 0), ('C', 7), ('Cl', 0), ('F', 0), ('H', 10), ('I', 0), ('N', 0), ('O', 2), ('S', 0))",19,51,complete,51,0,0,False,False,True
dsC7O2H10nsd_4072.xyz,4072,"(('Br', 0), ('C', 7), ('Cl', 0), ('F', 0), ('H', 10), ('I', 0), ('N', 0), ('O', 2), ('S', 0))",19,51,complete,51,0,0,False,False,True
dsC7O2H10nsd_4073.xyz,4073,"(('Br', 0), ('C', 7), ('Cl', 0), ('F', 0), ('H', 10), ('I', 0), ('N', 0), ('O', 2), ('S', 0))",19,51,complete,51,0,0,False,False,True
dsC7O2H10nsd_4074.xyz,4074,"(('Br', 0), ('C', 7), ('Cl', 0), ('F', 0), ('H', 10), ('I', 0), ('N', 0), ('O', 2), ('S', 0))",19,51,complete,51,0,0,False,False,True
dsC7O2H10nsd_4075.xyz,4075,"(('Br', 0), ('C', 7), ('Cl', 0), ('F', 0), ('H', 10), ('I', 0), ('N', 0), ('O', 2), ('S', 0))",19,51,complete,51,0,0,False,False,True
dsC7O2H10nsd_4076.xyz,4076,"(('Br', 0), ('C', 7), ('Cl', 0), ('F', 0), ('H', 10), ('I', 0), ('N', 0), ('O', 2), ('S', 0))",19,51,complete,51,0,0,False,False,True
dsC7O2H10nsd_4077.xyz,4077,"(('Br', 0), ('C', 7), ('Cl', 0), ('F', 0), ('H', 10), ('I', 0), ('N', 0), ('O', 2), ('S', 0))",19,51,complete,51,0,0,False,False,True
dsC7O2H10nsd_4078.xyz,4078,"(('Br', 0), ('C', 7), ('Cl', 0), ('F', 0), ('H', 10), ('I', 0), ('N', 0), ('O', 2), ('S', 0))",19,51,complete,51,0,0,False,False,True
dsC7O2H10nsd_4079.xyz,4079,"(('Br', 0), ('C', 7), ('Cl', 0), ('F', 0), ('H', 10), ('I', 0), ('N', 0), ('O', 2), ('S', 0))",19,51,complete,51,0,0,False,False,True
dsC7O2H10nsd_4080.xyz,4080,"(('Br', 0), ('C', 7), ('Cl', 0), ('F', 0), ('H', 10), ('I', 0), ('N', 0), ('O', 2), ('S', 0))",19,51,complete,51,0,0,False,False,True
dsC7O2H10nsd_4081.xyz,4081,"(('Br', 0), ('C', 7), ('Cl', 0), ('F', 0), ('H', 10), ('I', 0), ('N', 0), ('O', 2), ('S', 0))",19,51,complete,51,0,0,False,False,True
dsC7O2H10nsd_4082.xyz,4082,"(('Br', 0), ('C', 7), ('Cl', 0), ('F', 0), ('H', 10), ('I', 0), ('N', 0), ('O', 2), ('S', 0))",19,51,complete,51,0,0,False,False,True
dsC7O2H10nsd_4083.xyz,4083,"(('Br', 0), ('C', 7), ('Cl', 0), ('F', 0), ('H', 10), ('I', 0), ('N', 0), ('O', 2), ('S', 0))",19,51,complete,51,0,0,False,False,True
dsC7O2H10nsd_4084.xyz,4084,"(('Br', 0), ('C', 7), ('Cl', 0), ('F', 0), ('H', 10), ('I', 0), ('N', 0), ('O', 2), ('S', 0))",19,51,complete,51,0,0,False,False,True
dsC7O2H10nsd_4085.xyz,4085,"(('Br', 0), ('C', 7), ('Cl', 0), ('F', 0), ('H', 10), ('I', 0), ('N', 0), ('O', 2), ('S', 0))",19,51,complete,51,0,0,False,False,True
dsC7O2H10nsd_4086.xyz,4086,"(('Br', 0), ('C', 7), ('Cl', 0), ('F', 0), ('H', 10), ('I', 0), ('N', 0), ('O', 2), ('S', 0))",19,51,complete,51,0,0,False,False,True
dsC7O2H10nsd_4087.xyz,4087,"(('Br', 0), ('C', 7), ('Cl', 0), ('F', 0), ('H', 10), ('I', 0), ('N', 0), ('O', 2), ('S', 0))",19,51,complete,51,0,0,False,False,True
dsC7O2H10nsd_4088.xyz,4088,"(('Br', 0), ('C', 7), ('Cl', 0), ('F', 0), ('H', 10), ('I', 0), ('N', 0), ('O', 2), ('S', 0))",19,51,complete,51,0,0,False,False,True
dsC7O2H10nsd_4089.xyz,4089,"(('Br', 0), ('C', 7), ('Cl', 0), ('F', 0), ('H', 10), ('I', 0), ('N', 0), ('O', 2), ('S', 0))",19,51,complete,51,0,0,False,False,True
dsC7O2H10nsd_4090.xyz,4090,"(('Br', 0), ('C', 7), ('Cl', 0), ('F', 0), ('H', 10), ('I', 0), ('N', 0), ('O', 2), ('S', 0))",19,51,complete,51,0,0,False,False,True
dsC7O2H10nsd_4091.xyz,4091,"(('Br', 0), ('C', 7), ('Cl', 0), ('F', 0), ('H', 10), ('I', 0), ('N', 0), ('O', 2), ('S', 0))",19,51,complete,51,0,0,False,False,True
dsC7O2H10nsd_4092.xyz,4092,"(('Br', 0), ('C', 7), ('Cl', 0), ('F', 0), ('H', 10), ('I', 0), ('N', 0), ('O', 2), ('S', 0))",19,51,complete,51,0,0,False,False,True
dsC7O2H10nsd_4093.xyz,4093,"(('Br', 0), ('C', 7), ('Cl', 0), ('F', 0), ('H', 10), ('I', 0), ('N', 0), ('O', 2), ('S', 0))",19,51,complete,51,0,0,False,False,True
dsC7O2H10nsd_4094.xyz,4094,"(('Br', 0), ('C', 7), ('Cl', 0), ('F', 0), ('H', 10), ('I', 0), ('N', 0), ('O', 2), ('S', 0))",19,51,complete,51,0,0,False,False,True
dsC7O2H10nsd_4095.xyz,4095,"(('Br', 0), ('C', 7), ('Cl', 0), ('F', 0), ('H', 10), ('I', 0), ('N', 0), ('O', 2), ('S', 0))",19,51,complete,51,0,0,False,False,True
dsC7O2H10nsd_4096.xyz,4096,"(('Br', 0), ('C', 7), ('Cl', 0), ('F', 0), ('H', 10), ('I', 0), ('N', 0), ('O', 2), ('S', 0))",19,51,complete,51,0,0,False,False,True
dsC7O2H10nsd_4097.xyz,4097,"(('Br', 0), ('C', 7), ('Cl', 0), ('F', 0), ('H', 10), ('I', 0), ('N', 0), ('O', 2), ('S', 0))",19,51,complete,51,0,0,False,False,True
dsC7O2H10nsd_4098.xyz,4098,"(('Br', 0), ('C', 7), ('Cl', 0), ('F', 0), ('H', 10), ('I', 0), ('N', 0), ('O', 2), ('S', 0))",19,51,complete,51,0,0,False,False,True
dsC7O2H10nsd_4099.xyz,4099,"(('Br', 0), ('C', 7), ('Cl', 0), ('F', 0), ('H', 10), ('I', 0), ('N', 0), ('O', 2), ('S', 0))",19,51,complete,51,0,0,False,False,True
dsC7O2H10nsd_4100.xyz,4100,"(('Br', 0), ('C', 7), ('Cl', 0), ('F', 0), ('H', 10), ('I', 0), ('N', 0), ('O', 2), ('S', 0))",19,51,complete,51,0,0,False,False,True
dsC7O2H10nsd_4101.xyz,4101,"(('Br', 0), ('C', 7), ('Cl', 0), ('F', 0), ('H', 10), ('I', 0), ('N', 0), ('O', 2), ('S', 0))",19,51,complete,51,0,0,False,False,True
dsC7O2H10nsd_4102.xyz,4102,"(('Br', 0), ('C', 7), ('Cl', 0), ('F', 0), ('H', 10), ('I', 0), ('N', 0), ('O', 2), ('S', 0))",19,51,complete,51,0,0,False,False,True
dsC7O2H10nsd_4103.xyz,4103,"(('Br', 0), ('C', 7), ('Cl', 0), ('F', 0), ('H', 10), ('I', 0), ('N', 0), ('O', 2), ('S', 0))",19,51,complete,51,0,0,False,False,True
dsC7O2H10nsd_4104.xyz,4104,"(('Br', 0), ('C', 7), ('Cl', 0), ('F', 0), ('H', 10), ('I', 0), ('N', 0), ('O', 2), ('S', 0))",19,51,complete,51,0,0,False,False,True
dsC7O2H10nsd_4105.xyz,4105,"(('Br', 0), ('C', 7), ('Cl', 0), ('F', 0), ('H', 10), ('I', 0), ('N', 0), ('O', 2), ('S', 0))",19,51,complete,51,0,0,False,False,True
dsC7O2H10nsd_4106.xyz,4106,"(('Br', 0), ('C', 7), ('Cl', 0), ('F', 0), ('H', 10), ('I', 0), ('N', 0), ('O', 2), ('S', 0))",19,51,complete,51,0,0,False,False,True
dsC7O2H10nsd_4107.xyz,4107,"(('Br', 0), ('C', 7), ('Cl', 0), ('F', 0), ('H', 10), ('I', 0), ('N', 0), ('O', 2), ('S', 0))",19,51,complete,51,0,0,False,False,True
dsC7O2H10nsd_4108.xyz,4108,"(('Br', 0), ('C', 7), ('Cl', 0), ('F', 0), ('H', 10), ('I', 0), ('N', 0), ('O', 2), ('S', 0))",19,51,complete,51,0,0,False,False,True
dsC7O2H10nsd_4109.xyz,4109,"(('Br', 0), ('C', 7), ('Cl', 0), ('F', 0), ('H', 10), ('I', 0), ('N', 0), ('O', 2), ('S', 0))",19,51,complete,51,0,0,False,False,True
dsC7O2H10nsd_4110.xyz,4110,"(('Br', 0), ('C', 7), ('Cl', 0), ('F', 0), ('H', 10), ('I', 0), ('N', 0), ('O', 2), ('S', 0))",19,51,complete,51,0,0,False,False,True
dsC7O2H10nsd_4111.xyz,4111,"(('Br', 0), ('C', 7), ('Cl', 0), ('F', 0), ('H', 10), ('I', 0), ('N', 0), ('O', 2), ('S', 0))",19,51,complete,51,0,0,False,False,True
dsC7O2H10nsd_4112.xyz,4112,"(('Br', 0), ('C', 7), ('Cl', 0), ('F', 0), ('H', 10), ('I', 0), ('N', 0), ('O', 2), ('S', 0))",19,51,complete,51,0,0,False,False,True
dsC7O2H10nsd_4113.xyz,4113,"(('Br', 0), ('C', 7), ('Cl', 0), ('F', 0), ('H', 10), ('I', 0), ('N', 0), ('O', 2), ('S', 0))",19,51,complete,51,0,0,False,False,True
dsC7O2H10nsd_4114.xyz,4114,"(('Br', 0), ('C', 7), ('Cl', 0), ('F', 0), ('H', 10), ('I', 0), ('N', 0), ('O', 2), ('S', 0))",19,51,complete,51,0,0,False,False,True
dsC7O2H10nsd_4115.xyz,4115,"(('Br', 0), ('C', 7), ('Cl', 0), ('F', 0), ('H', 10), ('I', 0), ('N', 0), ('O', 2), ('S', 0))",19,51,complete,51,0,0,False,False,True
dsC7O2H10nsd_4116.xyz,4116,"(('Br', 0), ('C', 7), ('Cl', 0), ('F', 0), ('H', 10), ('I', 0), ('N', 0), ('O', 2), ('S', 0))",19,51,complete,51,0,0,False,False,True
dsC7O2H10nsd_4117.xyz,4117,"(('Br', 0), ('C', 7), ('Cl', 0), ('F', 0), ('H', 10), ('I', 0), ('N', 0), ('O', 2), ('S', 0))",19,51,complete,51,0,0,False,False,True
dsC7O2H10nsd_4118.xyz,4118,"(('Br', 0), ('C', 7), ('Cl', 0), ('F', 0), ('H', 10), ('I', 0), ('N', 0), ('O', 2), ('S', 0))",19,51,complete,51,0,0,False,False,True
dsC7O2H10nsd_4119.xyz,4119,"(('Br', 0), ('C', 7), ('Cl', 0), ('F', 0), ('H', 10), ('I', 0), ('N', 0), ('O', 2), ('S', 0))",19,51,complete,51,0,0,False,False,True
dsC7O2H10nsd_4120.xyz,4120,"(('Br', 0), ('C', 7), ('Cl', 0), ('F', 0), ('H', 10), ('I', 0), ('N', 0), ('O', 2), ('S', 0))",19,51,complete,51,0,0,False,False,True
dsC7O2H10nsd_4121.xyz,4121,"(('Br', 0), ('C', 7), ('Cl', 0), ('F', 0), ('H', 10), ('I', 0), ('N', 0), ('O', 2), ('S', 0))",19,51,complete,51,0,0,False,False,True
dsC7O2H10nsd_4122.xyz,4122,"(('Br', 0), ('C', 7), ('Cl', 0), ('F', 0), ('H', 10), ('I', 0), ('N', 0), ('O', 2), ('S', 0))",19,51,complete,51,0,0,False,False,True
dsC7O2H10nsd_4123.xyz,4123,"(('Br', 0), ('C', 7), ('Cl', 0), ('F', 0), ('H', 10), ('I', 0), ('N', 0), ('O', 2), ('S', 0))",19,51,complete,51,0,0,False,False,True
dsC7O2H10nsd_4124.xyz,4124,"(('Br', 0), ('C', 7), ('Cl', 0), ('F', 0), ('H', 10), ('I', 0), ('N', 0), ('O', 2), ('S', 0))",19,51,complete,51,0,0,False,False,True
dsC7O2H10nsd_4125.xyz,4125,"(('Br', 0), ('C', 7), ('Cl', 0), ('F', 0), ('H', 10), ('I', 0), ('N', 0), ('O', 2), ('S', 0))",19,51,complete,51,0,0,False,False,True
dsC7O2H10nsd_4126.xyz,4126,"(('Br', 0), ('C', 7), ('Cl', 0), ('F', 0), ('H', 10), ('I', 0), ('N', 0), ('O', 2), ('S', 0))",19,51,complete,51,0,0,False,False,True
dsC7O2H10nsd_4127.xyz,4127,"(('Br', 0), ('C', 7), ('Cl', 0), ('F', 0), ('H', 10), ('I', 0), ('N', 0), ('O', 2), ('S', 0))",19,51,complete,51,0,0,False,False,True
dsC7O2H10nsd_4128.xyz,4128,"(('Br', 0), ('C', 7), ('Cl', 0), ('F', 0), ('H', 10), ('I', 0), ('N', 0), ('O', 2), ('S', 0))",19,51,complete,51,0,0,False,False,True
dsC7O2H10nsd_4129.xyz,4129,"(('Br', 0), ('C', 7), ('Cl', 0), ('F', 0), ('H', 10), ('I', 0), ('N', 0), ('O', 2), ('S', 0))",19,51,complete,51,0,0,False,False,True
dsC7O2H10nsd_4130.xyz,4130,"(('Br', 0), ('C', 7), ('Cl', 0), ('F', 0), ('H', 10), ('I', 0), ('N', 0), ('O', 2), ('S', 0))",19,51,complete,51,0,0,False,False,True
dsC7O2H10nsd_4131.xyz,4131,"(('Br', 0), ('C', 7), ('Cl', 0), ('F', 0), ('H', 10), ('I', 0), ('N', 0), ('O', 2), ('S', 0))",19,51,complete,51,0,0,False,False,True
dsC7O2H10nsd_4132.xyz,4132,"(('Br', 0), ('C', 7), ('Cl', 0), ('F', 0), ('H', 10), ('I', 0), ('N', 0), ('O', 2), ('S', 0))",19,51,complete,51,0,0,False,False,True
dsC7O2H10nsd_4133.xyz,4133,"(('Br', 0), ('C', 7), ('Cl', 0), ('F', 0), ('H', 10), ('I', 0), ('N', 0), ('O', 2), ('S', 0))",19,51,complete,51,0,0,False,False,True
dsC7O2H10nsd_4134.xyz,4134,"(('Br', 0), ('C', 7), ('Cl', 0), ('F', 0), ('H', 10), ('I', 0), ('N', 0), ('O', 2), ('S', 0))",19,51,complete,51,0,0,False,False,True
dsC7O2H10nsd_4135.xyz,4135,"(('Br', 0), ('C', 7), ('Cl', 0), ('F', 0), ('H', 10), ('I', 0), ('N', 0), ('O', 2), ('S', 0))",19,51,complete,51,0,0,False,False,True
dsC7O2H10nsd_4136.xyz,4136,"(('Br', 0), ('C', 7), ('Cl', 0), ('F', 0), ('H', 10), ('I', 0), ('N', 0), ('O', 2), ('S', 0))",19,51,complete,51,0,0,False,False,True
dsC7O2H10nsd_4137.xyz,4137,"(('Br', 0), ('C', 7), ('Cl', 0), ('F', 0), ('H', 10), ('I', 0), ('N', 0), ('O', 2), ('S', 0))",19,51,complete,51,0,0,False,False,True
dsC7O2H10nsd_4138.xyz,4138,"(('Br', 0), ('C', 7), ('Cl', 0), ('F', 0), ('H', 10), ('I', 0), ('N', 0), ('O', 2), ('S', 0))",19,51,complete,51,0,0,False,False,True
dsC7O2H10nsd_4139.xyz,4139,"(('Br', 0), ('C', 7), ('Cl', 0), ('F', 0), ('H', 10), ('I', 0), ('N', 0), ('O', 2), ('S', 0))",19,51,complete,51,0,0,False,False,True
dsC7O2H10nsd_4140.xyz,4140,"(('Br', 0), ('C', 7), ('Cl', 0), ('F', 0), ('H', 10), ('I', 0), ('N', 0), ('O', 2), ('S', 0))",19,51,complete,51,0,0,False,False,True
dsC7O2H10nsd_4141.xyz,4141,"(('Br', 0), ('C', 7), ('Cl', 0), ('F', 0), ('H', 10), ('I', 0), ('N', 0), ('O', 2), ('S', 0))",19,51,complete,51,0,0,False,False,True
dsC7O2H10nsd_4142.xyz,4142,"(('Br', 0), ('C', 7), ('Cl', 0), ('F', 0), ('H', 10), ('I', 0), ('N', 0), ('O', 2), ('S', 0))",19,51,complete,51,0,0,False,False,True
dsC7O2H10nsd_4143.xyz,4143,"(('Br', 0), ('C', 7), ('Cl', 0), ('F', 0), ('H', 10), ('I', 0), ('N', 0), ('O', 2), ('S', 0))",19,51,complete,51,0,0,False,False,True
dsC7O2H10nsd_4144.xyz,4144,"(('Br', 0), ('C', 7), ('Cl', 0), ('F', 0), ('H', 10), ('I', 0), ('N', 0), ('O', 2), ('S', 0))",19,51,complete,51,0,0,False,False,True
dsC7O2H10nsd_4145.xyz,4145,"(('Br', 0), ('C', 7), ('Cl', 0), ('F', 0), ('H', 10), ('I', 0), ('N', 0), ('O', 2), ('S', 0))",19,51,complete,51,0,0,False,False,True
dsC7O2H10nsd_4146.xyz,4146,"(('Br', 0), ('C', 7), ('Cl', 0), ('F', 0), ('H', 10), ('I', 0), ('N', 0), ('O', 2), ('S', 0))",19,51,complete,51,0,0,False,False,True
dsC7O2H10nsd_4147.xyz,4147,"(('Br', 0), ('C', 7), ('Cl', 0), ('F', 0), ('H', 10), ('I', 0), ('N', 0), ('O', 2), ('S', 0))",19,51,complete,51,0,0,False,False,True
dsC7O2H10nsd_4148.xyz,4148,"(('Br', 0), ('C', 7), ('Cl', 0), ('F', 0), ('H', 10), ('I', 0), ('N', 0), ('O', 2), ('S', 0))",19,51,complete,51,0,0,False,False,True
dsC7O2H10nsd_4149.xyz,4149,"(('Br', 0), ('C', 7), ('Cl', 0), ('F', 0), ('H', 10), ('I', 0), ('N', 0), ('O', 2), ('S', 0))",19,51,complete,51,0,0,False,False,True
dsC7O2H10nsd_4150.xyz,4150,"(('Br', 0), ('C', 7), ('Cl', 0), ('F', 0), ('H', 10), ('I', 0), ('N', 0), ('O', 2), ('S', 0))",19,51,complete,51,0,0,False,False,True
dsC7O2H10nsd_4151.xyz,4151,"(('Br', 0), ('C', 7), ('Cl', 0), ('F', 0), ('H', 10), ('I', 0), ('N', 0), ('O', 2), ('S', 0))",19,51,complete,51,0,0,False,False,True
dsC7O2H10nsd_4152.xyz,4152,"(('Br', 0), ('C', 7), ('Cl', 0), ('F', 0), ('H', 10), ('I', 0), ('N', 0), ('O', 2), ('S', 0))",19,51,complete,51,0,0,False,False,True
dsC7O2H10nsd_4153.xyz,4153,"(('Br', 0), ('C', 7), ('Cl', 0), ('F', 0), ('H', 10), ('I', 0), ('N', 0), ('O', 2), ('S', 0))",19,51,complete,51,0,0,False,False,True
dsC7O2H10nsd_4154.xyz,4154,"(('Br', 0), ('C', 7), ('Cl', 0), ('F', 0), ('H', 10), ('I', 0), ('N', 0), ('O', 2), ('S', 0))",19,51,complete,51,0,0,False,False,True
dsC7O2H10nsd_4155.xyz,4155,"(('Br', 0), ('C', 7), ('Cl', 0), ('F', 0), ('H', 10), ('I', 0), ('N', 0), ('O', 2), ('S', 0))",19,51,complete,51,0,0,False,False,True
dsC7O2H10nsd_4156.xyz,4156,"(('Br', 0), ('C', 7), ('Cl', 0), ('F', 0), ('H', 10), ('I', 0), ('N', 0), ('O', 2), ('S', 0))",19,51,complete,51,0,0,False,False,True
dsC7O2H10nsd_4157.xyz,4157,"(('Br', 0), ('C', 7), ('Cl', 0), ('F', 0), ('H', 10), ('I', 0), ('N', 0), ('O', 2), ('S', 0))",19,51,complete,51,0,0,False,False,True
dsC7O2H10nsd_4158.xyz,4158,"(('Br', 0), ('C', 7), ('Cl', 0), ('F', 0), ('H', 10), ('I', 0), ('N', 0), ('O', 2), ('S', 0))",19,51,complete,51,0,0,False,False,True
dsC7O2H10nsd_4159.xyz,4159,"(('Br', 0), ('C', 7), ('Cl', 0), ('F', 0), ('H', 10), ('I', 0), ('N', 0), ('O', 2), ('S', 0))",19,51,complete,51,0,0,False,False,True
dsC7O2H10nsd_4160.xyz,4160,"(('Br', 0), ('C', 7), ('Cl', 0), ('F', 0), ('H', 10), ('I', 0), ('N', 0), ('O', 2), ('S', 0))",19,51,complete,51,0,0,False,False,True
dsC7O2H10nsd_4161.xyz,4161,"(('Br', 0), ('C', 7), ('Cl', 0), ('F', 0), ('H', 10), ('I', 0), ('N', 0), ('O', 2), ('S', 0))",19,51,complete,51,0,0,False,False,True
dsC7O2H10nsd_4162.xyz,4162,"(('Br', 0), ('C', 7), ('Cl', 0), ('F', 0), ('H', 10), ('I', 0), ('N', 0), ('O', 2), ('S', 0))",19,51,complete,51,0,0,False,False,True
dsC7O2H10nsd_4163.xyz,4163,"(('Br', 0), ('C', 7), ('Cl', 0), ('F', 0), ('H', 10), ('I', 0), ('N', 0), ('O', 2), ('S', 0))",19,51,complete,51,0,0,False,False,True
dsC7O2H10nsd_4164.xyz,4164,"(('Br', 0), ('C', 7), ('Cl', 0), ('F', 0), ('H', 10), ('I', 0), ('N', 0), ('O', 2), ('S', 0))",19,51,complete,51,0,0,False,False,True
dsC7O2H10nsd_4165.xyz,4165,"(('Br', 0), ('C', 7), ('Cl', 0), ('F', 0), ('H', 10), ('I', 0), ('N', 0), ('O', 2), ('S', 0))",19,51,complete,51,0,0,False,False,True
dsC7O2H10nsd_4166.xyz,4166,"(('Br', 0), ('C', 7), ('Cl', 0), ('F', 0), ('H', 10), ('I', 0), ('N', 0), ('O', 2), ('S', 0))",19,51,complete,51,0,0,False,False,True
dsC7O2H10nsd_4167.xyz,4167,"(('Br', 0), ('C', 7), ('Cl', 0), ('F', 0), ('H', 10), ('I', 0), ('N', 0), ('O', 2), ('S', 0))",19,51,complete,51,0,0,False,False,True
dsC7O2H10nsd_4168.xyz,4168,"(('Br', 0), ('C', 7), ('Cl', 0), ('F', 0), ('H', 10), ('I', 0), ('N', 0), ('O', 2), ('S', 0))",19,51,complete,51,0,0,False,False,True
dsC7O2H10nsd_4169.xyz,4169,"(('Br', 0), ('C', 7), ('Cl', 0), ('F', 0), ('H', 10), ('I', 0), ('N', 0), ('O', 2), ('S', 0))",19,51,complete,51,0,0,False,False,True
dsC7O2H10nsd_4170.xyz,4170,"(('Br', 0), ('C', 7), ('Cl', 0), ('F', 0), ('H', 10), ('I', 0), ('N', 0), ('O', 2), ('S', 0))",19,51,complete,51,0,0,False,False,True
dsC7O2H10nsd_4171.xyz,4171,"(('Br', 0), ('C', 7), ('Cl', 0), ('F', 0), ('H', 10), ('I', 0), ('N', 0), ('O', 2), ('S', 0))",19,51,complete,51,0,0,False,False,True
dsC7O2H10nsd_4172.xyz,4172,"(('Br', 0), ('C', 7), ('Cl', 0), ('F', 0), ('H', 10), ('I', 0), ('N', 0), ('O', 2), ('S', 0))",19,51,complete,51,0,0,False,False,True
dsC7O2H10nsd_4173.xyz,4173,"(('Br', 0), ('C', 7), ('Cl', 0), ('F', 0), ('H', 10), ('I', 0), ('N', 0), ('O', 2), ('S', 0))",19,51,complete,51,0,0,False,False,True
dsC7O2H10nsd_4174.xyz,4174,"(('Br', 0), ('C', 7), ('Cl', 0), ('F', 0), ('H', 10), ('I', 0), ('N', 0), ('O', 2), ('S', 0))",19,51,complete,51,0,0,False,False,True
dsC7O2H10nsd_4175.xyz,4175,"(('Br', 0), ('C', 7), ('Cl', 0), ('F', 0), ('H', 10), ('I', 0), ('N', 0), ('O', 2), ('S', 0))",19,51,complete,51,0,0,False,False,True
dsC7O2H10nsd_4176.xyz,4176,"(('Br', 0), ('C', 7), ('Cl', 0), ('F', 0), ('H', 10), ('I', 0), ('N', 0), ('O', 2), ('S', 0))",19,51,complete,51,0,0,False,False,True
dsC7O2H10nsd_4177.xyz,4177,"(('Br', 0), ('C', 7), ('Cl', 0), ('F', 0), ('H', 10), ('I', 0), ('N', 0), ('O', 2), ('S', 0))",19,51,complete,51,0,0,False,False,True
dsC7O2H10nsd_4178.xyz,4178,"(('Br', 0), ('C', 7), ('Cl', 0), ('F', 0), ('H', 10), ('I', 0), ('N', 0), ('O', 2), ('S', 0))",19,51,complete,51,0,0,False,False,True
dsC7O2H10nsd_4179.xyz,4179,"(('Br', 0), ('C', 7), ('Cl', 0), ('F', 0), ('H', 10), ('I', 0), ('N', 0), ('O', 2), ('S', 0))",19,51,complete,51,0,0,False,False,True
dsC7O2H10nsd_4180.xyz,4180,"(('Br', 0), ('C', 7), ('Cl', 0), ('F', 0), ('H', 10), ('I', 0), ('N', 0), ('O', 2), ('S', 0))",19,51,complete,51,0,0,False,False,True
dsC7O2H10nsd_4181.xyz,4181,"(('Br', 0), ('C', 7), ('Cl', 0), ('F', 0), ('H', 10), ('I', 0), ('N', 0), ('O', 2), ('S', 0))",19,51,complete,51,0,0,False,False,True
dsC7O2H10nsd_4182.xyz,4182,"(('Br', 0), ('C', 7), ('Cl', 0), ('F', 0), ('H', 10), ('I', 0), ('N', 0), ('O', 2), ('S', 0))",19,51,complete,51,0,0,False,False,True
dsC7O2H10nsd_4183.xyz,4183,"(('Br', 0), ('C', 7), ('Cl', 0), ('F', 0), ('H', 10), ('I', 0), ('N', 0), ('O', 2), ('S', 0))",19,51,complete,51,0,0,False,False,True
dsC7O2H10nsd_4184.xyz,4184,"(('Br', 0), ('C', 7), ('Cl', 0), ('F', 0), ('H', 10), ('I', 0), ('N', 0), ('O', 2), ('S', 0))",19,51,complete,51,0,0,False,False,True
dsC7O2H10nsd_4185.xyz,4185,"(('Br', 0), ('C', 7), ('Cl', 0), ('F', 0), ('H', 10), ('I', 0), ('N', 0), ('O', 2), ('S', 0))",19,51,complete,51,0,0,False,False,True
dsC7O2H10nsd_4186.xyz,4186,"(('Br', 0), ('C', 7), ('Cl', 0), ('F', 0), ('H', 10), ('I', 0), ('N', 0), ('O', 2), ('S', 0))",19,51,complete,51,0,0,False,False,True
dsC7O2H10nsd_4187.xyz,4187,"(('Br', 0), ('C', 7), ('Cl', 0), ('F', 0), ('H', 10), ('I', 0), ('N', 0), ('O', 2), ('S', 0))",19,51,complete,51,0,0,False,False,True
dsC7O2H10nsd_4188.xyz,4188,"(('Br', 0), ('C', 7), ('Cl', 0), ('F', 0), ('H', 10), ('I', 0), ('N', 0), ('O', 2), ('S', 0))",19,51,complete,51,0,0,False,False,True
dsC7O2H10nsd_4189.xyz,4189,"(('Br', 0), ('C', 7), ('Cl', 0), ('F', 0), ('H', 10), ('I', 0), ('N', 0), ('O', 2), ('S', 0))",19,51,complete,51,0,0,False,False,True
dsC7O2H10nsd_4190.xyz,4190,"(('Br', 0), ('C', 7), ('Cl', 0), ('F', 0), ('H', 10), ('I', 0), ('N', 0), ('O', 2), ('S', 0))",19,51,complete,51,0,0,False,False,True
dsC7O2H10nsd_4191.xyz,4191,"(('Br', 0), ('C', 7), ('Cl', 0), ('F', 0), ('H', 10), ('I', 0), ('N', 0), ('O', 2), ('S', 0))",19,51,complete,51,0,0,False,False,True
dsC7O2H10nsd_4192.xyz,4192,"(('Br', 0), ('C', 7), ('Cl', 0), ('F', 0), ('H', 10), ('I', 0), ('N', 0), ('O', 2), ('S', 0))",19,51,complete,51,0,0,False,False,True
dsC7O2H10nsd_4193.xyz,4193,"(('Br', 0), ('C', 7), ('Cl', 0), ('F', 0), ('H', 10), ('I', 0), ('N', 0), ('O', 2), ('S', 0))",19,51,complete,51,0,0,False,False,True
dsC7O2H10nsd_4194.xyz,4194,"(('Br', 0), ('C', 7), ('Cl', 0), ('F', 0), ('H', 10), ('I', 0), ('N', 0), ('O', 2), ('S', 0))",19,51,complete,51,0,0,False,False,True
dsC7O2H10nsd_4195.xyz,4195,"(('Br', 0), ('C', 7), ('Cl', 0), ('F', 0), ('H', 10), ('I', 0), ('N', 0), ('O', 2), ('S', 0))",19,51,complete,51,0,0,False,False,True
dsC7O2H10nsd_4196.xyz,4196,"(('Br', 0), ('C', 7), ('Cl', 0), ('F', 0), ('H', 10), ('I', 0), ('N', 0), ('O', 2), ('S', 0))",19,51,complete,51,0,0,False,False,True
dsC7O2H10nsd_4197.xyz,4197,"(('Br', 0), ('C', 7), ('Cl', 0), ('F', 0), ('H', 10), ('I', 0), ('N', 0), ('O', 2), ('S', 0))",19,51,complete,51,0,0,False,False,True
dsC7O2H10nsd_4198.xyz,4198,"(('Br', 0), ('C', 7), ('Cl', 0), ('F', 0), ('H', 10), ('I', 0), ('N', 0), ('O', 2), ('S', 0))",19,51,complete,51,0,0,False,False,True
dsC7O2H10nsd_4199.xyz,4199,"(('Br', 0), ('C', 7), ('Cl', 0), ('F', 0), ('H', 10), ('I', 0), ('N', 0), ('O', 2), ('S', 0))",19,51,complete,51,0,0,False,False,True
dsC7O2H10nsd_4200.xyz,4200,"(('Br', 0), ('C', 7), ('Cl', 0), ('F', 0), ('H', 10), ('I', 0), ('N', 0), ('O', 2), ('S', 0))",19,51,complete,51,0,0,False,False,True
dsC7O2H10nsd_4201.xyz,4201,"(('Br', 0), ('C', 7), ('Cl', 0), ('F', 0), ('H', 10), ('I', 0), ('N', 0), ('O', 2), ('S', 0))",19,51,complete,51,0,0,False,False,True
dsC7O2H10nsd_4202.xyz,4202,"(('Br', 0), ('C', 7), ('Cl', 0), ('F', 0), ('H', 10), ('I', 0), ('N', 0), ('O', 2), ('S', 0))",19,51,complete,51,0,0,False,False,True
dsC7O2H10nsd_4203.xyz,4203,"(('Br', 0), ('C', 7), ('Cl', 0), ('F', 0), ('H', 10), ('I', 0), ('N', 0), ('O', 2), ('S', 0))",19,51,complete,51,0,0,False,False,True
dsC7O2H10nsd_4204.xyz,4204,"(('Br', 0), ('C', 7), ('Cl', 0), ('F', 0), ('H', 10), ('I', 0), ('N', 0), ('O', 2), ('S', 0))",19,51,complete,51,0,0,False,False,True
dsC7O2H10nsd_4205.xyz,4205,"(('Br', 0), ('C', 7), ('Cl', 0), ('F', 0), ('H', 10), ('I', 0), ('N', 0), ('O', 2), ('S', 0))",19,51,complete,51,0,0,False,False,True
dsC7O2H10nsd_4206.xyz,4206,"(('Br', 0), ('C', 7), ('Cl', 0), ('F', 0), ('H', 10), ('I', 0), ('N', 0), ('O', 2), ('S', 0))",19,51,complete,51,0,0,False,False,True
dsC7O2H10nsd_4207.xyz,4207,"(('Br', 0), ('C', 7), ('Cl', 0), ('F', 0), ('H', 10), ('I', 0), ('N', 0), ('O', 2), ('S', 0))",19,51,complete,51,0,0,False,False,True
dsC7O2H10nsd_4208.xyz,4208,"(('Br', 0), ('C', 7), ('Cl', 0), ('F', 0), ('H', 10), ('I', 0), ('N', 0), ('O', 2), ('S', 0))",19,51,complete,51,0,0,False,False,True
dsC7O2H10nsd_4209.xyz,4209,"(('Br', 0), ('C', 7), ('Cl', 0), ('F', 0), ('H', 10), ('I', 0), ('N', 0), ('O', 2), ('S', 0))",19,51,complete,51,0,0,False,False,True
dsC7O2H10nsd_4210.xyz,4210,"(('Br', 0), ('C', 7), ('Cl', 0), ('F', 0), ('H', 10), ('I', 0), ('N', 0), ('O', 2), ('S', 0))",19,51,complete,51,0,0,False,False,True
dsC7O2H10nsd_4211.xyz,4211,"(('Br', 0), ('C', 7), ('Cl', 0), ('F', 0), ('H', 10), ('I', 0), ('N', 0), ('O', 2), ('S', 0))",19,51,complete,51,0,0,False,False,True
dsC7O2H10nsd_4212.xyz,4212,"(('Br', 0), ('C', 7), ('Cl', 0), ('F', 0), ('H', 10), ('I', 0), ('N', 0), ('O', 2), ('S', 0))",19,51,complete,51,0,0,False,False,True
dsC7O2H10nsd_4213.xyz,4213,"(('Br', 0), ('C', 7), ('Cl', 0), ('F', 0), ('H', 10), ('I', 0), ('N', 0), ('O', 2), ('S', 0))",19,51,complete,51,0,0,False,False,True
dsC7O2H10nsd_4214.xyz,4214,"(('Br', 0), ('C', 7), ('Cl', 0), ('F', 0), ('H', 10), ('I', 0), ('N', 0), ('O', 2), ('S', 0))",19,51,complete,51,0,0,False,False,True
dsC7O2H10nsd_4215.xyz,4215,"(('Br', 0), ('C', 7), ('Cl', 0), ('F', 0), ('H', 10), ('I', 0), ('N', 0), ('O', 2), ('S', 0))",19,51,complete,51,0,0,False,False,True
dsC7O2H10nsd_4216.xyz,4216,"(('Br', 0), ('C', 7), ('Cl', 0), ('F', 0), ('H', 10), ('I', 0), ('N', 0), ('O', 2), ('S', 0))",19,51,complete,51,0,0,False,False,True
dsC7O2H10nsd_4217.xyz,4217,"(('Br', 0), ('C', 7), ('Cl', 0), ('F', 0), ('H', 10), ('I', 0), ('N', 0), ('O', 2), ('S', 0))",19,51,complete,51,0,0,False,False,True
dsC7O2H10nsd_4218.xyz,4218,"(('Br', 0), ('C', 7), ('Cl', 0), ('F', 0), ('H', 10), ('I', 0), ('N', 0), ('O', 2), ('S', 0))",19,51,complete,51,0,0,False,False,True
dsC7O2H10nsd_4219.xyz,4219,"(('Br', 0), ('C', 7), ('Cl', 0), ('F', 0), ('H', 10), ('I', 0), ('N', 0), ('O', 2), ('S', 0))",19,51,complete,51,0,0,False,False,True
dsC7O2H10nsd_4220.xyz,4220,"(('Br', 0), ('C', 7), ('Cl', 0), ('F', 0), ('H', 10), ('I', 0), ('N', 0), ('O', 2), ('S', 0))",19,51,complete,51,0,0,False,False,True
dsC7O2H10nsd_4221.xyz,4221,"(('Br', 0), ('C', 7), ('Cl', 0), ('F', 0), ('H', 10), ('I', 0), ('N', 0), ('O', 2), ('S', 0))",19,51,complete,51,0,0,False,False,True
dsC7O2H10nsd_4222.xyz,4222,"(('Br', 0), ('C', 7), ('Cl', 0), ('F', 0), ('H', 10), ('I', 0), ('N', 0), ('O', 2), ('S', 0))",19,51,complete,51,0,0,False,False,True
dsC7O2H10nsd_4223.xyz,4223,"(('Br', 0), ('C', 7), ('Cl', 0), ('F', 0), ('H', 10), ('I', 0), ('N', 0), ('O', 2), ('S', 0))",19,51,complete,51,0,0,False,False,True
dsC7O2H10nsd_4224.xyz,4224,"(('Br', 0), ('C', 7), ('Cl', 0), ('F', 0), ('H', 10), ('I', 0), ('N', 0), ('O', 2), ('S', 0))",19,51,complete,51,0,0,False,False,True
dsC7O2H10nsd_4225.xyz,4225,"(('Br', 0), ('C', 7), ('Cl', 0), ('F', 0), ('H', 10), ('I', 0), ('N', 0), ('O', 2), ('S', 0))",19,51,complete,51,0,0,False,False,True
dsC7O2H10nsd_4226.xyz,4226,"(('Br', 0), ('C', 7), ('Cl', 0), ('F', 0), ('H', 10), ('I', 0), ('N', 0), ('O', 2), ('S', 0))",19,51,complete,51,0,0,False,False,True
dsC7O2H10nsd_4227.xyz,4227,"(('Br', 0), ('C', 7), ('Cl', 0), ('F', 0), ('H', 10), ('I', 0), ('N', 0), ('O', 2), ('S', 0))",19,51,complete,51,0,0,False,False,True
dsC7O2H10nsd_4228.xyz,4228,"(('Br', 0), ('C', 7), ('Cl', 0), ('F', 0), ('H', 10), ('I', 0), ('N', 0), ('O', 2), ('S', 0))",19,51,complete,51,0,0,False,False,True
dsC7O2H10nsd_4229.xyz,4229,"(('Br', 0), ('C', 7), ('Cl', 0), ('F', 0), ('H', 10), ('I', 0), ('N', 0), ('O', 2), ('S', 0))",19,51,complete,51,0,0,False,False,True
dsC7O2H10nsd_4230.xyz,4230,"(('Br', 0), ('C', 7), ('Cl', 0), ('F', 0), ('H', 10), ('I', 0), ('N', 0), ('O', 2), ('S', 0))",19,51,complete,51,0,0,False,False,True
dsC7O2H10nsd_4231.xyz,4231,"(('Br', 0), ('C', 7), ('Cl', 0), ('F', 0), ('H', 10), ('I', 0), ('N', 0), ('O', 2), ('S', 0))",19,51,complete,51,0,0,False,False,True
dsC7O2H10nsd_4232.xyz,4232,"(('Br', 0), ('C', 7), ('Cl', 0), ('F', 0), ('H', 10), ('I', 0), ('N', 0), ('O', 2), ('S', 0))",19,51,complete,51,0,0,False,False,True
dsC7O2H10nsd_4233.xyz,4233,"(('Br', 0), ('C', 7), ('Cl', 0), ('F', 0), ('H', 10), ('I', 0), ('N', 0), ('O', 2), ('S', 0))",19,51,complete,51,0,0,False,False,True
dsC7O2H10nsd_4234.xyz,4234,"(('Br', 0), ('C', 7), ('Cl', 0), ('F', 0), ('H', 10), ('I', 0), ('N', 0), ('O', 2), ('S', 0))",19,51,complete,51,0,0,False,False,True
dsC7O2H10nsd_4235.xyz,4235,"(('Br', 0), ('C', 7), ('Cl', 0), ('F', 0), ('H', 10), ('I', 0), ('N', 0), ('O', 2), ('S', 0))",19,51,complete,51,0,0,False,False,True
dsC7O2H10nsd_4236.xyz,4236,"(('Br', 0), ('C', 7), ('Cl', 0), ('F', 0), ('H', 10), ('I', 0), ('N', 0), ('O', 2), ('S', 0))",19,51,complete,51,0,0,False,False,True
dsC7O2H10nsd_4237.xyz,4237,"(('Br', 0), ('C', 7), ('Cl', 0), ('F', 0), ('H', 10), ('I', 0), ('N', 0), ('O', 2), ('S', 0))",19,51,complete,51,0,0,False,False,True
dsC7O2H10nsd_4238.xyz,4238,"(('Br', 0), ('C', 7), ('Cl', 0), ('F', 0), ('H', 10), ('I', 0), ('N', 0), ('O', 2), ('S', 0))",19,51,complete,51,0,0,False,False,True
dsC7O2H10nsd_4239.xyz,4239,"(('Br', 0), ('C', 7), ('Cl', 0), ('F', 0), ('H', 10), ('I', 0), ('N', 0), ('O', 2), ('S', 0))",19,51,complete,51,0,0,False,False,True
dsC7O2H10nsd_4240.xyz,4240,"(('Br', 0), ('C', 7), ('Cl', 0), ('F', 0), ('H', 10), ('I', 0), ('N', 0), ('O', 2), ('S', 0))",19,51,complete,51,0,0,False,False,True
dsC7O2H10nsd_4241.xyz,4241,"(('Br', 0), ('C', 7), ('Cl', 0), ('F', 0), ('H', 10), ('I', 0), ('N', 0), ('O', 2), ('S', 0))",19,51,complete,51,0,0,False,False,True
dsC7O2H10nsd_4242.xyz,4242,"(('Br', 0), ('C', 7), ('Cl', 0), ('F', 0), ('H', 10), ('I', 0), ('N', 0), ('O', 2), ('S', 0))",19,51,complete,51,0,0,False,False,True
dsC7O2H10nsd_4243.xyz,4243,"(('Br', 0), ('C', 7), ('Cl', 0), ('F', 0), ('H', 10), ('I', 0), ('N', 0), ('O', 2), ('S', 0))",19,51,complete,51,0,0,False,False,True
dsC7O2H10nsd_4244.xyz,4244,"(('Br', 0), ('C', 7), ('Cl', 0), ('F', 0), ('H', 10), ('I', 0), ('N', 0), ('O', 2), ('S', 0))",19,51,complete,51,0,0,False,False,True
dsC7O2H10nsd_4245.xyz,4245,"(('Br', 0), ('C', 7), ('Cl', 0), ('F', 0), ('H', 10), ('I', 0), ('N', 0), ('O', 2), ('S', 0))",19,51,complete,51,0,0,False,False,True
dsC7O2H10nsd_4246.xyz,4246,"(('Br', 0), ('C', 7), ('Cl', 0), ('F', 0), ('H', 10), ('I', 0), ('N', 0), ('O', 2), ('S', 0))",19,51,complete,51,0,0,False,False,True
dsC7O2H10nsd_4247.xyz,4247,"(('Br', 0), ('C', 7), ('Cl', 0), ('F', 0), ('H', 10), ('I', 0), ('N', 0), ('O', 2), ('S', 0))",19,51,complete,51,0,0,False,False,True
dsC7O2H10nsd_4248.xyz,4248,"(('Br', 0), ('C', 7), ('Cl', 0), ('F', 0), ('H', 10), ('I', 0), ('N', 0), ('O', 2), ('S', 0))",19,51,complete,51,0,0,False,False,True
dsC7O2H10nsd_4249.xyz,4249,"(('Br', 0), ('C', 7), ('Cl', 0), ('F', 0), ('H', 10), ('I', 0), ('N', 0), ('O', 2), ('S', 0))",19,51,complete,51,0,0,False,False,True
dsC7O2H10nsd_4250.xyz,4250,"(('Br', 0), ('C', 7), ('Cl', 0), ('F', 0), ('H', 10), ('I', 0), ('N', 0), ('O', 2), ('S', 0))",19,51,complete,51,0,0,False,False,True
dsC7O2H10nsd_4251.xyz,4251,"(('Br', 0), ('C', 7), ('Cl', 0), ('F', 0), ('H', 10), ('I', 0), ('N', 0), ('O', 2), ('S', 0))",19,51,complete,51,0,0,False,False,True
dsC7O2H10nsd_4252.xyz,4252,"(('Br', 0), ('C', 7), ('Cl', 0), ('F', 0), ('H', 10), ('I', 0), ('N', 0), ('O', 2), ('S', 0))",19,51,complete,51,0,0,False,False,True
dsC7O2H10nsd_4253.xyz,4253,"(('Br', 0), ('C', 7), ('Cl', 0), ('F', 0), ('H', 10), ('I', 0), ('N', 0), ('O', 2), ('S', 0))",19,51,complete,51,0,0,False,False,True
dsC7O2H10nsd_4254.xyz,4254,"(('Br', 0), ('C', 7), ('Cl', 0), ('F', 0), ('H', 10), ('I', 0), ('N', 0), ('O', 2), ('S', 0))",19,51,complete,51,0,0,False,False,True
dsC7O2H10nsd_4255.xyz,4255,"(('Br', 0), ('C', 7), ('Cl', 0), ('F', 0), ('H', 10), ('I', 0), ('N', 0), ('O', 2), ('S', 0))",19,51,complete,51,0,0,False,False,True
dsC7O2H10nsd_4256.xyz,4256,"(('Br', 0), ('C', 7), ('Cl', 0), ('F', 0), ('H', 10), ('I', 0), ('N', 0), ('O', 2), ('S', 0))",19,51,complete,51,0,0,False,False,True
dsC7O2H10nsd_4257.xyz,4257,"(('Br', 0), ('C', 7), ('Cl', 0), ('F', 0), ('H', 10), ('I', 0), ('N', 0), ('O', 2), ('S', 0))",19,102,incomplete_count,102,0,0,False,False,True
dsC7O2H10nsd_4258.xyz,4258,"(('Br', 0), ('C', 7), ('Cl', 0), ('F', 0), ('H', 10), ('I', 0), ('N', 0), ('O', 2), ('S', 0))",19,51,complete,51,0,0,False,False,True
dsC7O2H10nsd_4259.xyz,4259,"(('Br', 0), ('C', 7), ('Cl', 0), ('F', 0), ('H', 10), ('I', 0), ('N', 0), ('O', 2), ('S', 0))",19,51,complete,51,0,0,False,False,True
dsC7O2H10nsd_4260.xyz,4260,"(('Br', 0), ('C', 7), ('Cl', 0), ('F', 0), ('H', 10), ('I', 0), ('N', 0), ('O', 2), ('S', 0))",19,51,complete,51,0,0,False,False,True
dsC7O2H10nsd_4261.xyz,4261,"(('Br', 0), ('C', 7), ('Cl', 0), ('F', 0), ('H', 10), ('I', 0), ('N', 0), ('O', 2), ('S', 0))",19,51,complete,51,0,0,False,False,True
dsC7O2H10nsd_4262.xyz,4262,"(('Br', 0), ('C', 7), ('Cl', 0), ('F', 0), ('H', 10), ('I', 0), ('N', 0), ('O', 2), ('S', 0))",19,51,complete,51,0,0,False,False,True
dsC7O2H10nsd_4263.xyz,4263,"(('Br', 0), ('C', 7), ('Cl', 0), ('F', 0), ('H', 10), ('I', 0), ('N', 0), ('O', 2), ('S', 0))",19,51,complete,51,0,0,False,False,True
dsC7O2H10nsd_4264.xyz,4264,"(('Br', 0), ('C', 7), ('Cl', 0), ('F', 0), ('H', 10), ('I', 0), ('N', 0), ('O', 2), ('S', 0))",19,51,complete,51,0,0,False,False,True
dsC7O2H10nsd_4265.xyz,4265,"(('Br', 0), ('C', 7), ('Cl', 0), ('F', 0), ('H', 10), ('I', 0), ('N', 0), ('O', 2), ('S', 0))",19,51,complete,51,0,0,False,False,True
dsC7O2H10nsd_4266.xyz,4266,"(('Br', 0), ('C', 7), ('Cl', 0), ('F', 0), ('H', 10), ('I', 0), ('N', 0), ('O', 2), ('S', 0))",19,51,complete,51,0,0,False,False,True
dsC7O2H10nsd_4267.xyz,4267,"(('Br', 0), ('C', 7), ('Cl', 0), ('F', 0), ('H', 10), ('I', 0), ('N', 0), ('O', 2), ('S', 0))",19,51,complete,51,0,0,False,False,True
dsC7O2H10nsd_4268.xyz,4268,"(('Br', 0), ('C', 7), ('Cl', 0), ('F', 0), ('H', 10), ('I', 0), ('N', 0), ('O', 2), ('S', 0))",19,51,complete,51,0,0,False,False,True
dsC7O2H10nsd_4269.xyz,4269,"(('Br', 0), ('C', 7), ('Cl', 0), ('F', 0), ('H', 10), ('I', 0), ('N', 0), ('O', 2), ('S', 0))",19,51,complete,51,0,0,False,False,True
dsC7O2H10nsd_4270.xyz,4270,"(('Br', 0), ('C', 7), ('Cl', 0), ('F', 0), ('H', 10), ('I', 0), ('N', 0), ('O', 2), ('S', 0))",19,51,complete,51,0,0,False,False,True
dsC7O2H10nsd_4271.xyz,4271,"(('Br', 0), ('C', 7), ('Cl', 0), ('F', 0), ('H', 10), ('I', 0), ('N', 0), ('O', 2), ('S', 0))",19,51,complete,51,0,0,False,False,True
dsC7O2H10nsd_4272.xyz,4272,"(('Br', 0), ('C', 7), ('Cl', 0), ('F', 0), ('H', 10), ('I', 0), ('N', 0), ('O', 2), ('S', 0))",19,51,complete,51,0,0,False,False,True
dsC7O2H10nsd_4273.xyz,4273,"(('Br', 0), ('C', 7), ('Cl', 0), ('F', 0), ('H', 10), ('I', 0), ('N', 0), ('O', 2), ('S', 0))",19,51,complete,51,0,0,False,False,True
dsC7O2H10nsd_4274.xyz,4274,"(('Br', 0), ('C', 7), ('Cl', 0), ('F', 0), ('H', 10), ('I', 0), ('N', 0), ('O', 2), ('S', 0))",19,51,complete,51,0,0,False,False,True
dsC7O2H10nsd_4275.xyz,4275,"(('Br', 0), ('C', 7), ('Cl', 0), ('F', 0), ('H', 10), ('I', 0), ('N', 0), ('O', 2), ('S', 0))",19,51,complete,51,0,0,False,False,True
dsC7O2H10nsd_4276.xyz,4276,"(('Br', 0), ('C', 7), ('Cl', 0), ('F', 0), ('H', 10), ('I', 0), ('N', 0), ('O', 2), ('S', 0))",19,51,complete,51,0,0,False,False,True
dsC7O2H10nsd_4277.xyz,4277,"(('Br', 0), ('C', 7), ('Cl', 0), ('F', 0), ('H', 10), ('I', 0), ('N', 0), ('O', 2), ('S', 0))",19,51,complete,51,0,0,False,False,True
dsC7O2H10nsd_4278.xyz,4278,"(('Br', 0), ('C', 7), ('Cl', 0), ('F', 0), ('H', 10), ('I', 0), ('N', 0), ('O', 2), ('S', 0))",19,51,complete,51,0,0,False,False,True
dsC7O2H10nsd_4279.xyz,4279,"(('Br', 0), ('C', 7), ('Cl', 0), ('F', 0), ('H', 10), ('I', 0), ('N', 0), ('O', 2), ('S', 0))",19,51,complete,51,0,0,False,False,True
dsC7O2H10nsd_4280.xyz,4280,"(('Br', 0), ('C', 7), ('Cl', 0), ('F', 0), ('H', 10), ('I', 0), ('N', 0), ('O', 2), ('S', 0))",19,51,complete,51,0,0,False,False,True
dsC7O2H10nsd_4281.xyz,4281,"(('Br', 0), ('C', 7), ('Cl', 0), ('F', 0), ('H', 10), ('I', 0), ('N', 0), ('O', 2), ('S', 0))",19,51,complete,51,0,0,False,False,True
dsC7O2H10nsd_4282.xyz,4282,"(('Br', 0), ('C', 7), ('Cl', 0), ('F', 0), ('H', 10), ('I', 0), ('N', 0), ('O', 2), ('S', 0))",19,51,complete,51,0,0,False,False,True
dsC7O2H10nsd_4283.xyz,4283,"(('Br', 0), ('C', 7), ('Cl', 0), ('F', 0), ('H', 10), ('I', 0), ('N', 0), ('O', 2), ('S', 0))",19,51,complete,51,0,0,False,False,True
dsC7O2H10nsd_4284.xyz,4284,"(('Br', 0), ('C', 7), ('Cl', 0), ('F', 0), ('H', 10), ('I', 0), ('N', 0), ('O', 2), ('S', 0))",19,51,complete,51,0,0,False,False,True
dsC7O2H10nsd_4285.xyz,4285,"(('Br', 0), ('C', 7), ('Cl', 0), ('F', 0), ('H', 10), ('I', 0), ('N', 0), ('O', 2), ('S', 0))",19,51,complete,51,0,0,False,False,True
dsC7O2H10nsd_4286.xyz,4286,"(('Br', 0), ('C', 7), ('Cl', 0), ('F', 0), ('H', 10), ('I', 0), ('N', 0), ('O', 2), ('S', 0))",19,51,complete,51,0,0,False,False,True
dsC7O2H10nsd_4287.xyz,4287,"(('Br', 0), ('C', 7), ('Cl', 0), ('F', 0), ('H', 10), ('I', 0), ('N', 0), ('O', 2), ('S', 0))",19,51,complete,51,0,0,False,False,True
dsC7O2H10nsd_4288.xyz,4288,"(('Br', 0), ('C', 7), ('Cl', 0), ('F', 0), ('H', 10), ('I', 0), ('N', 0), ('O', 2), ('S', 0))",19,51,complete,51,0,0,False,False,True
dsC7O2H10nsd_4289.xyz,4289,"(('Br', 0), ('C', 7), ('Cl', 0), ('F', 0), ('H', 10), ('I', 0), ('N', 0), ('O', 2), ('S', 0))",19,51,complete,51,0,0,False,False,True
dsC7O2H10nsd_4290.xyz,4290,"(('Br', 0), ('C', 7), ('Cl', 0), ('F', 0), ('H', 10), ('I', 0), ('N', 0), ('O', 2), ('S', 0))",19,51,complete,51,0,0,False,False,True
dsC7O2H10nsd_4291.xyz,4291,"(('Br', 0), ('C', 7), ('Cl', 0), ('F', 0), ('H', 10), ('I', 0), ('N', 0), ('O', 2), ('S', 0))",19,51,complete,51,0,0,False,False,True
dsC7O2H10nsd_4292.xyz,4292,"(('Br', 0), ('C', 7), ('Cl', 0), ('F', 0), ('H', 10), ('I', 0), ('N', 0), ('O', 2), ('S', 0))",19,51,complete,51,0,0,False,False,True
dsC7O2H10nsd_4293.xyz,4293,"(('Br', 0), ('C', 7), ('Cl', 0), ('F', 0), ('H', 10), ('I', 0), ('N', 0), ('O', 2), ('S', 0))",19,51,complete,51,0,0,False,False,True
dsC7O2H10nsd_4294.xyz,4294,"(('Br', 0), ('C', 7), ('Cl', 0), ('F', 0), ('H', 10), ('I', 0), ('N', 0), ('O', 2), ('S', 0))",19,51,complete,51,0,0,False,False,True
dsC7O2H10nsd_4295.xyz,4295,"(('Br', 0), ('C', 7), ('Cl', 0), ('F', 0), ('H', 10), ('I', 0), ('N', 0), ('O', 2), ('S', 0))",19,51,complete,51,0,0,False,False,True
dsC7O2H10nsd_4296.xyz,4296,"(('Br', 0), ('C', 7), ('Cl', 0), ('F', 0), ('H', 10), ('I', 0), ('N', 0), ('O', 2), ('S', 0))",19,51,complete,51,0,0,False,False,True
dsC7O2H10nsd_4297.xyz,4297,"(('Br', 0), ('C', 7), ('Cl', 0), ('F', 0), ('H', 10), ('I', 0), ('N', 0), ('O', 2), ('S', 0))",19,51,complete,51,0,0,False,False,True
dsC7O2H10nsd_4298.xyz,4298,"(('Br', 0), ('C', 7), ('Cl', 0), ('F', 0), ('H', 10), ('I', 0), ('N', 0), ('O', 2), ('S', 0))",19,51,complete,51,0,0,False,False,True
dsC7O2H10nsd_4299.xyz,4299,"(('Br', 0), ('C', 7), ('Cl', 0), ('F', 0), ('H', 10), ('I', 0), ('N', 0), ('O', 2), ('S', 0))",19,51,complete,51,0,0,False,False,True
dsC7O2H10nsd_4300.xyz,4300,"(('Br', 0), ('C', 7), ('Cl', 0), ('F', 0), ('H', 10), ('I', 0), ('N', 0), ('O', 2), ('S', 0))",19,51,complete,51,0,0,False,False,True
dsC7O2H10nsd_4301.xyz,4301,"(('Br', 0), ('C', 7), ('Cl', 0), ('F', 0), ('H', 10), ('I', 0), ('N', 0), ('O', 2), ('S', 0))",19,51,complete,51,0,0,False,False,True
dsC7O2H10nsd_4302.xyz,4302,"(('Br', 0), ('C', 7), ('Cl', 0), ('F', 0), ('H', 10), ('I', 0), ('N', 0), ('O', 2), ('S', 0))",19,51,complete,51,0,0,False,False,True
dsC7O2H10nsd_4303.xyz,4303,"(('Br', 0), ('C', 7), ('Cl', 0), ('F', 0), ('H', 10), ('I', 0), ('N', 0), ('O', 2), ('S', 0))",19,51,complete,51,0,0,False,False,True
dsC7O2H10nsd_4304.xyz,4304,"(('Br', 0), ('C', 7), ('Cl', 0), ('F', 0), ('H', 10), ('I', 0), ('N', 0), ('O', 2), ('S', 0))",19,51,complete,51,0,0,False,False,True
dsC7O2H10nsd_4305.xyz,4305,"(('Br', 0), ('C', 7), ('Cl', 0), ('F', 0), ('H', 10), ('I', 0), ('N', 0), ('O', 2), ('S', 0))",19,51,complete,51,0,0,False,False,True
dsC7O2H10nsd_4306.xyz,4306,"(('Br', 0), ('C', 7), ('Cl', 0), ('F', 0), ('H', 10), ('I', 0), ('N', 0), ('O', 2), ('S', 0))",19,51,complete,51,0,0,False,False,True
dsC7O2H10nsd_4307.xyz,4307,"(('Br', 0), ('C', 7), ('Cl', 0), ('F', 0), ('H', 10), ('I', 0), ('N', 0), ('O', 2), ('S', 0))",19,51,complete,51,0,0,False,False,True
dsC7O2H10nsd_4308.xyz,4308,"(('Br', 0), ('C', 7), ('Cl', 0), ('F', 0), ('H', 10), ('I', 0), ('N', 0), ('O', 2), ('S', 0))",19,51,complete,51,0,0,False,False,True
dsC7O2H10nsd_4309.xyz,4309,"(('Br', 0), ('C', 7), ('Cl', 0), ('F', 0), ('H', 10), ('I', 0), ('N', 0), ('O', 2), ('S', 0))",19,51,complete,51,0,0,False,False,True
dsC7O2H10nsd_4310.xyz,4310,"(('Br', 0), ('C', 7), ('Cl', 0), ('F', 0), ('H', 10), ('I', 0), ('N', 0), ('O', 2), ('S', 0))",19,51,complete,51,0,0,False,False,True
dsC7O2H10nsd_4311.xyz,4311,"(('Br', 0), ('C', 7), ('Cl', 0), ('F', 0), ('H', 10), ('I', 0), ('N', 0), ('O', 2), ('S', 0))",19,51,complete,51,0,0,False,False,True
dsC7O2H10nsd_4312.xyz,4312,"(('Br', 0), ('C', 7), ('Cl', 0), ('F', 0), ('H', 10), ('I', 0), ('N', 0), ('O', 2), ('S', 0))",19,51,complete,51,0,0,False,False,True
dsC7O2H10nsd_4313.xyz,4313,"(('Br', 0), ('C', 7), ('Cl', 0), ('F', 0), ('H', 10), ('I', 0), ('N', 0), ('O', 2), ('S', 0))",19,51,complete,51,0,0,False,False,True
dsC7O2H10nsd_4314.xyz,4314,"(('Br', 0), ('C', 7), ('Cl', 0), ('F', 0), ('H', 10), ('I', 0), ('N', 0), ('O', 2), ('S', 0))",19,51,complete,51,0,0,False,False,True
dsC7O2H10nsd_4315.xyz,4315,"(('Br', 0), ('C', 7), ('Cl', 0), ('F', 0), ('H', 10), ('I', 0), ('N', 0), ('O', 2), ('S', 0))",19,51,complete,51,0,0,False,False,True
dsC7O2H10nsd_4316.xyz,4316,"(('Br', 0), ('C', 7), ('Cl', 0), ('F', 0), ('H', 10), ('I', 0), ('N', 0), ('O', 2), ('S', 0))",19,51,complete,51,0,0,False,False,True
dsC7O2H10nsd_4317.xyz,4317,"(('Br', 0), ('C', 7), ('Cl', 0), ('F', 0), ('H', 10), ('I', 0), ('N', 0), ('O', 2), ('S', 0))",19,51,complete,51,0,0,False,False,True
dsC7O2H10nsd_4318.xyz,4318,"(('Br', 0), ('C', 7), ('Cl', 0), ('F', 0), ('H', 10), ('I', 0), ('N', 0), ('O', 2), ('S', 0))",19,51,complete,51,0,0,False,False,True
dsC7O2H10nsd_4319.xyz,4319,"(('Br', 0), ('C', 7), ('Cl', 0), ('F', 0), ('H', 10), ('I', 0), ('N', 0), ('O', 2), ('S', 0))",19,51,complete,51,0,0,False,False,True
dsC7O2H10nsd_4320.xyz,4320,"(('Br', 0), ('C', 7), ('Cl', 0), ('F', 0), ('H', 10), ('I', 0), ('N', 0), ('O', 2), ('S', 0))",19,51,complete,51,0,0,False,False,True
dsC7O2H10nsd_4321.xyz,4321,"(('Br', 0), ('C', 7), ('Cl', 0), ('F', 0), ('H', 10), ('I', 0), ('N', 0), ('O', 2), ('S', 0))",19,51,complete,51,0,0,False,False,True
dsC7O2H10nsd_4322.xyz,4322,"(('Br', 0), ('C', 7), ('Cl', 0), ('F', 0), ('H', 10), ('I', 0), ('N', 0), ('O', 2), ('S', 0))",19,51,complete,51,0,0,False,False,True
dsC7O2H10nsd_4323.xyz,4323,"(('Br', 0), ('C', 7), ('Cl', 0), ('F', 0), ('H', 10), ('I', 0), ('N', 0), ('O', 2), ('S', 0))",19,51,complete,51,0,0,False,False,True
dsC7O2H10nsd_4324.xyz,4324,"(('Br', 0), ('C', 7), ('Cl', 0), ('F', 0), ('H', 10), ('I', 0), ('N', 0), ('O', 2), ('S', 0))",19,51,complete,51,0,0,False,False,True
dsC7O2H10nsd_4325.xyz,4325,"(('Br', 0), ('C', 7), ('Cl', 0), ('F', 0), ('H', 10), ('I', 0), ('N', 0), ('O', 2), ('S', 0))",19,51,complete,51,0,0,False,False,True
dsC7O2H10nsd_4326.xyz,4326,"(('Br', 0), ('C', 7), ('Cl', 0), ('F', 0), ('H', 10), ('I', 0), ('N', 0), ('O', 2), ('S', 0))",19,51,complete,51,0,0,False,False,True
dsC7O2H10nsd_4327.xyz,4327,"(('Br', 0), ('C', 7), ('Cl', 0), ('F', 0), ('H', 10), ('I', 0), ('N', 0), ('O', 2), ('S', 0))",19,51,complete,51,0,0,False,False,True
dsC7O2H10nsd_4328.xyz,4328,"(('Br', 0), ('C', 7), ('Cl', 0), ('F', 0), ('H', 10), ('I', 0), ('N', 0), ('O', 2), ('S', 0))",19,51,complete,51,0,0,False,False,True
dsC7O2H10nsd_4329.xyz,4329,"(('Br', 0), ('C', 7), ('Cl', 0), ('F', 0), ('H', 10), ('I', 0), ('N', 0), ('O', 2), ('S', 0))",19,51,complete,51,0,0,False,False,True
dsC7O2H10nsd_4330.xyz,4330,"(('Br', 0), ('C', 7), ('Cl', 0), ('F', 0), ('H', 10), ('I', 0), ('N', 0), ('O', 2), ('S', 0))",19,51,complete,51,0,0,False,False,True
dsC7O2H10nsd_4331.xyz,4331,"(('Br', 0), ('C', 7), ('Cl', 0), ('F', 0), ('H', 10), ('I', 0), ('N', 0), ('O', 2), ('S', 0))",19,51,complete,51,0,0,False,False,True
dsC7O2H10nsd_4332.xyz,4332,"(('Br', 0), ('C', 7), ('Cl', 0), ('F', 0), ('H', 10), ('I', 0), ('N', 0), ('O', 2), ('S', 0))",19,51,complete,51,0,0,False,False,True
dsC7O2H10nsd_4333.xyz,4333,"(('Br', 0), ('C', 7), ('Cl', 0), ('F', 0), ('H', 10), ('I', 0), ('N', 0), ('O', 2), ('S', 0))",19,51,complete,51,0,0,False,False,True
dsC7O2H10nsd_4334.xyz,4334,"(('Br', 0), ('C', 7), ('Cl', 0), ('F', 0), ('H', 10), ('I', 0), ('N', 0), ('O', 2), ('S', 0))",19,51,complete,51,0,0,False,False,True
dsC7O2H10nsd_4335.xyz,4335,"(('Br', 0), ('C', 7), ('Cl', 0), ('F', 0), ('H', 10), ('I', 0), ('N', 0), ('O', 2), ('S', 0))",19,51,complete,51,0,0,False,False,True
dsC7O2H10nsd_4336.xyz,4336,"(('Br', 0), ('C', 7), ('Cl', 0), ('F', 0), ('H', 10), ('I', 0), ('N', 0), ('O', 2), ('S', 0))",19,51,complete,51,0,0,False,False,True
dsC7O2H10nsd_4337.xyz,4337,"(('Br', 0), ('C', 7), ('Cl', 0), ('F', 0), ('H', 10), ('I', 0), ('N', 0), ('O', 2), ('S', 0))",19,51,complete,51,0,0,False,False,True
dsC7O2H10nsd_4338.xyz,4338,"(('Br', 0), ('C', 7), ('Cl', 0), ('F', 0), ('H', 10), ('I', 0), ('N', 0), ('O', 2), ('S', 0))",19,51,complete,51,0,0,False,False,True
dsC7O2H10nsd_4339.xyz,4339,"(('Br', 0), ('C', 7), ('Cl', 0), ('F', 0), ('H', 10), ('I', 0), ('N', 0), ('O', 2), ('S', 0))",19,51,complete,51,0,0,False,False,True
dsC7O2H10nsd_4340.xyz,4340,"(('Br', 0), ('C', 7), ('Cl', 0), ('F', 0), ('H', 10), ('I', 0), ('N', 0), ('O', 2), ('S', 0))",19,51,complete,51,0,0,False,False,True
dsC7O2H10nsd_4341.xyz,4341,"(('Br', 0), ('C', 7), ('Cl', 0), ('F', 0), ('H', 10), ('I', 0), ('N', 0), ('O', 2), ('S', 0))",19,51,complete,51,0,0,False,False,True
dsC7O2H10nsd_4342.xyz,4342,"(('Br', 0), ('C', 7), ('Cl', 0), ('F', 0), ('H', 10), ('I', 0), ('N', 0), ('O', 2), ('S', 0))",19,51,complete,51,0,0,False,False,True
dsC7O2H10nsd_4343.xyz,4343,"(('Br', 0), ('C', 7), ('Cl', 0), ('F', 0), ('H', 10), ('I', 0), ('N', 0), ('O', 2), ('S', 0))",19,51,complete,51,0,0,False,False,True
dsC7O2H10nsd_4344.xyz,4344,"(('Br', 0), ('C', 7), ('Cl', 0), ('F', 0), ('H', 10), ('I', 0), ('N', 0), ('O', 2), ('S', 0))",19,51,complete,51,0,0,False,False,True
dsC7O2H10nsd_4345.xyz,4345,"(('Br', 0), ('C', 7), ('Cl', 0), ('F', 0), ('H', 10), ('I', 0), ('N', 0), ('O', 2), ('S', 0))",19,51,complete,51,0,0,False,False,True
dsC7O2H10nsd_4346.xyz,4346,"(('Br', 0), ('C', 7), ('Cl', 0), ('F', 0), ('H', 10), ('I', 0), ('N', 0), ('O', 2), ('S', 0))",19,51,complete,51,0,0,False,False,True
dsC7O2H10nsd_4347.xyz,4347,"(('Br', 0), ('C', 7), ('Cl', 0), ('F', 0), ('H', 10), ('I', 0), ('N', 0), ('O', 2), ('S', 0))",19,51,complete,51,0,0,False,False,True
dsC7O2H10nsd_4348.xyz,4348,"(('Br', 0), ('C', 7), ('Cl', 0), ('F', 0), ('H', 10), ('I', 0), ('N', 0), ('O', 2), ('S', 0))",19,51,complete,51,0,0,False,False,True
dsC7O2H10nsd_4349.xyz,4349,"(('Br', 0), ('C', 7), ('Cl', 0), ('F', 0), ('H', 10), ('I', 0), ('N', 0), ('O', 2), ('S', 0))",19,51,complete,51,0,0,False,False,True
dsC7O2H10nsd_4350.xyz,4350,"(('Br', 0), ('C', 7), ('Cl', 0), ('F', 0), ('H', 10), ('I', 0), ('N', 0), ('O', 2), ('S', 0))",19,51,complete,51,0,0,False,False,True
dsC7O2H10nsd_4351.xyz,4351,"(('Br', 0), ('C', 7), ('Cl', 0), ('F', 0), ('H', 10), ('I', 0), ('N', 0), ('O', 2), ('S', 0))",19,51,complete,51,0,0,False,False,True
dsC7O2H10nsd_4352.xyz,4352,"(('Br', 0), ('C', 7), ('Cl', 0), ('F', 0), ('H', 10), ('I', 0), ('N', 0), ('O', 2), ('S', 0))",19,51,complete,51,0,0,False,False,True
dsC7O2H10nsd_4353.xyz,4353,"(('Br', 0), ('C', 7), ('Cl', 0), ('F', 0), ('H', 10), ('I', 0), ('N', 0), ('O', 2), ('S', 0))",19,51,complete,51,0,0,False,False,True
dsC7O2H10nsd_4354.xyz,4354,"(('Br', 0), ('C', 7), ('Cl', 0), ('F', 0), ('H', 10), ('I', 0), ('N', 0), ('O', 2), ('S', 0))",19,51,complete,51,0,0,False,False,True
dsC7O2H10nsd_4355.xyz,4355,"(('Br', 0), ('C', 7), ('Cl', 0), ('F', 0), ('H', 10), ('I', 0), ('N', 0), ('O', 2), ('S', 0))",19,51,complete,51,0,0,False,False,True
dsC7O2H10nsd_4356.xyz,4356,"(('Br', 0), ('C', 7), ('Cl', 0), ('F', 0), ('H', 10), ('I', 0), ('N', 0), ('O', 2), ('S', 0))",19,51,complete,51,0,0,False,False,True
dsC7O2H10nsd_4357.xyz,4357,"(('Br', 0), ('C', 7), ('Cl', 0), ('F', 0), ('H', 10), ('I', 0), ('N', 0), ('O', 2), ('S', 0))",19,51,complete,51,0,0,False,False,True
dsC7O2H10nsd_4358.xyz,4358,"(('Br', 0), ('C', 7), ('Cl', 0), ('F', 0), ('H', 10), ('I', 0), ('N', 0), ('O', 2), ('S', 0))",19,51,complete,51,0,0,False,False,True
dsC7O2H10nsd_4359.xyz,4359,"(('Br', 0), ('C', 7), ('Cl', 0), ('F', 0), ('H', 10), ('I', 0), ('N', 0), ('O', 2), ('S', 0))",19,51,complete,51,0,0,False,False,True
dsC7O2H10nsd_4360.xyz,4360,"(('Br', 0), ('C', 7), ('Cl', 0), ('F', 0), ('H', 10), ('I', 0), ('N', 0), ('O', 2), ('S', 0))",19,51,complete,51,0,0,False,False,True
dsC7O2H10nsd_4361.xyz,4361,"(('Br', 0), ('C', 7), ('Cl', 0), ('F', 0), ('H', 10), ('I', 0), ('N', 0), ('O', 2), ('S', 0))",19,51,complete,51,0,0,False,False,True
dsC7O2H10nsd_4362.xyz,4362,"(('Br', 0), ('C', 7), ('Cl', 0), ('F', 0), ('H', 10), ('I', 0), ('N', 0), ('O', 2), ('S', 0))",19,51,complete,51,0,0,False,False,True
dsC7O2H10nsd_4363.xyz,4363,"(('Br', 0), ('C', 7), ('Cl', 0), ('F', 0), ('H', 10), ('I', 0), ('N', 0), ('O', 2), ('S', 0))",19,51,complete,51,0,0,False,False,True
dsC7O2H10nsd_4364.xyz,4364,"(('Br', 0), ('C', 7), ('Cl', 0), ('F', 0), ('H', 10), ('I', 0), ('N', 0), ('O', 2), ('S', 0))",19,51,complete,51,0,0,False,False,True
dsC7O2H10nsd_4365.xyz,4365,"(('Br', 0), ('C', 7), ('Cl', 0), ('F', 0), ('H', 10), ('I', 0), ('N', 0), ('O', 2), ('S', 0))",19,51,complete,51,0,0,False,False,True
dsC7O2H10nsd_4366.xyz,4366,"(('Br', 0), ('C', 7), ('Cl', 0), ('F', 0), ('H', 10), ('I', 0), ('N', 0), ('O', 2), ('S', 0))",19,51,complete,51,0,0,False,False,True
dsC7O2H10nsd_4367.xyz,4367,"(('Br', 0), ('C', 7), ('Cl', 0), ('F', 0), ('H', 10), ('I', 0), ('N', 0), ('O', 2), ('S', 0))",19,51,complete,51,0,0,False,False,True
dsC7O2H10nsd_4368.xyz,4368,"(('Br', 0), ('C', 7), ('Cl', 0), ('F', 0), ('H', 10), ('I', 0), ('N', 0), ('O', 2), ('S', 0))",19,51,complete,51,0,0,False,False,True
dsC7O2H10nsd_4369.xyz,4369,"(('Br', 0), ('C', 7), ('Cl', 0), ('F', 0), ('H', 10), ('I', 0), ('N', 0), ('O', 2), ('S', 0))",19,51,complete,51,0,0,False,False,True
dsC7O2H10nsd_4370.xyz,4370,"(('Br', 0), ('C', 7), ('Cl', 0), ('F', 0), ('H', 10), ('I', 0), ('N', 0), ('O', 2), ('S', 0))",19,51,complete,51,0,0,False,False,True
dsC7O2H10nsd_4371.xyz,4371,"(('Br', 0), ('C', 7), ('Cl', 0), ('F', 0), ('H', 10), ('I', 0), ('N', 0), ('O', 2), ('S', 0))",19,51,complete,51,0,0,False,False,True
dsC7O2H10nsd_4372.xyz,4372,"(('Br', 0), ('C', 7), ('Cl', 0), ('F', 0), ('H', 10), ('I', 0), ('N', 0), ('O', 2), ('S', 0))",19,51,complete,51,0,0,False,False,True
dsC7O2H10nsd_4373.xyz,4373,"(('Br', 0), ('C', 7), ('Cl', 0), ('F', 0), ('H', 10), ('I', 0), ('N', 0), ('O', 2), ('S', 0))",19,51,complete,51,0,0,False,False,True
dsC7O2H10nsd_4374.xyz,4374,"(('Br', 0), ('C', 7), ('Cl', 0), ('F', 0), ('H', 10), ('I', 0), ('N', 0), ('O', 2), ('S', 0))",19,51,complete,51,0,0,False,False,True
dsC7O2H10nsd_4375.xyz,4375,"(('Br', 0), ('C', 7), ('Cl', 0), ('F', 0), ('H', 10), ('I', 0), ('N', 0), ('O', 2), ('S', 0))",19,51,complete,51,0,0,False,False,True
dsC7O2H10nsd_4376.xyz,4376,"(('Br', 0), ('C', 7), ('Cl', 0), ('F', 0), ('H', 10), ('I', 0), ('N', 0), ('O', 2), ('S', 0))",19,51,complete,51,0,0,False,False,True
dsC7O2H10nsd_4377.xyz,4377,"(('Br', 0), ('C', 7), ('Cl', 0), ('F', 0), ('H', 10), ('I', 0), ('N', 0), ('O', 2), ('S', 0))",19,102,incomplete_count,102,0,0,False,False,True
dsC7O2H10nsd_4378.xyz,4378,"(('Br', 0), ('C', 7), ('Cl', 0), ('F', 0), ('H', 10), ('I', 0), ('N', 0), ('O', 2), ('S', 0))",19,51,complete,51,0,0,False,False,True
dsC7O2H10nsd_4379.xyz,4379,"(('Br', 0), ('C', 7), ('Cl', 0), ('F', 0), ('H', 10), ('I', 0), ('N', 0), ('O', 2), ('S', 0))",19,51,complete,51,0,0,False,False,True
dsC7O2H10nsd_4380.xyz,4380,"(('Br', 0), ('C', 7), ('Cl', 0), ('F', 0), ('H', 10), ('I', 0), ('N', 0), ('O', 2), ('S', 0))",19,51,complete,51,0,0,False,False,True
dsC7O2H10nsd_4381.xyz,4381,"(('Br', 0), ('C', 7), ('Cl', 0), ('F', 0), ('H', 10), ('I', 0), ('N', 0), ('O', 2), ('S', 0))",19,51,complete,51,0,0,False,False,True
dsC7O2H10nsd_4382.xyz,4382,"(('Br', 0), ('C', 7), ('Cl', 0), ('F', 0), ('H', 10), ('I', 0), ('N', 0), ('O', 2), ('S', 0))",19,51,complete,51,0,0,False,False,True
dsC7O2H10nsd_4383.xyz,4383,"(('Br', 0), ('C', 7), ('Cl', 0), ('F', 0), ('H', 10), ('I', 0), ('N', 0), ('O', 2), ('S', 0))",19,51,complete,51,0,0,False,False,True
dsC7O2H10nsd_4384.xyz,4384,"(('Br', 0), ('C', 7), ('Cl', 0), ('F', 0), ('H', 10), ('I', 0), ('N', 0), ('O', 2), ('S', 0))",19,51,complete,51,0,0,False,False,True
dsC7O2H10nsd_4385.xyz,4385,"(('Br', 0), ('C', 7), ('Cl', 0), ('F', 0), ('H', 10), ('I', 0), ('N', 0), ('O', 2), ('S', 0))",19,51,complete,51,0,0,False,False,True
dsC7O2H10nsd_4386.xyz,4386,"(('Br', 0), ('C', 7), ('Cl', 0), ('F', 0), ('H', 10), ('I', 0), ('N', 0), ('O', 2), ('S', 0))",19,51,complete,51,0,0,False,False,True
dsC7O2H10nsd_4387.xyz,4387,"(('Br', 0), ('C', 7), ('Cl', 0), ('F', 0), ('H', 10), ('I', 0), ('N', 0), ('O', 2), ('S', 0))",19,51,complete,51,0,0,False,False,True
dsC7O2H10nsd_4388.xyz,4388,"(('Br', 0), ('C', 7), ('Cl', 0), ('F', 0), ('H', 10), ('I', 0), ('N', 0), ('O', 2), ('S', 0))",19,51,complete,51,0,0,False,False,True
dsC7O2H10nsd_4389.xyz,4389,"(('Br', 0), ('C', 7), ('Cl', 0), ('F', 0), ('H', 10), ('I', 0), ('N', 0), ('O', 2), ('S', 0))",19,51,complete,51,0,0,False,False,True
dsC7O2H10nsd_4390.xyz,4390,"(('Br', 0), ('C', 7), ('Cl', 0), ('F', 0), ('H', 10), ('I', 0), ('N', 0), ('O', 2), ('S', 0))",19,51,complete,51,0,0,False,False,True
dsC7O2H10nsd_4391.xyz,4391,"(('Br', 0), ('C', 7), ('Cl', 0), ('F', 0), ('H', 10), ('I', 0), ('N', 0), ('O', 2), ('S', 0))",19,51,complete,51,0,0,False,False,True
dsC7O2H10nsd_4392.xyz,4392,"(('Br', 0), ('C', 7), ('Cl', 0), ('F', 0), ('H', 10), ('I', 0), ('N', 0), ('O', 2), ('S', 0))",19,51,complete,51,0,0,False,False,True
dsC7O2H10nsd_4393.xyz,4393,"(('Br', 0), ('C', 7), ('Cl', 0), ('F', 0), ('H', 10), ('I', 0), ('N', 0), ('O', 2), ('S', 0))",19,51,complete,51,0,0,False,False,True
dsC7O2H10nsd_4394.xyz,4394,"(('Br', 0), ('C', 7), ('Cl', 0), ('F', 0), ('H', 10), ('I', 0), ('N', 0), ('O', 2), ('S', 0))",19,51,complete,51,0,0,False,False,True
dsC7O2H10nsd_4395.xyz,4395,"(('Br', 0), ('C', 7), ('Cl', 0), ('F', 0), ('H', 10), ('I', 0), ('N', 0), ('O', 2), ('S', 0))",19,51,complete,51,0,0,False,False,True
dsC7O2H10nsd_4396.xyz,4396,"(('Br', 0), ('C', 7), ('Cl', 0), ('F', 0), ('H', 10), ('I', 0), ('N', 0), ('O', 2), ('S', 0))",19,51,complete,51,0,0,False,False,True
dsC7O2H10nsd_4397.xyz,4397,"(('Br', 0), ('C', 7), ('Cl', 0), ('F', 0), ('H', 10), ('I', 0), ('N', 0), ('O', 2), ('S', 0))",19,102,incomplete_count,102,0,0,False,False,True
dsC7O2H10nsd_4398.xyz,4398,"(('Br', 0), ('C', 7), ('Cl', 0), ('F', 0), ('H', 10), ('I', 0), ('N', 0), ('O', 2), ('S', 0))",19,51,complete,51,0,0,False,False,True
dsC7O2H10nsd_4399.xyz,4399,"(('Br', 0), ('C', 7), ('Cl', 0), ('F', 0), ('H', 10), ('I', 0), ('N', 0), ('O', 2), ('S', 0))",19,51,complete,51,0,0,False,False,True
dsC7O2H10nsd_4400.xyz,4400,"(('Br', 0), ('C', 7), ('Cl', 0), ('F', 0), ('H', 10), ('I', 0), ('N', 0), ('O', 2), ('S', 0))",19,51,complete,51,0,0,False,False,True
dsC7O2H10nsd_4401.xyz,4401,"(('Br', 0), ('C', 7), ('Cl', 0), ('F', 0), ('H', 10), ('I', 0), ('N', 0), ('O', 2), ('S', 0))",19,51,complete,51,0,0,False,False,True
dsC7O2H10nsd_4402.xyz,4402,"(('Br', 0), ('C', 7), ('Cl', 0), ('F', 0), ('H', 10), ('I', 0), ('N', 0), ('O', 2), ('S', 0))",19,51,complete,51,0,0,False,False,True
dsC7O2H10nsd_4403.xyz,4403,"(('Br', 0), ('C', 7), ('Cl', 0), ('F', 0), ('H', 10), ('I', 0), ('N', 0), ('O', 2), ('S', 0))",19,51,complete,51,0,0,False,False,True
dsC7O2H10nsd_4404.xyz,4404,"(('Br', 0), ('C', 7), ('Cl', 0), ('F', 0), ('H', 10), ('I', 0), ('N', 0), ('O', 2), ('S', 0))",19,51,complete,51,0,0,False,False,True
dsC7O2H10nsd_4405.xyz,4405,"(('Br', 0), ('C', 7), ('Cl', 0), ('F', 0), ('H', 10), ('I', 0), ('N', 0), ('O', 2), ('S', 0))",19,51,complete,51,0,0,False,False,True
dsC7O2H10nsd_4406.xyz,4406,"(('Br', 0), ('C', 7), ('Cl', 0), ('F', 0), ('H', 10), ('I', 0), ('N', 0), ('O', 2), ('S', 0))",19,51,complete,51,0,0,False,False,True
dsC7O2H10nsd_4407.xyz,4407,"(('Br', 0), ('C', 7), ('Cl', 0), ('F', 0), ('H', 10), ('I', 0), ('N', 0), ('O', 2), ('S', 0))",19,51,complete,51,0,0,False,False,True
dsC7O2H10nsd_4408.xyz,4408,"(('Br', 0), ('C', 7), ('Cl', 0), ('F', 0), ('H', 10), ('I', 0), ('N', 0), ('O', 2), ('S', 0))",19,51,complete,51,0,0,False,False,True
dsC7O2H10nsd_4409.xyz,4409,"(('Br', 0), ('C', 7), ('Cl', 0), ('F', 0), ('H', 10), ('I', 0), ('N', 0), ('O', 2), ('S', 0))",19,51,complete,51,0,0,False,False,True
dsC7O2H10nsd_4410.xyz,4410,"(('Br', 0), ('C', 7), ('Cl', 0), ('F', 0), ('H', 10), ('I', 0), ('N', 0), ('O', 2), ('S', 0))",19,51,complete,51,0,0,False,False,True
dsC7O2H10nsd_4411.xyz,4411,"(('Br', 0), ('C', 7), ('Cl', 0), ('F', 0), ('H', 10), ('I', 0), ('N', 0), ('O', 2), ('S', 0))",19,51,complete,51,0,0,False,False,True
dsC7O2H10nsd_4412.xyz,4412,"(('Br', 0), ('C', 7), ('Cl', 0), ('F', 0), ('H', 10), ('I', 0), ('N', 0), ('O', 2), ('S', 0))",19,51,complete,51,0,0,False,False,True
dsC7O2H10nsd_4413.xyz,4413,"(('Br', 0), ('C', 7), ('Cl', 0), ('F', 0), ('H', 10), ('I', 0), ('N', 0), ('O', 2), ('S', 0))",19,51,complete,51,0,0,False,False,True
dsC7O2H10nsd_4414.xyz,4414,"(('Br', 0), ('C', 7), ('Cl', 0), ('F', 0), ('H', 10), ('I', 0), ('N', 0), ('O', 2), ('S', 0))",19,51,complete,51,0,0,False,False,True
dsC7O2H10nsd_4415.xyz,4415,"(('Br', 0), ('C', 7), ('Cl', 0), ('F', 0), ('H', 10), ('I', 0), ('N', 0), ('O', 2), ('S', 0))",19,51,complete,51,0,0,False,False,True
dsC7O2H10nsd_4416.xyz,4416,"(('Br', 0), ('C', 7), ('Cl', 0), ('F', 0), ('H', 10), ('I', 0), ('N', 0), ('O', 2), ('S', 0))",19,51,complete,51,0,0,False,False,True
dsC7O2H10nsd_4417.xyz,4417,"(('Br', 0), ('C', 7), ('Cl', 0), ('F', 0), ('H', 10), ('I', 0), ('N', 0), ('O', 2), ('S', 0))",19,51,complete,51,0,0,False,False,True
dsC7O2H10nsd_4418.xyz,4418,"(('Br', 0), ('C', 7), ('Cl', 0), ('F', 0), ('H', 10), ('I', 0), ('N', 0), ('O', 2), ('S', 0))",19,51,complete,51,0,0,False,False,True
dsC7O2H10nsd_4419.xyz,4419,"(('Br', 0), ('C', 7), ('Cl', 0), ('F', 0), ('H', 10), ('I', 0), ('N', 0), ('O', 2), ('S', 0))",19,51,complete,51,0,0,False,False,True
dsC7O2H10nsd_4420.xyz,4420,"(('Br', 0), ('C', 7), ('Cl', 0), ('F', 0), ('H', 10), ('I', 0), ('N', 0), ('O', 2), ('S', 0))",19,51,complete,51,0,0,False,False,True
dsC7O2H10nsd_4421.xyz,4421,"(('Br', 0), ('C', 7), ('Cl', 0), ('F', 0), ('H', 10), ('I', 0), ('N', 0), ('O', 2), ('S', 0))",19,51,complete,51,0,0,False,False,True
dsC7O2H10nsd_4422.xyz,4422,"(('Br', 0), ('C', 7), ('Cl', 0), ('F', 0), ('H', 10), ('I', 0), ('N', 0), ('O', 2), ('S', 0))",19,51,complete,51,0,0,False,False,True
dsC7O2H10nsd_4423.xyz,4423,"(('Br', 0), ('C', 7), ('Cl', 0), ('F', 0), ('H', 10), ('I', 0), ('N', 0), ('O', 2), ('S', 0))",19,51,complete,51,0,0,False,False,True
dsC7O2H10nsd_4424.xyz,4424,"(('Br', 0), ('C', 7), ('Cl', 0), ('F', 0), ('H', 10), ('I', 0), ('N', 0), ('O', 2), ('S', 0))",19,51,complete,51,0,0,False,False,True
dsC7O2H10nsd_4425.xyz,4425,"(('Br', 0), ('C', 7), ('Cl', 0), ('F', 0), ('H', 10), ('I', 0), ('N', 0), ('O', 2), ('S', 0))",19,51,complete,51,0,0,False,False,True
dsC7O2H10nsd_4426.xyz,4426,"(('Br', 0), ('C', 7), ('Cl', 0), ('F', 0), ('H', 10), ('I', 0), ('N', 0), ('O', 2), ('S', 0))",19,51,complete,51,0,0,False,False,True
dsC7O2H10nsd_4427.xyz,4427,"(('Br', 0), ('C', 7), ('Cl', 0), ('F', 0), ('H', 10), ('I', 0), ('N', 0), ('O', 2), ('S', 0))",19,51,complete,51,0,0,False,False,True
dsC7O2H10nsd_4428.xyz,4428,"(('Br', 0), ('C', 7), ('Cl', 0), ('F', 0), ('H', 10), ('I', 0), ('N', 0), ('O', 2), ('S', 0))",19,51,complete,51,0,0,False,False,True
dsC7O2H10nsd_4429.xyz,4429,"(('Br', 0), ('C', 7), ('Cl', 0), ('F', 0), ('H', 10), ('I', 0), ('N', 0), ('O', 2), ('S', 0))",19,51,complete,51,0,0,False,False,True
dsC7O2H10nsd_4430.xyz,4430,"(('Br', 0), ('C', 7), ('Cl', 0), ('F', 0), ('H', 10), ('I', 0), ('N', 0), ('O', 2), ('S', 0))",19,51,complete,51,0,0,False,False,True
dsC7O2H10nsd_4431.xyz,4431,"(('Br', 0), ('C', 7), ('Cl', 0), ('F', 0), ('H', 10), ('I', 0), ('N', 0), ('O', 2), ('S', 0))",19,51,complete,51,0,0,False,False,True
dsC7O2H10nsd_4432.xyz,4432,"(('Br', 0), ('C', 7), ('Cl', 0), ('F', 0), ('H', 10), ('I', 0), ('N', 0), ('O', 2), ('S', 0))",19,51,complete,51,0,0,False,False,True
dsC7O2H10nsd_4433.xyz,4433,"(('Br', 0), ('C', 7), ('Cl', 0), ('F', 0), ('H', 10), ('I', 0), ('N', 0), ('O', 2), ('S', 0))",19,51,complete,51,0,0,False,False,True
dsC7O2H10nsd_4434.xyz,4434,"(('Br', 0), ('C', 7), ('Cl', 0), ('F', 0), ('H', 10), ('I', 0), ('N', 0), ('O', 2), ('S', 0))",19,51,complete,51,0,0,False,False,True
dsC7O2H10nsd_4435.xyz,4435,"(('Br', 0), ('C', 7), ('Cl', 0), ('F', 0), ('H', 10), ('I', 0), ('N', 0), ('O', 2), ('S', 0))",19,51,complete,51,0,0,False,False,True
dsC7O2H10nsd_4436.xyz,4436,"(('Br', 0), ('C', 7), ('Cl', 0), ('F', 0), ('H', 10), ('I', 0), ('N', 0), ('O', 2), ('S', 0))",19,51,complete,51,0,0,False,False,True
dsC7O2H10nsd_4437.xyz,4437,"(('Br', 0), ('C', 7), ('Cl', 0), ('F', 0), ('H', 10), ('I', 0), ('N', 0), ('O', 2), ('S', 0))",19,51,complete,51,0,0,False,False,True
dsC7O2H10nsd_4438.xyz,4438,"(('Br', 0), ('C', 7), ('Cl', 0), ('F', 0), ('H', 10), ('I', 0), ('N', 0), ('O', 2), ('S', 0))",19,51,complete,51,0,0,False,False,True
dsC7O2H10nsd_4439.xyz,4439,"(('Br', 0), ('C', 7), ('Cl', 0), ('F', 0), ('H', 10), ('I', 0), ('N', 0), ('O', 2), ('S', 0))",19,51,complete,51,0,0,False,False,True
dsC7O2H10nsd_4440.xyz,4440,"(('Br', 0), ('C', 7), ('Cl', 0), ('F', 0), ('H', 10), ('I', 0), ('N', 0), ('O', 2), ('S', 0))",19,102,incomplete_count,102,0,0,False,False,True
dsC7O2H10nsd_4441.xyz,4441,"(('Br', 0), ('C', 7), ('Cl', 0), ('F', 0), ('H', 10), ('I', 0), ('N', 0), ('O', 2), ('S', 0))",19,51,complete,51,0,0,False,False,True
dsC7O2H10nsd_4442.xyz,4442,"(('Br', 0), ('C', 7), ('Cl', 0), ('F', 0), ('H', 10), ('I', 0), ('N', 0), ('O', 2), ('S', 0))",19,51,complete,51,0,0,False,False,True
dsC7O2H10nsd_4443.xyz,4443,"(('Br', 0), ('C', 7), ('Cl', 0), ('F', 0), ('H', 10), ('I', 0), ('N', 0), ('O', 2), ('S', 0))",19,51,complete,51,0,0,False,False,True
dsC7O2H10nsd_4444.xyz,4444,"(('Br', 0), ('C', 7), ('Cl', 0), ('F', 0), ('H', 10), ('I', 0), ('N', 0), ('O', 2), ('S', 0))",19,51,complete,51,0,0,False,False,True
dsC7O2H10nsd_4445.xyz,4445,"(('Br', 0), ('C', 7), ('Cl', 0), ('F', 0), ('H', 10), ('I', 0), ('N', 0), ('O', 2), ('S', 0))",19,51,complete,51,0,0,False,False,True
dsC7O2H10nsd_4446.xyz,4446,"(('Br', 0), ('C', 7), ('Cl', 0), ('F', 0), ('H', 10), ('I', 0), ('N', 0), ('O', 2), ('S', 0))",19,51,complete,51,0,0,False,False,True
dsC7O2H10nsd_4447.xyz,4447,"(('Br', 0), ('C', 7), ('Cl', 0), ('F', 0), ('H', 10), ('I', 0), ('N', 0), ('O', 2), ('S', 0))",19,51,complete,51,0,0,False,False,True
dsC7O2H10nsd_4448.xyz,4448,"(('Br', 0), ('C', 7), ('Cl', 0), ('F', 0), ('H', 10), ('I', 0), ('N', 0), ('O', 2), ('S', 0))",19,51,complete,51,0,0,False,False,True
dsC7O2H10nsd_4449.xyz,4449,"(('Br', 0), ('C', 7), ('Cl', 0), ('F', 0), ('H', 10), ('I', 0), ('N', 0), ('O', 2), ('S', 0))",19,51,complete,51,0,0,False,False,True
dsC7O2H10nsd_4450.xyz,4450,"(('Br', 0), ('C', 7), ('Cl', 0), ('F', 0), ('H', 10), ('I', 0), ('N', 0), ('O', 2), ('S', 0))",19,51,complete,51,0,0,False,False,True
dsC7O2H10nsd_4451.xyz,4451,"(('Br', 0), ('C', 7), ('Cl', 0), ('F', 0), ('H', 10), ('I', 0), ('N', 0), ('O', 2), ('S', 0))",19,51,complete,51,0,0,False,False,True
dsC7O2H10nsd_4452.xyz,4452,"(('Br', 0), ('C', 7), ('Cl', 0), ('F', 0), ('H', 10), ('I', 0), ('N', 0), ('O', 2), ('S', 0))",19,51,complete,51,0,0,False,False,True
dsC7O2H10nsd_4453.xyz,4453,"(('Br', 0), ('C', 7), ('Cl', 0), ('F', 0), ('H', 10), ('I', 0), ('N', 0), ('O', 2), ('S', 0))",19,51,complete,51,0,0,False,False,True
dsC7O2H10nsd_4454.xyz,4454,"(('Br', 0), ('C', 7), ('Cl', 0), ('F', 0), ('H', 10), ('I', 0), ('N', 0), ('O', 2), ('S', 0))",19,51,complete,51,0,0,False,False,True
dsC7O2H10nsd_4455.xyz,4455,"(('Br', 0), ('C', 7), ('Cl', 0), ('F', 0), ('H', 10), ('I', 0), ('N', 0), ('O', 2), ('S', 0))",19,51,complete,51,0,0,False,False,True
dsC7O2H10nsd_4456.xyz,4456,"(('Br', 0), ('C', 7), ('Cl', 0), ('F', 0), ('H', 10), ('I', 0), ('N', 0), ('O', 2), ('S', 0))",19,51,complete,51,0,0,False,False,True
dsC7O2H10nsd_4457.xyz,4457,"(('Br', 0), ('C', 7), ('Cl', 0), ('F', 0), ('H', 10), ('I', 0), ('N', 0), ('O', 2), ('S', 0))",19,51,complete,51,0,0,False,False,True
dsC7O2H10nsd_4458.xyz,4458,"(('Br', 0), ('C', 7), ('Cl', 0), ('F', 0), ('H', 10), ('I', 0), ('N', 0), ('O', 2), ('S', 0))",19,51,complete,51,0,0,False,False,True
dsC7O2H10nsd_4459.xyz,4459,"(('Br', 0), ('C', 7), ('Cl', 0), ('F', 0), ('H', 10), ('I', 0), ('N', 0), ('O', 2), ('S', 0))",19,51,complete,51,0,0,False,False,True
dsC7O2H10nsd_4460.xyz,4460,"(('Br', 0), ('C', 7), ('Cl', 0), ('F', 0), ('H', 10), ('I', 0), ('N', 0), ('O', 2), ('S', 0))",19,51,complete,51,0,0,False,False,True
dsC7O2H10nsd_4461.xyz,4461,"(('Br', 0), ('C', 7), ('Cl', 0), ('F', 0), ('H', 10), ('I', 0), ('N', 0), ('O', 2), ('S', 0))",19,51,complete,51,0,0,False,False,True
dsC7O2H10nsd_4462.xyz,4462,"(('Br', 0), ('C', 7), ('Cl', 0), ('F', 0), ('H', 10), ('I', 0), ('N', 0), ('O', 2), ('S', 0))",19,51,complete,51,0,0,False,False,True
dsC7O2H10nsd_4463.xyz,4463,"(('Br', 0), ('C', 7), ('Cl', 0), ('F', 0), ('H', 10), ('I', 0), ('N', 0), ('O', 2), ('S', 0))",19,51,complete,51,0,0,False,False,True
dsC7O2H10nsd_4464.xyz,4464,"(('Br', 0), ('C', 7), ('Cl', 0), ('F', 0), ('H', 10), ('I', 0), ('N', 0), ('O', 2), ('S', 0))",19,51,complete,51,0,0,False,False,True
dsC7O2H10nsd_4465.xyz,4465,"(('Br', 0), ('C', 7), ('Cl', 0), ('F', 0), ('H', 10), ('I', 0), ('N', 0), ('O', 2), ('S', 0))",19,51,complete,51,0,0,False,False,True
dsC7O2H10nsd_4466.xyz,4466,"(('Br', 0), ('C', 7), ('Cl', 0), ('F', 0), ('H', 10), ('I', 0), ('N', 0), ('O', 2), ('S', 0))",19,51,complete,51,0,0,False,False,True
dsC7O2H10nsd_4467.xyz,4467,"(('Br', 0), ('C', 7), ('Cl', 0), ('F', 0), ('H', 10), ('I', 0), ('N', 0), ('O', 2), ('S', 0))",19,51,complete,51,0,0,False,False,True
dsC7O2H10nsd_4468.xyz,4468,"(('Br', 0), ('C', 7), ('Cl', 0), ('F', 0), ('H', 10), ('I', 0), ('N', 0), ('O', 2), ('S', 0))",19,51,complete,51,0,0,False,False,True
dsC7O2H10nsd_4469.xyz,4469,"(('Br', 0), ('C', 7), ('Cl', 0), ('F', 0), ('H', 10), ('I', 0), ('N', 0), ('O', 2), ('S', 0))",19,51,complete,51,0,0,False,False,True
dsC7O2H10nsd_4470.xyz,4470,"(('Br', 0), ('C', 7), ('Cl', 0), ('F', 0), ('H', 10), ('I', 0), ('N', 0), ('O', 2), ('S', 0))",19,51,complete,51,0,0,False,False,True
dsC7O2H10nsd_4471.xyz,4471,"(('Br', 0), ('C', 7), ('Cl', 0), ('F', 0), ('H', 10), ('I', 0), ('N', 0), ('O', 2), ('S', 0))",19,51,complete,51,0,0,False,False,True
dsC7O2H10nsd_4472.xyz,4472,"(('Br', 0), ('C', 7), ('Cl', 0), ('F', 0), ('H', 10), ('I', 0), ('N', 0), ('O', 2), ('S', 0))",19,51,complete,51,0,0,False,False,True
dsC7O2H10nsd_4473.xyz,4473,"(('Br', 0), ('C', 7), ('Cl', 0), ('F', 0), ('H', 10), ('I', 0), ('N', 0), ('O', 2), ('S', 0))",19,51,complete,51,0,0,False,False,True
dsC7O2H10nsd_4474.xyz,4474,"(('Br', 0), ('C', 7), ('Cl', 0), ('F', 0), ('H', 10), ('I', 0), ('N', 0), ('O', 2), ('S', 0))",19,51,complete,51,0,0,False,False,True
dsC7O2H10nsd_4475.xyz,4475,"(('Br', 0), ('C', 7), ('Cl', 0), ('F', 0), ('H', 10), ('I', 0), ('N', 0), ('O', 2), ('S', 0))",19,51,complete,51,0,0,False,False,True
dsC7O2H10nsd_4476.xyz,4476,"(('Br', 0), ('C', 7), ('Cl', 0), ('F', 0), ('H', 10), ('I', 0), ('N', 0), ('O', 2), ('S', 0))",19,51,complete,51,0,0,False,False,True
dsC7O2H10nsd_4477.xyz,4477,"(('Br', 0), ('C', 7), ('Cl', 0), ('F', 0), ('H', 10), ('I', 0), ('N', 0), ('O', 2), ('S', 0))",19,51,complete,51,0,0,False,False,True
dsC7O2H10nsd_4478.xyz,4478,"(('Br', 0), ('C', 7), ('Cl', 0), ('F', 0), ('H', 10), ('I', 0), ('N', 0), ('O', 2), ('S', 0))",19,51,complete,51,0,0,False,False,True
dsC7O2H10nsd_4479.xyz,4479,"(('Br', 0), ('C', 7), ('Cl', 0), ('F', 0), ('H', 10), ('I', 0), ('N', 0), ('O', 2), ('S', 0))",19,51,complete,51,0,0,False,False,True
dsC7O2H10nsd_4480.xyz,4480,"(('Br', 0), ('C', 7), ('Cl', 0), ('F', 0), ('H', 10), ('I', 0), ('N', 0), ('O', 2), ('S', 0))",19,51,complete,51,0,0,False,False,True
dsC7O2H10nsd_4481.xyz,4481,"(('Br', 0), ('C', 7), ('Cl', 0), ('F', 0), ('H', 10), ('I', 0), ('N', 0), ('O', 2), ('S', 0))",19,51,complete,51,0,0,False,False,True
dsC7O2H10nsd_4482.xyz,4482,"(('Br', 0), ('C', 7), ('Cl', 0), ('F', 0), ('H', 10), ('I', 0), ('N', 0), ('O', 2), ('S', 0))",19,51,complete,51,0,0,False,False,True
dsC7O2H10nsd_4483.xyz,4483,"(('Br', 0), ('C', 7), ('Cl', 0), ('F', 0), ('H', 10), ('I', 0), ('N', 0), ('O', 2), ('S', 0))",19,51,complete,51,0,0,False,False,True
dsC7O2H10nsd_4484.xyz,4484,"(('Br', 0), ('C', 7), ('Cl', 0), ('F', 0), ('H', 10), ('I', 0), ('N', 0), ('O', 2), ('S', 0))",19,51,complete,51,0,0,False,False,True
dsC7O2H10nsd_4485.xyz,4485,"(('Br', 0), ('C', 7), ('Cl', 0), ('F', 0), ('H', 10), ('I', 0), ('N', 0), ('O', 2), ('S', 0))",19,51,complete,51,0,0,False,False,True
dsC7O2H10nsd_4486.xyz,4486,"(('Br', 0), ('C', 7), ('Cl', 0), ('F', 0), ('H', 10), ('I', 0), ('N', 0), ('O', 2), ('S', 0))",19,51,complete,51,0,0,False,False,True
dsC7O2H10nsd_4487.xyz,4487,"(('Br', 0), ('C', 7), ('Cl', 0), ('F', 0), ('H', 10), ('I', 0), ('N', 0), ('O', 2), ('S', 0))",19,51,complete,51,0,0,False,False,True
dsC7O2H10nsd_4488.xyz,4488,"(('Br', 0), ('C', 7), ('Cl', 0), ('F', 0), ('H', 10), ('I', 0), ('N', 0), ('O', 2), ('S', 0))",19,51,complete,51,0,0,False,False,True
dsC7O2H10nsd_4489.xyz,4489,"(('Br', 0), ('C', 7), ('Cl', 0), ('F', 0), ('H', 10), ('I', 0), ('N', 0), ('O', 2), ('S', 0))",19,51,complete,51,0,0,False,False,True
dsC7O2H10nsd_4490.xyz,4490,"(('Br', 0), ('C', 7), ('Cl', 0), ('F', 0), ('H', 10), ('I', 0), ('N', 0), ('O', 2), ('S', 0))",19,51,complete,51,0,0,False,False,True
dsC7O2H10nsd_4491.xyz,4491,"(('Br', 0), ('C', 7), ('Cl', 0), ('F', 0), ('H', 10), ('I', 0), ('N', 0), ('O', 2), ('S', 0))",19,51,complete,51,0,0,False,False,True
dsC7O2H10nsd_4492.xyz,4492,"(('Br', 0), ('C', 7), ('Cl', 0), ('F', 0), ('H', 10), ('I', 0), ('N', 0), ('O', 2), ('S', 0))",19,51,complete,51,0,0,False,False,True
dsC7O2H10nsd_4493.xyz,4493,"(('Br', 0), ('C', 7), ('Cl', 0), ('F', 0), ('H', 10), ('I', 0), ('N', 0), ('O', 2), ('S', 0))",19,51,complete,51,0,0,False,False,True
dsC7O2H10nsd_4494.xyz,4494,"(('Br', 0), ('C', 7), ('Cl', 0), ('F', 0), ('H', 10), ('I', 0), ('N', 0), ('O', 2), ('S', 0))",19,51,complete,51,0,0,False,False,True
dsC7O2H10nsd_4495.xyz,4495,"(('Br', 0), ('C', 7), ('Cl', 0), ('F', 0), ('H', 10), ('I', 0), ('N', 0), ('O', 2), ('S', 0))",19,51,complete,51,0,0,False,False,True
dsC7O2H10nsd_4496.xyz,4496,"(('Br', 0), ('C', 7), ('Cl', 0), ('F', 0), ('H', 10), ('I', 0), ('N', 0), ('O', 2), ('S', 0))",19,51,complete,51,0,0,False,False,True
dsC7O2H10nsd_4497.xyz,4497,"(('Br', 0), ('C', 7), ('Cl', 0), ('F', 0), ('H', 10), ('I', 0), ('N', 0), ('O', 2), ('S', 0))",19,51,complete,51,0,0,False,False,True
dsC7O2H10nsd_4498.xyz,4498,"(('Br', 0), ('C', 7), ('Cl', 0), ('F', 0), ('H', 10), ('I', 0), ('N', 0), ('O', 2), ('S', 0))",19,51,complete,51,0,0,False,False,True
dsC7O2H10nsd_4499.xyz,4499,"(('Br', 0), ('C', 7), ('Cl', 0), ('F', 0), ('H', 10), ('I', 0), ('N', 0), ('O', 2), ('S', 0))",19,51,complete,51,0,0,False,False,True
dsC7O2H10nsd_4500.xyz,4500,"(('Br', 0), ('C', 7), ('Cl', 0), ('F', 0), ('H', 10), ('I', 0), ('N', 0), ('O', 2), ('S', 0))",19,51,complete,51,0,0,False,False,True
dsC7O2H10nsd_4501.xyz,4501,"(('Br', 0), ('C', 7), ('Cl', 0), ('F', 0), ('H', 10), ('I', 0), ('N', 0), ('O', 2), ('S', 0))",19,51,complete,51,0,0,False,False,True
dsC7O2H10nsd_4502.xyz,4502,"(('Br', 0), ('C', 7), ('Cl', 0), ('F', 0), ('H', 10), ('I', 0), ('N', 0), ('O', 2), ('S', 0))",19,51,complete,51,0,0,False,False,True
dsC7O2H10nsd_4503.xyz,4503,"(('Br', 0), ('C', 7), ('Cl', 0), ('F', 0), ('H', 10), ('I', 0), ('N', 0), ('O', 2), ('S', 0))",19,51,complete,51,0,0,False,False,True
dsC7O2H10nsd_4504.xyz,4504,"(('Br', 0), ('C', 7), ('Cl', 0), ('F', 0), ('H', 10), ('I', 0), ('N', 0), ('O', 2), ('S', 0))",19,51,complete,51,0,0,False,False,True
dsC7O2H10nsd_4505.xyz,4505,"(('Br', 0), ('C', 7), ('Cl', 0), ('F', 0), ('H', 10), ('I', 0), ('N', 0), ('O', 2), ('S', 0))",19,51,complete,51,0,0,False,False,True
dsC7O2H10nsd_4506.xyz,4506,"(('Br', 0), ('C', 7), ('Cl', 0), ('F', 0), ('H', 10), ('I', 0), ('N', 0), ('O', 2), ('S', 0))",19,51,complete,51,0,0,False,False,True
dsC7O2H10nsd_4507.xyz,4507,"(('Br', 0), ('C', 7), ('Cl', 0), ('F', 0), ('H', 10), ('I', 0), ('N', 0), ('O', 2), ('S', 0))",19,51,complete,51,0,0,False,False,True
dsC7O2H10nsd_4508.xyz,4508,"(('Br', 0), ('C', 7), ('Cl', 0), ('F', 0), ('H', 10), ('I', 0), ('N', 0), ('O', 2), ('S', 0))",19,51,complete,51,0,0,False,False,True
dsC7O2H10nsd_4509.xyz,4509,"(('Br', 0), ('C', 7), ('Cl', 0), ('F', 0), ('H', 10), ('I', 0), ('N', 0), ('O', 2), ('S', 0))",19,51,complete,51,0,0,False,False,True
dsC7O2H10nsd_4510.xyz,4510,"(('Br', 0), ('C', 7), ('Cl', 0), ('F', 0), ('H', 10), ('I', 0), ('N', 0), ('O', 2), ('S', 0))",19,51,complete,51,0,0,False,False,True
dsC7O2H10nsd_4511.xyz,4511,"(('Br', 0), ('C', 7), ('Cl', 0), ('F', 0), ('H', 10), ('I', 0), ('N', 0), ('O', 2), ('S', 0))",19,51,complete,51,0,0,False,False,True
dsC7O2H10nsd_4512.xyz,4512,"(('Br', 0), ('C', 7), ('Cl', 0), ('F', 0), ('H', 10), ('I', 0), ('N', 0), ('O', 2), ('S', 0))",19,51,complete,51,0,0,False,False,True
dsC7O2H10nsd_4513.xyz,4513,"(('Br', 0), ('C', 7), ('Cl', 0), ('F', 0), ('H', 10), ('I', 0), ('N', 0), ('O', 2), ('S', 0))",19,51,complete,51,0,0,False,False,True
dsC7O2H10nsd_4514.xyz,4514,"(('Br', 0), ('C', 7), ('Cl', 0), ('F', 0), ('H', 10), ('I', 0), ('N', 0), ('O', 2), ('S', 0))",19,51,complete,51,0,0,False,False,True
dsC7O2H10nsd_4515.xyz,4515,"(('Br', 0), ('C', 7), ('Cl', 0), ('F', 0), ('H', 10), ('I', 0), ('N', 0), ('O', 2), ('S', 0))",19,51,complete,51,0,0,False,False,True
dsC7O2H10nsd_4516.xyz,4516,"(('Br', 0), ('C', 7), ('Cl', 0), ('F', 0), ('H', 10), ('I', 0), ('N', 0), ('O', 2), ('S', 0))",19,51,complete,51,0,0,False,False,True
dsC7O2H10nsd_4517.xyz,4517,"(('Br', 0), ('C', 7), ('Cl', 0), ('F', 0), ('H', 10), ('I', 0), ('N', 0), ('O', 2), ('S', 0))",19,51,complete,51,0,0,False,False,True
dsC7O2H10nsd_4518.xyz,4518,"(('Br', 0), ('C', 7), ('Cl', 0), ('F', 0), ('H', 10), ('I', 0), ('N', 0), ('O', 2), ('S', 0))",19,51,complete,51,0,0,False,False,True
dsC7O2H10nsd_4519.xyz,4519,"(('Br', 0), ('C', 7), ('Cl', 0), ('F', 0), ('H', 10), ('I', 0), ('N', 0), ('O', 2), ('S', 0))",19,51,complete,51,0,0,False,False,True
dsC7O2H10nsd_4520.xyz,4520,"(('Br', 0), ('C', 7), ('Cl', 0), ('F', 0), ('H', 10), ('I', 0), ('N', 0), ('O', 2), ('S', 0))",19,51,complete,51,0,0,False,False,True
dsC7O2H10nsd_4521.xyz,4521,"(('Br', 0), ('C', 7), ('Cl', 0), ('F', 0), ('H', 10), ('I', 0), ('N', 0), ('O', 2), ('S', 0))",19,51,complete,51,0,0,False,False,True
dsC7O2H10nsd_4522.xyz,4522,"(('Br', 0), ('C', 7), ('Cl', 0), ('F', 0), ('H', 10), ('I', 0), ('N', 0), ('O', 2), ('S', 0))",19,51,complete,51,0,0,False,False,True
dsC7O2H10nsd_4523.xyz,4523,"(('Br', 0), ('C', 7), ('Cl', 0), ('F', 0), ('H', 10), ('I', 0), ('N', 0), ('O', 2), ('S', 0))",19,51,complete,51,0,0,False,False,True
dsC7O2H10nsd_4524.xyz,4524,"(('Br', 0), ('C', 7), ('Cl', 0), ('F', 0), ('H', 10), ('I', 0), ('N', 0), ('O', 2), ('S', 0))",19,51,complete,51,0,0,False,False,True
dsC7O2H10nsd_4525.xyz,4525,"(('Br', 0), ('C', 7), ('Cl', 0), ('F', 0), ('H', 10), ('I', 0), ('N', 0), ('O', 2), ('S', 0))",19,51,complete,51,0,0,False,False,True
dsC7O2H10nsd_4526.xyz,4526,"(('Br', 0), ('C', 7), ('Cl', 0), ('F', 0), ('H', 10), ('I', 0), ('N', 0), ('O', 2), ('S', 0))",19,51,complete,51,0,0,False,False,True
dsC7O2H10nsd_4527.xyz,4527,"(('Br', 0), ('C', 7), ('Cl', 0), ('F', 0), ('H', 10), ('I', 0), ('N', 0), ('O', 2), ('S', 0))",19,51,complete,51,0,0,False,False,True
dsC7O2H10nsd_4528.xyz,4528,"(('Br', 0), ('C', 7), ('Cl', 0), ('F', 0), ('H', 10), ('I', 0), ('N', 0), ('O', 2), ('S', 0))",19,51,complete,51,0,0,False,False,True
dsC7O2H10nsd_4529.xyz,4529,"(('Br', 0), ('C', 7), ('Cl', 0), ('F', 0), ('H', 10), ('I', 0), ('N', 0), ('O', 2), ('S', 0))",19,51,complete,51,0,0,False,False,True
dsC7O2H10nsd_4530.xyz,4530,"(('Br', 0), ('C', 7), ('Cl', 0), ('F', 0), ('H', 10), ('I', 0), ('N', 0), ('O', 2), ('S', 0))",19,51,complete,51,0,0,False,False,True
dsC7O2H10nsd_4531.xyz,4531,"(('Br', 0), ('C', 7), ('Cl', 0), ('F', 0), ('H', 10), ('I', 0), ('N', 0), ('O', 2), ('S', 0))",19,51,complete,51,0,0,False,False,True
dsC7O2H10nsd_4532.xyz,4532,"(('Br', 0), ('C', 7), ('Cl', 0), ('F', 0), ('H', 10), ('I', 0), ('N', 0), ('O', 2), ('S', 0))",19,51,complete,51,0,0,False,False,True
dsC7O2H10nsd_4533.xyz,4533,"(('Br', 0), ('C', 7), ('Cl', 0), ('F', 0), ('H', 10), ('I', 0), ('N', 0), ('O', 2), ('S', 0))",19,51,complete,51,0,0,False,False,True
dsC7O2H10nsd_4534.xyz,4534,"(('Br', 0), ('C', 7), ('Cl', 0), ('F', 0), ('H', 10), ('I', 0), ('N', 0), ('O', 2), ('S', 0))",19,51,complete,51,0,0,False,False,True
dsC7O2H10nsd_4535.xyz,4535,"(('Br', 0), ('C', 7), ('Cl', 0), ('F', 0), ('H', 10), ('I', 0), ('N', 0), ('O', 2), ('S', 0))",19,51,complete,51,0,0,False,False,True
dsC7O2H10nsd_4536.xyz,4536,"(('Br', 0), ('C', 7), ('Cl', 0), ('F', 0), ('H', 10), ('I', 0), ('N', 0), ('O', 2), ('S', 0))",19,51,complete,51,0,0,False,False,True
dsC7O2H10nsd_4537.xyz,4537,"(('Br', 0), ('C', 7), ('Cl', 0), ('F', 0), ('H', 10), ('I', 0), ('N', 0), ('O', 2), ('S', 0))",19,51,complete,51,0,0,False,False,True
dsC7O2H10nsd_4538.xyz,4538,"(('Br', 0), ('C', 7), ('Cl', 0), ('F', 0), ('H', 10), ('I', 0), ('N', 0), ('O', 2), ('S', 0))",19,51,complete,51,0,0,False,False,True
dsC7O2H10nsd_4539.xyz,4539,"(('Br', 0), ('C', 7), ('Cl', 0), ('F', 0), ('H', 10), ('I', 0), ('N', 0), ('O', 2), ('S', 0))",19,51,complete,51,0,0,False,False,True
dsC7O2H10nsd_4540.xyz,4540,"(('Br', 0), ('C', 7), ('Cl', 0), ('F', 0), ('H', 10), ('I', 0), ('N', 0), ('O', 2), ('S', 0))",19,51,complete,51,0,0,False,False,True
dsC7O2H10nsd_4541.xyz,4541,"(('Br', 0), ('C', 7), ('Cl', 0), ('F', 0), ('H', 10), ('I', 0), ('N', 0), ('O', 2), ('S', 0))",19,51,complete,51,0,0,False,False,True
dsC7O2H10nsd_4542.xyz,4542,"(('Br', 0), ('C', 7), ('Cl', 0), ('F', 0), ('H', 10), ('I', 0), ('N', 0), ('O', 2), ('S', 0))",19,51,complete,51,0,0,False,False,True
dsC7O2H10nsd_4543.xyz,4543,"(('Br', 0), ('C', 7), ('Cl', 0), ('F', 0), ('H', 10), ('I', 0), ('N', 0), ('O', 2), ('S', 0))",19,51,complete,51,0,0,False,False,True
dsC7O2H10nsd_4544.xyz,4544,"(('Br', 0), ('C', 7), ('Cl', 0), ('F', 0), ('H', 10), ('I', 0), ('N', 0), ('O', 2), ('S', 0))",19,51,complete,51,0,0,False,False,True
dsC7O2H10nsd_4545.xyz,4545,"(('Br', 0), ('C', 7), ('Cl', 0), ('F', 0), ('H', 10), ('I', 0), ('N', 0), ('O', 2), ('S', 0))",19,51,complete,51,0,0,False,False,True
dsC7O2H10nsd_4546.xyz,4546,"(('Br', 0), ('C', 7), ('Cl', 0), ('F', 0), ('H', 10), ('I', 0), ('N', 0), ('O', 2), ('S', 0))",19,51,complete,51,0,0,False,False,True
dsC7O2H10nsd_4547.xyz,4547,"(('Br', 0), ('C', 7), ('Cl', 0), ('F', 0), ('H', 10), ('I', 0), ('N', 0), ('O', 2), ('S', 0))",19,51,complete,51,0,0,False,False,True
dsC7O2H10nsd_4548.xyz,4548,"(('Br', 0), ('C', 7), ('Cl', 0), ('F', 0), ('H', 10), ('I', 0), ('N', 0), ('O', 2), ('S', 0))",19,51,complete,51,0,0,False,False,True
dsC7O2H10nsd_4549.xyz,4549,"(('Br', 0), ('C', 7), ('Cl', 0), ('F', 0), ('H', 10), ('I', 0), ('N', 0), ('O', 2), ('S', 0))",19,51,complete,51,0,0,False,False,True
dsC7O2H10nsd_4550.xyz,4550,"(('Br', 0), ('C', 7), ('Cl', 0), ('F', 0), ('H', 10), ('I', 0), ('N', 0), ('O', 2), ('S', 0))",19,51,complete,51,0,0,False,False,True
dsC7O2H10nsd_4551.xyz,4551,"(('Br', 0), ('C', 7), ('Cl', 0), ('F', 0), ('H', 10), ('I', 0), ('N', 0), ('O', 2), ('S', 0))",19,51,complete,51,0,0,False,False,True
dsC7O2H10nsd_4552.xyz,4552,"(('Br', 0), ('C', 7), ('Cl', 0), ('F', 0), ('H', 10), ('I', 0), ('N', 0), ('O', 2), ('S', 0))",19,51,complete,51,0,0,False,False,True
dsC7O2H10nsd_4553.xyz,4553,"(('Br', 0), ('C', 7), ('Cl', 0), ('F', 0), ('H', 10), ('I', 0), ('N', 0), ('O', 2), ('S', 0))",19,51,complete,51,0,0,False,False,True
dsC7O2H10nsd_4554.xyz,4554,"(('Br', 0), ('C', 7), ('Cl', 0), ('F', 0), ('H', 10), ('I', 0), ('N', 0), ('O', 2), ('S', 0))",19,51,complete,51,0,0,False,False,True
dsC7O2H10nsd_4555.xyz,4555,"(('Br', 0), ('C', 7), ('Cl', 0), ('F', 0), ('H', 10), ('I', 0), ('N', 0), ('O', 2), ('S', 0))",19,51,complete,51,0,0,False,False,True
dsC7O2H10nsd_4556.xyz,4556,"(('Br', 0), ('C', 7), ('Cl', 0), ('F', 0), ('H', 10), ('I', 0), ('N', 0), ('O', 2), ('S', 0))",19,51,complete,51,0,0,False,False,True
dsC7O2H10nsd_4557.xyz,4557,"(('Br', 0), ('C', 7), ('Cl', 0), ('F', 0), ('H', 10), ('I', 0), ('N', 0), ('O', 2), ('S', 0))",19,51,complete,51,0,0,False,False,True
dsC7O2H10nsd_4558.xyz,4558,"(('Br', 0), ('C', 7), ('Cl', 0), ('F', 0), ('H', 10), ('I', 0), ('N', 0), ('O', 2), ('S', 0))",19,51,complete,51,0,0,False,False,True
dsC7O2H10nsd_4559.xyz,4559,"(('Br', 0), ('C', 7), ('Cl', 0), ('F', 0), ('H', 10), ('I', 0), ('N', 0), ('O', 2), ('S', 0))",19,51,complete,51,0,0,False,False,True
dsC7O2H10nsd_4560.xyz,4560,"(('Br', 0), ('C', 7), ('Cl', 0), ('F', 0), ('H', 10), ('I', 0), ('N', 0), ('O', 2), ('S', 0))",19,51,complete,51,0,0,False,False,True
dsC7O2H10nsd_4561.xyz,4561,"(('Br', 0), ('C', 7), ('Cl', 0), ('F', 0), ('H', 10), ('I', 0), ('N', 0), ('O', 2), ('S', 0))",19,51,complete,51,0,0,False,False,True
dsC7O2H10nsd_4562.xyz,4562,"(('Br', 0), ('C', 7), ('Cl', 0), ('F', 0), ('H', 10), ('I', 0), ('N', 0), ('O', 2), ('S', 0))",19,51,complete,51,0,0,False,False,True
dsC7O2H10nsd_4563.xyz,4563,"(('Br', 0), ('C', 7), ('Cl', 0), ('F', 0), ('H', 10), ('I', 0), ('N', 0), ('O', 2), ('S', 0))",19,51,complete,51,0,0,False,False,True
dsC7O2H10nsd_4564.xyz,4564,"(('Br', 0), ('C', 7), ('Cl', 0), ('F', 0), ('H', 10), ('I', 0), ('N', 0), ('O', 2), ('S', 0))",19,51,complete,51,0,0,False,False,True
dsC7O2H10nsd_4565.xyz,4565,"(('Br', 0), ('C', 7), ('Cl', 0), ('F', 0), ('H', 10), ('I', 0), ('N', 0), ('O', 2), ('S', 0))",19,102,incomplete_count,102,0,0,False,False,True
dsC7O2H10nsd_4566.xyz,4566,"(('Br', 0), ('C', 7), ('Cl', 0), ('F', 0), ('H', 10), ('I', 0), ('N', 0), ('O', 2), ('S', 0))",19,51,complete,51,0,0,False,False,True
dsC7O2H10nsd_4567.xyz,4567,"(('Br', 0), ('C', 7), ('Cl', 0), ('F', 0), ('H', 10), ('I', 0), ('N', 0), ('O', 2), ('S', 0))",19,51,complete,51,0,0,False,False,True
dsC7O2H10nsd_4568.xyz,4568,"(('Br', 0), ('C', 7), ('Cl', 0), ('F', 0), ('H', 10), ('I', 0), ('N', 0), ('O', 2), ('S', 0))",19,51,complete,51,0,0,False,False,True
dsC7O2H10nsd_4569.xyz,4569,"(('Br', 0), ('C', 7), ('Cl', 0), ('F', 0), ('H', 10), ('I', 0), ('N', 0), ('O', 2), ('S', 0))",19,51,complete,51,0,0,False,False,True
dsC7O2H10nsd_4570.xyz,4570,"(('Br', 0), ('C', 7), ('Cl', 0), ('F', 0), ('H', 10), ('I', 0), ('N', 0), ('O', 2), ('S', 0))",19,51,complete,51,0,0,False,False,True
dsC7O2H10nsd_4571.xyz,4571,"(('Br', 0), ('C', 7), ('Cl', 0), ('F', 0), ('H', 10), ('I', 0), ('N', 0), ('O', 2), ('S', 0))",19,51,complete,51,0,0,False,False,True
dsC7O2H10nsd_4572.xyz,4572,"(('Br', 0), ('C', 7), ('Cl', 0), ('F', 0), ('H', 10), ('I', 0), ('N', 0), ('O', 2), ('S', 0))",19,51,complete,51,0,0,False,False,True
dsC7O2H10nsd_4573.xyz,4573,"(('Br', 0), ('C', 7), ('Cl', 0), ('F', 0), ('H', 10), ('I', 0), ('N', 0), ('O', 2), ('S', 0))",19,51,complete,51,0,0,False,False,True
dsC7O2H10nsd_4574.xyz,4574,"(('Br', 0), ('C', 7), ('Cl', 0), ('F', 0), ('H', 10), ('I', 0), ('N', 0), ('O', 2), ('S', 0))",19,51,complete,51,0,0,False,False,True
dsC7O2H10nsd_4575.xyz,4575,"(('Br', 0), ('C', 7), ('Cl', 0), ('F', 0), ('H', 10), ('I', 0), ('N', 0), ('O', 2), ('S', 0))",19,51,complete,51,0,0,False,False,True
dsC7O2H10nsd_4576.xyz,4576,"(('Br', 0), ('C', 7), ('Cl', 0), ('F', 0), ('H', 10), ('I', 0), ('N', 0), ('O', 2), ('S', 0))",19,51,complete,51,0,0,False,False,True
dsC7O2H10nsd_4577.xyz,4577,"(('Br', 0), ('C', 7), ('Cl', 0), ('F', 0), ('H', 10), ('I', 0), ('N', 0), ('O', 2), ('S', 0))",19,51,complete,51,0,0,False,False,True
dsC7O2H10nsd_4578.xyz,4578,"(('Br', 0), ('C', 7), ('Cl', 0), ('F', 0), ('H', 10), ('I', 0), ('N', 0), ('O', 2), ('S', 0))",19,51,complete,51,0,0,False,False,True
dsC7O2H10nsd_4579.xyz,4579,"(('Br', 0), ('C', 7), ('Cl', 0), ('F', 0), ('H', 10), ('I', 0), ('N', 0), ('O', 2), ('S', 0))",19,51,complete,51,0,0,False,False,True
dsC7O2H10nsd_4580.xyz,4580,"(('Br', 0), ('C', 7), ('Cl', 0), ('F', 0), ('H', 10), ('I', 0), ('N', 0), ('O', 2), ('S', 0))",19,51,complete,51,0,0,False,False,True
dsC7O2H10nsd_4581.xyz,4581,"(('Br', 0), ('C', 7), ('Cl', 0), ('F', 0), ('H', 10), ('I', 0), ('N', 0), ('O', 2), ('S', 0))",19,51,complete,51,0,0,False,False,True
dsC7O2H10nsd_4582.xyz,4582,"(('Br', 0), ('C', 7), ('Cl', 0), ('F', 0), ('H', 10), ('I', 0), ('N', 0), ('O', 2), ('S', 0))",19,51,complete,51,0,0,False,False,True
dsC7O2H10nsd_4583.xyz,4583,"(('Br', 0), ('C', 7), ('Cl', 0), ('F', 0), ('H', 10), ('I', 0), ('N', 0), ('O', 2), ('S', 0))",19,51,complete,51,0,0,False,False,True
dsC7O2H10nsd_4584.xyz,4584,"(('Br', 0), ('C', 7), ('Cl', 0), ('F', 0), ('H', 10), ('I', 0), ('N', 0), ('O', 2), ('S', 0))",19,51,complete,51,0,0,False,False,True
dsC7O2H10nsd_4585.xyz,4585,"(('Br', 0), ('C', 7), ('Cl', 0), ('F', 0), ('H', 10), ('I', 0), ('N', 0), ('O', 2), ('S', 0))",19,51,complete,51,0,0,False,False,True
dsC7O2H10nsd_4586.xyz,4586,"(('Br', 0), ('C', 7), ('Cl', 0), ('F', 0), ('H', 10), ('I', 0), ('N', 0), ('O', 2), ('S', 0))",19,51,complete,51,0,0,False,False,True
dsC7O2H10nsd_4587.xyz,4587,"(('Br', 0), ('C', 7), ('Cl', 0), ('F', 0), ('H', 10), ('I', 0), ('N', 0), ('O', 2), ('S', 0))",19,51,complete,51,0,0,True,True,True
dsC7O2H10nsd_4588.xyz,4588,"(('Br', 0), ('C', 7), ('Cl', 0), ('F', 0), ('H', 10), ('I', 0), ('N', 0), ('O', 2), ('S', 0))",19,51,complete,51,0,0,False,False,True
dsC7O2H10nsd_4589.xyz,4589,"(('Br', 0), ('C', 7), ('Cl', 0), ('F', 0), ('H', 10), ('I', 0), ('N', 0), ('O', 2), ('S', 0))",19,51,complete,51,0,0,True,True,True
dsC7O2H10nsd_4590.xyz,4590,"(('Br', 0), ('C', 7), ('Cl', 0), ('F', 0), ('H', 10), ('I', 0), ('N', 0), ('O', 2), ('S', 0))",19,51,complete,51,0,0,False,False,True
dsC7O2H10nsd_4591.xyz,4591,"(('Br', 0), ('C', 7), ('Cl', 0), ('F', 0), ('H', 10), ('I', 0), ('N', 0), ('O', 2), ('S', 0))",19,51,complete,51,0,0,False,False,True
dsC7O2H10nsd_4592.xyz,4592,"(('Br', 0), ('C', 7), ('Cl', 0), ('F', 0), ('H', 10), ('I', 0), ('N', 0), ('O', 2), ('S', 0))",19,102,incomplete_count,102,0,0,False,False,True
dsC7O2H10nsd_4593.xyz,4593,"(('Br', 0), ('C', 7), ('Cl', 0), ('F', 0), ('H', 10), ('I', 0), ('N', 0), ('O', 2), ('S', 0))",19,51,complete,51,0,0,False,False,True
dsC7O2H10nsd_4594.xyz,4594,"(('Br', 0), ('C', 7), ('Cl', 0), ('F', 0), ('H', 10), ('I', 0), ('N', 0), ('O', 2), ('S', 0))",19,51,complete,51,0,0,False,False,True
dsC7O2H10nsd_4595.xyz,4595,"(('Br', 0), ('C', 7), ('Cl', 0), ('F', 0), ('H', 10), ('I', 0), ('N', 0), ('O', 2), ('S', 0))",19,51,complete,51,0,0,False,False,True
dsC7O2H10nsd_4596.xyz,4596,"(('Br', 0), ('C', 7), ('Cl', 0), ('F', 0), ('H', 10), ('I', 0), ('N', 0), ('O', 2), ('S', 0))",19,51,complete,51,0,0,False,False,True
dsC7O2H10nsd_4597.xyz,4597,"(('Br', 0), ('C', 7), ('Cl', 0), ('F', 0), ('H', 10), ('I', 0), ('N', 0), ('O', 2), ('S', 0))",19,102,incomplete_count,102,0,0,False,False,True
dsC7O2H10nsd_4598.xyz,4598,"(('Br', 0), ('C', 7), ('Cl', 0), ('F', 0), ('H', 10), ('I', 0), ('N', 0), ('O', 2), ('S', 0))",19,51,complete,51,0,0,False,False,True
dsC7O2H10nsd_4599.xyz,4599,"(('Br', 0), ('C', 7), ('Cl', 0), ('F', 0), ('H', 10), ('I', 0), ('N', 0), ('O', 2), ('S', 0))",19,51,complete,51,0,0,False,False,True
dsC7O2H10nsd_4600.xyz,4600,"(('Br', 0), ('C', 7), ('Cl', 0), ('F', 0), ('H', 10), ('I', 0), ('N', 0), ('O', 2), ('S', 0))",19,51,complete,51,0,0,False,False,True
dsC7O2H10nsd_4601.xyz,4601,"(('Br', 0), ('C', 7), ('Cl', 0), ('F', 0), ('H', 10), ('I', 0), ('N', 0), ('O', 2), ('S', 0))",19,51,complete,51,0,0,False,False,True
dsC7O2H10nsd_4602.xyz,4602,"(('Br', 0), ('C', 7), ('Cl', 0), ('F', 0), ('H', 10), ('I', 0), ('N', 0), ('O', 2), ('S', 0))",19,51,complete,51,0,0,False,False,True
dsC7O2H10nsd_4603.xyz,4603,"(('Br', 0), ('C', 7), ('Cl', 0), ('F', 0), ('H', 10), ('I', 0), ('N', 0), ('O', 2), ('S', 0))",19,51,complete,51,0,0,False,False,True
dsC7O2H10nsd_4604.xyz,4604,"(('Br', 0), ('C', 7), ('Cl', 0), ('F', 0), ('H', 10), ('I', 0), ('N', 0), ('O', 2), ('S', 0))",19,51,complete,51,0,0,False,False,True
dsC7O2H10nsd_4605.xyz,4605,"(('Br', 0), ('C', 7), ('Cl', 0), ('F', 0), ('H', 10), ('I', 0), ('N', 0), ('O', 2), ('S', 0))",19,51,complete,51,0,0,False,False,True
dsC7O2H10nsd_4606.xyz,4606,"(('Br', 0), ('C', 7), ('Cl', 0), ('F', 0), ('H', 10), ('I', 0), ('N', 0), ('O', 2), ('S', 0))",19,51,complete,51,0,0,False,False,True
dsC7O2H10nsd_4607.xyz,4607,"(('Br', 0), ('C', 7), ('Cl', 0), ('F', 0), ('H', 10), ('I', 0), ('N', 0), ('O', 2), ('S', 0))",19,51,complete,51,0,0,True,True,True
dsC7O2H10nsd_4608.xyz,4608,"(('Br', 0), ('C', 7), ('Cl', 0), ('F', 0), ('H', 10), ('I', 0), ('N', 0), ('O', 2), ('S', 0))",19,51,complete,51,0,0,True,True,True
dsC7O2H10nsd_4609.xyz,4609,"(('Br', 0), ('C', 7), ('Cl', 0), ('F', 0), ('H', 10), ('I', 0), ('N', 0), ('O', 2), ('S', 0))",19,51,complete,51,0,0,True,True,True
dsC7O2H10nsd_4610.xyz,4610,"(('Br', 0), ('C', 7), ('Cl', 0), ('F', 0), ('H', 10), ('I', 0), ('N', 0), ('O', 2), ('S', 0))",19,102,incomplete_count,102,0,0,False,False,True
dsC7O2H10nsd_4611.xyz,4611,"(('Br', 0), ('C', 7), ('Cl', 0), ('F', 0), ('H', 10), ('I', 0), ('N', 0), ('O', 2), ('S', 0))",19,51,complete,51,0,0,False,False,True
dsC7O2H10nsd_4612.xyz,4612,"(('Br', 0), ('C', 7), ('Cl', 0), ('F', 0), ('H', 10), ('I', 0), ('N', 0), ('O', 2), ('S', 0))",19,51,complete,51,0,0,True,True,True
dsC7O2H10nsd_4613.xyz,4613,"(('Br', 0), ('C', 7), ('Cl', 0), ('F', 0), ('H', 10), ('I', 0), ('N', 0), ('O', 2), ('S', 0))",19,51,complete,51,0,0,True,True,True
dsC7O2H10nsd_4614.xyz,4614,"(('Br', 0), ('C', 7), ('Cl', 0), ('F', 0), ('H', 10), ('I', 0), ('N', 0), ('O', 2), ('S', 0))",19,51,complete,51,0,0,False,False,True
dsC7O2H10nsd_4615.xyz,4615,"(('Br', 0), ('C', 7), ('Cl', 0), ('F', 0), ('H', 10), ('I', 0), ('N', 0), ('O', 2), ('S', 0))",19,102,incomplete_count,102,0,0,False,False,True
dsC7O2H10nsd_4616.xyz,4616,"(('Br', 0), ('C', 7), ('Cl', 0), ('F', 0), ('H', 10), ('I', 0), ('N', 0), ('O', 2), ('S', 0))",19,51,complete,51,0,0,False,False,True
dsC7O2H10nsd_4617.xyz,4617,"(('Br', 0), ('C', 7), ('Cl', 0), ('F', 0), ('H', 10), ('I', 0), ('N', 0), ('O', 2), ('S', 0))",19,51,complete,51,0,0,False,False,True
dsC7O2H10nsd_4618.xyz,4618,"(('Br', 0), ('C', 7), ('Cl', 0), ('F', 0), ('H', 10), ('I', 0), ('N', 0), ('O', 2), ('S', 0))",19,102,incomplete_count,102,0,0,False,False,True
dsC7O2H10nsd_4619.xyz,4619,"(('Br', 0), ('C', 7), ('Cl', 0), ('F', 0), ('H', 10), ('I', 0), ('N', 0), ('O', 2), ('S', 0))",19,51,complete,51,0,0,False,False,True
dsC7O2H10nsd_4620.xyz,4620,"(('Br', 0), ('C', 7), ('Cl', 0), ('F', 0), ('H', 10), ('I', 0), ('N', 0), ('O', 2), ('S', 0))",19,51,complete,51,0,0,False,False,True
dsC7O2H10nsd_4621.xyz,4621,"(('Br', 0), ('C', 7), ('Cl', 0), ('F', 0), ('H', 10), ('I', 0), ('N', 0), ('O', 2), ('S', 0))",19,51,complete,51,0,0,False,False,True
dsC7O2H10nsd_4622.xyz,4622,"(('Br', 0), ('C', 7), ('Cl', 0), ('F', 0), ('H', 10), ('I', 0), ('N', 0), ('O', 2), ('S', 0))",19,51,complete,51,0,0,False,False,True
dsC7O2H10nsd_4623.xyz,4623,"(('Br', 0), ('C', 7), ('Cl', 0), ('F', 0), ('H', 10), ('I', 0), ('N', 0), ('O', 2), ('S', 0))",19,51,complete,51,0,0,False,False,True
dsC7O2H10nsd_4624.xyz,4624,"(('Br', 0), ('C', 7), ('Cl', 0), ('F', 0), ('H', 10), ('I', 0), ('N', 0), ('O', 2), ('S', 0))",19,51,complete,51,0,0,False,False,True
dsC7O2H10nsd_4625.xyz,4625,"(('Br', 0), ('C', 7), ('Cl', 0), ('F', 0), ('H', 10), ('I', 0), ('N', 0), ('O', 2), ('S', 0))",19,51,complete,51,0,0,False,False,True
dsC7O2H10nsd_4626.xyz,4626,"(('Br', 0), ('C', 7), ('Cl', 0), ('F', 0), ('H', 10), ('I', 0), ('N', 0), ('O', 2), ('S', 0))",19,51,complete,51,0,0,False,False,True
dsC7O2H10nsd_4627.xyz,4627,"(('Br', 0), ('C', 7), ('Cl', 0), ('F', 0), ('H', 10), ('I', 0), ('N', 0), ('O', 2), ('S', 0))",19,51,complete,51,0,0,False,False,True
dsC7O2H10nsd_4628.xyz,4628,"(('Br', 0), ('C', 7), ('Cl', 0), ('F', 0), ('H', 10), ('I', 0), ('N', 0), ('O', 2), ('S', 0))",19,51,complete,51,0,0,False,False,True
dsC7O2H10nsd_4629.xyz,4629,"(('Br', 0), ('C', 7), ('Cl', 0), ('F', 0), ('H', 10), ('I', 0), ('N', 0), ('O', 2), ('S', 0))",19,51,complete,51,0,0,True,True,True
dsC7O2H10nsd_4630.xyz,4630,"(('Br', 0), ('C', 7), ('Cl', 0), ('F', 0), ('H', 10), ('I', 0), ('N', 0), ('O', 2), ('S', 0))",19,102,incomplete_count,102,0,0,False,False,True
dsC7O2H10nsd_4631.xyz,4631,"(('Br', 0), ('C', 7), ('Cl', 0), ('F', 0), ('H', 10), ('I', 0), ('N', 0), ('O', 2), ('S', 0))",19,51,complete,51,0,0,False,False,True
dsC7O2H10nsd_4632.xyz,4632,"(('Br', 0), ('C', 7), ('Cl', 0), ('F', 0), ('H', 10), ('I', 0), ('N', 0), ('O', 2), ('S', 0))",19,51,complete,51,0,0,True,True,True
dsC7O2H10nsd_4633.xyz,4633,"(('Br', 0), ('C', 7), ('Cl', 0), ('F', 0), ('H', 10), ('I', 0), ('N', 0), ('O', 2), ('S', 0))",19,51,complete,51,0,0,True,True,True
dsC7O2H10nsd_4634.xyz,4634,"(('Br', 0), ('C', 7), ('Cl', 0), ('F', 0), ('H', 10), ('I', 0), ('N', 0), ('O', 2), ('S', 0))",19,51,complete,51,0,0,True,True,True
dsC7O2H10nsd_4635.xyz,4635,"(('Br', 0), ('C', 7), ('Cl', 0), ('F', 0), ('H', 10), ('I', 0), ('N', 0), ('O', 2), ('S', 0))",19,51,complete,51,0,0,False,False,True
dsC7O2H10nsd_4636.xyz,4636,"(('Br', 0), ('C', 7), ('Cl', 0), ('F', 0), ('H', 10), ('I', 0), ('N', 0), ('O', 2), ('S', 0))",19,51,complete,51,0,0,False,False,True
dsC7O2H10nsd_4637.xyz,4637,"(('Br', 0), ('C', 7), ('Cl', 0), ('F', 0), ('H', 10), ('I', 0), ('N', 0), ('O', 2), ('S', 0))",19,51,complete,51,0,0,False,False,True
dsC7O2H10nsd_4638.xyz,4638,"(('Br', 0), ('C', 7), ('Cl', 0), ('F', 0), ('H', 10), ('I', 0), ('N', 0), ('O', 2), ('S', 0))",19,51,complete,51,0,0,True,True,True
dsC7O2H10nsd_4639.xyz,4639,"(('Br', 0), ('C', 7), ('Cl', 0), ('F', 0), ('H', 10), ('I', 0), ('N', 0), ('O', 2), ('S', 0))",19,51,complete,51,0,0,False,False,True
dsC7O2H10nsd_4640.xyz,4640,"(('Br', 0), ('C', 7), ('Cl', 0), ('F', 0), ('H', 10), ('I', 0), ('N', 0), ('O', 2), ('S', 0))",19,51,complete,51,0,0,False,False,True
dsC7O2H10nsd_4641.xyz,4641,"(('Br', 0), ('C', 7), ('Cl', 0), ('F', 0), ('H', 10), ('I', 0), ('N', 0), ('O', 2), ('S', 0))",19,51,complete,51,0,0,False,False,True
dsC7O2H10nsd_4642.xyz,4642,"(('Br', 0), ('C', 7), ('Cl', 0), ('F', 0), ('H', 10), ('I', 0), ('N', 0), ('O', 2), ('S', 0))",19,51,complete,51,0,0,True,True,True
dsC7O2H10nsd_4643.xyz,4643,"(('Br', 0), ('C', 7), ('Cl', 0), ('F', 0), ('H', 10), ('I', 0), ('N', 0), ('O', 2), ('S', 0))",19,51,complete,51,0,0,True,True,True
dsC7O2H10nsd_4644.xyz,4644,"(('Br', 0), ('C', 7), ('Cl', 0), ('F', 0), ('H', 10), ('I', 0), ('N', 0), ('O', 2), ('S', 0))",19,51,complete,51,0,0,False,True,True
dsC7O2H10nsd_4645.xyz,4645,"(('Br', 0), ('C', 7), ('Cl', 0), ('F', 0), ('H', 10), ('I', 0), ('N', 0), ('O', 2), ('S', 0))",19,51,complete,51,0,0,False,False,True
dsC7O2H10nsd_4646.xyz,4646,"(('Br', 0), ('C', 7), ('Cl', 0), ('F', 0), ('H', 10), ('I', 0), ('N', 0), ('O', 2), ('S', 0))",19,51,complete,51,0,0,True,True,True
dsC7O2H10nsd_4647.xyz,4647,"(('Br', 0), ('C', 7), ('Cl', 0), ('F', 0), ('H', 10), ('I', 0), ('N', 0), ('O', 2), ('S', 0))",19,102,incomplete_count,102,0,0,True,True,True
dsC7O2H10nsd_4648.xyz,4648,"(('Br', 0), ('C', 7), ('Cl', 0), ('F', 0), ('H', 10), ('I', 0), ('N', 0), ('O', 2), ('S', 0))",19,51,complete,51,0,0,True,True,True
dsC7O2H10nsd_4649.xyz,4649,"(('Br', 0), ('C', 7), ('Cl', 0), ('F', 0), ('H', 10), ('I', 0), ('N', 0), ('O', 2), ('S', 0))",19,51,complete,51,0,0,True,True,True
dsC7O2H10nsd_4650.xyz,4650,"(('Br', 0), ('C', 7), ('Cl', 0), ('F', 0), ('H', 10), ('I', 0), ('N', 0), ('O', 2), ('S', 0))",19,102,incomplete_count,102,0,0,True,True,True
dsC7O2H10nsd_4651.xyz,4651,"(('Br', 0), ('C', 7), ('Cl', 0), ('F', 0), ('H', 10), ('I', 0), ('N', 0), ('O', 2), ('S', 0))",19,51,complete,51,0,0,False,False,True
dsC7O2H10nsd_4652.xyz,4652,"(('Br', 0), ('C', 7), ('Cl', 0), ('F', 0), ('H', 10), ('I', 0), ('N', 0), ('O', 2), ('S', 0))",19,102,incomplete_count,102,0,0,True,True,True
dsC7O2H10nsd_4653.xyz,4653,"(('Br', 0), ('C', 7), ('Cl', 0), ('F', 0), ('H', 10), ('I', 0), ('N', 0), ('O', 2), ('S', 0))",19,51,complete,51,0,0,True,True,True
dsC7O2H10nsd_4654.xyz,4654,"(('Br', 0), ('C', 7), ('Cl', 0), ('F', 0), ('H', 10), ('I', 0), ('N', 0), ('O', 2), ('S', 0))",19,51,complete,51,0,0,True,True,True
dsC7O2H10nsd_4655.xyz,4655,"(('Br', 0), ('C', 7), ('Cl', 0), ('F', 0), ('H', 10), ('I', 0), ('N', 0), ('O', 2), ('S', 0))",19,51,complete,51,0,0,False,False,True
dsC7O2H10nsd_4656.xyz,4656,"(('Br', 0), ('C', 7), ('Cl', 0), ('F', 0), ('H', 10), ('I', 0), ('N', 0), ('O', 2), ('S', 0))",19,51,complete,51,0,0,True,True,True
dsC7O2H10nsd_4657.xyz,4657,"(('Br', 0), ('C', 7), ('Cl', 0), ('F', 0), ('H', 10), ('I', 0), ('N', 0), ('O', 2), ('S', 0))",19,51,complete,51,0,0,False,False,True
dsC7O2H10nsd_4658.xyz,4658,"(('Br', 0), ('C', 7), ('Cl', 0), ('F', 0), ('H', 10), ('I', 0), ('N', 0), ('O', 2), ('S', 0))",19,102,incomplete_count,102,0,0,False,False,True
dsC7O2H10nsd_4659.xyz,4659,"(('Br', 0), ('C', 7), ('Cl', 0), ('F', 0), ('H', 10), ('I', 0), ('N', 0), ('O', 2), ('S', 0))",19,102,incomplete_count,102,0,0,False,False,True
dsC7O2H10nsd_4660.xyz,4660,"(('Br', 0), ('C', 7), ('Cl', 0), ('F', 0), ('H', 10), ('I', 0), ('N', 0), ('O', 2), ('S', 0))",19,51,complete,51,0,0,False,False,True
dsC7O2H10nsd_4661.xyz,4661,"(('Br', 0), ('C', 7), ('Cl', 0), ('F', 0), ('H', 10), ('I', 0), ('N', 0), ('O', 2), ('S', 0))",19,51,complete,51,0,0,False,False,True
dsC7O2H10nsd_4662.xyz,4662,"(('Br', 0), ('C', 7), ('Cl', 0), ('F', 0), ('H', 10), ('I', 0), ('N', 0), ('O', 2), ('S', 0))",19,51,complete,51,0,0,False,False,True
dsC7O2H10nsd_4663.xyz,4663,"(('Br', 0), ('C', 7), ('Cl', 0), ('F', 0), ('H', 10), ('I', 0), ('N', 0), ('O', 2), ('S', 0))",19,51,complete,51,0,0,True,True,True
dsC7O2H10nsd_4664.xyz,4664,"(('Br', 0), ('C', 7), ('Cl', 0), ('F', 0), ('H', 10), ('I', 0), ('N', 0), ('O', 2), ('S', 0))",19,51,complete,51,0,0,False,False,True
dsC7O2H10nsd_4665.xyz,4665,"(('Br', 0), ('C', 7), ('Cl', 0), ('F', 0), ('H', 10), ('I', 0), ('N', 0), ('O', 2), ('S', 0))",19,51,complete,51,0,0,False,False,True
dsC7O2H10nsd_4666.xyz,4666,"(('Br', 0), ('C', 7), ('Cl', 0), ('F', 0), ('H', 10), ('I', 0), ('N', 0), ('O', 2), ('S', 0))",19,51,complete,51,0,0,False,False,True
dsC7O2H10nsd_4667.xyz,4667,"(('Br', 0), ('C', 7), ('Cl', 0), ('F', 0), ('H', 10), ('I', 0), ('N', 0), ('O', 2), ('S', 0))",19,51,complete,51,0,0,False,False,True
dsC7O2H10nsd_4668.xyz,4668,"(('Br', 0), ('C', 7), ('Cl', 0), ('F', 0), ('H', 10), ('I', 0), ('N', 0), ('O', 2), ('S', 0))",19,51,complete,51,0,0,False,False,True
dsC7O2H10nsd_4669.xyz,4669,"(('Br', 0), ('C', 7), ('Cl', 0), ('F', 0), ('H', 10), ('I', 0), ('N', 0), ('O', 2), ('S', 0))",19,51,complete,51,0,0,False,False,True
dsC7O2H10nsd_4670.xyz,4670,"(('Br', 0), ('C', 7), ('Cl', 0), ('F', 0), ('H', 10), ('I', 0), ('N', 0), ('O', 2), ('S', 0))",19,51,complete,51,0,0,False,False,True
dsC7O2H10nsd_4671.xyz,4671,"(('Br', 0), ('C', 7), ('Cl', 0), ('F', 0), ('H', 10), ('I', 0), ('N', 0), ('O', 2), ('S', 0))",19,51,complete,51,0,0,False,False,True
dsC7O2H10nsd_4672.xyz,4672,"(('Br', 0), ('C', 7), ('Cl', 0), ('F', 0), ('H', 10), ('I', 0), ('N', 0), ('O', 2), ('S', 0))",19,51,complete,51,0,0,True,True,True
dsC7O2H10nsd_4673.xyz,4673,"(('Br', 0), ('C', 7), ('Cl', 0), ('F', 0), ('H', 10), ('I', 0), ('N', 0), ('O', 2), ('S', 0))",19,51,complete,51,0,0,True,True,True
dsC7O2H10nsd_4674.xyz,4674,"(('Br', 0), ('C', 7), ('Cl', 0), ('F', 0), ('H', 10), ('I', 0), ('N', 0), ('O', 2), ('S', 0))",19,51,complete,51,0,0,True,True,True
dsC7O2H10nsd_4675.xyz,4675,"(('Br', 0), ('C', 7), ('Cl', 0), ('F', 0), ('H', 10), ('I', 0), ('N', 0), ('O', 2), ('S', 0))",19,51,complete,51,0,0,False,False,True
dsC7O2H10nsd_4676.xyz,4676,"(('Br', 0), ('C', 7), ('Cl', 0), ('F', 0), ('H', 10), ('I', 0), ('N', 0), ('O', 2), ('S', 0))",19,51,complete,51,0,0,False,False,True
dsC7O2H10nsd_4677.xyz,4677,"(('Br', 0), ('C', 7), ('Cl', 0), ('F', 0), ('H', 10), ('I', 0), ('N', 0), ('O', 2), ('S', 0))",19,51,complete,51,0,0,False,False,True
dsC7O2H10nsd_4678.xyz,4678,"(('Br', 0), ('C', 7), ('Cl', 0), ('F', 0), ('H', 10), ('I', 0), ('N', 0), ('O', 2), ('S', 0))",19,51,complete,51,0,0,False,False,True
dsC7O2H10nsd_4679.xyz,4679,"(('Br', 0), ('C', 7), ('Cl', 0), ('F', 0), ('H', 10), ('I', 0), ('N', 0), ('O', 2), ('S', 0))",19,51,complete,51,0,0,False,False,True
dsC7O2H10nsd_4680.xyz,4680,"(('Br', 0), ('C', 7), ('Cl', 0), ('F', 0), ('H', 10), ('I', 0), ('N', 0), ('O', 2), ('S', 0))",19,51,complete,51,0,0,False,False,True
dsC7O2H10nsd_4681.xyz,4681,"(('Br', 0), ('C', 7), ('Cl', 0), ('F', 0), ('H', 10), ('I', 0), ('N', 0), ('O', 2), ('S', 0))",19,51,complete,51,0,0,True,True,True
dsC7O2H10nsd_4682.xyz,4682,"(('Br', 0), ('C', 7), ('Cl', 0), ('F', 0), ('H', 10), ('I', 0), ('N', 0), ('O', 2), ('S', 0))",19,51,complete,51,0,0,False,False,True
dsC7O2H10nsd_4683.xyz,4683,"(('Br', 0), ('C', 7), ('Cl', 0), ('F', 0), ('H', 10), ('I', 0), ('N', 0), ('O', 2), ('S', 0))",19,51,complete,51,0,0,False,False,True
dsC7O2H10nsd_4684.xyz,4684,"(('Br', 0), ('C', 7), ('Cl', 0), ('F', 0), ('H', 10), ('I', 0), ('N', 0), ('O', 2), ('S', 0))",19,51,complete,51,0,0,False,False,True
dsC7O2H10nsd_4685.xyz,4685,"(('Br', 0), ('C', 7), ('Cl', 0), ('F', 0), ('H', 10), ('I', 0), ('N', 0), ('O', 2), ('S', 0))",19,51,complete,51,0,0,False,False,True
dsC7O2H10nsd_4686.xyz,4686,"(('Br', 0), ('C', 7), ('Cl', 0), ('F', 0), ('H', 10), ('I', 0), ('N', 0), ('O', 2), ('S', 0))",19,51,complete,51,0,0,False,False,True
dsC7O2H10nsd_4687.xyz,4687,"(('Br', 0), ('C', 7), ('Cl', 0), ('F', 0), ('H', 10), ('I', 0), ('N', 0), ('O', 2), ('S', 0))",19,51,complete,51,0,0,False,True,True
dsC7O2H10nsd_4688.xyz,4688,"(('Br', 0), ('C', 7), ('Cl', 0), ('F', 0), ('H', 10), ('I', 0), ('N', 0), ('O', 2), ('S', 0))",19,51,complete,51,0,0,False,True,True
dsC7O2H10nsd_4689.xyz,4689,"(('Br', 0), ('C', 7), ('Cl', 0), ('F', 0), ('H', 10), ('I', 0), ('N', 0), ('O', 2), ('S', 0))",19,51,complete,51,0,0,False,False,True
dsC7O2H10nsd_4690.xyz,4690,"(('Br', 0), ('C', 7), ('Cl', 0), ('F', 0), ('H', 10), ('I', 0), ('N', 0), ('O', 2), ('S', 0))",19,51,complete,51,0,0,False,False,True
dsC7O2H10nsd_4691.xyz,4691,"(('Br', 0), ('C', 7), ('Cl', 0), ('F', 0), ('H', 10), ('I', 0), ('N', 0), ('O', 2), ('S', 0))",19,51,complete,51,0,0,False,False,True
dsC7O2H10nsd_4692.xyz,4692,"(('Br', 0), ('C', 7), ('Cl', 0), ('F', 0), ('H', 10), ('I', 0), ('N', 0), ('O', 2), ('S', 0))",19,51,complete,51,0,0,False,False,True
dsC7O2H10nsd_4693.xyz,4693,"(('Br', 0), ('C', 7), ('Cl', 0), ('F', 0), ('H', 10), ('I', 0), ('N', 0), ('O', 2), ('S', 0))",19,51,complete,51,0,0,False,False,True
dsC7O2H10nsd_4694.xyz,4694,"(('Br', 0), ('C', 7), ('Cl', 0), ('F', 0), ('H', 10), ('I', 0), ('N', 0), ('O', 2), ('S', 0))",19,51,complete,51,0,0,False,False,True
dsC7O2H10nsd_4695.xyz,4695,"(('Br', 0), ('C', 7), ('Cl', 0), ('F', 0), ('H', 10), ('I', 0), ('N', 0), ('O', 2), ('S', 0))",19,51,complete,51,0,0,False,False,True
dsC7O2H10nsd_4696.xyz,4696,"(('Br', 0), ('C', 7), ('Cl', 0), ('F', 0), ('H', 10), ('I', 0), ('N', 0), ('O', 2), ('S', 0))",19,51,complete,51,0,0,False,False,True
dsC7O2H10nsd_4697.xyz,4697,"(('Br', 0), ('C', 7), ('Cl', 0), ('F', 0), ('H', 10), ('I', 0), ('N', 0), ('O', 2), ('S', 0))",19,51,complete,51,0,0,True,True,True
dsC7O2H10nsd_4698.xyz,4698,"(('Br', 0), ('C', 7), ('Cl', 0), ('F', 0), ('H', 10), ('I', 0), ('N', 0), ('O', 2), ('S', 0))",19,51,complete,51,0,0,True,True,True
dsC7O2H10nsd_4699.xyz,4699,"(('Br', 0), ('C', 7), ('Cl', 0), ('F', 0), ('H', 10), ('I', 0), ('N', 0), ('O', 2), ('S', 0))",19,51,complete,51,0,0,True,True,True
dsC7O2H10nsd_4700.xyz,4700,"(('Br', 0), ('C', 7), ('Cl', 0), ('F', 0), ('H', 10), ('I', 0), ('N', 0), ('O', 2), ('S', 0))",19,51,complete,51,0,0,True,True,True
dsC7O2H10nsd_4701.xyz,4701,"(('Br', 0), ('C', 7), ('Cl', 0), ('F', 0), ('H', 10), ('I', 0), ('N', 0), ('O', 2), ('S', 0))",19,51,complete,51,0,0,True,True,True
dsC7O2H10nsd_4702.xyz,4702,"(('Br', 0), ('C', 7), ('Cl', 0), ('F', 0), ('H', 10), ('I', 0), ('N', 0), ('O', 2), ('S', 0))",19,51,complete,51,0,0,True,True,True
dsC7O2H10nsd_4703.xyz,4703,"(('Br', 0), ('C', 7), ('Cl', 0), ('F', 0), ('H', 10), ('I', 0), ('N', 0), ('O', 2), ('S', 0))",19,51,complete,51,0,0,True,True,True
dsC7O2H10nsd_4704.xyz,4704,"(('Br', 0), ('C', 7), ('Cl', 0), ('F', 0), ('H', 10), ('I', 0), ('N', 0), ('O', 2), ('S', 0))",19,102,incomplete_count,102,0,0,False,False,True
dsC7O2H10nsd_4705.xyz,4705,"(('Br', 0), ('C', 7), ('Cl', 0), ('F', 0), ('H', 10), ('I', 0), ('N', 0), ('O', 2), ('S', 0))",19,51,complete,51,0,0,False,False,True
dsC7O2H10nsd_4706.xyz,4706,"(('Br', 0), ('C', 7), ('Cl', 0), ('F', 0), ('H', 10), ('I', 0), ('N', 0), ('O', 2), ('S', 0))",19,51,complete,51,0,0,False,False,True
dsC7O2H10nsd_4707.xyz,4707,"(('Br', 0), ('C', 7), ('Cl', 0), ('F', 0), ('H', 10), ('I', 0), ('N', 0), ('O', 2), ('S', 0))",19,51,complete,51,0,0,False,False,True
dsC7O2H10nsd_4708.xyz,4708,"(('Br', 0), ('C', 7), ('Cl', 0), ('F', 0), ('H', 10), ('I', 0), ('N', 0), ('O', 2), ('S', 0))",19,51,complete,51,0,0,False,False,True
dsC7O2H10nsd_4709.xyz,4709,"(('Br', 0), ('C', 7), ('Cl', 0), ('F', 0), ('H', 10), ('I', 0), ('N', 0), ('O', 2), ('S', 0))",19,51,complete,51,0,0,False,False,True
dsC7O2H10nsd_4710.xyz,4710,"(('Br', 0), ('C', 7), ('Cl', 0), ('F', 0), ('H', 10), ('I', 0), ('N', 0), ('O', 2), ('S', 0))",19,51,complete,51,0,0,False,False,True
dsC7O2H10nsd_4711.xyz,4711,"(('Br', 0), ('C', 7), ('Cl', 0), ('F', 0), ('H', 10), ('I', 0), ('N', 0), ('O', 2), ('S', 0))",19,51,complete,51,0,0,False,False,True
dsC7O2H10nsd_4712.xyz,4712,"(('Br', 0), ('C', 7), ('Cl', 0), ('F', 0), ('H', 10), ('I', 0), ('N', 0), ('O', 2), ('S', 0))",19,51,complete,51,0,0,False,False,True
dsC7O2H10nsd_4713.xyz,4713,"(('Br', 0), ('C', 7), ('Cl', 0), ('F', 0), ('H', 10), ('I', 0), ('N', 0), ('O', 2), ('S', 0))",19,51,complete,51,0,0,False,False,True
dsC7O2H10nsd_4714.xyz,4714,"(('Br', 0), ('C', 7), ('Cl', 0), ('F', 0), ('H', 10), ('I', 0), ('N', 0), ('O', 2), ('S', 0))",19,51,complete,51,0,0,False,False,True
dsC7O2H10nsd_4715.xyz,4715,"(('Br', 0), ('C', 7), ('Cl', 0), ('F', 0), ('H', 10), ('I', 0), ('N', 0), ('O', 2), ('S', 0))",19,51,complete,51,0,0,False,False,True
dsC7O2H10nsd_4716.xyz,4716,"(('Br', 0), ('C', 7), ('Cl', 0), ('F', 0), ('H', 10), ('I', 0), ('N', 0), ('O', 2), ('S', 0))",19,51,complete,51,0,0,False,False,True
dsC7O2H10nsd_4717.xyz,4717,"(('Br', 0), ('C', 7), ('Cl', 0), ('F', 0), ('H', 10), ('I', 0), ('N', 0), ('O', 2), ('S', 0))",19,51,complete,51,0,0,False,False,True
dsC7O2H10nsd_4718.xyz,4718,"(('Br', 0), ('C', 7), ('Cl', 0), ('F', 0), ('H', 10), ('I', 0), ('N', 0), ('O', 2), ('S', 0))",19,51,complete,51,0,0,False,False,True
dsC7O2H10nsd_4719.xyz,4719,"(('Br', 0), ('C', 7), ('Cl', 0), ('F', 0), ('H', 10), ('I', 0), ('N', 0), ('O', 2), ('S', 0))",19,51,complete,51,0,0,False,False,True
dsC7O2H10nsd_4720.xyz,4720,"(('Br', 0), ('C', 7), ('Cl', 0), ('F', 0), ('H', 10), ('I', 0), ('N', 0), ('O', 2), ('S', 0))",19,51,complete,51,0,0,False,False,True
dsC7O2H10nsd_4721.xyz,4721,"(('Br', 0), ('C', 7), ('Cl', 0), ('F', 0), ('H', 10), ('I', 0), ('N', 0), ('O', 2), ('S', 0))",19,51,complete,51,0,0,False,False,True
dsC7O2H10nsd_4722.xyz,4722,"(('Br', 0), ('C', 7), ('Cl', 0), ('F', 0), ('H', 10), ('I', 0), ('N', 0), ('O', 2), ('S', 0))",19,51,complete,51,0,0,False,False,True
dsC7O2H10nsd_4723.xyz,4723,"(('Br', 0), ('C', 7), ('Cl', 0), ('F', 0), ('H', 10), ('I', 0), ('N', 0), ('O', 2), ('S', 0))",19,51,complete,51,0,0,False,False,True
dsC7O2H10nsd_4724.xyz,4724,"(('Br', 0), ('C', 7), ('Cl', 0), ('F', 0), ('H', 10), ('I', 0), ('N', 0), ('O', 2), ('S', 0))",19,51,complete,51,0,0,False,False,True
dsC7O2H10nsd_4725.xyz,4725,"(('Br', 0), ('C', 7), ('Cl', 0), ('F', 0), ('H', 10), ('I', 0), ('N', 0), ('O', 2), ('S', 0))",19,102,incomplete_count,102,0,0,False,False,True
dsC7O2H10nsd_4726.xyz,4726,"(('Br', 0), ('C', 7), ('Cl', 0), ('F', 0), ('H', 10), ('I', 0), ('N', 0), ('O', 2), ('S', 0))",19,51,complete,51,0,0,False,False,True
dsC7O2H10nsd_4727.xyz,4727,"(('Br', 0), ('C', 7), ('Cl', 0), ('F', 0), ('H', 10), ('I', 0), ('N', 0), ('O', 2), ('S', 0))",19,51,complete,51,0,0,False,False,True
dsC7O2H10nsd_4728.xyz,4728,"(('Br', 0), ('C', 7), ('Cl', 0), ('F', 0), ('H', 10), ('I', 0), ('N', 0), ('O', 2), ('S', 0))",19,51,complete,51,0,0,False,False,True
dsC7O2H10nsd_4729.xyz,4729,"(('Br', 0), ('C', 7), ('Cl', 0), ('F', 0), ('H', 10), ('I', 0), ('N', 0), ('O', 2), ('S', 0))",19,51,complete,51,0,0,False,False,True
dsC7O2H10nsd_4730.xyz,4730,"(('Br', 0), ('C', 7), ('Cl', 0), ('F', 0), ('H', 10), ('I', 0), ('N', 0), ('O', 2), ('S', 0))",19,51,complete,51,0,0,False,False,True
dsC7O2H10nsd_4731.xyz,4731,"(('Br', 0), ('C', 7), ('Cl', 0), ('F', 0), ('H', 10), ('I', 0), ('N', 0), ('O', 2), ('S', 0))",19,51,complete,51,0,0,False,False,True
dsC7O2H10nsd_4732.xyz,4732,"(('Br', 0), ('C', 7), ('Cl', 0), ('F', 0), ('H', 10), ('I', 0), ('N', 0), ('O', 2), ('S', 0))",19,51,complete,51,0,0,False,False,True
dsC7O2H10nsd_4733.xyz,4733,"(('Br', 0), ('C', 7), ('Cl', 0), ('F', 0), ('H', 10), ('I', 0), ('N', 0), ('O', 2), ('S', 0))",19,51,complete,51,0,0,False,False,True
dsC7O2H10nsd_4734.xyz,4734,"(('Br', 0), ('C', 7), ('Cl', 0), ('F', 0), ('H', 10), ('I', 0), ('N', 0), ('O', 2), ('S', 0))",19,51,complete,51,0,0,True,True,True
dsC7O2H10nsd_4735.xyz,4735,"(('Br', 0), ('C', 7), ('Cl', 0), ('F', 0), ('H', 10), ('I', 0), ('N', 0), ('O', 2), ('S', 0))",19,51,complete,51,0,0,False,False,True
dsC7O2H10nsd_4736.xyz,4736,"(('Br', 0), ('C', 7), ('Cl', 0), ('F', 0), ('H', 10), ('I', 0), ('N', 0), ('O', 2), ('S', 0))",19,51,complete,51,0,0,True,True,True
dsC7O2H10nsd_4737.xyz,4737,"(('Br', 0), ('C', 7), ('Cl', 0), ('F', 0), ('H', 10), ('I', 0), ('N', 0), ('O', 2), ('S', 0))",19,51,complete,51,0,0,True,True,True
dsC7O2H10nsd_4738.xyz,4738,"(('Br', 0), ('C', 7), ('Cl', 0), ('F', 0), ('H', 10), ('I', 0), ('N', 0), ('O', 2), ('S', 0))",19,51,complete,51,0,0,False,False,True
dsC7O2H10nsd_4739.xyz,4739,"(('Br', 0), ('C', 7), ('Cl', 0), ('F', 0), ('H', 10), ('I', 0), ('N', 0), ('O', 2), ('S', 0))",19,51,complete,51,0,0,True,True,True
dsC7O2H10nsd_4740.xyz,4740,"(('Br', 0), ('C', 7), ('Cl', 0), ('F', 0), ('H', 10), ('I', 0), ('N', 0), ('O', 2), ('S', 0))",19,51,complete,51,0,0,False,False,True
dsC7O2H10nsd_4741.xyz,4741,"(('Br', 0), ('C', 7), ('Cl', 0), ('F', 0), ('H', 10), ('I', 0), ('N', 0), ('O', 2), ('S', 0))",19,51,complete,51,0,0,False,False,True
dsC7O2H10nsd_4742.xyz,4742,"(('Br', 0), ('C', 7), ('Cl', 0), ('F', 0), ('H', 10), ('I', 0), ('N', 0), ('O', 2), ('S', 0))",19,51,complete,51,0,0,False,False,True
dsC7O2H10nsd_4743.xyz,4743,"(('Br', 0), ('C', 7), ('Cl', 0), ('F', 0), ('H', 10), ('I', 0), ('N', 0), ('O', 2), ('S', 0))",19,51,complete,51,0,0,False,False,True
dsC7O2H10nsd_4744.xyz,4744,"(('Br', 0), ('C', 7), ('Cl', 0), ('F', 0), ('H', 10), ('I', 0), ('N', 0), ('O', 2), ('S', 0))",19,51,complete,51,0,0,False,False,True
dsC7O2H10nsd_4745.xyz,4745,"(('Br', 0), ('C', 7), ('Cl', 0), ('F', 0), ('H', 10), ('I', 0), ('N', 0), ('O', 2), ('S', 0))",19,51,complete,51,0,0,False,False,True
dsC7O2H10nsd_4746.xyz,4746,"(('Br', 0), ('C', 7), ('Cl', 0), ('F', 0), ('H', 10), ('I', 0), ('N', 0), ('O', 2), ('S', 0))",19,51,complete,51,0,0,False,False,True
dsC7O2H10nsd_4747.xyz,4747,"(('Br', 0), ('C', 7), ('Cl', 0), ('F', 0), ('H', 10), ('I', 0), ('N', 0), ('O', 2), ('S', 0))",19,51,complete,51,0,0,False,False,True
dsC7O2H10nsd_4748.xyz,4748,"(('Br', 0), ('C', 7), ('Cl', 0), ('F', 0), ('H', 10), ('I', 0), ('N', 0), ('O', 2), ('S', 0))",19,51,complete,51,0,0,False,False,True
dsC7O2H10nsd_4749.xyz,4749,"(('Br', 0), ('C', 7), ('Cl', 0), ('F', 0), ('H', 10), ('I', 0), ('N', 0), ('O', 2), ('S', 0))",19,51,complete,51,0,0,False,False,True
dsC7O2H10nsd_4750.xyz,4750,"(('Br', 0), ('C', 7), ('Cl', 0), ('F', 0), ('H', 10), ('I', 0), ('N', 0), ('O', 2), ('S', 0))",19,51,complete,51,0,0,False,False,True
dsC7O2H10nsd_4751.xyz,4751,"(('Br', 0), ('C', 7), ('Cl', 0), ('F', 0), ('H', 10), ('I', 0), ('N', 0), ('O', 2), ('S', 0))",19,51,complete,51,0,0,False,False,True
dsC7O2H10nsd_4752.xyz,4752,"(('Br', 0), ('C', 7), ('Cl', 0), ('F', 0), ('H', 10), ('I', 0), ('N', 0), ('O', 2), ('S', 0))",19,51,complete,51,0,0,False,False,True
dsC7O2H10nsd_4753.xyz,4753,"(('Br', 0), ('C', 7), ('Cl', 0), ('F', 0), ('H', 10), ('I', 0), ('N', 0), ('O', 2), ('S', 0))",19,51,complete,51,0,0,False,False,True
dsC7O2H10nsd_4754.xyz,4754,"(('Br', 0), ('C', 7), ('Cl', 0), ('F', 0), ('H', 10), ('I', 0), ('N', 0), ('O', 2), ('S', 0))",19,51,complete,51,0,0,False,False,True
dsC7O2H10nsd_4755.xyz,4755,"(('Br', 0), ('C', 7), ('Cl', 0), ('F', 0), ('H', 10), ('I', 0), ('N', 0), ('O', 2), ('S', 0))",19,51,complete,51,0,0,False,False,True
dsC7O2H10nsd_4756.xyz,4756,"(('Br', 0), ('C', 7), ('Cl', 0), ('F', 0), ('H', 10), ('I', 0), ('N', 0), ('O', 2), ('S', 0))",19,51,complete,51,0,0,False,False,True
dsC7O2H10nsd_4757.xyz,4757,"(('Br', 0), ('C', 7), ('Cl', 0), ('F', 0), ('H', 10), ('I', 0), ('N', 0), ('O', 2), ('S', 0))",19,51,complete,51,0,0,False,False,True
dsC7O2H10nsd_4758.xyz,4758,"(('Br', 0), ('C', 7), ('Cl', 0), ('F', 0), ('H', 10), ('I', 0), ('N', 0), ('O', 2), ('S', 0))",19,51,complete,51,0,0,False,False,True
dsC7O2H10nsd_4759.xyz,4759,"(('Br', 0), ('C', 7), ('Cl', 0), ('F', 0), ('H', 10), ('I', 0), ('N', 0), ('O', 2), ('S', 0))",19,51,complete,51,0,0,False,False,True
dsC7O2H10nsd_4760.xyz,4760,"(('Br', 0), ('C', 7), ('Cl', 0), ('F', 0), ('H', 10), ('I', 0), ('N', 0), ('O', 2), ('S', 0))",19,51,complete,51,0,0,False,False,True
dsC7O2H10nsd_4761.xyz,4761,"(('Br', 0), ('C', 7), ('Cl', 0), ('F', 0), ('H', 10), ('I', 0), ('N', 0), ('O', 2), ('S', 0))",19,51,complete,51,0,0,False,False,True
dsC7O2H10nsd_4762.xyz,4762,"(('Br', 0), ('C', 7), ('Cl', 0), ('F', 0), ('H', 10), ('I', 0), ('N', 0), ('O', 2), ('S', 0))",19,51,complete,51,0,0,False,False,True
dsC7O2H10nsd_4763.xyz,4763,"(('Br', 0), ('C', 7), ('Cl', 0), ('F', 0), ('H', 10), ('I', 0), ('N', 0), ('O', 2), ('S', 0))",19,51,complete,51,0,0,False,False,True
dsC7O2H10nsd_4764.xyz,4764,"(('Br', 0), ('C', 7), ('Cl', 0), ('F', 0), ('H', 10), ('I', 0), ('N', 0), ('O', 2), ('S', 0))",19,51,complete,51,0,0,False,False,True
dsC7O2H10nsd_4765.xyz,4765,"(('Br', 0), ('C', 7), ('Cl', 0), ('F', 0), ('H', 10), ('I', 0), ('N', 0), ('O', 2), ('S', 0))",19,51,complete,51,0,0,False,False,True
dsC7O2H10nsd_4766.xyz,4766,"(('Br', 0), ('C', 7), ('Cl', 0), ('F', 0), ('H', 10), ('I', 0), ('N', 0), ('O', 2), ('S', 0))",19,51,complete,51,0,0,False,False,True
dsC7O2H10nsd_4767.xyz,4767,"(('Br', 0), ('C', 7), ('Cl', 0), ('F', 0), ('H', 10), ('I', 0), ('N', 0), ('O', 2), ('S', 0))",19,51,complete,51,0,0,False,False,True
dsC7O2H10nsd_4768.xyz,4768,"(('Br', 0), ('C', 7), ('Cl', 0), ('F', 0), ('H', 10), ('I', 0), ('N', 0), ('O', 2), ('S', 0))",19,51,complete,51,0,0,False,False,True
dsC7O2H10nsd_4769.xyz,4769,"(('Br', 0), ('C', 7), ('Cl', 0), ('F', 0), ('H', 10), ('I', 0), ('N', 0), ('O', 2), ('S', 0))",19,51,complete,51,0,0,False,False,True
dsC7O2H10nsd_4770.xyz,4770,"(('Br', 0), ('C', 7), ('Cl', 0), ('F', 0), ('H', 10), ('I', 0), ('N', 0), ('O', 2), ('S', 0))",19,51,complete,51,0,0,False,False,True
dsC7O2H10nsd_4771.xyz,4771,"(('Br', 0), ('C', 7), ('Cl', 0), ('F', 0), ('H', 10), ('I', 0), ('N', 0), ('O', 2), ('S', 0))",19,51,complete,51,0,0,False,False,True
dsC7O2H10nsd_4772.xyz,4772,"(('Br', 0), ('C', 7), ('Cl', 0), ('F', 0), ('H', 10), ('I', 0), ('N', 0), ('O', 2), ('S', 0))",19,51,complete,51,0,0,False,False,True
dsC7O2H10nsd_4773.xyz,4773,"(('Br', 0), ('C', 7), ('Cl', 0), ('F', 0), ('H', 10), ('I', 0), ('N', 0), ('O', 2), ('S', 0))",19,51,complete,51,0,0,False,False,True
dsC7O2H10nsd_4774.xyz,4774,"(('Br', 0), ('C', 7), ('Cl', 0), ('F', 0), ('H', 10), ('I', 0), ('N', 0), ('O', 2), ('S', 0))",19,51,complete,51,0,0,False,False,True
dsC7O2H10nsd_4775.xyz,4775,"(('Br', 0), ('C', 7), ('Cl', 0), ('F', 0), ('H', 10), ('I', 0), ('N', 0), ('O', 2), ('S', 0))",19,51,complete,51,0,0,False,False,True
dsC7O2H10nsd_4776.xyz,4776,"(('Br', 0), ('C', 7), ('Cl', 0), ('F', 0), ('H', 10), ('I', 0), ('N', 0), ('O', 2), ('S', 0))",19,51,complete,51,0,0,False,False,True
dsC7O2H10nsd_4777.xyz,4777,"(('Br', 0), ('C', 7), ('Cl', 0), ('F', 0), ('H', 10), ('I', 0), ('N', 0), ('O', 2), ('S', 0))",19,51,complete,51,0,0,False,False,True
dsC7O2H10nsd_4778.xyz,4778,"(('Br', 0), ('C', 7), ('Cl', 0), ('F', 0), ('H', 10), ('I', 0), ('N', 0), ('O', 2), ('S', 0))",19,51,complete,51,0,0,False,False,True
dsC7O2H10nsd_4779.xyz,4779,"(('Br', 0), ('C', 7), ('Cl', 0), ('F', 0), ('H', 10), ('I', 0), ('N', 0), ('O', 2), ('S', 0))",19,51,complete,51,0,0,False,False,True
dsC7O2H10nsd_4780.xyz,4780,"(('Br', 0), ('C', 7), ('Cl', 0), ('F', 0), ('H', 10), ('I', 0), ('N', 0), ('O', 2), ('S', 0))",19,51,complete,51,0,0,False,False,True
dsC7O2H10nsd_4781.xyz,4781,"(('Br', 0), ('C', 7), ('Cl', 0), ('F', 0), ('H', 10), ('I', 0), ('N', 0), ('O', 2), ('S', 0))",19,51,complete,51,0,0,False,False,True
dsC7O2H10nsd_4782.xyz,4782,"(('Br', 0), ('C', 7), ('Cl', 0), ('F', 0), ('H', 10), ('I', 0), ('N', 0), ('O', 2), ('S', 0))",19,51,complete,51,0,0,False,False,True
dsC7O2H10nsd_4783.xyz,4783,"(('Br', 0), ('C', 7), ('Cl', 0), ('F', 0), ('H', 10), ('I', 0), ('N', 0), ('O', 2), ('S', 0))",19,51,complete,51,0,0,False,False,True
dsC7O2H10nsd_4784.xyz,4784,"(('Br', 0), ('C', 7), ('Cl', 0), ('F', 0), ('H', 10), ('I', 0), ('N', 0), ('O', 2), ('S', 0))",19,51,complete,51,0,0,False,False,True
dsC7O2H10nsd_4785.xyz,4785,"(('Br', 0), ('C', 7), ('Cl', 0), ('F', 0), ('H', 10), ('I', 0), ('N', 0), ('O', 2), ('S', 0))",19,51,complete,51,0,0,False,False,True
dsC7O2H10nsd_4786.xyz,4786,"(('Br', 0), ('C', 7), ('Cl', 0), ('F', 0), ('H', 10), ('I', 0), ('N', 0), ('O', 2), ('S', 0))",19,51,complete,51,0,0,False,False,True
dsC7O2H10nsd_4787.xyz,4787,"(('Br', 0), ('C', 7), ('Cl', 0), ('F', 0), ('H', 10), ('I', 0), ('N', 0), ('O', 2), ('S', 0))",19,51,complete,51,0,0,False,False,True
dsC7O2H10nsd_4788.xyz,4788,"(('Br', 0), ('C', 7), ('Cl', 0), ('F', 0), ('H', 10), ('I', 0), ('N', 0), ('O', 2), ('S', 0))",19,51,complete,51,0,0,False,False,True
dsC7O2H10nsd_4789.xyz,4789,"(('Br', 0), ('C', 7), ('Cl', 0), ('F', 0), ('H', 10), ('I', 0), ('N', 0), ('O', 2), ('S', 0))",19,51,complete,51,0,0,False,False,True
dsC7O2H10nsd_4790.xyz,4790,"(('Br', 0), ('C', 7), ('Cl', 0), ('F', 0), ('H', 10), ('I', 0), ('N', 0), ('O', 2), ('S', 0))",19,51,complete,51,0,0,False,False,True
dsC7O2H10nsd_4791.xyz,4791,"(('Br', 0), ('C', 7), ('Cl', 0), ('F', 0), ('H', 10), ('I', 0), ('N', 0), ('O', 2), ('S', 0))",19,51,complete,51,0,0,False,False,True
dsC7O2H10nsd_4792.xyz,4792,"(('Br', 0), ('C', 7), ('Cl', 0), ('F', 0), ('H', 10), ('I', 0), ('N', 0), ('O', 2), ('S', 0))",19,51,complete,51,0,0,False,False,True
dsC7O2H10nsd_4793.xyz,4793,"(('Br', 0), ('C', 7), ('Cl', 0), ('F', 0), ('H', 10), ('I', 0), ('N', 0), ('O', 2), ('S', 0))",19,51,complete,51,0,0,False,False,True
dsC7O2H10nsd_4794.xyz,4794,"(('Br', 0), ('C', 7), ('Cl', 0), ('F', 0), ('H', 10), ('I', 0), ('N', 0), ('O', 2), ('S', 0))",19,51,complete,51,0,0,False,False,True
dsC7O2H10nsd_4795.xyz,4795,"(('Br', 0), ('C', 7), ('Cl', 0), ('F', 0), ('H', 10), ('I', 0), ('N', 0), ('O', 2), ('S', 0))",19,51,complete,51,0,0,False,False,True
dsC7O2H10nsd_4796.xyz,4796,"(('Br', 0), ('C', 7), ('Cl', 0), ('F', 0), ('H', 10), ('I', 0), ('N', 0), ('O', 2), ('S', 0))",19,51,complete,51,0,0,False,False,True
dsC7O2H10nsd_4797.xyz,4797,"(('Br', 0), ('C', 7), ('Cl', 0), ('F', 0), ('H', 10), ('I', 0), ('N', 0), ('O', 2), ('S', 0))",19,51,complete,51,0,0,False,False,True
dsC7O2H10nsd_4798.xyz,4798,"(('Br', 0), ('C', 7), ('Cl', 0), ('F', 0), ('H', 10), ('I', 0), ('N', 0), ('O', 2), ('S', 0))",19,51,complete,51,0,0,False,False,True
dsC7O2H10nsd_4799.xyz,4799,"(('Br', 0), ('C', 7), ('Cl', 0), ('F', 0), ('H', 10), ('I', 0), ('N', 0), ('O', 2), ('S', 0))",19,51,complete,51,0,0,False,False,True
dsC7O2H10nsd_4800.xyz,4800,"(('Br', 0), ('C', 7), ('Cl', 0), ('F', 0), ('H', 10), ('I', 0), ('N', 0), ('O', 2), ('S', 0))",19,51,complete,51,0,0,False,False,True
dsC7O2H10nsd_4801.xyz,4801,"(('Br', 0), ('C', 7), ('Cl', 0), ('F', 0), ('H', 10), ('I', 0), ('N', 0), ('O', 2), ('S', 0))",19,51,complete,51,0,0,False,False,True
dsC7O2H10nsd_4802.xyz,4802,"(('Br', 0), ('C', 7), ('Cl', 0), ('F', 0), ('H', 10), ('I', 0), ('N', 0), ('O', 2), ('S', 0))",19,51,complete,51,0,0,False,False,True
dsC7O2H10nsd_4803.xyz,4803,"(('Br', 0), ('C', 7), ('Cl', 0), ('F', 0), ('H', 10), ('I', 0), ('N', 0), ('O', 2), ('S', 0))",19,51,complete,51,0,0,False,False,True
dsC7O2H10nsd_4804.xyz,4804,"(('Br', 0), ('C', 7), ('Cl', 0), ('F', 0), ('H', 10), ('I', 0), ('N', 0), ('O', 2), ('S', 0))",19,51,complete,51,0,0,False,False,True
dsC7O2H10nsd_4805.xyz,4805,"(('Br', 0), ('C', 7), ('Cl', 0), ('F', 0), ('H', 10), ('I', 0), ('N', 0), ('O', 2), ('S', 0))",19,51,complete,51,0,0,False,False,True
dsC7O2H10nsd_4806.xyz,4806,"(('Br', 0), ('C', 7), ('Cl', 0), ('F', 0), ('H', 10), ('I', 0), ('N', 0), ('O', 2), ('S', 0))",19,51,complete,51,0,0,False,False,True
dsC7O2H10nsd_4807.xyz,4807,"(('Br', 0), ('C', 7), ('Cl', 0), ('F', 0), ('H', 10), ('I', 0), ('N', 0), ('O', 2), ('S', 0))",19,51,complete,51,0,0,False,False,True
dsC7O2H10nsd_4808.xyz,4808,"(('Br', 0), ('C', 7), ('Cl', 0), ('F', 0), ('H', 10), ('I', 0), ('N', 0), ('O', 2), ('S', 0))",19,51,complete,51,0,0,False,False,True
dsC7O2H10nsd_4809.xyz,4809,"(('Br', 0), ('C', 7), ('Cl', 0), ('F', 0), ('H', 10), ('I', 0), ('N', 0), ('O', 2), ('S', 0))",19,51,complete,51,0,0,False,False,True
dsC7O2H10nsd_4810.xyz,4810,"(('Br', 0), ('C', 7), ('Cl', 0), ('F', 0), ('H', 10), ('I', 0), ('N', 0), ('O', 2), ('S', 0))",19,51,complete,51,0,0,False,False,True
dsC7O2H10nsd_4811.xyz,4811,"(('Br', 0), ('C', 7), ('Cl', 0), ('F', 0), ('H', 10), ('I', 0), ('N', 0), ('O', 2), ('S', 0))",19,51,complete,51,0,0,False,False,True
dsC7O2H10nsd_4812.xyz,4812,"(('Br', 0), ('C', 7), ('Cl', 0), ('F', 0), ('H', 10), ('I', 0), ('N', 0), ('O', 2), ('S', 0))",19,51,complete,51,0,0,False,False,True
dsC7O2H10nsd_4813.xyz,4813,"(('Br', 0), ('C', 7), ('Cl', 0), ('F', 0), ('H', 10), ('I', 0), ('N', 0), ('O', 2), ('S', 0))",19,51,complete,51,0,0,False,False,True
dsC7O2H10nsd_4814.xyz,4814,"(('Br', 0), ('C', 7), ('Cl', 0), ('F', 0), ('H', 10), ('I', 0), ('N', 0), ('O', 2), ('S', 0))",19,51,complete,51,0,0,False,False,True
dsC7O2H10nsd_4815.xyz,4815,"(('Br', 0), ('C', 7), ('Cl', 0), ('F', 0), ('H', 10), ('I', 0), ('N', 0), ('O', 2), ('S', 0))",19,51,complete,51,0,0,False,False,True
dsC7O2H10nsd_4816.xyz,4816,"(('Br', 0), ('C', 7), ('Cl', 0), ('F', 0), ('H', 10), ('I', 0), ('N', 0), ('O', 2), ('S', 0))",19,51,complete,51,0,0,False,False,True
dsC7O2H10nsd_4817.xyz,4817,"(('Br', 0), ('C', 7), ('Cl', 0), ('F', 0), ('H', 10), ('I', 0), ('N', 0), ('O', 2), ('S', 0))",19,51,complete,51,0,0,False,False,True
dsC7O2H10nsd_4818.xyz,4818,"(('Br', 0), ('C', 7), ('Cl', 0), ('F', 0), ('H', 10), ('I', 0), ('N', 0), ('O', 2), ('S', 0))",19,51,complete,51,0,0,False,False,True
dsC7O2H10nsd_4819.xyz,4819,"(('Br', 0), ('C', 7), ('Cl', 0), ('F', 0), ('H', 10), ('I', 0), ('N', 0), ('O', 2), ('S', 0))",19,51,complete,51,0,0,False,False,True
dsC7O2H10nsd_4820.xyz,4820,"(('Br', 0), ('C', 7), ('Cl', 0), ('F', 0), ('H', 10), ('I', 0), ('N', 0), ('O', 2), ('S', 0))",19,51,complete,51,0,0,False,False,True
dsC7O2H10nsd_4821.xyz,4821,"(('Br', 0), ('C', 7), ('Cl', 0), ('F', 0), ('H', 10), ('I', 0), ('N', 0), ('O', 2), ('S', 0))",19,51,complete,51,0,0,False,False,True
dsC7O2H10nsd_4822.xyz,4822,"(('Br', 0), ('C', 7), ('Cl', 0), ('F', 0), ('H', 10), ('I', 0), ('N', 0), ('O', 2), ('S', 0))",19,51,complete,51,0,0,False,False,True
dsC7O2H10nsd_4823.xyz,4823,"(('Br', 0), ('C', 7), ('Cl', 0), ('F', 0), ('H', 10), ('I', 0), ('N', 0), ('O', 2), ('S', 0))",19,51,complete,51,0,0,False,False,True
dsC7O2H10nsd_4824.xyz,4824,"(('Br', 0), ('C', 7), ('Cl', 0), ('F', 0), ('H', 10), ('I', 0), ('N', 0), ('O', 2), ('S', 0))",19,51,complete,51,0,0,False,False,True
dsC7O2H10nsd_4825.xyz,4825,"(('Br', 0), ('C', 7), ('Cl', 0), ('F', 0), ('H', 10), ('I', 0), ('N', 0), ('O', 2), ('S', 0))",19,51,complete,51,0,0,False,False,True
dsC7O2H10nsd_4826.xyz,4826,"(('Br', 0), ('C', 7), ('Cl', 0), ('F', 0), ('H', 10), ('I', 0), ('N', 0), ('O', 2), ('S', 0))",19,51,complete,51,0,0,False,False,True
dsC7O2H10nsd_4827.xyz,4827,"(('Br', 0), ('C', 7), ('Cl', 0), ('F', 0), ('H', 10), ('I', 0), ('N', 0), ('O', 2), ('S', 0))",19,51,complete,51,0,0,False,False,True
dsC7O2H10nsd_4828.xyz,4828,"(('Br', 0), ('C', 7), ('Cl', 0), ('F', 0), ('H', 10), ('I', 0), ('N', 0), ('O', 2), ('S', 0))",19,51,complete,51,0,0,False,False,True
dsC7O2H10nsd_4829.xyz,4829,"(('Br', 0), ('C', 7), ('Cl', 0), ('F', 0), ('H', 10), ('I', 0), ('N', 0), ('O', 2), ('S', 0))",19,51,complete,51,0,0,False,False,True
dsC7O2H10nsd_4830.xyz,4830,"(('Br', 0), ('C', 7), ('Cl', 0), ('F', 0), ('H', 10), ('I', 0), ('N', 0), ('O', 2), ('S', 0))",19,51,complete,51,0,0,False,False,True
dsC7O2H10nsd_4831.xyz,4831,"(('Br', 0), ('C', 7), ('Cl', 0), ('F', 0), ('H', 10), ('I', 0), ('N', 0), ('O', 2), ('S', 0))",19,51,complete,51,0,0,False,False,True
dsC7O2H10nsd_4832.xyz,4832,"(('Br', 0), ('C', 7), ('Cl', 0), ('F', 0), ('H', 10), ('I', 0), ('N', 0), ('O', 2), ('S', 0))",19,51,complete,51,0,0,False,False,True
dsC7O2H10nsd_4833.xyz,4833,"(('Br', 0), ('C', 7), ('Cl', 0), ('F', 0), ('H', 10), ('I', 0), ('N', 0), ('O', 2), ('S', 0))",19,51,complete,51,0,0,False,False,True
dsC7O2H10nsd_4834.xyz,4834,"(('Br', 0), ('C', 7), ('Cl', 0), ('F', 0), ('H', 10), ('I', 0), ('N', 0), ('O', 2), ('S', 0))",19,51,complete,51,0,0,False,False,True
dsC7O2H10nsd_4835.xyz,4835,"(('Br', 0), ('C', 7), ('Cl', 0), ('F', 0), ('H', 10), ('I', 0), ('N', 0), ('O', 2), ('S', 0))",19,51,complete,51,0,0,False,False,True
dsC7O2H10nsd_4836.xyz,4836,"(('Br', 0), ('C', 7), ('Cl', 0), ('F', 0), ('H', 10), ('I', 0), ('N', 0), ('O', 2), ('S', 0))",19,51,complete,51,0,0,False,False,True
dsC7O2H10nsd_4837.xyz,4837,"(('Br', 0), ('C', 7), ('Cl', 0), ('F', 0), ('H', 10), ('I', 0), ('N', 0), ('O', 2), ('S', 0))",19,51,complete,51,0,0,False,False,True
dsC7O2H10nsd_4838.xyz,4838,"(('Br', 0), ('C', 7), ('Cl', 0), ('F', 0), ('H', 10), ('I', 0), ('N', 0), ('O', 2), ('S', 0))",19,51,complete,51,0,0,False,False,True
dsC7O2H10nsd_4839.xyz,4839,"(('Br', 0), ('C', 7), ('Cl', 0), ('F', 0), ('H', 10), ('I', 0), ('N', 0), ('O', 2), ('S', 0))",19,51,complete,51,0,0,False,False,True
dsC7O2H10nsd_4840.xyz,4840,"(('Br', 0), ('C', 7), ('Cl', 0), ('F', 0), ('H', 10), ('I', 0), ('N', 0), ('O', 2), ('S', 0))",19,51,complete,51,0,0,False,False,True
dsC7O2H10nsd_4841.xyz,4841,"(('Br', 0), ('C', 7), ('Cl', 0), ('F', 0), ('H', 10), ('I', 0), ('N', 0), ('O', 2), ('S', 0))",19,51,complete,51,0,0,False,False,True
dsC7O2H10nsd_4842.xyz,4842,"(('Br', 0), ('C', 7), ('Cl', 0), ('F', 0), ('H', 10), ('I', 0), ('N', 0), ('O', 2), ('S', 0))",19,51,complete,51,0,0,False,False,True
dsC7O2H10nsd_4843.xyz,4843,"(('Br', 0), ('C', 7), ('Cl', 0), ('F', 0), ('H', 10), ('I', 0), ('N', 0), ('O', 2), ('S', 0))",19,51,complete,51,0,0,False,False,True
dsC7O2H10nsd_4844.xyz,4844,"(('Br', 0), ('C', 7), ('Cl', 0), ('F', 0), ('H', 10), ('I', 0), ('N', 0), ('O', 2), ('S', 0))",19,51,complete,51,0,0,False,False,True
dsC7O2H10nsd_4845.xyz,4845,"(('Br', 0), ('C', 7), ('Cl', 0), ('F', 0), ('H', 10), ('I', 0), ('N', 0), ('O', 2), ('S', 0))",19,51,complete,51,0,0,False,False,True
dsC7O2H10nsd_4846.xyz,4846,"(('Br', 0), ('C', 7), ('Cl', 0), ('F', 0), ('H', 10), ('I', 0), ('N', 0), ('O', 2), ('S', 0))",19,51,complete,51,0,0,False,False,True
dsC7O2H10nsd_4847.xyz,4847,"(('Br', 0), ('C', 7), ('Cl', 0), ('F', 0), ('H', 10), ('I', 0), ('N', 0), ('O', 2), ('S', 0))",19,51,complete,51,0,0,False,False,True
dsC7O2H10nsd_4848.xyz,4848,"(('Br', 0), ('C', 7), ('Cl', 0), ('F', 0), ('H', 10), ('I', 0), ('N', 0), ('O', 2), ('S', 0))",19,51,complete,51,0,0,False,False,True
dsC7O2H10nsd_4849.xyz,4849,"(('Br', 0), ('C', 7), ('Cl', 0), ('F', 0), ('H', 10), ('I', 0), ('N', 0), ('O', 2), ('S', 0))",19,51,complete,51,0,0,False,False,True
dsC7O2H10nsd_4850.xyz,4850,"(('Br', 0), ('C', 7), ('Cl', 0), ('F', 0), ('H', 10), ('I', 0), ('N', 0), ('O', 2), ('S', 0))",19,51,complete,51,0,0,False,False,True
dsC7O2H10nsd_4851.xyz,4851,"(('Br', 0), ('C', 7), ('Cl', 0), ('F', 0), ('H', 10), ('I', 0), ('N', 0), ('O', 2), ('S', 0))",19,51,complete,51,0,0,False,False,True
dsC7O2H10nsd_4852.xyz,4852,"(('Br', 0), ('C', 7), ('Cl', 0), ('F', 0), ('H', 10), ('I', 0), ('N', 0), ('O', 2), ('S', 0))",19,51,complete,51,0,0,False,False,True
dsC7O2H10nsd_4853.xyz,4853,"(('Br', 0), ('C', 7), ('Cl', 0), ('F', 0), ('H', 10), ('I', 0), ('N', 0), ('O', 2), ('S', 0))",19,51,complete,51,0,0,False,False,True
dsC7O2H10nsd_4854.xyz,4854,"(('Br', 0), ('C', 7), ('Cl', 0), ('F', 0), ('H', 10), ('I', 0), ('N', 0), ('O', 2), ('S', 0))",19,51,complete,51,0,0,False,False,True
dsC7O2H10nsd_4855.xyz,4855,"(('Br', 0), ('C', 7), ('Cl', 0), ('F', 0), ('H', 10), ('I', 0), ('N', 0), ('O', 2), ('S', 0))",19,51,complete,51,0,0,False,False,True
dsC7O2H10nsd_4856.xyz,4856,"(('Br', 0), ('C', 7), ('Cl', 0), ('F', 0), ('H', 10), ('I', 0), ('N', 0), ('O', 2), ('S', 0))",19,51,complete,51,0,0,False,False,True
dsC7O2H10nsd_4857.xyz,4857,"(('Br', 0), ('C', 7), ('Cl', 0), ('F', 0), ('H', 10), ('I', 0), ('N', 0), ('O', 2), ('S', 0))",19,51,complete,51,0,0,False,False,True
dsC7O2H10nsd_4858.xyz,4858,"(('Br', 0), ('C', 7), ('Cl', 0), ('F', 0), ('H', 10), ('I', 0), ('N', 0), ('O', 2), ('S', 0))",19,51,complete,51,0,0,False,False,True
dsC7O2H10nsd_4859.xyz,4859,"(('Br', 0), ('C', 7), ('Cl', 0), ('F', 0), ('H', 10), ('I', 0), ('N', 0), ('O', 2), ('S', 0))",19,51,complete,51,0,0,False,False,True
dsC7O2H10nsd_4860.xyz,4860,"(('Br', 0), ('C', 7), ('Cl', 0), ('F', 0), ('H', 10), ('I', 0), ('N', 0), ('O', 2), ('S', 0))",19,51,complete,51,0,0,False,False,True
dsC7O2H10nsd_4861.xyz,4861,"(('Br', 0), ('C', 7), ('Cl', 0), ('F', 0), ('H', 10), ('I', 0), ('N', 0), ('O', 2), ('S', 0))",19,51,complete,51,0,0,False,False,True
dsC7O2H10nsd_4862.xyz,4862,"(('Br', 0), ('C', 7), ('Cl', 0), ('F', 0), ('H', 10), ('I', 0), ('N', 0), ('O', 2), ('S', 0))",19,51,complete,51,0,0,False,False,True
dsC7O2H10nsd_4863.xyz,4863,"(('Br', 0), ('C', 7), ('Cl', 0), ('F', 0), ('H', 10), ('I', 0), ('N', 0), ('O', 2), ('S', 0))",19,51,complete,51,0,0,False,False,True
dsC7O2H10nsd_4864.xyz,4864,"(('Br', 0), ('C', 7), ('Cl', 0), ('F', 0), ('H', 10), ('I', 0), ('N', 0), ('O', 2), ('S', 0))",19,51,complete,51,0,0,False,False,True
dsC7O2H10nsd_4865.xyz,4865,"(('Br', 0), ('C', 7), ('Cl', 0), ('F', 0), ('H', 10), ('I', 0), ('N', 0), ('O', 2), ('S', 0))",19,51,complete,51,0,0,False,False,True
dsC7O2H10nsd_4866.xyz,4866,"(('Br', 0), ('C', 7), ('Cl', 0), ('F', 0), ('H', 10), ('I', 0), ('N', 0), ('O', 2), ('S', 0))",19,51,complete,51,0,0,False,False,True
dsC7O2H10nsd_4867.xyz,4867,"(('Br', 0), ('C', 7), ('Cl', 0), ('F', 0), ('H', 10), ('I', 0), ('N', 0), ('O', 2), ('S', 0))",19,51,complete,51,0,0,False,False,True
dsC7O2H10nsd_4868.xyz,4868,"(('Br', 0), ('C', 7), ('Cl', 0), ('F', 0), ('H', 10), ('I', 0), ('N', 0), ('O', 2), ('S', 0))",19,51,complete,51,0,0,False,False,True
dsC7O2H10nsd_4869.xyz,4869,"(('Br', 0), ('C', 7), ('Cl', 0), ('F', 0), ('H', 10), ('I', 0), ('N', 0), ('O', 2), ('S', 0))",19,51,complete,51,0,0,False,False,True
dsC7O2H10nsd_4870.xyz,4870,"(('Br', 0), ('C', 7), ('Cl', 0), ('F', 0), ('H', 10), ('I', 0), ('N', 0), ('O', 2), ('S', 0))",19,51,complete,51,0,0,False,False,True
dsC7O2H10nsd_4871.xyz,4871,"(('Br', 0), ('C', 7), ('Cl', 0), ('F', 0), ('H', 10), ('I', 0), ('N', 0), ('O', 2), ('S', 0))",19,51,complete,51,0,0,False,False,True
dsC7O2H10nsd_4872.xyz,4872,"(('Br', 0), ('C', 7), ('Cl', 0), ('F', 0), ('H', 10), ('I', 0), ('N', 0), ('O', 2), ('S', 0))",19,102,incomplete_count,102,0,0,False,False,True
dsC7O2H10nsd_4873.xyz,4873,"(('Br', 0), ('C', 7), ('Cl', 0), ('F', 0), ('H', 10), ('I', 0), ('N', 0), ('O', 2), ('S', 0))",19,102,incomplete_count,102,0,0,False,False,True
dsC7O2H10nsd_4874.xyz,4874,"(('Br', 0), ('C', 7), ('Cl', 0), ('F', 0), ('H', 10), ('I', 0), ('N', 0), ('O', 2), ('S', 0))",19,51,complete,51,0,0,False,False,True
dsC7O2H10nsd_4875.xyz,4875,"(('Br', 0), ('C', 7), ('Cl', 0), ('F', 0), ('H', 10), ('I', 0), ('N', 0), ('O', 2), ('S', 0))",19,51,complete,51,0,0,False,False,True
dsC7O2H10nsd_4876.xyz,4876,"(('Br', 0), ('C', 7), ('Cl', 0), ('F', 0), ('H', 10), ('I', 0), ('N', 0), ('O', 2), ('S', 0))",19,51,complete,51,0,0,False,False,True
dsC7O2H10nsd_4877.xyz,4877,"(('Br', 0), ('C', 7), ('Cl', 0), ('F', 0), ('H', 10), ('I', 0), ('N', 0), ('O', 2), ('S', 0))",19,51,complete,51,0,0,False,False,True
dsC7O2H10nsd_4878.xyz,4878,"(('Br', 0), ('C', 7), ('Cl', 0), ('F', 0), ('H', 10), ('I', 0), ('N', 0), ('O', 2), ('S', 0))",19,51,complete,51,0,0,False,False,True
dsC7O2H10nsd_4879.xyz,4879,"(('Br', 0), ('C', 7), ('Cl', 0), ('F', 0), ('H', 10), ('I', 0), ('N', 0), ('O', 2), ('S', 0))",19,51,complete,51,0,0,False,False,True
dsC7O2H10nsd_4880.xyz,4880,"(('Br', 0), ('C', 7), ('Cl', 0), ('F', 0), ('H', 10), ('I', 0), ('N', 0), ('O', 2), ('S', 0))",19,51,complete,51,0,0,False,False,True
dsC7O2H10nsd_4881.xyz,4881,"(('Br', 0), ('C', 7), ('Cl', 0), ('F', 0), ('H', 10), ('I', 0), ('N', 0), ('O', 2), ('S', 0))",19,51,complete,51,0,0,False,False,True
dsC7O2H10nsd_4882.xyz,4882,"(('Br', 0), ('C', 7), ('Cl', 0), ('F', 0), ('H', 10), ('I', 0), ('N', 0), ('O', 2), ('S', 0))",19,51,complete,51,0,0,False,False,True
dsC7O2H10nsd_4883.xyz,4883,"(('Br', 0), ('C', 7), ('Cl', 0), ('F', 0), ('H', 10), ('I', 0), ('N', 0), ('O', 2), ('S', 0))",19,51,complete,51,0,0,False,False,True
dsC7O2H10nsd_4884.xyz,4884,"(('Br', 0), ('C', 7), ('Cl', 0), ('F', 0), ('H', 10), ('I', 0), ('N', 0), ('O', 2), ('S', 0))",19,102,incomplete_count,102,0,0,False,False,True
dsC7O2H10nsd_4885.xyz,4885,"(('Br', 0), ('C', 7), ('Cl', 0), ('F', 0), ('H', 10), ('I', 0), ('N', 0), ('O', 2), ('S', 0))",19,51,complete,51,0,0,False,False,True
dsC7O2H10nsd_4886.xyz,4886,"(('Br', 0), ('C', 7), ('Cl', 0), ('F', 0), ('H', 10), ('I', 0), ('N', 0), ('O', 2), ('S', 0))",19,51,complete,51,0,0,False,False,True
dsC7O2H10nsd_4887.xyz,4887,"(('Br', 0), ('C', 7), ('Cl', 0), ('F', 0), ('H', 10), ('I', 0), ('N', 0), ('O', 2), ('S', 0))",19,51,complete,51,0,0,False,False,True
dsC7O2H10nsd_4888.xyz,4888,"(('Br', 0), ('C', 7), ('Cl', 0), ('F', 0), ('H', 10), ('I', 0), ('N', 0), ('O', 2), ('S', 0))",19,51,complete,51,0,0,False,False,True
dsC7O2H10nsd_4889.xyz,4889,"(('Br', 0), ('C', 7), ('Cl', 0), ('F', 0), ('H', 10), ('I', 0), ('N', 0), ('O', 2), ('S', 0))",19,51,complete,51,0,0,False,False,True
dsC7O2H10nsd_4890.xyz,4890,"(('Br', 0), ('C', 7), ('Cl', 0), ('F', 0), ('H', 10), ('I', 0), ('N', 0), ('O', 2), ('S', 0))",19,51,complete,51,0,0,False,False,True
dsC7O2H10nsd_4891.xyz,4891,"(('Br', 0), ('C', 7), ('Cl', 0), ('F', 0), ('H', 10), ('I', 0), ('N', 0), ('O', 2), ('S', 0))",19,51,complete,51,0,0,False,False,True
dsC7O2H10nsd_4892.xyz,4892,"(('Br', 0), ('C', 7), ('Cl', 0), ('F', 0), ('H', 10), ('I', 0), ('N', 0), ('O', 2), ('S', 0))",19,51,complete,51,0,0,False,False,True
dsC7O2H10nsd_4893.xyz,4893,"(('Br', 0), ('C', 7), ('Cl', 0), ('F', 0), ('H', 10), ('I', 0), ('N', 0), ('O', 2), ('S', 0))",19,51,complete,51,0,0,True,True,True
dsC7O2H10nsd_4894.xyz,4894,"(('Br', 0), ('C', 7), ('Cl', 0), ('F', 0), ('H', 10), ('I', 0), ('N', 0), ('O', 2), ('S', 0))",19,51,complete,51,0,0,False,False,True
dsC7O2H10nsd_4895.xyz,4895,"(('Br', 0), ('C', 7), ('Cl', 0), ('F', 0), ('H', 10), ('I', 0), ('N', 0), ('O', 2), ('S', 0))",19,51,complete,51,0,0,True,True,True
dsC7O2H10nsd_4896.xyz,4896,"(('Br', 0), ('C', 7), ('Cl', 0), ('F', 0), ('H', 10), ('I', 0), ('N', 0), ('O', 2), ('S', 0))",19,51,complete,51,0,0,False,False,True
dsC7O2H10nsd_4897.xyz,4897,"(('Br', 0), ('C', 7), ('Cl', 0), ('F', 0), ('H', 10), ('I', 0), ('N', 0), ('O', 2), ('S', 0))",19,51,complete,51,0,0,True,True,True
dsC7O2H10nsd_4898.xyz,4898,"(('Br', 0), ('C', 7), ('Cl', 0), ('F', 0), ('H', 10), ('I', 0), ('N', 0), ('O', 2), ('S', 0))",19,51,complete,51,0,0,False,False,True
dsC7O2H10nsd_4899.xyz,4899,"(('Br', 0), ('C', 7), ('Cl', 0), ('F', 0), ('H', 10), ('I', 0), ('N', 0), ('O', 2), ('S', 0))",19,51,complete,51,0,0,False,False,True
dsC7O2H10nsd_4900.xyz,4900,"(('Br', 0), ('C', 7), ('Cl', 0), ('F', 0), ('H', 10), ('I', 0), ('N', 0), ('O', 2), ('S', 0))",19,51,complete,51,0,0,False,False,True
dsC7O2H10nsd_4901.xyz,4901,"(('Br', 0), ('C', 7), ('Cl', 0), ('F', 0), ('H', 10), ('I', 0), ('N', 0), ('O', 2), ('S', 0))",19,51,complete,51,0,0,False,False,True
dsC7O2H10nsd_4902.xyz,4902,"(('Br', 0), ('C', 7), ('Cl', 0), ('F', 0), ('H', 10), ('I', 0), ('N', 0), ('O', 2), ('S', 0))",19,51,complete,51,0,0,False,False,True
dsC7O2H10nsd_4903.xyz,4903,"(('Br', 0), ('C', 7), ('Cl', 0), ('F', 0), ('H', 10), ('I', 0), ('N', 0), ('O', 2), ('S', 0))",19,51,complete,51,0,0,False,False,True
dsC7O2H10nsd_4904.xyz,4904,"(('Br', 0), ('C', 7), ('Cl', 0), ('F', 0), ('H', 10), ('I', 0), ('N', 0), ('O', 2), ('S', 0))",19,51,complete,51,0,0,False,False,True
dsC7O2H10nsd_4905.xyz,4905,"(('Br', 0), ('C', 7), ('Cl', 0), ('F', 0), ('H', 10), ('I', 0), ('N', 0), ('O', 2), ('S', 0))",19,51,complete,51,0,0,False,False,True
dsC7O2H10nsd_4906.xyz,4906,"(('Br', 0), ('C', 7), ('Cl', 0), ('F', 0), ('H', 10), ('I', 0), ('N', 0), ('O', 2), ('S', 0))",19,51,complete,51,0,0,False,False,True
dsC7O2H10nsd_4907.xyz,4907,"(('Br', 0), ('C', 7), ('Cl', 0), ('F', 0), ('H', 10), ('I', 0), ('N', 0), ('O', 2), ('S', 0))",19,51,complete,51,0,0,True,True,True
dsC7O2H10nsd_4908.xyz,4908,"(('Br', 0), ('C', 7), ('Cl', 0), ('F', 0), ('H', 10), ('I', 0), ('N', 0), ('O', 2), ('S', 0))",19,51,complete,51,0,0,False,False,True
dsC7O2H10nsd_4909.xyz,4909,"(('Br', 0), ('C', 7), ('Cl', 0), ('F', 0), ('H', 10), ('I', 0), ('N', 0), ('O', 2), ('S', 0))",19,51,complete,51,0,0,False,False,True
dsC7O2H10nsd_4910.xyz,4910,"(('Br', 0), ('C', 7), ('Cl', 0), ('F', 0), ('H', 10), ('I', 0), ('N', 0), ('O', 2), ('S', 0))",19,51,complete,51,0,0,False,False,True
dsC7O2H10nsd_4911.xyz,4911,"(('Br', 0), ('C', 7), ('Cl', 0), ('F', 0), ('H', 10), ('I', 0), ('N', 0), ('O', 2), ('S', 0))",19,51,complete,51,0,0,False,False,True
dsC7O2H10nsd_4912.xyz,4912,"(('Br', 0), ('C', 7), ('Cl', 0), ('F', 0), ('H', 10), ('I', 0), ('N', 0), ('O', 2), ('S', 0))",19,102,incomplete_count,102,0,0,False,False,True
dsC7O2H10nsd_4913.xyz,4913,"(('Br', 0), ('C', 7), ('Cl', 0), ('F', 0), ('H', 10), ('I', 0), ('N', 0), ('O', 2), ('S', 0))",19,51,complete,51,0,0,False,False,True
dsC7O2H10nsd_4914.xyz,4914,"(('Br', 0), ('C', 7), ('Cl', 0), ('F', 0), ('H', 10), ('I', 0), ('N', 0), ('O', 2), ('S', 0))",19,51,complete,51,0,0,False,False,True
dsC7O2H10nsd_4915.xyz,4915,"(('Br', 0), ('C', 7), ('Cl', 0), ('F', 0), ('H', 10), ('I', 0), ('N', 0), ('O', 2), ('S', 0))",19,51,complete,51,0,0,False,False,True
dsC7O2H10nsd_4916.xyz,4916,"(('Br', 0), ('C', 7), ('Cl', 0), ('F', 0), ('H', 10), ('I', 0), ('N', 0), ('O', 2), ('S', 0))",19,51,complete,51,0,0,False,False,True
dsC7O2H10nsd_4917.xyz,4917,"(('Br', 0), ('C', 7), ('Cl', 0), ('F', 0), ('H', 10), ('I', 0), ('N', 0), ('O', 2), ('S', 0))",19,51,complete,51,0,0,False,False,True
dsC7O2H10nsd_4918.xyz,4918,"(('Br', 0), ('C', 7), ('Cl', 0), ('F', 0), ('H', 10), ('I', 0), ('N', 0), ('O', 2), ('S', 0))",19,51,complete,51,0,0,False,False,True
dsC7O2H10nsd_4919.xyz,4919,"(('Br', 0), ('C', 7), ('Cl', 0), ('F', 0), ('H', 10), ('I', 0), ('N', 0), ('O', 2), ('S', 0))",19,51,complete,51,0,0,False,False,True
dsC7O2H10nsd_4920.xyz,4920,"(('Br', 0), ('C', 7), ('Cl', 0), ('F', 0), ('H', 10), ('I', 0), ('N', 0), ('O', 2), ('S', 0))",19,51,complete,51,0,0,False,True,True
dsC7O2H10nsd_4921.xyz,4921,"(('Br', 0), ('C', 7), ('Cl', 0), ('F', 0), ('H', 10), ('I', 0), ('N', 0), ('O', 2), ('S', 0))",19,51,complete,51,0,0,False,True,True
dsC7O2H10nsd_4922.xyz,4922,"(('Br', 0), ('C', 7), ('Cl', 0), ('F', 0), ('H', 10), ('I', 0), ('N', 0), ('O', 2), ('S', 0))",19,51,complete,51,0,0,True,True,True
dsC7O2H10nsd_4923.xyz,4923,"(('Br', 0), ('C', 7), ('Cl', 0), ('F', 0), ('H', 10), ('I', 0), ('N', 0), ('O', 2), ('S', 0))",19,51,complete,51,0,0,False,False,True
dsC7O2H10nsd_4924.xyz,4924,"(('Br', 0), ('C', 7), ('Cl', 0), ('F', 0), ('H', 10), ('I', 0), ('N', 0), ('O', 2), ('S', 0))",19,51,complete,51,0,0,False,False,True
dsC7O2H10nsd_4925.xyz,4925,"(('Br', 0), ('C', 7), ('Cl', 0), ('F', 0), ('H', 10), ('I', 0), ('N', 0), ('O', 2), ('S', 0))",19,51,complete,51,0,0,True,True,True
dsC7O2H10nsd_4926.xyz,4926,"(('Br', 0), ('C', 7), ('Cl', 0), ('F', 0), ('H', 10), ('I', 0), ('N', 0), ('O', 2), ('S', 0))",19,51,complete,51,0,0,True,True,True
dsC7O2H10nsd_4927.xyz,4927,"(('Br', 0), ('C', 7), ('Cl', 0), ('F', 0), ('H', 10), ('I', 0), ('N', 0), ('O', 2), ('S', 0))",19,51,complete,51,0,0,False,False,True
dsC7O2H10nsd_4928.xyz,4928,"(('Br', 0), ('C', 7), ('Cl', 0), ('F', 0), ('H', 10), ('I', 0), ('N', 0), ('O', 2), ('S', 0))",19,51,complete,51,0,0,False,False,True
dsC7O2H10nsd_4929.xyz,4929,"(('Br', 0), ('C', 7), ('Cl', 0), ('F', 0), ('H', 10), ('I', 0), ('N', 0), ('O', 2), ('S', 0))",19,51,complete,51,0,0,False,False,True
dsC7O2H10nsd_4930.xyz,4930,"(('Br', 0), ('C', 7), ('Cl', 0), ('F', 0), ('H', 10), ('I', 0), ('N', 0), ('O', 2), ('S', 0))",19,51,complete,51,0,0,False,False,True
dsC7O2H10nsd_4931.xyz,4931,"(('Br', 0), ('C', 7), ('Cl', 0), ('F', 0), ('H', 10), ('I', 0), ('N', 0), ('O', 2), ('S', 0))",19,51,complete,51,0,0,False,False,True
dsC7O2H10nsd_4932.xyz,4932,"(('Br', 0), ('C', 7), ('Cl', 0), ('F', 0), ('H', 10), ('I', 0), ('N', 0), ('O', 2), ('S', 0))",19,51,complete,51,0,0,False,False,True
dsC7O2H10nsd_4933.xyz,4933,"(('Br', 0), ('C', 7), ('Cl', 0), ('F', 0), ('H', 10), ('I', 0), ('N', 0), ('O', 2), ('S', 0))",19,51,complete,51,0,0,False,False,True
dsC7O2H10nsd_4934.xyz,4934,"(('Br', 0), ('C', 7), ('Cl', 0), ('F', 0), ('H', 10), ('I', 0), ('N', 0), ('O', 2), ('S', 0))",19,51,complete,51,0,0,False,False,True
dsC7O2H10nsd_4935.xyz,4935,"(('Br', 0), ('C', 7), ('Cl', 0), ('F', 0), ('H', 10), ('I', 0), ('N', 0), ('O', 2), ('S', 0))",19,51,complete,51,0,0,False,False,True
dsC7O2H10nsd_4936.xyz,4936,"(('Br', 0), ('C', 7), ('Cl', 0), ('F', 0), ('H', 10), ('I', 0), ('N', 0), ('O', 2), ('S', 0))",19,51,complete,51,0,0,False,False,True
dsC7O2H10nsd_4937.xyz,4937,"(('Br', 0), ('C', 7), ('Cl', 0), ('F', 0), ('H', 10), ('I', 0), ('N', 0), ('O', 2), ('S', 0))",19,51,complete,51,0,0,False,False,True
dsC7O2H10nsd_4938.xyz,4938,"(('Br', 0), ('C', 7), ('Cl', 0), ('F', 0), ('H', 10), ('I', 0), ('N', 0), ('O', 2), ('S', 0))",19,51,complete,51,0,0,True,True,True
dsC7O2H10nsd_4939.xyz,4939,"(('Br', 0), ('C', 7), ('Cl', 0), ('F', 0), ('H', 10), ('I', 0), ('N', 0), ('O', 2), ('S', 0))",19,51,complete,51,0,0,False,False,True
dsC7O2H10nsd_4940.xyz,4940,"(('Br', 0), ('C', 7), ('Cl', 0), ('F', 0), ('H', 10), ('I', 0), ('N', 0), ('O', 2), ('S', 0))",19,51,complete,51,0,0,False,False,True
dsC7O2H10nsd_4941.xyz,4941,"(('Br', 0), ('C', 7), ('Cl', 0), ('F', 0), ('H', 10), ('I', 0), ('N', 0), ('O', 2), ('S', 0))",19,51,complete,51,0,0,False,False,True
dsC7O2H10nsd_4942.xyz,4942,"(('Br', 0), ('C', 7), ('Cl', 0), ('F', 0), ('H', 10), ('I', 0), ('N', 0), ('O', 2), ('S', 0))",19,51,complete,51,0,0,False,False,True
dsC7O2H10nsd_4943.xyz,4943,"(('Br', 0), ('C', 7), ('Cl', 0), ('F', 0), ('H', 10), ('I', 0), ('N', 0), ('O', 2), ('S', 0))",19,51,complete,51,0,0,False,False,True
dsC7O2H10nsd_4944.xyz,4944,"(('Br', 0), ('C', 7), ('Cl', 0), ('F', 0), ('H', 10), ('I', 0), ('N', 0), ('O', 2), ('S', 0))",19,51,complete,51,0,0,False,False,True
dsC7O2H10nsd_4945.xyz,4945,"(('Br', 0), ('C', 7), ('Cl', 0), ('F', 0), ('H', 10), ('I', 0), ('N', 0), ('O', 2), ('S', 0))",19,51,complete,51,0,0,False,False,True
dsC7O2H10nsd_4946.xyz,4946,"(('Br', 0), ('C', 7), ('Cl', 0), ('F', 0), ('H', 10), ('I', 0), ('N', 0), ('O', 2), ('S', 0))",19,51,complete,51,0,0,False,False,True
dsC7O2H10nsd_4947.xyz,4947,"(('Br', 0), ('C', 7), ('Cl', 0), ('F', 0), ('H', 10), ('I', 0), ('N', 0), ('O', 2), ('S', 0))",19,51,complete,51,0,0,False,False,True
dsC7O2H10nsd_4948.xyz,4948,"(('Br', 0), ('C', 7), ('Cl', 0), ('F', 0), ('H', 10), ('I', 0), ('N', 0), ('O', 2), ('S', 0))",19,51,complete,51,0,0,False,False,True
dsC7O2H10nsd_4949.xyz,4949,"(('Br', 0), ('C', 7), ('Cl', 0), ('F', 0), ('H', 10), ('I', 0), ('N', 0), ('O', 2), ('S', 0))",19,51,complete,51,0,0,False,False,True
dsC7O2H10nsd_4950.xyz,4950,"(('Br', 0), ('C', 7), ('Cl', 0), ('F', 0), ('H', 10), ('I', 0), ('N', 0), ('O', 2), ('S', 0))",19,51,complete,51,0,0,False,False,True
dsC7O2H10nsd_4951.xyz,4951,"(('Br', 0), ('C', 7), ('Cl', 0), ('F', 0), ('H', 10), ('I', 0), ('N', 0), ('O', 2), ('S', 0))",19,51,complete,51,0,0,False,False,True
dsC7O2H10nsd_4952.xyz,4952,"(('Br', 0), ('C', 7), ('Cl', 0), ('F', 0), ('H', 10), ('I', 0), ('N', 0), ('O', 2), ('S', 0))",19,51,complete,51,0,0,False,False,True
dsC7O2H10nsd_4953.xyz,4953,"(('Br', 0), ('C', 7), ('Cl', 0), ('F', 0), ('H', 10), ('I', 0), ('N', 0), ('O', 2), ('S', 0))",19,51,complete,51,0,0,False,False,True
dsC7O2H10nsd_4954.xyz,4954,"(('Br', 0), ('C', 7), ('Cl', 0), ('F', 0), ('H', 10), ('I', 0), ('N', 0), ('O', 2), ('S', 0))",19,51,complete,51,0,0,False,False,True
dsC7O2H10nsd_4955.xyz,4955,"(('Br', 0), ('C', 7), ('Cl', 0), ('F', 0), ('H', 10), ('I', 0), ('N', 0), ('O', 2), ('S', 0))",19,51,complete,51,0,0,False,False,True
dsC7O2H10nsd_4956.xyz,4956,"(('Br', 0), ('C', 7), ('Cl', 0), ('F', 0), ('H', 10), ('I', 0), ('N', 0), ('O', 2), ('S', 0))",19,51,complete,51,0,0,False,False,True
dsC7O2H10nsd_4957.xyz,4957,"(('Br', 0), ('C', 7), ('Cl', 0), ('F', 0), ('H', 10), ('I', 0), ('N', 0), ('O', 2), ('S', 0))",19,51,complete,51,0,0,False,False,True
dsC7O2H10nsd_4958.xyz,4958,"(('Br', 0), ('C', 7), ('Cl', 0), ('F', 0), ('H', 10), ('I', 0), ('N', 0), ('O', 2), ('S', 0))",19,51,complete,51,0,0,False,False,True
dsC7O2H10nsd_4959.xyz,4959,"(('Br', 0), ('C', 7), ('Cl', 0), ('F', 0), ('H', 10), ('I', 0), ('N', 0), ('O', 2), ('S', 0))",19,51,complete,51,0,0,False,False,True
dsC7O2H10nsd_4960.xyz,4960,"(('Br', 0), ('C', 7), ('Cl', 0), ('F', 0), ('H', 10), ('I', 0), ('N', 0), ('O', 2), ('S', 0))",19,51,complete,51,0,0,False,False,True
dsC7O2H10nsd_4961.xyz,4961,"(('Br', 0), ('C', 7), ('Cl', 0), ('F', 0), ('H', 10), ('I', 0), ('N', 0), ('O', 2), ('S', 0))",19,51,complete,51,0,0,False,False,True
dsC7O2H10nsd_4962.xyz,4962,"(('Br', 0), ('C', 7), ('Cl', 0), ('F', 0), ('H', 10), ('I', 0), ('N', 0), ('O', 2), ('S', 0))",19,51,complete,51,0,0,False,False,True
dsC7O2H10nsd_4963.xyz,4963,"(('Br', 0), ('C', 7), ('Cl', 0), ('F', 0), ('H', 10), ('I', 0), ('N', 0), ('O', 2), ('S', 0))",19,51,complete,51,0,0,False,False,True
dsC7O2H10nsd_4964.xyz,4964,"(('Br', 0), ('C', 7), ('Cl', 0), ('F', 0), ('H', 10), ('I', 0), ('N', 0), ('O', 2), ('S', 0))",19,51,complete,51,0,0,False,False,True
dsC7O2H10nsd_4965.xyz,4965,"(('Br', 0), ('C', 7), ('Cl', 0), ('F', 0), ('H', 10), ('I', 0), ('N', 0), ('O', 2), ('S', 0))",19,51,complete,51,0,0,False,False,True
dsC7O2H10nsd_4966.xyz,4966,"(('Br', 0), ('C', 7), ('Cl', 0), ('F', 0), ('H', 10), ('I', 0), ('N', 0), ('O', 2), ('S', 0))",19,51,complete,51,0,0,False,False,True
dsC7O2H10nsd_4967.xyz,4967,"(('Br', 0), ('C', 7), ('Cl', 0), ('F', 0), ('H', 10), ('I', 0), ('N', 0), ('O', 2), ('S', 0))",19,51,complete,51,0,0,False,False,True
dsC7O2H10nsd_4968.xyz,4968,"(('Br', 0), ('C', 7), ('Cl', 0), ('F', 0), ('H', 10), ('I', 0), ('N', 0), ('O', 2), ('S', 0))",19,51,complete,51,0,0,False,False,True
dsC7O2H10nsd_4969.xyz,4969,"(('Br', 0), ('C', 7), ('Cl', 0), ('F', 0), ('H', 10), ('I', 0), ('N', 0), ('O', 2), ('S', 0))",19,51,complete,51,0,0,False,False,True
dsC7O2H10nsd_4970.xyz,4970,"(('Br', 0), ('C', 7), ('Cl', 0), ('F', 0), ('H', 10), ('I', 0), ('N', 0), ('O', 2), ('S', 0))",19,51,complete,51,0,0,False,False,True
dsC7O2H10nsd_4971.xyz,4971,"(('Br', 0), ('C', 7), ('Cl', 0), ('F', 0), ('H', 10), ('I', 0), ('N', 0), ('O', 2), ('S', 0))",19,51,complete,51,0,0,False,False,True
dsC7O2H10nsd_4972.xyz,4972,"(('Br', 0), ('C', 7), ('Cl', 0), ('F', 0), ('H', 10), ('I', 0), ('N', 0), ('O', 2), ('S', 0))",19,51,complete,51,0,0,False,False,True
dsC7O2H10nsd_4973.xyz,4973,"(('Br', 0), ('C', 7), ('Cl', 0), ('F', 0), ('H', 10), ('I', 0), ('N', 0), ('O', 2), ('S', 0))",19,51,complete,51,0,0,False,False,True
dsC7O2H10nsd_4974.xyz,4974,"(('Br', 0), ('C', 7), ('Cl', 0), ('F', 0), ('H', 10), ('I', 0), ('N', 0), ('O', 2), ('S', 0))",19,51,complete,51,0,0,False,False,True
dsC7O2H10nsd_4975.xyz,4975,"(('Br', 0), ('C', 7), ('Cl', 0), ('F', 0), ('H', 10), ('I', 0), ('N', 0), ('O', 2), ('S', 0))",19,51,complete,51,0,0,False,False,True
dsC7O2H10nsd_4976.xyz,4976,"(('Br', 0), ('C', 7), ('Cl', 0), ('F', 0), ('H', 10), ('I', 0), ('N', 0), ('O', 2), ('S', 0))",19,51,complete,51,0,0,False,False,True
dsC7O2H10nsd_4977.xyz,4977,"(('Br', 0), ('C', 7), ('Cl', 0), ('F', 0), ('H', 10), ('I', 0), ('N', 0), ('O', 2), ('S', 0))",19,51,complete,51,0,0,False,False,True
dsC7O2H10nsd_4978.xyz,4978,"(('Br', 0), ('C', 7), ('Cl', 0), ('F', 0), ('H', 10), ('I', 0), ('N', 0), ('O', 2), ('S', 0))",19,51,complete,51,0,0,False,False,True
dsC7O2H10nsd_4979.xyz,4979,"(('Br', 0), ('C', 7), ('Cl', 0), ('F', 0), ('H', 10), ('I', 0), ('N', 0), ('O', 2), ('S', 0))",19,51,complete,51,0,0,False,False,True
dsC7O2H10nsd_4980.xyz,4980,"(('Br', 0), ('C', 7), ('Cl', 0), ('F', 0), ('H', 10), ('I', 0), ('N', 0), ('O', 2), ('S', 0))",19,51,complete,51,0,0,False,False,True
dsC7O2H10nsd_4981.xyz,4981,"(('Br', 0), ('C', 7), ('Cl', 0), ('F', 0), ('H', 10), ('I', 0), ('N', 0), ('O', 2), ('S', 0))",19,51,complete,51,0,0,False,False,True
dsC7O2H10nsd_4982.xyz,4982,"(('Br', 0), ('C', 7), ('Cl', 0), ('F', 0), ('H', 10), ('I', 0), ('N', 0), ('O', 2), ('S', 0))",19,51,complete,51,0,0,False,False,True
dsC7O2H10nsd_4983.xyz,4983,"(('Br', 0), ('C', 7), ('Cl', 0), ('F', 0), ('H', 10), ('I', 0), ('N', 0), ('O', 2), ('S', 0))",19,51,complete,51,0,0,False,False,True
dsC7O2H10nsd_4984.xyz,4984,"(('Br', 0), ('C', 7), ('Cl', 0), ('F', 0), ('H', 10), ('I', 0), ('N', 0), ('O', 2), ('S', 0))",19,51,complete,51,0,0,False,False,True
dsC7O2H10nsd_4985.xyz,4985,"(('Br', 0), ('C', 7), ('Cl', 0), ('F', 0), ('H', 10), ('I', 0), ('N', 0), ('O', 2), ('S', 0))",19,51,complete,51,0,0,False,False,True
dsC7O2H10nsd_4986.xyz,4986,"(('Br', 0), ('C', 7), ('Cl', 0), ('F', 0), ('H', 10), ('I', 0), ('N', 0), ('O', 2), ('S', 0))",19,51,complete,51,0,0,False,False,True
dsC7O2H10nsd_4987.xyz,4987,"(('Br', 0), ('C', 7), ('Cl', 0), ('F', 0), ('H', 10), ('I', 0), ('N', 0), ('O', 2), ('S', 0))",19,51,complete,51,0,0,False,False,True
dsC7O2H10nsd_4988.xyz,4988,"(('Br', 0), ('C', 7), ('Cl', 0), ('F', 0), ('H', 10), ('I', 0), ('N', 0), ('O', 2), ('S', 0))",19,51,complete,51,0,0,False,False,True
dsC7O2H10nsd_4989.xyz,4989,"(('Br', 0), ('C', 7), ('Cl', 0), ('F', 0), ('H', 10), ('I', 0), ('N', 0), ('O', 2), ('S', 0))",19,51,complete,51,0,0,False,False,True
dsC7O2H10nsd_4990.xyz,4990,"(('Br', 0), ('C', 7), ('Cl', 0), ('F', 0), ('H', 10), ('I', 0), ('N', 0), ('O', 2), ('S', 0))",19,51,complete,51,0,0,False,False,True
dsC7O2H10nsd_4991.xyz,4991,"(('Br', 0), ('C', 7), ('Cl', 0), ('F', 0), ('H', 10), ('I', 0), ('N', 0), ('O', 2), ('S', 0))",19,51,complete,51,0,0,False,False,True
dsC7O2H10nsd_4992.xyz,4992,"(('Br', 0), ('C', 7), ('Cl', 0), ('F', 0), ('H', 10), ('I', 0), ('N', 0), ('O', 2), ('S', 0))",19,51,complete,51,0,0,False,False,True
dsC7O2H10nsd_4993.xyz,4993,"(('Br', 0), ('C', 7), ('Cl', 0), ('F', 0), ('H', 10), ('I', 0), ('N', 0), ('O', 2), ('S', 0))",19,51,complete,51,0,0,False,False,True
dsC7O2H10nsd_4994.xyz,4994,"(('Br', 0), ('C', 7), ('Cl', 0), ('F', 0), ('H', 10), ('I', 0), ('N', 0), ('O', 2), ('S', 0))",19,51,complete,51,0,0,False,False,True
dsC7O2H10nsd_4995.xyz,4995,"(('Br', 0), ('C', 7), ('Cl', 0), ('F', 0), ('H', 10), ('I', 0), ('N', 0), ('O', 2), ('S', 0))",19,51,complete,51,0,0,False,False,True
dsC7O2H10nsd_4996.xyz,4996,"(('Br', 0), ('C', 7), ('Cl', 0), ('F', 0), ('H', 10), ('I', 0), ('N', 0), ('O', 2), ('S', 0))",19,51,complete,51,0,0,False,False,True
dsC7O2H10nsd_4997.xyz,4997,"(('Br', 0), ('C', 7), ('Cl', 0), ('F', 0), ('H', 10), ('I', 0), ('N', 0), ('O', 2), ('S', 0))",19,51,complete,51,0,0,False,False,True
dsC7O2H10nsd_4998.xyz,4998,"(('Br', 0), ('C', 7), ('Cl', 0), ('F', 0), ('H', 10), ('I', 0), ('N', 0), ('O', 2), ('S', 0))",19,51,complete,51,0,0,False,False,True
dsC7O2H10nsd_4999.xyz,4999,"(('Br', 0), ('C', 7), ('Cl', 0), ('F', 0), ('H', 10), ('I', 0), ('N', 0), ('O', 2), ('S', 0))",19,51,complete,51,0,0,False,False,True
dsC7O2H10nsd_5000.xyz,5000,"(('Br', 0), ('C', 7), ('Cl', 0), ('F', 0), ('H', 10), ('I', 0), ('N', 0), ('O', 2), ('S', 0))",19,102,incomplete_count,102,0,0,False,False,True
dsC7O2H10nsd_5001.xyz,5001,"(('Br', 0), ('C', 7), ('Cl', 0), ('F', 0), ('H', 10), ('I', 0), ('N', 0), ('O', 2), ('S', 0))",19,51,complete,51,0,0,False,False,True
dsC7O2H10nsd_5002.xyz,5002,"(('Br', 0), ('C', 7), ('Cl', 0), ('F', 0), ('H', 10), ('I', 0), ('N', 0), ('O', 2), ('S', 0))",19,51,complete,51,0,0,False,False,True
dsC7O2H10nsd_5003.xyz,5003,"(('Br', 0), ('C', 7), ('Cl', 0), ('F', 0), ('H', 10), ('I', 0), ('N', 0), ('O', 2), ('S', 0))",19,51,complete,51,0,0,False,False,True
dsC7O2H10nsd_5004.xyz,5004,"(('Br', 0), ('C', 7), ('Cl', 0), ('F', 0), ('H', 10), ('I', 0), ('N', 0), ('O', 2), ('S', 0))",19,51,complete,51,0,0,False,False,True
dsC7O2H10nsd_5005.xyz,5005,"(('Br', 0), ('C', 7), ('Cl', 0), ('F', 0), ('H', 10), ('I', 0), ('N', 0), ('O', 2), ('S', 0))",19,51,complete,51,0,0,False,False,True
dsC7O2H10nsd_5006.xyz,5006,"(('Br', 0), ('C', 7), ('Cl', 0), ('F', 0), ('H', 10), ('I', 0), ('N', 0), ('O', 2), ('S', 0))",19,51,complete,51,0,0,False,False,True
dsC7O2H10nsd_5007.xyz,5007,"(('Br', 0), ('C', 7), ('Cl', 0), ('F', 0), ('H', 10), ('I', 0), ('N', 0), ('O', 2), ('S', 0))",19,51,complete,51,0,0,False,False,True
dsC7O2H10nsd_5008.xyz,5008,"(('Br', 0), ('C', 7), ('Cl', 0), ('F', 0), ('H', 10), ('I', 0), ('N', 0), ('O', 2), ('S', 0))",19,51,complete,51,0,0,False,False,True
dsC7O2H10nsd_5009.xyz,5009,"(('Br', 0), ('C', 7), ('Cl', 0), ('F', 0), ('H', 10), ('I', 0), ('N', 0), ('O', 2), ('S', 0))",19,51,complete,51,0,0,False,False,True
dsC7O2H10nsd_5010.xyz,5010,"(('Br', 0), ('C', 7), ('Cl', 0), ('F', 0), ('H', 10), ('I', 0), ('N', 0), ('O', 2), ('S', 0))",19,51,complete,51,0,0,False,False,True
dsC7O2H10nsd_5011.xyz,5011,"(('Br', 0), ('C', 7), ('Cl', 0), ('F', 0), ('H', 10), ('I', 0), ('N', 0), ('O', 2), ('S', 0))",19,51,complete,51,0,0,False,False,True
dsC7O2H10nsd_5012.xyz,5012,"(('Br', 0), ('C', 7), ('Cl', 0), ('F', 0), ('H', 10), ('I', 0), ('N', 0), ('O', 2), ('S', 0))",19,51,complete,51,0,0,False,False,True
dsC7O2H10nsd_5013.xyz,5013,"(('Br', 0), ('C', 7), ('Cl', 0), ('F', 0), ('H', 10), ('I', 0), ('N', 0), ('O', 2), ('S', 0))",19,51,complete,51,0,0,False,False,True
dsC7O2H10nsd_5014.xyz,5014,"(('Br', 0), ('C', 7), ('Cl', 0), ('F', 0), ('H', 10), ('I', 0), ('N', 0), ('O', 2), ('S', 0))",19,51,complete,51,0,0,False,False,True
dsC7O2H10nsd_5015.xyz,5015,"(('Br', 0), ('C', 7), ('Cl', 0), ('F', 0), ('H', 10), ('I', 0), ('N', 0), ('O', 2), ('S', 0))",19,51,complete,51,0,0,False,False,True
dsC7O2H10nsd_5016.xyz,5016,"(('Br', 0), ('C', 7), ('Cl', 0), ('F', 0), ('H', 10), ('I', 0), ('N', 0), ('O', 2), ('S', 0))",19,51,complete,51,0,0,False,False,True
dsC7O2H10nsd_5017.xyz,5017,"(('Br', 0), ('C', 7), ('Cl', 0), ('F', 0), ('H', 10), ('I', 0), ('N', 0), ('O', 2), ('S', 0))",19,51,complete,51,0,0,False,False,True
dsC7O2H10nsd_5018.xyz,5018,"(('Br', 0), ('C', 7), ('Cl', 0), ('F', 0), ('H', 10), ('I', 0), ('N', 0), ('O', 2), ('S', 0))",19,51,complete,51,0,0,False,False,True
dsC7O2H10nsd_5019.xyz,5019,"(('Br', 0), ('C', 7), ('Cl', 0), ('F', 0), ('H', 10), ('I', 0), ('N', 0), ('O', 2), ('S', 0))",19,51,complete,51,0,0,False,False,True
dsC7O2H10nsd_5020.xyz,5020,"(('Br', 0), ('C', 7), ('Cl', 0), ('F', 0), ('H', 10), ('I', 0), ('N', 0), ('O', 2), ('S', 0))",19,51,complete,51,0,0,False,False,True
dsC7O2H10nsd_5021.xyz,5021,"(('Br', 0), ('C', 7), ('Cl', 0), ('F', 0), ('H', 10), ('I', 0), ('N', 0), ('O', 2), ('S', 0))",19,51,complete,51,0,0,False,False,True
dsC7O2H10nsd_5022.xyz,5022,"(('Br', 0), ('C', 7), ('Cl', 0), ('F', 0), ('H', 10), ('I', 0), ('N', 0), ('O', 2), ('S', 0))",19,51,complete,51,0,0,False,False,True
dsC7O2H10nsd_5023.xyz,5023,"(('Br', 0), ('C', 7), ('Cl', 0), ('F', 0), ('H', 10), ('I', 0), ('N', 0), ('O', 2), ('S', 0))",19,51,complete,51,0,0,False,False,True
dsC7O2H10nsd_5024.xyz,5024,"(('Br', 0), ('C', 7), ('Cl', 0), ('F', 0), ('H', 10), ('I', 0), ('N', 0), ('O', 2), ('S', 0))",19,51,complete,51,0,0,False,False,True
dsC7O2H10nsd_5025.xyz,5025,"(('Br', 0), ('C', 7), ('Cl', 0), ('F', 0), ('H', 10), ('I', 0), ('N', 0), ('O', 2), ('S', 0))",19,51,complete,51,0,0,False,False,True
dsC7O2H10nsd_5026.xyz,5026,"(('Br', 0), ('C', 7), ('Cl', 0), ('F', 0), ('H', 10), ('I', 0), ('N', 0), ('O', 2), ('S', 0))",19,51,complete,51,0,0,False,False,True
dsC7O2H10nsd_5027.xyz,5027,"(('Br', 0), ('C', 7), ('Cl', 0), ('F', 0), ('H', 10), ('I', 0), ('N', 0), ('O', 2), ('S', 0))",19,51,complete,51,0,0,False,False,True
dsC7O2H10nsd_5028.xyz,5028,"(('Br', 0), ('C', 7), ('Cl', 0), ('F', 0), ('H', 10), ('I', 0), ('N', 0), ('O', 2), ('S', 0))",19,51,complete,51,0,0,False,False,True
dsC7O2H10nsd_5029.xyz,5029,"(('Br', 0), ('C', 7), ('Cl', 0), ('F', 0), ('H', 10), ('I', 0), ('N', 0), ('O', 2), ('S', 0))",19,51,complete,51,0,0,False,False,True
dsC7O2H10nsd_5030.xyz,5030,"(('Br', 0), ('C', 7), ('Cl', 0), ('F', 0), ('H', 10), ('I', 0), ('N', 0), ('O', 2), ('S', 0))",19,51,complete,51,0,0,False,False,True
dsC7O2H10nsd_5031.xyz,5031,"(('Br', 0), ('C', 7), ('Cl', 0), ('F', 0), ('H', 10), ('I', 0), ('N', 0), ('O', 2), ('S', 0))",19,51,complete,51,0,0,False,False,True
dsC7O2H10nsd_5032.xyz,5032,"(('Br', 0), ('C', 7), ('Cl', 0), ('F', 0), ('H', 10), ('I', 0), ('N', 0), ('O', 2), ('S', 0))",19,51,complete,51,0,0,False,False,True
dsC7O2H10nsd_5033.xyz,5033,"(('Br', 0), ('C', 7), ('Cl', 0), ('F', 0), ('H', 10), ('I', 0), ('N', 0), ('O', 2), ('S', 0))",19,51,complete,51,0,0,False,False,True
dsC7O2H10nsd_5034.xyz,5034,"(('Br', 0), ('C', 7), ('Cl', 0), ('F', 0), ('H', 10), ('I', 0), ('N', 0), ('O', 2), ('S', 0))",19,51,complete,51,0,0,False,False,True
dsC7O2H10nsd_5035.xyz,5035,"(('Br', 0), ('C', 7), ('Cl', 0), ('F', 0), ('H', 10), ('I', 0), ('N', 0), ('O', 2), ('S', 0))",19,51,complete,51,0,0,False,False,True
dsC7O2H10nsd_5036.xyz,5036,"(('Br', 0), ('C', 7), ('Cl', 0), ('F', 0), ('H', 10), ('I', 0), ('N', 0), ('O', 2), ('S', 0))",19,51,complete,51,0,0,False,False,True
dsC7O2H10nsd_5037.xyz,5037,"(('Br', 0), ('C', 7), ('Cl', 0), ('F', 0), ('H', 10), ('I', 0), ('N', 0), ('O', 2), ('S', 0))",19,51,complete,51,0,0,False,False,True
dsC7O2H10nsd_5038.xyz,5038,"(('Br', 0), ('C', 7), ('Cl', 0), ('F', 0), ('H', 10), ('I', 0), ('N', 0), ('O', 2), ('S', 0))",19,51,complete,51,0,0,False,False,True
dsC7O2H10nsd_5039.xyz,5039,"(('Br', 0), ('C', 7), ('Cl', 0), ('F', 0), ('H', 10), ('I', 0), ('N', 0), ('O', 2), ('S', 0))",19,51,complete,51,0,0,False,False,True
dsC7O2H10nsd_5040.xyz,5040,"(('Br', 0), ('C', 7), ('Cl', 0), ('F', 0), ('H', 10), ('I', 0), ('N', 0), ('O', 2), ('S', 0))",19,51,complete,51,0,0,False,False,True
dsC7O2H10nsd_5041.xyz,5041,"(('Br', 0), ('C', 7), ('Cl', 0), ('F', 0), ('H', 10), ('I', 0), ('N', 0), ('O', 2), ('S', 0))",19,51,complete,51,0,0,False,False,True
dsC7O2H10nsd_5042.xyz,5042,"(('Br', 0), ('C', 7), ('Cl', 0), ('F', 0), ('H', 10), ('I', 0), ('N', 0), ('O', 2), ('S', 0))",19,51,complete,51,0,0,False,False,True
dsC7O2H10nsd_5043.xyz,5043,"(('Br', 0), ('C', 7), ('Cl', 0), ('F', 0), ('H', 10), ('I', 0), ('N', 0), ('O', 2), ('S', 0))",19,51,complete,51,0,0,False,False,True
dsC7O2H10nsd_5044.xyz,5044,"(('Br', 0), ('C', 7), ('Cl', 0), ('F', 0), ('H', 10), ('I', 0), ('N', 0), ('O', 2), ('S', 0))",19,51,complete,51,0,0,False,False,True
dsC7O2H10nsd_5045.xyz,5045,"(('Br', 0), ('C', 7), ('Cl', 0), ('F', 0), ('H', 10), ('I', 0), ('N', 0), ('O', 2), ('S', 0))",19,51,complete,51,0,0,False,False,True
dsC7O2H10nsd_5046.xyz,5046,"(('Br', 0), ('C', 7), ('Cl', 0), ('F', 0), ('H', 10), ('I', 0), ('N', 0), ('O', 2), ('S', 0))",19,51,complete,51,0,0,False,False,True
dsC7O2H10nsd_5047.xyz,5047,"(('Br', 0), ('C', 7), ('Cl', 0), ('F', 0), ('H', 10), ('I', 0), ('N', 0), ('O', 2), ('S', 0))",19,51,complete,51,0,0,False,False,True
dsC7O2H10nsd_5048.xyz,5048,"(('Br', 0), ('C', 7), ('Cl', 0), ('F', 0), ('H', 10), ('I', 0), ('N', 0), ('O', 2), ('S', 0))",19,51,complete,51,0,0,False,False,True
dsC7O2H10nsd_5049.xyz,5049,"(('Br', 0), ('C', 7), ('Cl', 0), ('F', 0), ('H', 10), ('I', 0), ('N', 0), ('O', 2), ('S', 0))",19,102,incomplete_count,102,0,0,False,False,True
dsC7O2H10nsd_5050.xyz,5050,"(('Br', 0), ('C', 7), ('Cl', 0), ('F', 0), ('H', 10), ('I', 0), ('N', 0), ('O', 2), ('S', 0))",19,51,complete,51,0,0,False,False,True
dsC7O2H10nsd_5051.xyz,5051,"(('Br', 0), ('C', 7), ('Cl', 0), ('F', 0), ('H', 10), ('I', 0), ('N', 0), ('O', 2), ('S', 0))",19,51,complete,51,0,0,False,False,True
dsC7O2H10nsd_5052.xyz,5052,"(('Br', 0), ('C', 7), ('Cl', 0), ('F', 0), ('H', 10), ('I', 0), ('N', 0), ('O', 2), ('S', 0))",19,51,complete,51,0,0,False,False,True
dsC7O2H10nsd_5053.xyz,5053,"(('Br', 0), ('C', 7), ('Cl', 0), ('F', 0), ('H', 10), ('I', 0), ('N', 0), ('O', 2), ('S', 0))",19,51,complete,51,0,0,False,False,True
dsC7O2H10nsd_5054.xyz,5054,"(('Br', 0), ('C', 7), ('Cl', 0), ('F', 0), ('H', 10), ('I', 0), ('N', 0), ('O', 2), ('S', 0))",19,51,complete,51,0,0,False,False,True
dsC7O2H10nsd_5055.xyz,5055,"(('Br', 0), ('C', 7), ('Cl', 0), ('F', 0), ('H', 10), ('I', 0), ('N', 0), ('O', 2), ('S', 0))",19,51,complete,51,0,0,False,False,True
dsC7O2H10nsd_5056.xyz,5056,"(('Br', 0), ('C', 7), ('Cl', 0), ('F', 0), ('H', 10), ('I', 0), ('N', 0), ('O', 2), ('S', 0))",19,51,complete,51,0,0,False,False,True
dsC7O2H10nsd_5057.xyz,5057,"(('Br', 0), ('C', 7), ('Cl', 0), ('F', 0), ('H', 10), ('I', 0), ('N', 0), ('O', 2), ('S', 0))",19,51,complete,51,0,0,False,False,True
dsC7O2H10nsd_5058.xyz,5058,"(('Br', 0), ('C', 7), ('Cl', 0), ('F', 0), ('H', 10), ('I', 0), ('N', 0), ('O', 2), ('S', 0))",19,51,complete,51,0,0,False,False,True
dsC7O2H10nsd_5059.xyz,5059,"(('Br', 0), ('C', 7), ('Cl', 0), ('F', 0), ('H', 10), ('I', 0), ('N', 0), ('O', 2), ('S', 0))",19,51,complete,51,0,0,False,False,True
dsC7O2H10nsd_5060.xyz,5060,"(('Br', 0), ('C', 7), ('Cl', 0), ('F', 0), ('H', 10), ('I', 0), ('N', 0), ('O', 2), ('S', 0))",19,51,complete,51,0,0,False,False,True
dsC7O2H10nsd_5061.xyz,5061,"(('Br', 0), ('C', 7), ('Cl', 0), ('F', 0), ('H', 10), ('I', 0), ('N', 0), ('O', 2), ('S', 0))",19,51,complete,51,0,0,False,False,True
dsC7O2H10nsd_5062.xyz,5062,"(('Br', 0), ('C', 7), ('Cl', 0), ('F', 0), ('H', 10), ('I', 0), ('N', 0), ('O', 2), ('S', 0))",19,51,complete,51,0,0,False,False,True
dsC7O2H10nsd_5063.xyz,5063,"(('Br', 0), ('C', 7), ('Cl', 0), ('F', 0), ('H', 10), ('I', 0), ('N', 0), ('O', 2), ('S', 0))",19,51,complete,51,0,0,False,False,True
dsC7O2H10nsd_5064.xyz,5064,"(('Br', 0), ('C', 7), ('Cl', 0), ('F', 0), ('H', 10), ('I', 0), ('N', 0), ('O', 2), ('S', 0))",19,51,complete,51,0,0,False,False,True
dsC7O2H10nsd_5065.xyz,5065,"(('Br', 0), ('C', 7), ('Cl', 0), ('F', 0), ('H', 10), ('I', 0), ('N', 0), ('O', 2), ('S', 0))",19,51,complete,51,0,0,False,False,True
dsC7O2H10nsd_5066.xyz,5066,"(('Br', 0), ('C', 7), ('Cl', 0), ('F', 0), ('H', 10), ('I', 0), ('N', 0), ('O', 2), ('S', 0))",19,51,complete,51,0,0,False,False,True
dsC7O2H10nsd_5067.xyz,5067,"(('Br', 0), ('C', 7), ('Cl', 0), ('F', 0), ('H', 10), ('I', 0), ('N', 0), ('O', 2), ('S', 0))",19,51,complete,51,0,0,False,False,True
dsC7O2H10nsd_5068.xyz,5068,"(('Br', 0), ('C', 7), ('Cl', 0), ('F', 0), ('H', 10), ('I', 0), ('N', 0), ('O', 2), ('S', 0))",19,51,complete,51,0,0,False,False,True
dsC7O2H10nsd_5069.xyz,5069,"(('Br', 0), ('C', 7), ('Cl', 0), ('F', 0), ('H', 10), ('I', 0), ('N', 0), ('O', 2), ('S', 0))",19,51,complete,51,0,0,False,False,True
dsC7O2H10nsd_5070.xyz,5070,"(('Br', 0), ('C', 7), ('Cl', 0), ('F', 0), ('H', 10), ('I', 0), ('N', 0), ('O', 2), ('S', 0))",19,51,complete,51,0,0,False,False,True
dsC7O2H10nsd_5071.xyz,5071,"(('Br', 0), ('C', 7), ('Cl', 0), ('F', 0), ('H', 10), ('I', 0), ('N', 0), ('O', 2), ('S', 0))",19,51,complete,51,0,0,False,False,True
dsC7O2H10nsd_5072.xyz,5072,"(('Br', 0), ('C', 7), ('Cl', 0), ('F', 0), ('H', 10), ('I', 0), ('N', 0), ('O', 2), ('S', 0))",19,51,complete,51,0,0,False,False,True
dsC7O2H10nsd_5073.xyz,5073,"(('Br', 0), ('C', 7), ('Cl', 0), ('F', 0), ('H', 10), ('I', 0), ('N', 0), ('O', 2), ('S', 0))",19,51,complete,51,0,0,False,False,True
dsC7O2H10nsd_5074.xyz,5074,"(('Br', 0), ('C', 7), ('Cl', 0), ('F', 0), ('H', 10), ('I', 0), ('N', 0), ('O', 2), ('S', 0))",19,51,complete,51,0,0,False,False,True
dsC7O2H10nsd_5075.xyz,5075,"(('Br', 0), ('C', 7), ('Cl', 0), ('F', 0), ('H', 10), ('I', 0), ('N', 0), ('O', 2), ('S', 0))",19,51,complete,51,0,0,False,False,True
dsC7O2H10nsd_5076.xyz,5076,"(('Br', 0), ('C', 7), ('Cl', 0), ('F', 0), ('H', 10), ('I', 0), ('N', 0), ('O', 2), ('S', 0))",19,51,complete,51,0,0,False,False,True
dsC7O2H10nsd_5077.xyz,5077,"(('Br', 0), ('C', 7), ('Cl', 0), ('F', 0), ('H', 10), ('I', 0), ('N', 0), ('O', 2), ('S', 0))",19,51,complete,51,0,0,False,False,True
dsC7O2H10nsd_5078.xyz,5078,"(('Br', 0), ('C', 7), ('Cl', 0), ('F', 0), ('H', 10), ('I', 0), ('N', 0), ('O', 2), ('S', 0))",19,51,complete,51,0,0,False,False,True
dsC7O2H10nsd_5079.xyz,5079,"(('Br', 0), ('C', 7), ('Cl', 0), ('F', 0), ('H', 10), ('I', 0), ('N', 0), ('O', 2), ('S', 0))",19,51,complete,51,0,0,False,False,True
dsC7O2H10nsd_5080.xyz,5080,"(('Br', 0), ('C', 7), ('Cl', 0), ('F', 0), ('H', 10), ('I', 0), ('N', 0), ('O', 2), ('S', 0))",19,51,complete,51,0,0,False,False,True
dsC7O2H10nsd_5081.xyz,5081,"(('Br', 0), ('C', 7), ('Cl', 0), ('F', 0), ('H', 10), ('I', 0), ('N', 0), ('O', 2), ('S', 0))",19,51,complete,51,0,0,False,False,True
dsC7O2H10nsd_5082.xyz,5082,"(('Br', 0), ('C', 7), ('Cl', 0), ('F', 0), ('H', 10), ('I', 0), ('N', 0), ('O', 2), ('S', 0))",19,51,complete,51,0,0,False,False,True
dsC7O2H10nsd_5083.xyz,5083,"(('Br', 0), ('C', 7), ('Cl', 0), ('F', 0), ('H', 10), ('I', 0), ('N', 0), ('O', 2), ('S', 0))",19,51,complete,51,0,0,False,False,True
dsC7O2H10nsd_5084.xyz,5084,"(('Br', 0), ('C', 7), ('Cl', 0), ('F', 0), ('H', 10), ('I', 0), ('N', 0), ('O', 2), ('S', 0))",19,51,complete,51,0,0,False,False,True
dsC7O2H10nsd_5085.xyz,5085,"(('Br', 0), ('C', 7), ('Cl', 0), ('F', 0), ('H', 10), ('I', 0), ('N', 0), ('O', 2), ('S', 0))",19,51,complete,51,0,0,False,False,True
dsC7O2H10nsd_5086.xyz,5086,"(('Br', 0), ('C', 7), ('Cl', 0), ('F', 0), ('H', 10), ('I', 0), ('N', 0), ('O', 2), ('S', 0))",19,51,complete,51,0,0,False,False,True
dsC7O2H10nsd_5087.xyz,5087,"(('Br', 0), ('C', 7), ('Cl', 0), ('F', 0), ('H', 10), ('I', 0), ('N', 0), ('O', 2), ('S', 0))",19,51,complete,51,0,0,False,False,True
dsC7O2H10nsd_5088.xyz,5088,"(('Br', 0), ('C', 7), ('Cl', 0), ('F', 0), ('H', 10), ('I', 0), ('N', 0), ('O', 2), ('S', 0))",19,51,complete,51,0,0,False,False,True
dsC7O2H10nsd_5089.xyz,5089,"(('Br', 0), ('C', 7), ('Cl', 0), ('F', 0), ('H', 10), ('I', 0), ('N', 0), ('O', 2), ('S', 0))",19,51,complete,51,0,0,False,False,True
dsC7O2H10nsd_5090.xyz,5090,"(('Br', 0), ('C', 7), ('Cl', 0), ('F', 0), ('H', 10), ('I', 0), ('N', 0), ('O', 2), ('S', 0))",19,51,complete,51,0,0,False,False,True
dsC7O2H10nsd_5091.xyz,5091,"(('Br', 0), ('C', 7), ('Cl', 0), ('F', 0), ('H', 10), ('I', 0), ('N', 0), ('O', 2), ('S', 0))",19,51,complete,51,0,0,False,False,True
dsC7O2H10nsd_5092.xyz,5092,"(('Br', 0), ('C', 7), ('Cl', 0), ('F', 0), ('H', 10), ('I', 0), ('N', 0), ('O', 2), ('S', 0))",19,51,complete,51,0,0,False,False,True
dsC7O2H10nsd_5093.xyz,5093,"(('Br', 0), ('C', 7), ('Cl', 0), ('F', 0), ('H', 10), ('I', 0), ('N', 0), ('O', 2), ('S', 0))",19,51,complete,51,0,0,False,False,True
dsC7O2H10nsd_5094.xyz,5094,"(('Br', 0), ('C', 7), ('Cl', 0), ('F', 0), ('H', 10), ('I', 0), ('N', 0), ('O', 2), ('S', 0))",19,51,complete,51,0,0,False,False,True
dsC7O2H10nsd_5095.xyz,5095,"(('Br', 0), ('C', 7), ('Cl', 0), ('F', 0), ('H', 10), ('I', 0), ('N', 0), ('O', 2), ('S', 0))",19,51,complete,51,0,0,False,False,True
dsC7O2H10nsd_5096.xyz,5096,"(('Br', 0), ('C', 7), ('Cl', 0), ('F', 0), ('H', 10), ('I', 0), ('N', 0), ('O', 2), ('S', 0))",19,51,complete,51,0,0,False,False,True
dsC7O2H10nsd_5097.xyz,5097,"(('Br', 0), ('C', 7), ('Cl', 0), ('F', 0), ('H', 10), ('I', 0), ('N', 0), ('O', 2), ('S', 0))",19,51,complete,51,0,0,False,False,True
dsC7O2H10nsd_5098.xyz,5098,"(('Br', 0), ('C', 7), ('Cl', 0), ('F', 0), ('H', 10), ('I', 0), ('N', 0), ('O', 2), ('S', 0))",19,51,complete,51,0,0,False,False,True
dsC7O2H10nsd_5099.xyz,5099,"(('Br', 0), ('C', 7), ('Cl', 0), ('F', 0), ('H', 10), ('I', 0), ('N', 0), ('O', 2), ('S', 0))",19,51,complete,51,0,0,False,False,True
dsC7O2H10nsd_5100.xyz,5100,"(('Br', 0), ('C', 7), ('Cl', 0), ('F', 0), ('H', 10), ('I', 0), ('N', 0), ('O', 2), ('S', 0))",19,51,complete,51,0,0,False,False,True
dsC7O2H10nsd_5101.xyz,5101,"(('Br', 0), ('C', 7), ('Cl', 0), ('F', 0), ('H', 10), ('I', 0), ('N', 0), ('O', 2), ('S', 0))",19,51,complete,51,0,0,False,False,True
dsC7O2H10nsd_5102.xyz,5102,"(('Br', 0), ('C', 7), ('Cl', 0), ('F', 0), ('H', 10), ('I', 0), ('N', 0), ('O', 2), ('S', 0))",19,51,complete,51,0,0,False,False,True
dsC7O2H10nsd_5103.xyz,5103,"(('Br', 0), ('C', 7), ('Cl', 0), ('F', 0), ('H', 10), ('I', 0), ('N', 0), ('O', 2), ('S', 0))",19,51,complete,51,0,0,False,False,True
dsC7O2H10nsd_5104.xyz,5104,"(('Br', 0), ('C', 7), ('Cl', 0), ('F', 0), ('H', 10), ('I', 0), ('N', 0), ('O', 2), ('S', 0))",19,51,complete,51,0,0,False,False,True
dsC7O2H10nsd_5105.xyz,5105,"(('Br', 0), ('C', 7), ('Cl', 0), ('F', 0), ('H', 10), ('I', 0), ('N', 0), ('O', 2), ('S', 0))",19,51,complete,51,0,0,False,False,True
dsC7O2H10nsd_5106.xyz,5106,"(('Br', 0), ('C', 7), ('Cl', 0), ('F', 0), ('H', 10), ('I', 0), ('N', 0), ('O', 2), ('S', 0))",19,51,complete,51,0,0,False,False,True
dsC7O2H10nsd_5107.xyz,5107,"(('Br', 0), ('C', 7), ('Cl', 0), ('F', 0), ('H', 10), ('I', 0), ('N', 0), ('O', 2), ('S', 0))",19,51,complete,51,0,0,False,False,True
dsC7O2H10nsd_5108.xyz,5108,"(('Br', 0), ('C', 7), ('Cl', 0), ('F', 0), ('H', 10), ('I', 0), ('N', 0), ('O', 2), ('S', 0))",19,51,complete,51,0,0,False,False,True
dsC7O2H10nsd_5109.xyz,5109,"(('Br', 0), ('C', 7), ('Cl', 0), ('F', 0), ('H', 10), ('I', 0), ('N', 0), ('O', 2), ('S', 0))",19,51,complete,51,0,0,False,False,True
dsC7O2H10nsd_5110.xyz,5110,"(('Br', 0), ('C', 7), ('Cl', 0), ('F', 0), ('H', 10), ('I', 0), ('N', 0), ('O', 2), ('S', 0))",19,51,complete,51,0,0,False,False,True
dsC7O2H10nsd_5111.xyz,5111,"(('Br', 0), ('C', 7), ('Cl', 0), ('F', 0), ('H', 10), ('I', 0), ('N', 0), ('O', 2), ('S', 0))",19,51,complete,51,0,0,False,False,True
dsC7O2H10nsd_5112.xyz,5112,"(('Br', 0), ('C', 7), ('Cl', 0), ('F', 0), ('H', 10), ('I', 0), ('N', 0), ('O', 2), ('S', 0))",19,51,complete,51,0,0,False,False,True
dsC7O2H10nsd_5113.xyz,5113,"(('Br', 0), ('C', 7), ('Cl', 0), ('F', 0), ('H', 10), ('I', 0), ('N', 0), ('O', 2), ('S', 0))",19,51,complete,51,0,0,False,False,True
dsC7O2H10nsd_5114.xyz,5114,"(('Br', 0), ('C', 7), ('Cl', 0), ('F', 0), ('H', 10), ('I', 0), ('N', 0), ('O', 2), ('S', 0))",19,51,complete,51,0,0,False,False,True
dsC7O2H10nsd_5115.xyz,5115,"(('Br', 0), ('C', 7), ('Cl', 0), ('F', 0), ('H', 10), ('I', 0), ('N', 0), ('O', 2), ('S', 0))",19,51,complete,51,0,0,False,False,True
dsC7O2H10nsd_5116.xyz,5116,"(('Br', 0), ('C', 7), ('Cl', 0), ('F', 0), ('H', 10), ('I', 0), ('N', 0), ('O', 2), ('S', 0))",19,102,incomplete_count,102,0,0,False,False,True
dsC7O2H10nsd_5117.xyz,5117,"(('Br', 0), ('C', 7), ('Cl', 0), ('F', 0), ('H', 10), ('I', 0), ('N', 0), ('O', 2), ('S', 0))",19,51,complete,51,0,0,False,False,True
dsC7O2H10nsd_5118.xyz,5118,"(('Br', 0), ('C', 7), ('Cl', 0), ('F', 0), ('H', 10), ('I', 0), ('N', 0), ('O', 2), ('S', 0))",19,51,complete,51,0,0,False,False,True
dsC7O2H10nsd_5119.xyz,5119,"(('Br', 0), ('C', 7), ('Cl', 0), ('F', 0), ('H', 10), ('I', 0), ('N', 0), ('O', 2), ('S', 0))",19,51,complete,51,0,0,False,False,True
dsC7O2H10nsd_5120.xyz,5120,"(('Br', 0), ('C', 7), ('Cl', 0), ('F', 0), ('H', 10), ('I', 0), ('N', 0), ('O', 2), ('S', 0))",19,51,complete,51,0,0,False,False,True
dsC7O2H10nsd_5121.xyz,5121,"(('Br', 0), ('C', 7), ('Cl', 0), ('F', 0), ('H', 10), ('I', 0), ('N', 0), ('O', 2), ('S', 0))",19,51,complete,51,0,0,False,False,True
dsC7O2H10nsd_5122.xyz,5122,"(('Br', 0), ('C', 7), ('Cl', 0), ('F', 0), ('H', 10), ('I', 0), ('N', 0), ('O', 2), ('S', 0))",19,51,complete,51,0,0,False,False,True
dsC7O2H10nsd_5123.xyz,5123,"(('Br', 0), ('C', 7), ('Cl', 0), ('F', 0), ('H', 10), ('I', 0), ('N', 0), ('O', 2), ('S', 0))",19,51,complete,51,0,0,False,False,True
dsC7O2H10nsd_5124.xyz,5124,"(('Br', 0), ('C', 7), ('Cl', 0), ('F', 0), ('H', 10), ('I', 0), ('N', 0), ('O', 2), ('S', 0))",19,51,complete,51,0,0,False,False,True
dsC7O2H10nsd_5125.xyz,5125,"(('Br', 0), ('C', 7), ('Cl', 0), ('F', 0), ('H', 10), ('I', 0), ('N', 0), ('O', 2), ('S', 0))",19,51,complete,51,0,0,False,False,True
dsC7O2H10nsd_5126.xyz,5126,"(('Br', 0), ('C', 7), ('Cl', 0), ('F', 0), ('H', 10), ('I', 0), ('N', 0), ('O', 2), ('S', 0))",19,51,complete,51,0,0,False,False,True
dsC7O2H10nsd_5127.xyz,5127,"(('Br', 0), ('C', 7), ('Cl', 0), ('F', 0), ('H', 10), ('I', 0), ('N', 0), ('O', 2), ('S', 0))",19,51,complete,51,0,0,False,False,True
dsC7O2H10nsd_5128.xyz,5128,"(('Br', 0), ('C', 7), ('Cl', 0), ('F', 0), ('H', 10), ('I', 0), ('N', 0), ('O', 2), ('S', 0))",19,51,complete,51,0,0,False,False,True
dsC7O2H10nsd_5129.xyz,5129,"(('Br', 0), ('C', 7), ('Cl', 0), ('F', 0), ('H', 10), ('I', 0), ('N', 0), ('O', 2), ('S', 0))",19,51,complete,51,0,0,False,False,True
dsC7O2H10nsd_5130.xyz,5130,"(('Br', 0), ('C', 7), ('Cl', 0), ('F', 0), ('H', 10), ('I', 0), ('N', 0), ('O', 2), ('S', 0))",19,51,complete,51,0,0,False,False,True
dsC7O2H10nsd_5131.xyz,5131,"(('Br', 0), ('C', 7), ('Cl', 0), ('F', 0), ('H', 10), ('I', 0), ('N', 0), ('O', 2), ('S', 0))",19,51,complete,51,0,0,False,False,True
dsC7O2H10nsd_5132.xyz,5132,"(('Br', 0), ('C', 7), ('Cl', 0), ('F', 0), ('H', 10), ('I', 0), ('N', 0), ('O', 2), ('S', 0))",19,51,complete,51,0,0,False,False,True
dsC7O2H10nsd_5133.xyz,5133,"(('Br', 0), ('C', 7), ('Cl', 0), ('F', 0), ('H', 10), ('I', 0), ('N', 0), ('O', 2), ('S', 0))",19,51,complete,51,0,0,False,False,True
dsC7O2H10nsd_5134.xyz,5134,"(('Br', 0), ('C', 7), ('Cl', 0), ('F', 0), ('H', 10), ('I', 0), ('N', 0), ('O', 2), ('S', 0))",19,51,complete,51,0,0,False,False,True
dsC7O2H10nsd_5135.xyz,5135,"(('Br', 0), ('C', 7), ('Cl', 0), ('F', 0), ('H', 10), ('I', 0), ('N', 0), ('O', 2), ('S', 0))",19,51,complete,51,0,0,False,False,True
dsC7O2H10nsd_5136.xyz,5136,"(('Br', 0), ('C', 7), ('Cl', 0), ('F', 0), ('H', 10), ('I', 0), ('N', 0), ('O', 2), ('S', 0))",19,51,complete,51,0,0,False,False,True
dsC7O2H10nsd_5137.xyz,5137,"(('Br', 0), ('C', 7), ('Cl', 0), ('F', 0), ('H', 10), ('I', 0), ('N', 0), ('O', 2), ('S', 0))",19,51,complete,51,0,0,False,False,True
dsC7O2H10nsd_5138.xyz,5138,"(('Br', 0), ('C', 7), ('Cl', 0), ('F', 0), ('H', 10), ('I', 0), ('N', 0), ('O', 2), ('S', 0))",19,51,complete,51,0,0,False,False,True
dsC7O2H10nsd_5139.xyz,5139,"(('Br', 0), ('C', 7), ('Cl', 0), ('F', 0), ('H', 10), ('I', 0), ('N', 0), ('O', 2), ('S', 0))",19,51,complete,51,0,0,False,False,True
dsC7O2H10nsd_5140.xyz,5140,"(('Br', 0), ('C', 7), ('Cl', 0), ('F', 0), ('H', 10), ('I', 0), ('N', 0), ('O', 2), ('S', 0))",19,51,complete,51,0,0,False,False,True
dsC7O2H10nsd_5141.xyz,5141,"(('Br', 0), ('C', 7), ('Cl', 0), ('F', 0), ('H', 10), ('I', 0), ('N', 0), ('O', 2), ('S', 0))",19,51,complete,51,0,0,False,False,True
dsC7O2H10nsd_5142.xyz,5142,"(('Br', 0), ('C', 7), ('Cl', 0), ('F', 0), ('H', 10), ('I', 0), ('N', 0), ('O', 2), ('S', 0))",19,51,complete,51,0,0,False,False,True
dsC7O2H10nsd_5143.xyz,5143,"(('Br', 0), ('C', 7), ('Cl', 0), ('F', 0), ('H', 10), ('I', 0), ('N', 0), ('O', 2), ('S', 0))",19,51,complete,51,0,0,False,False,True
dsC7O2H10nsd_5144.xyz,5144,"(('Br', 0), ('C', 7), ('Cl', 0), ('F', 0), ('H', 10), ('I', 0), ('N', 0), ('O', 2), ('S', 0))",19,51,complete,51,0,0,False,False,True
dsC7O2H10nsd_5145.xyz,5145,"(('Br', 0), ('C', 7), ('Cl', 0), ('F', 0), ('H', 10), ('I', 0), ('N', 0), ('O', 2), ('S', 0))",19,51,complete,51,0,0,False,False,True
dsC7O2H10nsd_5146.xyz,5146,"(('Br', 0), ('C', 7), ('Cl', 0), ('F', 0), ('H', 10), ('I', 0), ('N', 0), ('O', 2), ('S', 0))",19,51,complete,51,0,0,False,False,True
dsC7O2H10nsd_5147.xyz,5147,"(('Br', 0), ('C', 7), ('Cl', 0), ('F', 0), ('H', 10), ('I', 0), ('N', 0), ('O', 2), ('S', 0))",19,51,complete,51,0,0,False,False,True
dsC7O2H10nsd_5148.xyz,5148,"(('Br', 0), ('C', 7), ('Cl', 0), ('F', 0), ('H', 10), ('I', 0), ('N', 0), ('O', 2), ('S', 0))",19,51,complete,51,0,0,False,False,True
dsC7O2H10nsd_5149.xyz,5149,"(('Br', 0), ('C', 7), ('Cl', 0), ('F', 0), ('H', 10), ('I', 0), ('N', 0), ('O', 2), ('S', 0))",19,51,complete,51,0,0,False,False,True
dsC7O2H10nsd_5150.xyz,5150,"(('Br', 0), ('C', 7), ('Cl', 0), ('F', 0), ('H', 10), ('I', 0), ('N', 0), ('O', 2), ('S', 0))",19,51,complete,51,0,0,False,False,True
dsC7O2H10nsd_5151.xyz,5151,"(('Br', 0), ('C', 7), ('Cl', 0), ('F', 0), ('H', 10), ('I', 0), ('N', 0), ('O', 2), ('S', 0))",19,51,complete,51,0,0,False,False,True
dsC7O2H10nsd_5152.xyz,5152,"(('Br', 0), ('C', 7), ('Cl', 0), ('F', 0), ('H', 10), ('I', 0), ('N', 0), ('O', 2), ('S', 0))",19,51,complete,51,0,0,False,False,True
dsC7O2H10nsd_5153.xyz,5153,"(('Br', 0), ('C', 7), ('Cl', 0), ('F', 0), ('H', 10), ('I', 0), ('N', 0), ('O', 2), ('S', 0))",19,51,complete,51,0,0,False,False,True
dsC7O2H10nsd_5154.xyz,5154,"(('Br', 0), ('C', 7), ('Cl', 0), ('F', 0), ('H', 10), ('I', 0), ('N', 0), ('O', 2), ('S', 0))",19,51,complete,51,0,0,False,False,True
dsC7O2H10nsd_5155.xyz,5155,"(('Br', 0), ('C', 7), ('Cl', 0), ('F', 0), ('H', 10), ('I', 0), ('N', 0), ('O', 2), ('S', 0))",19,51,complete,51,0,0,False,False,True
dsC7O2H10nsd_5156.xyz,5156,"(('Br', 0), ('C', 7), ('Cl', 0), ('F', 0), ('H', 10), ('I', 0), ('N', 0), ('O', 2), ('S', 0))",19,51,complete,51,0,0,False,False,True
dsC7O2H10nsd_5157.xyz,5157,"(('Br', 0), ('C', 7), ('Cl', 0), ('F', 0), ('H', 10), ('I', 0), ('N', 0), ('O', 2), ('S', 0))",19,51,complete,51,0,0,False,False,True
dsC7O2H10nsd_5158.xyz,5158,"(('Br', 0), ('C', 7), ('Cl', 0), ('F', 0), ('H', 10), ('I', 0), ('N', 0), ('O', 2), ('S', 0))",19,51,complete,51,0,0,False,False,True
dsC7O2H10nsd_5159.xyz,5159,"(('Br', 0), ('C', 7), ('Cl', 0), ('F', 0), ('H', 10), ('I', 0), ('N', 0), ('O', 2), ('S', 0))",19,51,complete,51,0,0,False,False,True
dsC7O2H10nsd_5160.xyz,5160,"(('Br', 0), ('C', 7), ('Cl', 0), ('F', 0), ('H', 10), ('I', 0), ('N', 0), ('O', 2), ('S', 0))",19,51,complete,51,0,0,False,False,True
dsC7O2H10nsd_5161.xyz,5161,"(('Br', 0), ('C', 7), ('Cl', 0), ('F', 0), ('H', 10), ('I', 0), ('N', 0), ('O', 2), ('S', 0))",19,51,complete,51,0,0,False,False,True
dsC7O2H10nsd_5162.xyz,5162,"(('Br', 0), ('C', 7), ('Cl', 0), ('F', 0), ('H', 10), ('I', 0), ('N', 0), ('O', 2), ('S', 0))",19,51,complete,51,0,0,False,False,True
dsC7O2H10nsd_5163.xyz,5163,"(('Br', 0), ('C', 7), ('Cl', 0), ('F', 0), ('H', 10), ('I', 0), ('N', 0), ('O', 2), ('S', 0))",19,51,complete,51,0,0,False,False,True
dsC7O2H10nsd_5164.xyz,5164,"(('Br', 0), ('C', 7), ('Cl', 0), ('F', 0), ('H', 10), ('I', 0), ('N', 0), ('O', 2), ('S', 0))",19,51,complete,51,0,0,False,False,True
dsC7O2H10nsd_5165.xyz,5165,"(('Br', 0), ('C', 7), ('Cl', 0), ('F', 0), ('H', 10), ('I', 0), ('N', 0), ('O', 2), ('S', 0))",19,51,complete,51,0,0,False,False,True
dsC7O2H10nsd_5166.xyz,5166,"(('Br', 0), ('C', 7), ('Cl', 0), ('F', 0), ('H', 10), ('I', 0), ('N', 0), ('O', 2), ('S', 0))",19,51,complete,51,0,0,False,False,True
dsC7O2H10nsd_5167.xyz,5167,"(('Br', 0), ('C', 7), ('Cl', 0), ('F', 0), ('H', 10), ('I', 0), ('N', 0), ('O', 2), ('S', 0))",19,51,complete,51,0,0,False,False,True
dsC7O2H10nsd_5168.xyz,5168,"(('Br', 0), ('C', 7), ('Cl', 0), ('F', 0), ('H', 10), ('I', 0), ('N', 0), ('O', 2), ('S', 0))",19,51,complete,51,0,0,False,False,True
dsC7O2H10nsd_5169.xyz,5169,"(('Br', 0), ('C', 7), ('Cl', 0), ('F', 0), ('H', 10), ('I', 0), ('N', 0), ('O', 2), ('S', 0))",19,51,complete,51,0,0,False,False,True
dsC7O2H10nsd_5170.xyz,5170,"(('Br', 0), ('C', 7), ('Cl', 0), ('F', 0), ('H', 10), ('I', 0), ('N', 0), ('O', 2), ('S', 0))",19,51,complete,51,0,0,False,False,True
dsC7O2H10nsd_5171.xyz,5171,"(('Br', 0), ('C', 7), ('Cl', 0), ('F', 0), ('H', 10), ('I', 0), ('N', 0), ('O', 2), ('S', 0))",19,51,complete,51,0,0,False,False,True
dsC7O2H10nsd_5172.xyz,5172,"(('Br', 0), ('C', 7), ('Cl', 0), ('F', 0), ('H', 10), ('I', 0), ('N', 0), ('O', 2), ('S', 0))",19,51,complete,51,0,0,False,False,True
dsC7O2H10nsd_5173.xyz,5173,"(('Br', 0), ('C', 7), ('Cl', 0), ('F', 0), ('H', 10), ('I', 0), ('N', 0), ('O', 2), ('S', 0))",19,51,complete,51,0,0,False,False,True
dsC7O2H10nsd_5174.xyz,5174,"(('Br', 0), ('C', 7), ('Cl', 0), ('F', 0), ('H', 10), ('I', 0), ('N', 0), ('O', 2), ('S', 0))",19,51,complete,51,0,0,False,False,True
dsC7O2H10nsd_5175.xyz,5175,"(('Br', 0), ('C', 7), ('Cl', 0), ('F', 0), ('H', 10), ('I', 0), ('N', 0), ('O', 2), ('S', 0))",19,51,complete,51,0,0,False,False,True
dsC7O2H10nsd_5176.xyz,5176,"(('Br', 0), ('C', 7), ('Cl', 0), ('F', 0), ('H', 10), ('I', 0), ('N', 0), ('O', 2), ('S', 0))",19,51,complete,51,0,0,False,False,True
dsC7O2H10nsd_5177.xyz,5177,"(('Br', 0), ('C', 7), ('Cl', 0), ('F', 0), ('H', 10), ('I', 0), ('N', 0), ('O', 2), ('S', 0))",19,51,complete,51,0,0,False,False,True
dsC7O2H10nsd_5178.xyz,5178,"(('Br', 0), ('C', 7), ('Cl', 0), ('F', 0), ('H', 10), ('I', 0), ('N', 0), ('O', 2), ('S', 0))",19,51,complete,51,0,0,False,False,True
dsC7O2H10nsd_5179.xyz,5179,"(('Br', 0), ('C', 7), ('Cl', 0), ('F', 0), ('H', 10), ('I', 0), ('N', 0), ('O', 2), ('S', 0))",19,51,complete,51,0,0,False,False,True
dsC7O2H10nsd_5180.xyz,5180,"(('Br', 0), ('C', 7), ('Cl', 0), ('F', 0), ('H', 10), ('I', 0), ('N', 0), ('O', 2), ('S', 0))",19,51,complete,51,0,0,False,False,True
dsC7O2H10nsd_5181.xyz,5181,"(('Br', 0), ('C', 7), ('Cl', 0), ('F', 0), ('H', 10), ('I', 0), ('N', 0), ('O', 2), ('S', 0))",19,51,complete,51,0,0,False,False,True
dsC7O2H10nsd_5182.xyz,5182,"(('Br', 0), ('C', 7), ('Cl', 0), ('F', 0), ('H', 10), ('I', 0), ('N', 0), ('O', 2), ('S', 0))",19,51,complete,51,0,0,False,False,True
dsC7O2H10nsd_5183.xyz,5183,"(('Br', 0), ('C', 7), ('Cl', 0), ('F', 0), ('H', 10), ('I', 0), ('N', 0), ('O', 2), ('S', 0))",19,51,complete,51,0,0,False,False,True
dsC7O2H10nsd_5184.xyz,5184,"(('Br', 0), ('C', 7), ('Cl', 0), ('F', 0), ('H', 10), ('I', 0), ('N', 0), ('O', 2), ('S', 0))",19,51,complete,51,0,0,False,False,True
dsC7O2H10nsd_5185.xyz,5185,"(('Br', 0), ('C', 7), ('Cl', 0), ('F', 0), ('H', 10), ('I', 0), ('N', 0), ('O', 2), ('S', 0))",19,51,complete,51,0,0,False,False,True
dsC7O2H10nsd_5186.xyz,5186,"(('Br', 0), ('C', 7), ('Cl', 0), ('F', 0), ('H', 10), ('I', 0), ('N', 0), ('O', 2), ('S', 0))",19,51,complete,51,0,0,False,False,True
dsC7O2H10nsd_5187.xyz,5187,"(('Br', 0), ('C', 7), ('Cl', 0), ('F', 0), ('H', 10), ('I', 0), ('N', 0), ('O', 2), ('S', 0))",19,51,complete,51,0,0,False,False,True
dsC7O2H10nsd_5188.xyz,5188,"(('Br', 0), ('C', 7), ('Cl', 0), ('F', 0), ('H', 10), ('I', 0), ('N', 0), ('O', 2), ('S', 0))",19,51,complete,51,0,0,False,False,True
dsC7O2H10nsd_5189.xyz,5189,"(('Br', 0), ('C', 7), ('Cl', 0), ('F', 0), ('H', 10), ('I', 0), ('N', 0), ('O', 2), ('S', 0))",19,51,complete,51,0,0,False,False,True
dsC7O2H10nsd_5190.xyz,5190,"(('Br', 0), ('C', 7), ('Cl', 0), ('F', 0), ('H', 10), ('I', 0), ('N', 0), ('O', 2), ('S', 0))",19,51,complete,51,0,0,False,False,True
dsC7O2H10nsd_5191.xyz,5191,"(('Br', 0), ('C', 7), ('Cl', 0), ('F', 0), ('H', 10), ('I', 0), ('N', 0), ('O', 2), ('S', 0))",19,51,complete,51,0,0,False,False,True
dsC7O2H10nsd_5192.xyz,5192,"(('Br', 0), ('C', 7), ('Cl', 0), ('F', 0), ('H', 10), ('I', 0), ('N', 0), ('O', 2), ('S', 0))",19,51,complete,51,0,0,False,False,True
dsC7O2H10nsd_5193.xyz,5193,"(('Br', 0), ('C', 7), ('Cl', 0), ('F', 0), ('H', 10), ('I', 0), ('N', 0), ('O', 2), ('S', 0))",19,51,complete,51,0,0,False,False,True
dsC7O2H10nsd_5194.xyz,5194,"(('Br', 0), ('C', 7), ('Cl', 0), ('F', 0), ('H', 10), ('I', 0), ('N', 0), ('O', 2), ('S', 0))",19,51,complete,51,0,0,False,False,True
dsC7O2H10nsd_5195.xyz,5195,"(('Br', 0), ('C', 7), ('Cl', 0), ('F', 0), ('H', 10), ('I', 0), ('N', 0), ('O', 2), ('S', 0))",19,51,complete,51,0,0,False,False,True
dsC7O2H10nsd_5196.xyz,5196,"(('Br', 0), ('C', 7), ('Cl', 0), ('F', 0), ('H', 10), ('I', 0), ('N', 0), ('O', 2), ('S', 0))",19,51,complete,51,0,0,False,False,True
dsC7O2H10nsd_5197.xyz,5197,"(('Br', 0), ('C', 7), ('Cl', 0), ('F', 0), ('H', 10), ('I', 0), ('N', 0), ('O', 2), ('S', 0))",19,51,complete,51,0,0,False,False,True
dsC7O2H10nsd_5198.xyz,5198,"(('Br', 0), ('C', 7), ('Cl', 0), ('F', 0), ('H', 10), ('I', 0), ('N', 0), ('O', 2), ('S', 0))",19,51,complete,51,0,0,False,False,True
dsC7O2H10nsd_5199.xyz,5199,"(('Br', 0), ('C', 7), ('Cl', 0), ('F', 0), ('H', 10), ('I', 0), ('N', 0), ('O', 2), ('S', 0))",19,51,complete,51,0,0,False,False,True
dsC7O2H10nsd_5200.xyz,5200,"(('Br', 0), ('C', 7), ('Cl', 0), ('F', 0), ('H', 10), ('I', 0), ('N', 0), ('O', 2), ('S', 0))",19,51,complete,51,0,0,False,False,True
dsC7O2H10nsd_5201.xyz,5201,"(('Br', 0), ('C', 7), ('Cl', 0), ('F', 0), ('H', 10), ('I', 0), ('N', 0), ('O', 2), ('S', 0))",19,51,complete,51,0,0,False,False,True
dsC7O2H10nsd_5202.xyz,5202,"(('Br', 0), ('C', 7), ('Cl', 0), ('F', 0), ('H', 10), ('I', 0), ('N', 0), ('O', 2), ('S', 0))",19,51,complete,51,0,0,False,False,True
dsC7O2H10nsd_5203.xyz,5203,"(('Br', 0), ('C', 7), ('Cl', 0), ('F', 0), ('H', 10), ('I', 0), ('N', 0), ('O', 2), ('S', 0))",19,51,complete,51,0,0,False,False,True
dsC7O2H10nsd_5204.xyz,5204,"(('Br', 0), ('C', 7), ('Cl', 0), ('F', 0), ('H', 10), ('I', 0), ('N', 0), ('O', 2), ('S', 0))",19,51,complete,51,0,0,False,False,True
dsC7O2H10nsd_5205.xyz,5205,"(('Br', 0), ('C', 7), ('Cl', 0), ('F', 0), ('H', 10), ('I', 0), ('N', 0), ('O', 2), ('S', 0))",19,51,complete,51,0,0,False,False,True
dsC7O2H10nsd_5206.xyz,5206,"(('Br', 0), ('C', 7), ('Cl', 0), ('F', 0), ('H', 10), ('I', 0), ('N', 0), ('O', 2), ('S', 0))",19,51,complete,51,0,0,False,False,True
dsC7O2H10nsd_5207.xyz,5207,"(('Br', 0), ('C', 7), ('Cl', 0), ('F', 0), ('H', 10), ('I', 0), ('N', 0), ('O', 2), ('S', 0))",19,51,complete,51,0,0,False,False,True
dsC7O2H10nsd_5208.xyz,5208,"(('Br', 0), ('C', 7), ('Cl', 0), ('F', 0), ('H', 10), ('I', 0), ('N', 0), ('O', 2), ('S', 0))",19,51,complete,51,0,0,False,False,True
dsC7O2H10nsd_5209.xyz,5209,"(('Br', 0), ('C', 7), ('Cl', 0), ('F', 0), ('H', 10), ('I', 0), ('N', 0), ('O', 2), ('S', 0))",19,51,complete,51,0,0,False,False,True
dsC7O2H10nsd_5210.xyz,5210,"(('Br', 0), ('C', 7), ('Cl', 0), ('F', 0), ('H', 10), ('I', 0), ('N', 0), ('O', 2), ('S', 0))",19,51,complete,51,0,0,False,False,True
dsC7O2H10nsd_5211.xyz,5211,"(('Br', 0), ('C', 7), ('Cl', 0), ('F', 0), ('H', 10), ('I', 0), ('N', 0), ('O', 2), ('S', 0))",19,51,complete,51,0,0,False,False,True
dsC7O2H10nsd_5212.xyz,5212,"(('Br', 0), ('C', 7), ('Cl', 0), ('F', 0), ('H', 10), ('I', 0), ('N', 0), ('O', 2), ('S', 0))",19,51,complete,51,0,0,False,False,True
dsC7O2H10nsd_5213.xyz,5213,"(('Br', 0), ('C', 7), ('Cl', 0), ('F', 0), ('H', 10), ('I', 0), ('N', 0), ('O', 2), ('S', 0))",19,51,complete,51,0,0,False,False,True
dsC7O2H10nsd_5214.xyz,5214,"(('Br', 0), ('C', 7), ('Cl', 0), ('F', 0), ('H', 10), ('I', 0), ('N', 0), ('O', 2), ('S', 0))",19,51,complete,51,0,0,False,False,True
dsC7O2H10nsd_5215.xyz,5215,"(('Br', 0), ('C', 7), ('Cl', 0), ('F', 0), ('H', 10), ('I', 0), ('N', 0), ('O', 2), ('S', 0))",19,51,complete,51,0,0,False,False,True
dsC7O2H10nsd_5216.xyz,5216,"(('Br', 0), ('C', 7), ('Cl', 0), ('F', 0), ('H', 10), ('I', 0), ('N', 0), ('O', 2), ('S', 0))",19,51,complete,51,0,0,False,False,True
dsC7O2H10nsd_5217.xyz,5217,"(('Br', 0), ('C', 7), ('Cl', 0), ('F', 0), ('H', 10), ('I', 0), ('N', 0), ('O', 2), ('S', 0))",19,51,complete,51,0,0,False,False,True
dsC7O2H10nsd_5218.xyz,5218,"(('Br', 0), ('C', 7), ('Cl', 0), ('F', 0), ('H', 10), ('I', 0), ('N', 0), ('O', 2), ('S', 0))",19,51,complete,51,0,0,False,False,True
dsC7O2H10nsd_5219.xyz,5219,"(('Br', 0), ('C', 7), ('Cl', 0), ('F', 0), ('H', 10), ('I', 0), ('N', 0), ('O', 2), ('S', 0))",19,51,complete,51,0,0,False,False,True
dsC7O2H10nsd_5220.xyz,5220,"(('Br', 0), ('C', 7), ('Cl', 0), ('F', 0), ('H', 10), ('I', 0), ('N', 0), ('O', 2), ('S', 0))",19,51,complete,51,0,0,False,False,True
dsC7O2H10nsd_5221.xyz,5221,"(('Br', 0), ('C', 7), ('Cl', 0), ('F', 0), ('H', 10), ('I', 0), ('N', 0), ('O', 2), ('S', 0))",19,51,complete,51,0,0,False,False,True
dsC7O2H10nsd_5222.xyz,5222,"(('Br', 0), ('C', 7), ('Cl', 0), ('F', 0), ('H', 10), ('I', 0), ('N', 0), ('O', 2), ('S', 0))",19,51,complete,51,0,0,False,False,True
dsC7O2H10nsd_5223.xyz,5223,"(('Br', 0), ('C', 7), ('Cl', 0), ('F', 0), ('H', 10), ('I', 0), ('N', 0), ('O', 2), ('S', 0))",19,51,complete,51,0,0,False,False,True
dsC7O2H10nsd_5224.xyz,5224,"(('Br', 0), ('C', 7), ('Cl', 0), ('F', 0), ('H', 10), ('I', 0), ('N', 0), ('O', 2), ('S', 0))",19,51,complete,51,0,0,False,False,True
dsC7O2H10nsd_5225.xyz,5225,"(('Br', 0), ('C', 7), ('Cl', 0), ('F', 0), ('H', 10), ('I', 0), ('N', 0), ('O', 2), ('S', 0))",19,51,complete,51,0,0,False,False,True
dsC7O2H10nsd_5226.xyz,5226,"(('Br', 0), ('C', 7), ('Cl', 0), ('F', 0), ('H', 10), ('I', 0), ('N', 0), ('O', 2), ('S', 0))",19,51,complete,51,0,0,False,False,True
dsC7O2H10nsd_5227.xyz,5227,"(('Br', 0), ('C', 7), ('Cl', 0), ('F', 0), ('H', 10), ('I', 0), ('N', 0), ('O', 2), ('S', 0))",19,51,complete,51,0,0,False,False,True
dsC7O2H10nsd_5228.xyz,5228,"(('Br', 0), ('C', 7), ('Cl', 0), ('F', 0), ('H', 10), ('I', 0), ('N', 0), ('O', 2), ('S', 0))",19,51,complete,51,0,0,False,False,True
dsC7O2H10nsd_5229.xyz,5229,"(('Br', 0), ('C', 7), ('Cl', 0), ('F', 0), ('H', 10), ('I', 0), ('N', 0), ('O', 2), ('S', 0))",19,51,complete,51,0,0,False,False,True
dsC7O2H10nsd_5230.xyz,5230,"(('Br', 0), ('C', 7), ('Cl', 0), ('F', 0), ('H', 10), ('I', 0), ('N', 0), ('O', 2), ('S', 0))",19,51,complete,51,0,0,False,False,True
dsC7O2H10nsd_5231.xyz,5231,"(('Br', 0), ('C', 7), ('Cl', 0), ('F', 0), ('H', 10), ('I', 0), ('N', 0), ('O', 2), ('S', 0))",19,51,complete,51,0,0,False,False,True
dsC7O2H10nsd_5232.xyz,5232,"(('Br', 0), ('C', 7), ('Cl', 0), ('F', 0), ('H', 10), ('I', 0), ('N', 0), ('O', 2), ('S', 0))",19,51,complete,51,0,0,False,False,True
dsC7O2H10nsd_5233.xyz,5233,"(('Br', 0), ('C', 7), ('Cl', 0), ('F', 0), ('H', 10), ('I', 0), ('N', 0), ('O', 2), ('S', 0))",19,51,complete,51,0,0,False,False,True
dsC7O2H10nsd_5234.xyz,5234,"(('Br', 0), ('C', 7), ('Cl', 0), ('F', 0), ('H', 10), ('I', 0), ('N', 0), ('O', 2), ('S', 0))",19,51,complete,51,0,0,False,False,True
dsC7O2H10nsd_5235.xyz,5235,"(('Br', 0), ('C', 7), ('Cl', 0), ('F', 0), ('H', 10), ('I', 0), ('N', 0), ('O', 2), ('S', 0))",19,51,complete,51,0,0,False,False,True
dsC7O2H10nsd_5236.xyz,5236,"(('Br', 0), ('C', 7), ('Cl', 0), ('F', 0), ('H', 10), ('I', 0), ('N', 0), ('O', 2), ('S', 0))",19,51,complete,51,0,0,False,False,True
dsC7O2H10nsd_5237.xyz,5237,"(('Br', 0), ('C', 7), ('Cl', 0), ('F', 0), ('H', 10), ('I', 0), ('N', 0), ('O', 2), ('S', 0))",19,51,complete,51,0,0,False,False,True
dsC7O2H10nsd_5238.xyz,5238,"(('Br', 0), ('C', 7), ('Cl', 0), ('F', 0), ('H', 10), ('I', 0), ('N', 0), ('O', 2), ('S', 0))",19,51,complete,51,0,0,False,False,True
dsC7O2H10nsd_5239.xyz,5239,"(('Br', 0), ('C', 7), ('Cl', 0), ('F', 0), ('H', 10), ('I', 0), ('N', 0), ('O', 2), ('S', 0))",19,51,complete,51,0,0,False,False,True
dsC7O2H10nsd_5240.xyz,5240,"(('Br', 0), ('C', 7), ('Cl', 0), ('F', 0), ('H', 10), ('I', 0), ('N', 0), ('O', 2), ('S', 0))",19,51,complete,51,0,0,False,False,True
dsC7O2H10nsd_5241.xyz,5241,"(('Br', 0), ('C', 7), ('Cl', 0), ('F', 0), ('H', 10), ('I', 0), ('N', 0), ('O', 2), ('S', 0))",19,51,complete,51,0,0,False,False,True
dsC7O2H10nsd_5242.xyz,5242,"(('Br', 0), ('C', 7), ('Cl', 0), ('F', 0), ('H', 10), ('I', 0), ('N', 0), ('O', 2), ('S', 0))",19,51,complete,51,0,0,False,False,True
dsC7O2H10nsd_5243.xyz,5243,"(('Br', 0), ('C', 7), ('Cl', 0), ('F', 0), ('H', 10), ('I', 0), ('N', 0), ('O', 2), ('S', 0))",19,51,complete,51,0,0,False,False,True
dsC7O2H10nsd_5244.xyz,5244,"(('Br', 0), ('C', 7), ('Cl', 0), ('F', 0), ('H', 10), ('I', 0), ('N', 0), ('O', 2), ('S', 0))",19,51,complete,51,0,0,False,False,True
dsC7O2H10nsd_5245.xyz,5245,"(('Br', 0), ('C', 7), ('Cl', 0), ('F', 0), ('H', 10), ('I', 0), ('N', 0), ('O', 2), ('S', 0))",19,51,complete,51,0,0,False,False,True
dsC7O2H10nsd_5246.xyz,5246,"(('Br', 0), ('C', 7), ('Cl', 0), ('F', 0), ('H', 10), ('I', 0), ('N', 0), ('O', 2), ('S', 0))",19,51,complete,51,0,0,False,False,True
dsC7O2H10nsd_5247.xyz,5247,"(('Br', 0), ('C', 7), ('Cl', 0), ('F', 0), ('H', 10), ('I', 0), ('N', 0), ('O', 2), ('S', 0))",19,51,complete,51,0,0,False,False,True
dsC7O2H10nsd_5248.xyz,5248,"(('Br', 0), ('C', 7), ('Cl', 0), ('F', 0), ('H', 10), ('I', 0), ('N', 0), ('O', 2), ('S', 0))",19,51,complete,51,0,0,False,False,True
dsC7O2H10nsd_5249.xyz,5249,"(('Br', 0), ('C', 7), ('Cl', 0), ('F', 0), ('H', 10), ('I', 0), ('N', 0), ('O', 2), ('S', 0))",19,51,complete,51,0,0,False,False,True
dsC7O2H10nsd_5250.xyz,5250,"(('Br', 0), ('C', 7), ('Cl', 0), ('F', 0), ('H', 10), ('I', 0), ('N', 0), ('O', 2), ('S', 0))",19,51,complete,51,0,0,False,False,True
dsC7O2H10nsd_5251.xyz,5251,"(('Br', 0), ('C', 7), ('Cl', 0), ('F', 0), ('H', 10), ('I', 0), ('N', 0), ('O', 2), ('S', 0))",19,51,complete,51,0,0,False,False,True
dsC7O2H10nsd_5252.xyz,5252,"(('Br', 0), ('C', 7), ('Cl', 0), ('F', 0), ('H', 10), ('I', 0), ('N', 0), ('O', 2), ('S', 0))",19,51,complete,51,0,0,False,False,True
dsC7O2H10nsd_5253.xyz,5253,"(('Br', 0), ('C', 7), ('Cl', 0), ('F', 0), ('H', 10), ('I', 0), ('N', 0), ('O', 2), ('S', 0))",19,51,complete,51,0,0,False,False,True
dsC7O2H10nsd_5254.xyz,5254,"(('Br', 0), ('C', 7), ('Cl', 0), ('F', 0), ('H', 10), ('I', 0), ('N', 0), ('O', 2), ('S', 0))",19,51,complete,51,0,0,False,False,True
dsC7O2H10nsd_5255.xyz,5255,"(('Br', 0), ('C', 7), ('Cl', 0), ('F', 0), ('H', 10), ('I', 0), ('N', 0), ('O', 2), ('S', 0))",19,51,complete,51,0,0,False,False,True
dsC7O2H10nsd_5256.xyz,5256,"(('Br', 0), ('C', 7), ('Cl', 0), ('F', 0), ('H', 10), ('I', 0), ('N', 0), ('O', 2), ('S', 0))",19,102,incomplete_count,102,0,0,False,False,True
dsC7O2H10nsd_5257.xyz,5257,"(('Br', 0), ('C', 7), ('Cl', 0), ('F', 0), ('H', 10), ('I', 0), ('N', 0), ('O', 2), ('S', 0))",19,51,complete,51,0,0,False,False,True
dsC7O2H10nsd_5258.xyz,5258,"(('Br', 0), ('C', 7), ('Cl', 0), ('F', 0), ('H', 10), ('I', 0), ('N', 0), ('O', 2), ('S', 0))",19,51,complete,51,0,0,False,False,True
dsC7O2H10nsd_5259.xyz,5259,"(('Br', 0), ('C', 7), ('Cl', 0), ('F', 0), ('H', 10), ('I', 0), ('N', 0), ('O', 2), ('S', 0))",19,51,complete,51,0,0,False,False,True
dsC7O2H10nsd_5260.xyz,5260,"(('Br', 0), ('C', 7), ('Cl', 0), ('F', 0), ('H', 10), ('I', 0), ('N', 0), ('O', 2), ('S', 0))",19,51,complete,51,0,0,False,False,True
dsC7O2H10nsd_5261.xyz,5261,"(('Br', 0), ('C', 7), ('Cl', 0), ('F', 0), ('H', 10), ('I', 0), ('N', 0), ('O', 2), ('S', 0))",19,51,complete,51,0,0,False,False,True
dsC7O2H10nsd_5262.xyz,5262,"(('Br', 0), ('C', 7), ('Cl', 0), ('F', 0), ('H', 10), ('I', 0), ('N', 0), ('O', 2), ('S', 0))",19,51,complete,51,0,0,False,False,True
dsC7O2H10nsd_5263.xyz,5263,"(('Br', 0), ('C', 7), ('Cl', 0), ('F', 0), ('H', 10), ('I', 0), ('N', 0), ('O', 2), ('S', 0))",19,51,complete,51,0,0,False,False,True
dsC7O2H10nsd_5264.xyz,5264,"(('Br', 0), ('C', 7), ('Cl', 0), ('F', 0), ('H', 10), ('I', 0), ('N', 0), ('O', 2), ('S', 0))",19,51,complete,51,0,0,False,False,True
dsC7O2H10nsd_5265.xyz,5265,"(('Br', 0), ('C', 7), ('Cl', 0), ('F', 0), ('H', 10), ('I', 0), ('N', 0), ('O', 2), ('S', 0))",19,51,complete,51,0,0,False,False,True
dsC7O2H10nsd_5266.xyz,5266,"(('Br', 0), ('C', 7), ('Cl', 0), ('F', 0), ('H', 10), ('I', 0), ('N', 0), ('O', 2), ('S', 0))",19,51,complete,51,0,0,False,False,True
dsC7O2H10nsd_5267.xyz,5267,"(('Br', 0), ('C', 7), ('Cl', 0), ('F', 0), ('H', 10), ('I', 0), ('N', 0), ('O', 2), ('S', 0))",19,51,complete,51,0,0,False,False,True
dsC7O2H10nsd_5268.xyz,5268,"(('Br', 0), ('C', 7), ('Cl', 0), ('F', 0), ('H', 10), ('I', 0), ('N', 0), ('O', 2), ('S', 0))",19,51,complete,51,0,0,False,False,True
dsC7O2H10nsd_5269.xyz,5269,"(('Br', 0), ('C', 7), ('Cl', 0), ('F', 0), ('H', 10), ('I', 0), ('N', 0), ('O', 2), ('S', 0))",19,51,complete,51,0,0,False,False,True
dsC7O2H10nsd_5270.xyz,5270,"(('Br', 0), ('C', 7), ('Cl', 0), ('F', 0), ('H', 10), ('I', 0), ('N', 0), ('O', 2), ('S', 0))",19,51,complete,51,0,0,False,False,True
dsC7O2H10nsd_5271.xyz,5271,"(('Br', 0), ('C', 7), ('Cl', 0), ('F', 0), ('H', 10), ('I', 0), ('N', 0), ('O', 2), ('S', 0))",19,51,complete,51,0,0,False,False,True
dsC7O2H10nsd_5272.xyz,5272,"(('Br', 0), ('C', 7), ('Cl', 0), ('F', 0), ('H', 10), ('I', 0), ('N', 0), ('O', 2), ('S', 0))",19,51,complete,51,0,0,False,False,True
dsC7O2H10nsd_5273.xyz,5273,"(('Br', 0), ('C', 7), ('Cl', 0), ('F', 0), ('H', 10), ('I', 0), ('N', 0), ('O', 2), ('S', 0))",19,51,complete,51,0,0,False,False,True
dsC7O2H10nsd_5274.xyz,5274,"(('Br', 0), ('C', 7), ('Cl', 0), ('F', 0), ('H', 10), ('I', 0), ('N', 0), ('O', 2), ('S', 0))",19,51,complete,51,0,0,False,False,True
dsC7O2H10nsd_5275.xyz,5275,"(('Br', 0), ('C', 7), ('Cl', 0), ('F', 0), ('H', 10), ('I', 0), ('N', 0), ('O', 2), ('S', 0))",19,51,complete,51,0,0,False,False,True
dsC7O2H10nsd_5276.xyz,5276,"(('Br', 0), ('C', 7), ('Cl', 0), ('F', 0), ('H', 10), ('I', 0), ('N', 0), ('O', 2), ('S', 0))",19,51,complete,51,0,0,False,False,True
dsC7O2H10nsd_5277.xyz,5277,"(('Br', 0), ('C', 7), ('Cl', 0), ('F', 0), ('H', 10), ('I', 0), ('N', 0), ('O', 2), ('S', 0))",19,51,complete,51,0,0,False,False,True
dsC7O2H10nsd_5278.xyz,5278,"(('Br', 0), ('C', 7), ('Cl', 0), ('F', 0), ('H', 10), ('I', 0), ('N', 0), ('O', 2), ('S', 0))",19,51,complete,51,0,0,False,False,True
dsC7O2H10nsd_5279.xyz,5279,"(('Br', 0), ('C', 7), ('Cl', 0), ('F', 0), ('H', 10), ('I', 0), ('N', 0), ('O', 2), ('S', 0))",19,51,complete,51,0,0,False,False,True
dsC7O2H10nsd_5280.xyz,5280,"(('Br', 0), ('C', 7), ('Cl', 0), ('F', 0), ('H', 10), ('I', 0), ('N', 0), ('O', 2), ('S', 0))",19,51,complete,51,0,0,False,False,True
dsC7O2H10nsd_5281.xyz,5281,"(('Br', 0), ('C', 7), ('Cl', 0), ('F', 0), ('H', 10), ('I', 0), ('N', 0), ('O', 2), ('S', 0))",19,51,complete,51,0,0,False,False,True
dsC7O2H10nsd_5282.xyz,5282,"(('Br', 0), ('C', 7), ('Cl', 0), ('F', 0), ('H', 10), ('I', 0), ('N', 0), ('O', 2), ('S', 0))",19,51,complete,51,0,0,False,False,True
dsC7O2H10nsd_5283.xyz,5283,"(('Br', 0), ('C', 7), ('Cl', 0), ('F', 0), ('H', 10), ('I', 0), ('N', 0), ('O', 2), ('S', 0))",19,51,complete,51,0,0,False,False,True
dsC7O2H10nsd_5284.xyz,5284,"(('Br', 0), ('C', 7), ('Cl', 0), ('F', 0), ('H', 10), ('I', 0), ('N', 0), ('O', 2), ('S', 0))",19,51,complete,51,0,0,False,False,True
dsC7O2H10nsd_5285.xyz,5285,"(('Br', 0), ('C', 7), ('Cl', 0), ('F', 0), ('H', 10), ('I', 0), ('N', 0), ('O', 2), ('S', 0))",19,51,complete,51,0,0,False,False,True
dsC7O2H10nsd_5286.xyz,5286,"(('Br', 0), ('C', 7), ('Cl', 0), ('F', 0), ('H', 10), ('I', 0), ('N', 0), ('O', 2), ('S', 0))",19,51,complete,51,0,0,False,False,True
dsC7O2H10nsd_5287.xyz,5287,"(('Br', 0), ('C', 7), ('Cl', 0), ('F', 0), ('H', 10), ('I', 0), ('N', 0), ('O', 2), ('S', 0))",19,51,complete,51,0,0,False,False,True
dsC7O2H10nsd_5288.xyz,5288,"(('Br', 0), ('C', 7), ('Cl', 0), ('F', 0), ('H', 10), ('I', 0), ('N', 0), ('O', 2), ('S', 0))",19,51,complete,51,0,0,False,False,True
dsC7O2H10nsd_5289.xyz,5289,"(('Br', 0), ('C', 7), ('Cl', 0), ('F', 0), ('H', 10), ('I', 0), ('N', 0), ('O', 2), ('S', 0))",19,51,complete,51,0,0,False,False,True
dsC7O2H10nsd_5290.xyz,5290,"(('Br', 0), ('C', 7), ('Cl', 0), ('F', 0), ('H', 10), ('I', 0), ('N', 0), ('O', 2), ('S', 0))",19,51,complete,51,0,0,False,False,True
dsC7O2H10nsd_5291.xyz,5291,"(('Br', 0), ('C', 7), ('Cl', 0), ('F', 0), ('H', 10), ('I', 0), ('N', 0), ('O', 2), ('S', 0))",19,51,complete,51,0,0,False,False,True
dsC7O2H10nsd_5292.xyz,5292,"(('Br', 0), ('C', 7), ('Cl', 0), ('F', 0), ('H', 10), ('I', 0), ('N', 0), ('O', 2), ('S', 0))",19,51,complete,51,0,0,False,False,True
dsC7O2H10nsd_5293.xyz,5293,"(('Br', 0), ('C', 7), ('Cl', 0), ('F', 0), ('H', 10), ('I', 0), ('N', 0), ('O', 2), ('S', 0))",19,51,complete,51,0,0,False,False,True
dsC7O2H10nsd_5294.xyz,5294,"(('Br', 0), ('C', 7), ('Cl', 0), ('F', 0), ('H', 10), ('I', 0), ('N', 0), ('O', 2), ('S', 0))",19,51,complete,51,0,0,False,False,True
dsC7O2H10nsd_5295.xyz,5295,"(('Br', 0), ('C', 7), ('Cl', 0), ('F', 0), ('H', 10), ('I', 0), ('N', 0), ('O', 2), ('S', 0))",19,51,complete,51,0,0,False,False,True
dsC7O2H10nsd_5296.xyz,5296,"(('Br', 0), ('C', 7), ('Cl', 0), ('F', 0), ('H', 10), ('I', 0), ('N', 0), ('O', 2), ('S', 0))",19,51,complete,51,0,0,False,False,True
dsC7O2H10nsd_5297.xyz,5297,"(('Br', 0), ('C', 7), ('Cl', 0), ('F', 0), ('H', 10), ('I', 0), ('N', 0), ('O', 2), ('S', 0))",19,51,complete,51,0,0,False,False,True
dsC7O2H10nsd_5298.xyz,5298,"(('Br', 0), ('C', 7), ('Cl', 0), ('F', 0), ('H', 10), ('I', 0), ('N', 0), ('O', 2), ('S', 0))",19,51,complete,51,0,0,False,False,True
dsC7O2H10nsd_5299.xyz,5299,"(('Br', 0), ('C', 7), ('Cl', 0), ('F', 0), ('H', 10), ('I', 0), ('N', 0), ('O', 2), ('S', 0))",19,51,complete,51,0,0,False,False,True
dsC7O2H10nsd_5300.xyz,5300,"(('Br', 0), ('C', 7), ('Cl', 0), ('F', 0), ('H', 10), ('I', 0), ('N', 0), ('O', 2), ('S', 0))",19,51,complete,51,0,0,False,False,True
dsC7O2H10nsd_5301.xyz,5301,"(('Br', 0), ('C', 7), ('Cl', 0), ('F', 0), ('H', 10), ('I', 0), ('N', 0), ('O', 2), ('S', 0))",19,51,complete,51,0,0,False,False,True
dsC7O2H10nsd_5302.xyz,5302,"(('Br', 0), ('C', 7), ('Cl', 0), ('F', 0), ('H', 10), ('I', 0), ('N', 0), ('O', 2), ('S', 0))",19,51,complete,51,0,0,False,False,True
dsC7O2H10nsd_5303.xyz,5303,"(('Br', 0), ('C', 7), ('Cl', 0), ('F', 0), ('H', 10), ('I', 0), ('N', 0), ('O', 2), ('S', 0))",19,51,complete,51,0,0,False,False,True
dsC7O2H10nsd_5304.xyz,5304,"(('Br', 0), ('C', 7), ('Cl', 0), ('F', 0), ('H', 10), ('I', 0), ('N', 0), ('O', 2), ('S', 0))",19,51,complete,51,0,0,False,False,True
dsC7O2H10nsd_5305.xyz,5305,"(('Br', 0), ('C', 7), ('Cl', 0), ('F', 0), ('H', 10), ('I', 0), ('N', 0), ('O', 2), ('S', 0))",19,51,complete,51,0,0,False,False,True
dsC7O2H10nsd_5306.xyz,5306,"(('Br', 0), ('C', 7), ('Cl', 0), ('F', 0), ('H', 10), ('I', 0), ('N', 0), ('O', 2), ('S', 0))",19,51,complete,51,0,0,False,False,True
dsC7O2H10nsd_5307.xyz,5307,"(('Br', 0), ('C', 7), ('Cl', 0), ('F', 0), ('H', 10), ('I', 0), ('N', 0), ('O', 2), ('S', 0))",19,51,complete,51,0,0,False,False,True
dsC7O2H10nsd_5308.xyz,5308,"(('Br', 0), ('C', 7), ('Cl', 0), ('F', 0), ('H', 10), ('I', 0), ('N', 0), ('O', 2), ('S', 0))",19,51,complete,51,0,0,False,False,True
dsC7O2H10nsd_5309.xyz,5309,"(('Br', 0), ('C', 7), ('Cl', 0), ('F', 0), ('H', 10), ('I', 0), ('N', 0), ('O', 2), ('S', 0))",19,51,complete,51,0,0,True,True,True
dsC7O2H10nsd_5310.xyz,5310,"(('Br', 0), ('C', 7), ('Cl', 0), ('F', 0), ('H', 10), ('I', 0), ('N', 0), ('O', 2), ('S', 0))",19,51,complete,51,0,0,True,True,True
dsC7O2H10nsd_5311.xyz,5311,"(('Br', 0), ('C', 7), ('Cl', 0), ('F', 0), ('H', 10), ('I', 0), ('N', 0), ('O', 2), ('S', 0))",19,51,complete,51,0,0,False,False,True
dsC7O2H10nsd_5312.xyz,5312,"(('Br', 0), ('C', 7), ('Cl', 0), ('F', 0), ('H', 10), ('I', 0), ('N', 0), ('O', 2), ('S', 0))",19,51,complete,51,0,0,False,False,True
dsC7O2H10nsd_5313.xyz,5313,"(('Br', 0), ('C', 7), ('Cl', 0), ('F', 0), ('H', 10), ('I', 0), ('N', 0), ('O', 2), ('S', 0))",19,51,complete,51,0,0,True,True,True
dsC7O2H10nsd_5314.xyz,5314,"(('Br', 0), ('C', 7), ('Cl', 0), ('F', 0), ('H', 10), ('I', 0), ('N', 0), ('O', 2), ('S', 0))",19,51,complete,51,0,0,False,False,True
dsC7O2H10nsd_5315.xyz,5315,"(('Br', 0), ('C', 7), ('Cl', 0), ('F', 0), ('H', 10), ('I', 0), ('N', 0), ('O', 2), ('S', 0))",19,51,complete,51,0,0,True,True,True
dsC7O2H10nsd_5316.xyz,5316,"(('Br', 0), ('C', 7), ('Cl', 0), ('F', 0), ('H', 10), ('I', 0), ('N', 0), ('O', 2), ('S', 0))",19,51,complete,51,0,0,True,True,True
dsC7O2H10nsd_5317.xyz,5317,"(('Br', 0), ('C', 7), ('Cl', 0), ('F', 0), ('H', 10), ('I', 0), ('N', 0), ('O', 2), ('S', 0))",19,51,complete,51,0,0,True,True,True
dsC7O2H10nsd_5318.xyz,5318,"(('Br', 0), ('C', 7), ('Cl', 0), ('F', 0), ('H', 10), ('I', 0), ('N', 0), ('O', 2), ('S', 0))",19,51,complete,51,0,0,True,True,True
dsC7O2H10nsd_5319.xyz,5319,"(('Br', 0), ('C', 7), ('Cl', 0), ('F', 0), ('H', 10), ('I', 0), ('N', 0), ('O', 2), ('S', 0))",19,51,complete,51,0,0,False,False,True
dsC7O2H10nsd_5320.xyz,5320,"(('Br', 0), ('C', 7), ('Cl', 0), ('F', 0), ('H', 10), ('I', 0), ('N', 0), ('O', 2), ('S', 0))",19,51,complete,51,0,0,False,False,True
dsC7O2H10nsd_5321.xyz,5321,"(('Br', 0), ('C', 7), ('Cl', 0), ('F', 0), ('H', 10), ('I', 0), ('N', 0), ('O', 2), ('S', 0))",19,51,complete,51,0,0,False,False,True
dsC7O2H10nsd_5322.xyz,5322,"(('Br', 0), ('C', 7), ('Cl', 0), ('F', 0), ('H', 10), ('I', 0), ('N', 0), ('O', 2), ('S', 0))",19,51,complete,51,0,0,False,False,True
dsC7O2H10nsd_5323.xyz,5323,"(('Br', 0), ('C', 7), ('Cl', 0), ('F', 0), ('H', 10), ('I', 0), ('N', 0), ('O', 2), ('S', 0))",19,51,complete,51,0,0,False,False,True
dsC7O2H10nsd_5324.xyz,5324,"(('Br', 0), ('C', 7), ('Cl', 0), ('F', 0), ('H', 10), ('I', 0), ('N', 0), ('O', 2), ('S', 0))",19,51,complete,51,0,0,False,False,True
dsC7O2H10nsd_5325.xyz,5325,"(('Br', 0), ('C', 7), ('Cl', 0), ('F', 0), ('H', 10), ('I', 0), ('N', 0), ('O', 2), ('S', 0))",19,51,complete,51,0,0,False,False,True
dsC7O2H10nsd_5326.xyz,5326,"(('Br', 0), ('C', 7), ('Cl', 0), ('F', 0), ('H', 10), ('I', 0), ('N', 0), ('O', 2), ('S', 0))",19,51,complete,51,0,0,True,True,True
dsC7O2H10nsd_5327.xyz,5327,"(('Br', 0), ('C', 7), ('Cl', 0), ('F', 0), ('H', 10), ('I', 0), ('N', 0), ('O', 2), ('S', 0))",19,51,complete,51,0,0,True,True,True
dsC7O2H10nsd_5328.xyz,5328,"(('Br', 0), ('C', 7), ('Cl', 0), ('F', 0), ('H', 10), ('I', 0), ('N', 0), ('O', 2), ('S', 0))",19,51,complete,51,0,0,True,True,True
dsC7O2H10nsd_5329.xyz,5329,"(('Br', 0), ('C', 7), ('Cl', 0), ('F', 0), ('H', 10), ('I', 0), ('N', 0), ('O', 2), ('S', 0))",19,51,complete,51,0,0,False,False,True
dsC7O2H10nsd_5330.xyz,5330,"(('Br', 0), ('C', 7), ('Cl', 0), ('F', 0), ('H', 10), ('I', 0), ('N', 0), ('O', 2), ('S', 0))",19,102,incomplete_count,102,0,0,False,False,True
dsC7O2H10nsd_5331.xyz,5331,"(('Br', 0), ('C', 7), ('Cl', 0), ('F', 0), ('H', 10), ('I', 0), ('N', 0), ('O', 2), ('S', 0))",19,51,complete,51,0,0,False,False,True
dsC7O2H10nsd_5332.xyz,5332,"(('Br', 0), ('C', 7), ('Cl', 0), ('F', 0), ('H', 10), ('I', 0), ('N', 0), ('O', 2), ('S', 0))",19,51,complete,51,0,0,False,False,True
dsC7O2H10nsd_5333.xyz,5333,"(('Br', 0), ('C', 7), ('Cl', 0), ('F', 0), ('H', 10), ('I', 0), ('N', 0), ('O', 2), ('S', 0))",19,51,complete,51,0,0,False,False,True
dsC7O2H10nsd_5334.xyz,5334,"(('Br', 0), ('C', 7), ('Cl', 0), ('F', 0), ('H', 10), ('I', 0), ('N', 0), ('O', 2), ('S', 0))",19,51,complete,51,0,0,False,False,True
dsC7O2H10nsd_5335.xyz,5335,"(('Br', 0), ('C', 7), ('Cl', 0), ('F', 0), ('H', 10), ('I', 0), ('N', 0), ('O', 2), ('S', 0))",19,51,complete,51,0,0,False,False,True
dsC7O2H10nsd_5336.xyz,5336,"(('Br', 0), ('C', 7), ('Cl', 0), ('F', 0), ('H', 10), ('I', 0), ('N', 0), ('O', 2), ('S', 0))",19,51,complete,51,0,0,False,False,True
dsC7O2H10nsd_5337.xyz,5337,"(('Br', 0), ('C', 7), ('Cl', 0), ('F', 0), ('H', 10), ('I', 0), ('N', 0), ('O', 2), ('S', 0))",19,51,complete,51,0,0,False,False,True
dsC7O2H10nsd_5338.xyz,5338,"(('Br', 0), ('C', 7), ('Cl', 0), ('F', 0), ('H', 10), ('I', 0), ('N', 0), ('O', 2), ('S', 0))",19,51,complete,51,0,0,False,False,True
dsC7O2H10nsd_5339.xyz,5339,"(('Br', 0), ('C', 7), ('Cl', 0), ('F', 0), ('H', 10), ('I', 0), ('N', 0), ('O', 2), ('S', 0))",19,51,complete,51,0,0,False,False,True
dsC7O2H10nsd_5340.xyz,5340,"(('Br', 0), ('C', 7), ('Cl', 0), ('F', 0), ('H', 10), ('I', 0), ('N', 0), ('O', 2), ('S', 0))",19,51,complete,51,0,0,False,False,True
dsC7O2H10nsd_5341.xyz,5341,"(('Br', 0), ('C', 7), ('Cl', 0), ('F', 0), ('H', 10), ('I', 0), ('N', 0), ('O', 2), ('S', 0))",19,51,complete,51,0,0,False,False,True
dsC7O2H10nsd_5342.xyz,5342,"(('Br', 0), ('C', 7), ('Cl', 0), ('F', 0), ('H', 10), ('I', 0), ('N', 0), ('O', 2), ('S', 0))",19,51,complete,51,0,0,False,False,True
dsC7O2H10nsd_5343.xyz,5343,"(('Br', 0), ('C', 7), ('Cl', 0), ('F', 0), ('H', 10), ('I', 0), ('N', 0), ('O', 2), ('S', 0))",19,51,complete,51,0,0,True,True,True
dsC7O2H10nsd_5344.xyz,5344,"(('Br', 0), ('C', 7), ('Cl', 0), ('F', 0), ('H', 10), ('I', 0), ('N', 0), ('O', 2), ('S', 0))",19,51,complete,51,0,0,False,False,True
dsC7O2H10nsd_5345.xyz,5345,"(('Br', 0), ('C', 7), ('Cl', 0), ('F', 0), ('H', 10), ('I', 0), ('N', 0), ('O', 2), ('S', 0))",19,51,complete,51,0,0,False,False,True
dsC7O2H10nsd_5346.xyz,5346,"(('Br', 0), ('C', 7), ('Cl', 0), ('F', 0), ('H', 10), ('I', 0), ('N', 0), ('O', 2), ('S', 0))",19,51,complete,51,0,0,False,False,True
dsC7O2H10nsd_5347.xyz,5347,"(('Br', 0), ('C', 7), ('Cl', 0), ('F', 0), ('H', 10), ('I', 0), ('N', 0), ('O', 2), ('S', 0))",19,51,complete,51,0,0,False,False,True
dsC7O2H10nsd_5348.xyz,5348,"(('Br', 0), ('C', 7), ('Cl', 0), ('F', 0), ('H', 10), ('I', 0), ('N', 0), ('O', 2), ('S', 0))",19,51,complete,51,0,0,False,False,True
dsC7O2H10nsd_5349.xyz,5349,"(('Br', 0), ('C', 7), ('Cl', 0), ('F', 0), ('H', 10), ('I', 0), ('N', 0), ('O', 2), ('S', 0))",19,51,complete,51,0,0,False,False,True
dsC7O2H10nsd_5350.xyz,5350,"(('Br', 0), ('C', 7), ('Cl', 0), ('F', 0), ('H', 10), ('I', 0), ('N', 0), ('O', 2), ('S', 0))",19,51,complete,51,0,0,False,False,True
dsC7O2H10nsd_5351.xyz,5351,"(('Br', 0), ('C', 7), ('Cl', 0), ('F', 0), ('H', 10), ('I', 0), ('N', 0), ('O', 2), ('S', 0))",19,51,complete,51,0,0,False,False,True
dsC7O2H10nsd_5352.xyz,5352,"(('Br', 0), ('C', 7), ('Cl', 0), ('F', 0), ('H', 10), ('I', 0), ('N', 0), ('O', 2), ('S', 0))",19,51,complete,51,0,0,False,False,True
dsC7O2H10nsd_5353.xyz,5353,"(('Br', 0), ('C', 7), ('Cl', 0), ('F', 0), ('H', 10), ('I', 0), ('N', 0), ('O', 2), ('S', 0))",19,51,complete,51,0,0,False,False,True
dsC7O2H10nsd_5354.xyz,5354,"(('Br', 0), ('C', 7), ('Cl', 0), ('F', 0), ('H', 10), ('I', 0), ('N', 0), ('O', 2), ('S', 0))",19,51,complete,51,0,0,False,False,True
dsC7O2H10nsd_5355.xyz,5355,"(('Br', 0), ('C', 7), ('Cl', 0), ('F', 0), ('H', 10), ('I', 0), ('N', 0), ('O', 2), ('S', 0))",19,51,complete,51,0,0,False,False,True
dsC7O2H10nsd_5356.xyz,5356,"(('Br', 0), ('C', 7), ('Cl', 0), ('F', 0), ('H', 10), ('I', 0), ('N', 0), ('O', 2), ('S', 0))",19,51,complete,51,0,0,False,False,True
dsC7O2H10nsd_5357.xyz,5357,"(('Br', 0), ('C', 7), ('Cl', 0), ('F', 0), ('H', 10), ('I', 0), ('N', 0), ('O', 2), ('S', 0))",19,51,complete,51,0,0,False,False,True
dsC7O2H10nsd_5358.xyz,5358,"(('Br', 0), ('C', 7), ('Cl', 0), ('F', 0), ('H', 10), ('I', 0), ('N', 0), ('O', 2), ('S', 0))",19,51,complete,51,0,0,False,False,True
dsC7O2H10nsd_5359.xyz,5359,"(('Br', 0), ('C', 7), ('Cl', 0), ('F', 0), ('H', 10), ('I', 0), ('N', 0), ('O', 2), ('S', 0))",19,51,complete,51,0,0,False,False,True
dsC7O2H10nsd_5360.xyz,5360,"(('Br', 0), ('C', 7), ('Cl', 0), ('F', 0), ('H', 10), ('I', 0), ('N', 0), ('O', 2), ('S', 0))",19,51,complete,51,0,0,False,False,True
dsC7O2H10nsd_5361.xyz,5361,"(('Br', 0), ('C', 7), ('Cl', 0), ('F', 0), ('H', 10), ('I', 0), ('N', 0), ('O', 2), ('S', 0))",19,51,complete,51,0,0,False,False,True
dsC7O2H10nsd_5362.xyz,5362,"(('Br', 0), ('C', 7), ('Cl', 0), ('F', 0), ('H', 10), ('I', 0), ('N', 0), ('O', 2), ('S', 0))",19,51,complete,51,0,0,False,False,True
dsC7O2H10nsd_5363.xyz,5363,"(('Br', 0), ('C', 7), ('Cl', 0), ('F', 0), ('H', 10), ('I', 0), ('N', 0), ('O', 2), ('S', 0))",19,51,complete,51,0,0,False,False,True
dsC7O2H10nsd_5364.xyz,5364,"(('Br', 0), ('C', 7), ('Cl', 0), ('F', 0), ('H', 10), ('I', 0), ('N', 0), ('O', 2), ('S', 0))",19,51,complete,51,0,0,False,False,True
dsC7O2H10nsd_5365.xyz,5365,"(('Br', 0), ('C', 7), ('Cl', 0), ('F', 0), ('H', 10), ('I', 0), ('N', 0), ('O', 2), ('S', 0))",19,51,complete,51,0,0,False,False,True
dsC7O2H10nsd_5366.xyz,5366,"(('Br', 0), ('C', 7), ('Cl', 0), ('F', 0), ('H', 10), ('I', 0), ('N', 0), ('O', 2), ('S', 0))",19,51,complete,51,0,0,True,True,True
dsC7O2H10nsd_5367.xyz,5367,"(('Br', 0), ('C', 7), ('Cl', 0), ('F', 0), ('H', 10), ('I', 0), ('N', 0), ('O', 2), ('S', 0))",19,51,complete,51,0,0,False,False,True
dsC7O2H10nsd_5368.xyz,5368,"(('Br', 0), ('C', 7), ('Cl', 0), ('F', 0), ('H', 10), ('I', 0), ('N', 0), ('O', 2), ('S', 0))",19,51,complete,51,0,0,False,False,True
dsC7O2H10nsd_5369.xyz,5369,"(('Br', 0), ('C', 7), ('Cl', 0), ('F', 0), ('H', 10), ('I', 0), ('N', 0), ('O', 2), ('S', 0))",19,51,complete,51,0,0,True,True,True
dsC7O2H10nsd_5370.xyz,5370,"(('Br', 0), ('C', 7), ('Cl', 0), ('F', 0), ('H', 10), ('I', 0), ('N', 0), ('O', 2), ('S', 0))",19,51,complete,51,0,0,True,True,True
dsC7O2H10nsd_5371.xyz,5371,"(('Br', 0), ('C', 7), ('Cl', 0), ('F', 0), ('H', 10), ('I', 0), ('N', 0), ('O', 2), ('S', 0))",19,51,complete,51,0,0,False,False,True
dsC7O2H10nsd_5372.xyz,5372,"(('Br', 0), ('C', 7), ('Cl', 0), ('F', 0), ('H', 10), ('I', 0), ('N', 0), ('O', 2), ('S', 0))",19,51,complete,51,0,0,False,False,True
dsC7O2H10nsd_5373.xyz,5373,"(('Br', 0), ('C', 7), ('Cl', 0), ('F', 0), ('H', 10), ('I', 0), ('N', 0), ('O', 2), ('S', 0))",19,51,complete,51,0,0,False,False,True
dsC7O2H10nsd_5374.xyz,5374,"(('Br', 0), ('C', 7), ('Cl', 0), ('F', 0), ('H', 10), ('I', 0), ('N', 0), ('O', 2), ('S', 0))",19,51,complete,51,0,0,False,False,True
dsC7O2H10nsd_5375.xyz,5375,"(('Br', 0), ('C', 7), ('Cl', 0), ('F', 0), ('H', 10), ('I', 0), ('N', 0), ('O', 2), ('S', 0))",19,51,complete,51,0,0,False,False,True
dsC7O2H10nsd_5376.xyz,5376,"(('Br', 0), ('C', 7), ('Cl', 0), ('F', 0), ('H', 10), ('I', 0), ('N', 0), ('O', 2), ('S', 0))",19,51,complete,51,0,0,False,False,True
dsC7O2H10nsd_5377.xyz,5377,"(('Br', 0), ('C', 7), ('Cl', 0), ('F', 0), ('H', 10), ('I', 0), ('N', 0), ('O', 2), ('S', 0))",19,51,complete,51,0,0,False,False,True
dsC7O2H10nsd_5378.xyz,5378,"(('Br', 0), ('C', 7), ('Cl', 0), ('F', 0), ('H', 10), ('I', 0), ('N', 0), ('O', 2), ('S', 0))",19,51,complete,51,0,0,False,False,True
dsC7O2H10nsd_5379.xyz,5379,"(('Br', 0), ('C', 7), ('Cl', 0), ('F', 0), ('H', 10), ('I', 0), ('N', 0), ('O', 2), ('S', 0))",19,51,complete,51,0,0,False,False,True
dsC7O2H10nsd_5380.xyz,5380,"(('Br', 0), ('C', 7), ('Cl', 0), ('F', 0), ('H', 10), ('I', 0), ('N', 0), ('O', 2), ('S', 0))",19,51,complete,51,0,0,False,False,True
dsC7O2H10nsd_5381.xyz,5381,"(('Br', 0), ('C', 7), ('Cl', 0), ('F', 0), ('H', 10), ('I', 0), ('N', 0), ('O', 2), ('S', 0))",19,51,complete,51,0,0,False,False,True
dsC7O2H10nsd_5382.xyz,5382,"(('Br', 0), ('C', 7), ('Cl', 0), ('F', 0), ('H', 10), ('I', 0), ('N', 0), ('O', 2), ('S', 0))",19,51,complete,51,0,0,False,False,True
dsC7O2H10nsd_5383.xyz,5383,"(('Br', 0), ('C', 7), ('Cl', 0), ('F', 0), ('H', 10), ('I', 0), ('N', 0), ('O', 2), ('S', 0))",19,51,complete,51,0,0,False,False,True
dsC7O2H10nsd_5384.xyz,5384,"(('Br', 0), ('C', 7), ('Cl', 0), ('F', 0), ('H', 10), ('I', 0), ('N', 0), ('O', 2), ('S', 0))",19,51,complete,51,0,0,True,True,True
dsC7O2H10nsd_5385.xyz,5385,"(('Br', 0), ('C', 7), ('Cl', 0), ('F', 0), ('H', 10), ('I', 0), ('N', 0), ('O', 2), ('S', 0))",19,51,complete,51,0,0,True,True,True
dsC7O2H10nsd_5386.xyz,5386,"(('Br', 0), ('C', 7), ('Cl', 0), ('F', 0), ('H', 10), ('I', 0), ('N', 0), ('O', 2), ('S', 0))",19,51,complete,51,0,0,False,False,True
dsC7O2H10nsd_5387.xyz,5387,"(('Br', 0), ('C', 7), ('Cl', 0), ('F', 0), ('H', 10), ('I', 0), ('N', 0), ('O', 2), ('S', 0))",19,51,complete,51,0,0,False,True,True
dsC7O2H10nsd_5388.xyz,5388,"(('Br', 0), ('C', 7), ('Cl', 0), ('F', 0), ('H', 10), ('I', 0), ('N', 0), ('O', 2), ('S', 0))",19,51,complete,51,0,0,False,False,True
dsC7O2H10nsd_5389.xyz,5389,"(('Br', 0), ('C', 7), ('Cl', 0), ('F', 0), ('H', 10), ('I', 0), ('N', 0), ('O', 2), ('S', 0))",19,102,incomplete_count,102,0,0,False,False,True
dsC7O2H10nsd_5390.xyz,5390,"(('Br', 0), ('C', 7), ('Cl', 0), ('F', 0), ('H', 10), ('I', 0), ('N', 0), ('O', 2), ('S', 0))",19,51,complete,51,0,0,False,False,True
dsC7O2H10nsd_5391.xyz,5391,"(('Br', 0), ('C', 7), ('Cl', 0), ('F', 0), ('H', 10), ('I', 0), ('N', 0), ('O', 2), ('S', 0))",19,51,complete,51,0,0,False,False,True
dsC7O2H10nsd_5392.xyz,5392,"(('Br', 0), ('C', 7), ('Cl', 0), ('F', 0), ('H', 10), ('I', 0), ('N', 0), ('O', 2), ('S', 0))",19,51,complete,51,0,0,True,True,True
dsC7O2H10nsd_5393.xyz,5393,"(('Br', 0), ('C', 7), ('Cl', 0), ('F', 0), ('H', 10), ('I', 0), ('N', 0), ('O', 2), ('S', 0))",19,51,complete,51,0,0,True,True,True
dsC7O2H10nsd_5394.xyz,5394,"(('Br', 0), ('C', 7), ('Cl', 0), ('F', 0), ('H', 10), ('I', 0), ('N', 0), ('O', 2), ('S', 0))",19,51,complete,51,0,0,True,True,True
dsC7O2H10nsd_5395.xyz,5395,"(('Br', 0), ('C', 7), ('Cl', 0), ('F', 0), ('H', 10), ('I', 0), ('N', 0), ('O', 2), ('S', 0))",19,51,complete,51,0,0,True,True,True
dsC7O2H10nsd_5396.xyz,5396,"(('Br', 0), ('C', 7), ('Cl', 0), ('F', 0), ('H', 10), ('I', 0), ('N', 0), ('O', 2), ('S', 0))",19,51,complete,51,0,0,False,False,True
dsC7O2H10nsd_5397.xyz,5397,"(('Br', 0), ('C', 7), ('Cl', 0), ('F', 0), ('H', 10), ('I', 0), ('N', 0), ('O', 2), ('S', 0))",19,51,complete,51,0,0,False,False,True
dsC7O2H10nsd_5398.xyz,5398,"(('Br', 0), ('C', 7), ('Cl', 0), ('F', 0), ('H', 10), ('I', 0), ('N', 0), ('O', 2), ('S', 0))",19,51,complete,51,0,0,False,False,True
dsC7O2H10nsd_5399.xyz,5399,"(('Br', 0), ('C', 7), ('Cl', 0), ('F', 0), ('H', 10), ('I', 0), ('N', 0), ('O', 2), ('S', 0))",19,51,complete,51,0,0,False,False,True
dsC7O2H10nsd_5400.xyz,5400,"(('Br', 0), ('C', 7), ('Cl', 0), ('F', 0), ('H', 10), ('I', 0), ('N', 0), ('O', 2), ('S', 0))",19,51,complete,51,0,0,False,False,True
dsC7O2H10nsd_5401.xyz,5401,"(('Br', 0), ('C', 7), ('Cl', 0), ('F', 0), ('H', 10), ('I', 0), ('N', 0), ('O', 2), ('S', 0))",19,51,complete,51,0,0,False,False,True
dsC7O2H10nsd_5402.xyz,5402,"(('Br', 0), ('C', 7), ('Cl', 0), ('F', 0), ('H', 10), ('I', 0), ('N', 0), ('O', 2), ('S', 0))",19,51,complete,51,0,0,False,False,True
dsC7O2H10nsd_5403.xyz,5403,"(('Br', 0), ('C', 7), ('Cl', 0), ('F', 0), ('H', 10), ('I', 0), ('N', 0), ('O', 2), ('S', 0))",19,51,complete,51,0,0,False,False,True
dsC7O2H10nsd_5404.xyz,5404,"(('Br', 0), ('C', 7), ('Cl', 0), ('F', 0), ('H', 10), ('I', 0), ('N', 0), ('O', 2), ('S', 0))",19,51,complete,51,0,0,False,False,True
dsC7O2H10nsd_5405.xyz,5405,"(('Br', 0), ('C', 7), ('Cl', 0), ('F', 0), ('H', 10), ('I', 0), ('N', 0), ('O', 2), ('S', 0))",19,51,complete,51,0,0,False,False,True
dsC7O2H10nsd_5406.xyz,5406,"(('Br', 0), ('C', 7), ('Cl', 0), ('F', 0), ('H', 10), ('I', 0), ('N', 0), ('O', 2), ('S', 0))",19,51,complete,51,0,0,True,True,True
dsC7O2H10nsd_5407.xyz,5407,"(('Br', 0), ('C', 7), ('Cl', 0), ('F', 0), ('H', 10), ('I', 0), ('N', 0), ('O', 2), ('S', 0))",19,51,complete,51,0,0,False,False,True
dsC7O2H10nsd_5408.xyz,5408,"(('Br', 0), ('C', 7), ('Cl', 0), ('F', 0), ('H', 10), ('I', 0), ('N', 0), ('O', 2), ('S', 0))",19,51,complete,51,0,0,False,False,True
dsC7O2H10nsd_5409.xyz,5409,"(('Br', 0), ('C', 7), ('Cl', 0), ('F', 0), ('H', 10), ('I', 0), ('N', 0), ('O', 2), ('S', 0))",19,51,complete,51,0,0,False,False,True
dsC7O2H10nsd_5410.xyz,5410,"(('Br', 0), ('C', 7), ('Cl', 0), ('F', 0), ('H', 10), ('I', 0), ('N', 0), ('O', 2), ('S', 0))",19,51,complete,51,0,0,False,False,True
dsC7O2H10nsd_5411.xyz,5411,"(('Br', 0), ('C', 7), ('Cl', 0), ('F', 0), ('H', 10), ('I', 0), ('N', 0), ('O', 2), ('S', 0))",19,51,complete,51,0,0,False,False,True
dsC7O2H10nsd_5412.xyz,5412,"(('Br', 0), ('C', 7), ('Cl', 0), ('F', 0), ('H', 10), ('I', 0), ('N', 0), ('O', 2), ('S', 0))",19,51,complete,51,0,0,False,False,True
dsC7O2H10nsd_5413.xyz,5413,"(('Br', 0), ('C', 7), ('Cl', 0), ('F', 0), ('H', 10), ('I', 0), ('N', 0), ('O', 2), ('S', 0))",19,51,complete,51,0,0,False,False,True
dsC7O2H10nsd_5414.xyz,5414,"(('Br', 0), ('C', 7), ('Cl', 0), ('F', 0), ('H', 10), ('I', 0), ('N', 0), ('O', 2), ('S', 0))",19,51,complete,51,0,0,False,False,True
dsC7O2H10nsd_5415.xyz,5415,"(('Br', 0), ('C', 7), ('Cl', 0), ('F', 0), ('H', 10), ('I', 0), ('N', 0), ('O', 2), ('S', 0))",19,51,complete,51,0,0,False,False,True
dsC7O2H10nsd_5416.xyz,5416,"(('Br', 0), ('C', 7), ('Cl', 0), ('F', 0), ('H', 10), ('I', 0), ('N', 0), ('O', 2), ('S', 0))",19,51,complete,51,0,0,False,False,True
dsC7O2H10nsd_5417.xyz,5417,"(('Br', 0), ('C', 7), ('Cl', 0), ('F', 0), ('H', 10), ('I', 0), ('N', 0), ('O', 2), ('S', 0))",19,51,complete,51,0,0,False,False,True
dsC7O2H10nsd_5418.xyz,5418,"(('Br', 0), ('C', 7), ('Cl', 0), ('F', 0), ('H', 10), ('I', 0), ('N', 0), ('O', 2), ('S', 0))",19,51,complete,51,0,0,False,False,True
dsC7O2H10nsd_5419.xyz,5419,"(('Br', 0), ('C', 7), ('Cl', 0), ('F', 0), ('H', 10), ('I', 0), ('N', 0), ('O', 2), ('S', 0))",19,51,complete,51,0,0,False,False,True
dsC7O2H10nsd_5420.xyz,5420,"(('Br', 0), ('C', 7), ('Cl', 0), ('F', 0), ('H', 10), ('I', 0), ('N', 0), ('O', 2), ('S', 0))",19,51,complete,51,0,0,False,False,True
dsC7O2H10nsd_5421.xyz,5421,"(('Br', 0), ('C', 7), ('Cl', 0), ('F', 0), ('H', 10), ('I', 0), ('N', 0), ('O', 2), ('S', 0))",19,51,complete,51,0,0,False,False,True
dsC7O2H10nsd_5422.xyz,5422,"(('Br', 0), ('C', 7), ('Cl', 0), ('F', 0), ('H', 10), ('I', 0), ('N', 0), ('O', 2), ('S', 0))",19,51,complete,51,0,0,False,False,True
dsC7O2H10nsd_5423.xyz,5423,"(('Br', 0), ('C', 7), ('Cl', 0), ('F', 0), ('H', 10), ('I', 0), ('N', 0), ('O', 2), ('S', 0))",19,51,complete,51,0,0,False,False,True
dsC7O2H10nsd_5424.xyz,5424,"(('Br', 0), ('C', 7), ('Cl', 0), ('F', 0), ('H', 10), ('I', 0), ('N', 0), ('O', 2), ('S', 0))",19,51,complete,51,0,0,False,False,True
dsC7O2H10nsd_5425.xyz,5425,"(('Br', 0), ('C', 7), ('Cl', 0), ('F', 0), ('H', 10), ('I', 0), ('N', 0), ('O', 2), ('S', 0))",19,51,complete,51,0,0,False,False,True
dsC7O2H10nsd_5426.xyz,5426,"(('Br', 0), ('C', 7), ('Cl', 0), ('F', 0), ('H', 10), ('I', 0), ('N', 0), ('O', 2), ('S', 0))",19,51,complete,51,0,0,False,False,True
dsC7O2H10nsd_5427.xyz,5427,"(('Br', 0), ('C', 7), ('Cl', 0), ('F', 0), ('H', 10), ('I', 0), ('N', 0), ('O', 2), ('S', 0))",19,51,complete,51,0,0,False,False,True
dsC7O2H10nsd_5428.xyz,5428,"(('Br', 0), ('C', 7), ('Cl', 0), ('F', 0), ('H', 10), ('I', 0), ('N', 0), ('O', 2), ('S', 0))",19,51,complete,51,0,0,False,False,True
dsC7O2H10nsd_5429.xyz,5429,"(('Br', 0), ('C', 7), ('Cl', 0), ('F', 0), ('H', 10), ('I', 0), ('N', 0), ('O', 2), ('S', 0))",19,51,complete,51,0,0,False,False,True
dsC7O2H10nsd_5430.xyz,5430,"(('Br', 0), ('C', 7), ('Cl', 0), ('F', 0), ('H', 10), ('I', 0), ('N', 0), ('O', 2), ('S', 0))",19,51,complete,51,0,0,False,False,True
dsC7O2H10nsd_5431.xyz,5431,"(('Br', 0), ('C', 7), ('Cl', 0), ('F', 0), ('H', 10), ('I', 0), ('N', 0), ('O', 2), ('S', 0))",19,51,complete,51,0,0,False,False,True
dsC7O2H10nsd_5432.xyz,5432,"(('Br', 0), ('C', 7), ('Cl', 0), ('F', 0), ('H', 10), ('I', 0), ('N', 0), ('O', 2), ('S', 0))",19,51,complete,51,0,0,False,False,True
dsC7O2H10nsd_5433.xyz,5433,"(('Br', 0), ('C', 7), ('Cl', 0), ('F', 0), ('H', 10), ('I', 0), ('N', 0), ('O', 2), ('S', 0))",19,51,complete,51,0,0,False,False,True
dsC7O2H10nsd_5434.xyz,5434,"(('Br', 0), ('C', 7), ('Cl', 0), ('F', 0), ('H', 10), ('I', 0), ('N', 0), ('O', 2), ('S', 0))",19,51,complete,51,0,0,False,False,True
dsC7O2H10nsd_5435.xyz,5435,"(('Br', 0), ('C', 7), ('Cl', 0), ('F', 0), ('H', 10), ('I', 0), ('N', 0), ('O', 2), ('S', 0))",19,51,complete,51,0,0,False,False,True
dsC7O2H10nsd_5436.xyz,5436,"(('Br', 0), ('C', 7), ('Cl', 0), ('F', 0), ('H', 10), ('I', 0), ('N', 0), ('O', 2), ('S', 0))",19,51,complete,51,0,0,False,False,True
dsC7O2H10nsd_5437.xyz,5437,"(('Br', 0), ('C', 7), ('Cl', 0), ('F', 0), ('H', 10), ('I', 0), ('N', 0), ('O', 2), ('S', 0))",19,51,complete,51,0,0,False,False,True
dsC7O2H10nsd_5438.xyz,5438,"(('Br', 0), ('C', 7), ('Cl', 0), ('F', 0), ('H', 10), ('I', 0), ('N', 0), ('O', 2), ('S', 0))",19,51,complete,51,0,0,False,False,True
dsC7O2H10nsd_5439.xyz,5439,"(('Br', 0), ('C', 7), ('Cl', 0), ('F', 0), ('H', 10), ('I', 0), ('N', 0), ('O', 2), ('S', 0))",19,51,complete,51,0,0,False,False,True
dsC7O2H10nsd_5440.xyz,5440,"(('Br', 0), ('C', 7), ('Cl', 0), ('F', 0), ('H', 10), ('I', 0), ('N', 0), ('O', 2), ('S', 0))",19,51,complete,51,0,0,False,False,True
dsC7O2H10nsd_5441.xyz,5441,"(('Br', 0), ('C', 7), ('Cl', 0), ('F', 0), ('H', 10), ('I', 0), ('N', 0), ('O', 2), ('S', 0))",19,51,complete,51,0,0,False,False,True
dsC7O2H10nsd_5442.xyz,5442,"(('Br', 0), ('C', 7), ('Cl', 0), ('F', 0), ('H', 10), ('I', 0), ('N', 0), ('O', 2), ('S', 0))",19,51,complete,51,0,0,False,False,True
dsC7O2H10nsd_5443.xyz,5443,"(('Br', 0), ('C', 7), ('Cl', 0), ('F', 0), ('H', 10), ('I', 0), ('N', 0), ('O', 2), ('S', 0))",19,51,complete,51,0,0,False,False,True
dsC7O2H10nsd_5444.xyz,5444,"(('Br', 0), ('C', 7), ('Cl', 0), ('F', 0), ('H', 10), ('I', 0), ('N', 0), ('O', 2), ('S', 0))",19,51,complete,51,0,0,False,False,True
dsC7O2H10nsd_5445.xyz,5445,"(('Br', 0), ('C', 7), ('Cl', 0), ('F', 0), ('H', 10), ('I', 0), ('N', 0), ('O', 2), ('S', 0))",19,51,complete,51,0,0,False,False,True
dsC7O2H10nsd_5446.xyz,5446,"(('Br', 0), ('C', 7), ('Cl', 0), ('F', 0), ('H', 10), ('I', 0), ('N', 0), ('O', 2), ('S', 0))",19,51,complete,51,0,0,False,False,True
dsC7O2H10nsd_5447.xyz,5447,"(('Br', 0), ('C', 7), ('Cl', 0), ('F', 0), ('H', 10), ('I', 0), ('N', 0), ('O', 2), ('S', 0))",19,51,complete,51,0,0,False,False,True
dsC7O2H10nsd_5448.xyz,5448,"(('Br', 0), ('C', 7), ('Cl', 0), ('F', 0), ('H', 10), ('I', 0), ('N', 0), ('O', 2), ('S', 0))",19,51,complete,51,0,0,False,False,True
dsC7O2H10nsd_5449.xyz,5449,"(('Br', 0), ('C', 7), ('Cl', 0), ('F', 0), ('H', 10), ('I', 0), ('N', 0), ('O', 2), ('S', 0))",19,51,complete,51,0,0,False,False,True
dsC7O2H10nsd_5450.xyz,5450,"(('Br', 0), ('C', 7), ('Cl', 0), ('F', 0), ('H', 10), ('I', 0), ('N', 0), ('O', 2), ('S', 0))",19,51,complete,51,0,0,False,False,True
dsC7O2H10nsd_5451.xyz,5451,"(('Br', 0), ('C', 7), ('Cl', 0), ('F', 0), ('H', 10), ('I', 0), ('N', 0), ('O', 2), ('S', 0))",19,51,complete,51,0,0,False,False,True
dsC7O2H10nsd_5452.xyz,5452,"(('Br', 0), ('C', 7), ('Cl', 0), ('F', 0), ('H', 10), ('I', 0), ('N', 0), ('O', 2), ('S', 0))",19,51,complete,51,0,0,False,False,True
dsC7O2H10nsd_5453.xyz,5453,"(('Br', 0), ('C', 7), ('Cl', 0), ('F', 0), ('H', 10), ('I', 0), ('N', 0), ('O', 2), ('S', 0))",19,51,complete,51,0,0,False,False,True
dsC7O2H10nsd_5454.xyz,5454,"(('Br', 0), ('C', 7), ('Cl', 0), ('F', 0), ('H', 10), ('I', 0), ('N', 0), ('O', 2), ('S', 0))",19,51,complete,51,0,0,False,False,True
dsC7O2H10nsd_5455.xyz,5455,"(('Br', 0), ('C', 7), ('Cl', 0), ('F', 0), ('H', 10), ('I', 0), ('N', 0), ('O', 2), ('S', 0))",19,51,complete,51,0,0,False,False,True
dsC7O2H10nsd_5456.xyz,5456,"(('Br', 0), ('C', 7), ('Cl', 0), ('F', 0), ('H', 10), ('I', 0), ('N', 0), ('O', 2), ('S', 0))",19,51,complete,51,0,0,False,False,True
dsC7O2H10nsd_5457.xyz,5457,"(('Br', 0), ('C', 7), ('Cl', 0), ('F', 0), ('H', 10), ('I', 0), ('N', 0), ('O', 2), ('S', 0))",19,51,complete,51,0,0,False,False,True
dsC7O2H10nsd_5458.xyz,5458,"(('Br', 0), ('C', 7), ('Cl', 0), ('F', 0), ('H', 10), ('I', 0), ('N', 0), ('O', 2), ('S', 0))",19,51,complete,51,0,0,False,False,True
dsC7O2H10nsd_5459.xyz,5459,"(('Br', 0), ('C', 7), ('Cl', 0), ('F', 0), ('H', 10), ('I', 0), ('N', 0), ('O', 2), ('S', 0))",19,51,complete,51,0,0,False,False,True
dsC7O2H10nsd_5460.xyz,5460,"(('Br', 0), ('C', 7), ('Cl', 0), ('F', 0), ('H', 10), ('I', 0), ('N', 0), ('O', 2), ('S', 0))",19,51,complete,51,0,0,False,False,True
dsC7O2H10nsd_5461.xyz,5461,"(('Br', 0), ('C', 7), ('Cl', 0), ('F', 0), ('H', 10), ('I', 0), ('N', 0), ('O', 2), ('S', 0))",19,51,complete,51,0,0,False,False,True
dsC7O2H10nsd_5462.xyz,5462,"(('Br', 0), ('C', 7), ('Cl', 0), ('F', 0), ('H', 10), ('I', 0), ('N', 0), ('O', 2), ('S', 0))",19,51,complete,51,0,0,False,False,True
dsC7O2H10nsd_5463.xyz,5463,"(('Br', 0), ('C', 7), ('Cl', 0), ('F', 0), ('H', 10), ('I', 0), ('N', 0), ('O', 2), ('S', 0))",19,51,complete,51,0,0,False,False,True
dsC7O2H10nsd_5464.xyz,5464,"(('Br', 0), ('C', 7), ('Cl', 0), ('F', 0), ('H', 10), ('I', 0), ('N', 0), ('O', 2), ('S', 0))",19,51,complete,51,0,0,False,False,True
dsC7O2H10nsd_5465.xyz,5465,"(('Br', 0), ('C', 7), ('Cl', 0), ('F', 0), ('H', 10), ('I', 0), ('N', 0), ('O', 2), ('S', 0))",19,51,complete,51,0,0,False,False,True
dsC7O2H10nsd_5466.xyz,5466,"(('Br', 0), ('C', 7), ('Cl', 0), ('F', 0), ('H', 10), ('I', 0), ('N', 0), ('O', 2), ('S', 0))",19,51,complete,51,0,0,False,False,True
dsC7O2H10nsd_5467.xyz,5467,"(('Br', 0), ('C', 7), ('Cl', 0), ('F', 0), ('H', 10), ('I', 0), ('N', 0), ('O', 2), ('S', 0))",19,51,complete,51,0,0,False,False,True
dsC7O2H10nsd_5468.xyz,5468,"(('Br', 0), ('C', 7), ('Cl', 0), ('F', 0), ('H', 10), ('I', 0), ('N', 0), ('O', 2), ('S', 0))",19,51,complete,51,0,0,False,False,True
dsC7O2H10nsd_5469.xyz,5469,"(('Br', 0), ('C', 7), ('Cl', 0), ('F', 0), ('H', 10), ('I', 0), ('N', 0), ('O', 2), ('S', 0))",19,51,complete,51,0,0,False,False,True
dsC7O2H10nsd_5470.xyz,5470,"(('Br', 0), ('C', 7), ('Cl', 0), ('F', 0), ('H', 10), ('I', 0), ('N', 0), ('O', 2), ('S', 0))",19,51,complete,51,0,0,False,False,True
dsC7O2H10nsd_5471.xyz,5471,"(('Br', 0), ('C', 7), ('Cl', 0), ('F', 0), ('H', 10), ('I', 0), ('N', 0), ('O', 2), ('S', 0))",19,51,complete,51,0,0,False,False,True
dsC7O2H10nsd_5472.xyz,5472,"(('Br', 0), ('C', 7), ('Cl', 0), ('F', 0), ('H', 10), ('I', 0), ('N', 0), ('O', 2), ('S', 0))",19,51,complete,51,0,0,False,False,True
dsC7O2H10nsd_5473.xyz,5473,"(('Br', 0), ('C', 7), ('Cl', 0), ('F', 0), ('H', 10), ('I', 0), ('N', 0), ('O', 2), ('S', 0))",19,51,complete,51,0,0,False,False,True
dsC7O2H10nsd_5474.xyz,5474,"(('Br', 0), ('C', 7), ('Cl', 0), ('F', 0), ('H', 10), ('I', 0), ('N', 0), ('O', 2), ('S', 0))",19,51,complete,51,0,0,False,False,True
dsC7O2H10nsd_5475.xyz,5475,"(('Br', 0), ('C', 7), ('Cl', 0), ('F', 0), ('H', 10), ('I', 0), ('N', 0), ('O', 2), ('S', 0))",19,51,complete,51,0,0,False,False,True
dsC7O2H10nsd_5476.xyz,5476,"(('Br', 0), ('C', 7), ('Cl', 0), ('F', 0), ('H', 10), ('I', 0), ('N', 0), ('O', 2), ('S', 0))",19,51,complete,51,0,0,False,False,True
dsC7O2H10nsd_5477.xyz,5477,"(('Br', 0), ('C', 7), ('Cl', 0), ('F', 0), ('H', 10), ('I', 0), ('N', 0), ('O', 2), ('S', 0))",19,51,complete,51,0,0,False,False,True
dsC7O2H10nsd_5478.xyz,5478,"(('Br', 0), ('C', 7), ('Cl', 0), ('F', 0), ('H', 10), ('I', 0), ('N', 0), ('O', 2), ('S', 0))",19,51,complete,51,0,0,False,False,True
dsC7O2H10nsd_5479.xyz,5479,"(('Br', 0), ('C', 7), ('Cl', 0), ('F', 0), ('H', 10), ('I', 0), ('N', 0), ('O', 2), ('S', 0))",19,51,complete,51,0,0,False,False,True
dsC7O2H10nsd_5480.xyz,5480,"(('Br', 0), ('C', 7), ('Cl', 0), ('F', 0), ('H', 10), ('I', 0), ('N', 0), ('O', 2), ('S', 0))",19,51,complete,51,0,0,False,False,True
dsC7O2H10nsd_5481.xyz,5481,"(('Br', 0), ('C', 7), ('Cl', 0), ('F', 0), ('H', 10), ('I', 0), ('N', 0), ('O', 2), ('S', 0))",19,51,complete,51,0,0,False,False,True
dsC7O2H10nsd_5482.xyz,5482,"(('Br', 0), ('C', 7), ('Cl', 0), ('F', 0), ('H', 10), ('I', 0), ('N', 0), ('O', 2), ('S', 0))",19,51,complete,51,0,0,False,False,True
dsC7O2H10nsd_5483.xyz,5483,"(('Br', 0), ('C', 7), ('Cl', 0), ('F', 0), ('H', 10), ('I', 0), ('N', 0), ('O', 2), ('S', 0))",19,51,complete,51,0,0,False,False,True
dsC7O2H10nsd_5484.xyz,5484,"(('Br', 0), ('C', 7), ('Cl', 0), ('F', 0), ('H', 10), ('I', 0), ('N', 0), ('O', 2), ('S', 0))",19,51,complete,51,0,0,False,False,True
dsC7O2H10nsd_5485.xyz,5485,"(('Br', 0), ('C', 7), ('Cl', 0), ('F', 0), ('H', 10), ('I', 0), ('N', 0), ('O', 2), ('S', 0))",19,51,complete,51,0,0,False,False,True
dsC7O2H10nsd_5486.xyz,5486,"(('Br', 0), ('C', 7), ('Cl', 0), ('F', 0), ('H', 10), ('I', 0), ('N', 0), ('O', 2), ('S', 0))",19,51,complete,51,0,0,False,False,True
dsC7O2H10nsd_5487.xyz,5487,"(('Br', 0), ('C', 7), ('Cl', 0), ('F', 0), ('H', 10), ('I', 0), ('N', 0), ('O', 2), ('S', 0))",19,51,complete,51,0,0,False,False,True
dsC7O2H10nsd_5488.xyz,5488,"(('Br', 0), ('C', 7), ('Cl', 0), ('F', 0), ('H', 10), ('I', 0), ('N', 0), ('O', 2), ('S', 0))",19,51,complete,51,0,0,False,False,True
dsC7O2H10nsd_5489.xyz,5489,"(('Br', 0), ('C', 7), ('Cl', 0), ('F', 0), ('H', 10), ('I', 0), ('N', 0), ('O', 2), ('S', 0))",19,51,complete,51,0,0,False,False,True
dsC7O2H10nsd_5490.xyz,5490,"(('Br', 0), ('C', 7), ('Cl', 0), ('F', 0), ('H', 10), ('I', 0), ('N', 0), ('O', 2), ('S', 0))",19,51,complete,51,0,0,False,False,True
dsC7O2H10nsd_5491.xyz,5491,"(('Br', 0), ('C', 7), ('Cl', 0), ('F', 0), ('H', 10), ('I', 0), ('N', 0), ('O', 2), ('S', 0))",19,51,complete,51,0,0,False,False,True
dsC7O2H10nsd_5492.xyz,5492,"(('Br', 0), ('C', 7), ('Cl', 0), ('F', 0), ('H', 10), ('I', 0), ('N', 0), ('O', 2), ('S', 0))",19,51,complete,51,0,0,False,False,True
dsC7O2H10nsd_5493.xyz,5493,"(('Br', 0), ('C', 7), ('Cl', 0), ('F', 0), ('H', 10), ('I', 0), ('N', 0), ('O', 2), ('S', 0))",19,51,complete,51,0,0,False,False,True
dsC7O2H10nsd_5494.xyz,5494,"(('Br', 0), ('C', 7), ('Cl', 0), ('F', 0), ('H', 10), ('I', 0), ('N', 0), ('O', 2), ('S', 0))",19,51,complete,51,0,0,False,False,True
dsC7O2H10nsd_5495.xyz,5495,"(('Br', 0), ('C', 7), ('Cl', 0), ('F', 0), ('H', 10), ('I', 0), ('N', 0), ('O', 2), ('S', 0))",19,51,complete,51,0,0,False,False,True
dsC7O2H10nsd_5496.xyz,5496,"(('Br', 0), ('C', 7), ('Cl', 0), ('F', 0), ('H', 10), ('I', 0), ('N', 0), ('O', 2), ('S', 0))",19,51,complete,51,0,0,False,False,True
dsC7O2H10nsd_5497.xyz,5497,"(('Br', 0), ('C', 7), ('Cl', 0), ('F', 0), ('H', 10), ('I', 0), ('N', 0), ('O', 2), ('S', 0))",19,51,complete,51,0,0,False,False,True
dsC7O2H10nsd_5498.xyz,5498,"(('Br', 0), ('C', 7), ('Cl', 0), ('F', 0), ('H', 10), ('I', 0), ('N', 0), ('O', 2), ('S', 0))",19,51,complete,51,0,0,False,False,True
dsC7O2H10nsd_5499.xyz,5499,"(('Br', 0), ('C', 7), ('Cl', 0), ('F', 0), ('H', 10), ('I', 0), ('N', 0), ('O', 2), ('S', 0))",19,51,complete,51,0,0,False,False,True
dsC7O2H10nsd_5500.xyz,5500,"(('Br', 0), ('C', 7), ('Cl', 0), ('F', 0), ('H', 10), ('I', 0), ('N', 0), ('O', 2), ('S', 0))",19,51,complete,51,0,0,False,False,True
dsC7O2H10nsd_5501.xyz,5501,"(('Br', 0), ('C', 7), ('Cl', 0), ('F', 0), ('H', 10), ('I', 0), ('N', 0), ('O', 2), ('S', 0))",19,51,complete,51,0,0,False,False,True
dsC7O2H10nsd_5502.xyz,5502,"(('Br', 0), ('C', 7), ('Cl', 0), ('F', 0), ('H', 10), ('I', 0), ('N', 0), ('O', 2), ('S', 0))",19,51,complete,51,0,0,False,False,True
dsC7O2H10nsd_5503.xyz,5503,"(('Br', 0), ('C', 7), ('Cl', 0), ('F', 0), ('H', 10), ('I', 0), ('N', 0), ('O', 2), ('S', 0))",19,51,complete,51,0,0,False,False,True
dsC7O2H10nsd_5504.xyz,5504,"(('Br', 0), ('C', 7), ('Cl', 0), ('F', 0), ('H', 10), ('I', 0), ('N', 0), ('O', 2), ('S', 0))",19,51,complete,51,0,0,False,False,True
dsC7O2H10nsd_5505.xyz,5505,"(('Br', 0), ('C', 7), ('Cl', 0), ('F', 0), ('H', 10), ('I', 0), ('N', 0), ('O', 2), ('S', 0))",19,51,complete,51,0,0,False,False,True
dsC7O2H10nsd_5506.xyz,5506,"(('Br', 0), ('C', 7), ('Cl', 0), ('F', 0), ('H', 10), ('I', 0), ('N', 0), ('O', 2), ('S', 0))",19,51,complete,51,0,0,False,False,True
dsC7O2H10nsd_5507.xyz,5507,"(('Br', 0), ('C', 7), ('Cl', 0), ('F', 0), ('H', 10), ('I', 0), ('N', 0), ('O', 2), ('S', 0))",19,51,complete,51,0,0,False,False,True
dsC7O2H10nsd_5508.xyz,5508,"(('Br', 0), ('C', 7), ('Cl', 0), ('F', 0), ('H', 10), ('I', 0), ('N', 0), ('O', 2), ('S', 0))",19,51,complete,51,0,0,False,False,True
dsC7O2H10nsd_5509.xyz,5509,"(('Br', 0), ('C', 7), ('Cl', 0), ('F', 0), ('H', 10), ('I', 0), ('N', 0), ('O', 2), ('S', 0))",19,51,complete,51,0,0,False,False,True
dsC7O2H10nsd_5510.xyz,5510,"(('Br', 0), ('C', 7), ('Cl', 0), ('F', 0), ('H', 10), ('I', 0), ('N', 0), ('O', 2), ('S', 0))",19,51,complete,51,0,0,False,False,True
dsC7O2H10nsd_5511.xyz,5511,"(('Br', 0), ('C', 7), ('Cl', 0), ('F', 0), ('H', 10), ('I', 0), ('N', 0), ('O', 2), ('S', 0))",19,51,complete,51,0,0,False,False,True
dsC7O2H10nsd_5512.xyz,5512,"(('Br', 0), ('C', 7), ('Cl', 0), ('F', 0), ('H', 10), ('I', 0), ('N', 0), ('O', 2), ('S', 0))",19,51,complete,51,0,0,False,False,True
dsC7O2H10nsd_5513.xyz,5513,"(('Br', 0), ('C', 7), ('Cl', 0), ('F', 0), ('H', 10), ('I', 0), ('N', 0), ('O', 2), ('S', 0))",19,51,complete,51,0,0,False,False,True
dsC7O2H10nsd_5514.xyz,5514,"(('Br', 0), ('C', 7), ('Cl', 0), ('F', 0), ('H', 10), ('I', 0), ('N', 0), ('O', 2), ('S', 0))",19,51,complete,51,0,0,False,False,True
dsC7O2H10nsd_5515.xyz,5515,"(('Br', 0), ('C', 7), ('Cl', 0), ('F', 0), ('H', 10), ('I', 0), ('N', 0), ('O', 2), ('S', 0))",19,51,complete,51,0,0,False,False,True
dsC7O2H10nsd_5516.xyz,5516,"(('Br', 0), ('C', 7), ('Cl', 0), ('F', 0), ('H', 10), ('I', 0), ('N', 0), ('O', 2), ('S', 0))",19,51,complete,51,0,0,False,False,True
dsC7O2H10nsd_5517.xyz,5517,"(('Br', 0), ('C', 7), ('Cl', 0), ('F', 0), ('H', 10), ('I', 0), ('N', 0), ('O', 2), ('S', 0))",19,51,complete,51,0,0,False,False,True
dsC7O2H10nsd_5518.xyz,5518,"(('Br', 0), ('C', 7), ('Cl', 0), ('F', 0), ('H', 10), ('I', 0), ('N', 0), ('O', 2), ('S', 0))",19,51,complete,51,0,0,False,False,True
dsC7O2H10nsd_5519.xyz,5519,"(('Br', 0), ('C', 7), ('Cl', 0), ('F', 0), ('H', 10), ('I', 0), ('N', 0), ('O', 2), ('S', 0))",19,51,complete,51,0,0,False,False,True
dsC7O2H10nsd_5520.xyz,5520,"(('Br', 0), ('C', 7), ('Cl', 0), ('F', 0), ('H', 10), ('I', 0), ('N', 0), ('O', 2), ('S', 0))",19,51,complete,51,0,0,False,False,True
dsC7O2H10nsd_5521.xyz,5521,"(('Br', 0), ('C', 7), ('Cl', 0), ('F', 0), ('H', 10), ('I', 0), ('N', 0), ('O', 2), ('S', 0))",19,51,complete,51,0,0,False,False,True
dsC7O2H10nsd_5522.xyz,5522,"(('Br', 0), ('C', 7), ('Cl', 0), ('F', 0), ('H', 10), ('I', 0), ('N', 0), ('O', 2), ('S', 0))",19,51,complete,51,0,0,False,False,True
dsC7O2H10nsd_5523.xyz,5523,"(('Br', 0), ('C', 7), ('Cl', 0), ('F', 0), ('H', 10), ('I', 0), ('N', 0), ('O', 2), ('S', 0))",19,51,complete,51,0,0,False,False,True
dsC7O2H10nsd_5524.xyz,5524,"(('Br', 0), ('C', 7), ('Cl', 0), ('F', 0), ('H', 10), ('I', 0), ('N', 0), ('O', 2), ('S', 0))",19,51,complete,51,0,0,False,False,True
dsC7O2H10nsd_5525.xyz,5525,"(('Br', 0), ('C', 7), ('Cl', 0), ('F', 0), ('H', 10), ('I', 0), ('N', 0), ('O', 2), ('S', 0))",19,51,complete,51,0,0,False,False,True
dsC7O2H10nsd_5526.xyz,5526,"(('Br', 0), ('C', 7), ('Cl', 0), ('F', 0), ('H', 10), ('I', 0), ('N', 0), ('O', 2), ('S', 0))",19,51,complete,51,0,0,False,False,True
dsC7O2H10nsd_5527.xyz,5527,"(('Br', 0), ('C', 7), ('Cl', 0), ('F', 0), ('H', 10), ('I', 0), ('N', 0), ('O', 2), ('S', 0))",19,51,complete,51,0,0,False,False,True
dsC7O2H10nsd_5528.xyz,5528,"(('Br', 0), ('C', 7), ('Cl', 0), ('F', 0), ('H', 10), ('I', 0), ('N', 0), ('O', 2), ('S', 0))",19,51,complete,51,0,0,False,False,True
dsC7O2H10nsd_5529.xyz,5529,"(('Br', 0), ('C', 7), ('Cl', 0), ('F', 0), ('H', 10), ('I', 0), ('N', 0), ('O', 2), ('S', 0))",19,51,complete,51,0,0,False,False,True
dsC7O2H10nsd_5530.xyz,5530,"(('Br', 0), ('C', 7), ('Cl', 0), ('F', 0), ('H', 10), ('I', 0), ('N', 0), ('O', 2), ('S', 0))",19,51,complete,51,0,0,False,False,True
dsC7O2H10nsd_5531.xyz,5531,"(('Br', 0), ('C', 7), ('Cl', 0), ('F', 0), ('H', 10), ('I', 0), ('N', 0), ('O', 2), ('S', 0))",19,51,complete,51,0,0,False,False,True
dsC7O2H10nsd_5532.xyz,5532,"(('Br', 0), ('C', 7), ('Cl', 0), ('F', 0), ('H', 10), ('I', 0), ('N', 0), ('O', 2), ('S', 0))",19,51,complete,51,0,0,False,False,True
dsC7O2H10nsd_5533.xyz,5533,"(('Br', 0), ('C', 7), ('Cl', 0), ('F', 0), ('H', 10), ('I', 0), ('N', 0), ('O', 2), ('S', 0))",19,51,complete,51,0,0,False,False,True
dsC7O2H10nsd_5534.xyz,5534,"(('Br', 0), ('C', 7), ('Cl', 0), ('F', 0), ('H', 10), ('I', 0), ('N', 0), ('O', 2), ('S', 0))",19,51,complete,51,0,0,False,False,True
dsC7O2H10nsd_5535.xyz,5535,"(('Br', 0), ('C', 7), ('Cl', 0), ('F', 0), ('H', 10), ('I', 0), ('N', 0), ('O', 2), ('S', 0))",19,51,complete,51,0,0,False,False,True
dsC7O2H10nsd_5536.xyz,5536,"(('Br', 0), ('C', 7), ('Cl', 0), ('F', 0), ('H', 10), ('I', 0), ('N', 0), ('O', 2), ('S', 0))",19,51,complete,51,0,0,False,False,True
dsC7O2H10nsd_5537.xyz,5537,"(('Br', 0), ('C', 7), ('Cl', 0), ('F', 0), ('H', 10), ('I', 0), ('N', 0), ('O', 2), ('S', 0))",19,51,complete,51,0,0,False,False,True
dsC7O2H10nsd_5538.xyz,5538,"(('Br', 0), ('C', 7), ('Cl', 0), ('F', 0), ('H', 10), ('I', 0), ('N', 0), ('O', 2), ('S', 0))",19,51,complete,51,0,0,False,False,True
dsC7O2H10nsd_5539.xyz,5539,"(('Br', 0), ('C', 7), ('Cl', 0), ('F', 0), ('H', 10), ('I', 0), ('N', 0), ('O', 2), ('S', 0))",19,51,complete,51,0,0,False,False,True
dsC7O2H10nsd_5540.xyz,5540,"(('Br', 0), ('C', 7), ('Cl', 0), ('F', 0), ('H', 10), ('I', 0), ('N', 0), ('O', 2), ('S', 0))",19,51,complete,51,0,0,False,False,True
dsC7O2H10nsd_5541.xyz,5541,"(('Br', 0), ('C', 7), ('Cl', 0), ('F', 0), ('H', 10), ('I', 0), ('N', 0), ('O', 2), ('S', 0))",19,51,complete,51,0,0,False,False,True
dsC7O2H10nsd_5542.xyz,5542,"(('Br', 0), ('C', 7), ('Cl', 0), ('F', 0), ('H', 10), ('I', 0), ('N', 0), ('O', 2), ('S', 0))",19,51,complete,51,0,0,False,False,True
dsC7O2H10nsd_5543.xyz,5543,"(('Br', 0), ('C', 7), ('Cl', 0), ('F', 0), ('H', 10), ('I', 0), ('N', 0), ('O', 2), ('S', 0))",19,51,complete,51,0,0,False,False,True
dsC7O2H10nsd_5544.xyz,5544,"(('Br', 0), ('C', 7), ('Cl', 0), ('F', 0), ('H', 10), ('I', 0), ('N', 0), ('O', 2), ('S', 0))",19,51,complete,51,0,0,False,False,True
dsC7O2H10nsd_5545.xyz,5545,"(('Br', 0), ('C', 7), ('Cl', 0), ('F', 0), ('H', 10), ('I', 0), ('N', 0), ('O', 2), ('S', 0))",19,51,complete,51,0,0,False,False,True
dsC7O2H10nsd_5546.xyz,5546,"(('Br', 0), ('C', 7), ('Cl', 0), ('F', 0), ('H', 10), ('I', 0), ('N', 0), ('O', 2), ('S', 0))",19,51,complete,51,0,0,False,False,True
dsC7O2H10nsd_5547.xyz,5547,"(('Br', 0), ('C', 7), ('Cl', 0), ('F', 0), ('H', 10), ('I', 0), ('N', 0), ('O', 2), ('S', 0))",19,51,complete,51,0,0,False,False,True
dsC7O2H10nsd_5548.xyz,5548,"(('Br', 0), ('C', 7), ('Cl', 0), ('F', 0), ('H', 10), ('I', 0), ('N', 0), ('O', 2), ('S', 0))",19,51,complete,51,0,0,False,False,True
dsC7O2H10nsd_5549.xyz,5549,"(('Br', 0), ('C', 7), ('Cl', 0), ('F', 0), ('H', 10), ('I', 0), ('N', 0), ('O', 2), ('S', 0))",19,51,complete,51,0,0,False,False,True
dsC7O2H10nsd_5550.xyz,5550,"(('Br', 0), ('C', 7), ('Cl', 0), ('F', 0), ('H', 10), ('I', 0), ('N', 0), ('O', 2), ('S', 0))",19,51,complete,51,0,0,False,False,True
dsC7O2H10nsd_5551.xyz,5551,"(('Br', 0), ('C', 7), ('Cl', 0), ('F', 0), ('H', 10), ('I', 0), ('N', 0), ('O', 2), ('S', 0))",19,51,complete,51,0,0,False,False,True
dsC7O2H10nsd_5552.xyz,5552,"(('Br', 0), ('C', 7), ('Cl', 0), ('F', 0), ('H', 10), ('I', 0), ('N', 0), ('O', 2), ('S', 0))",19,51,complete,51,0,0,False,False,True
dsC7O2H10nsd_5553.xyz,5553,"(('Br', 0), ('C', 7), ('Cl', 0), ('F', 0), ('H', 10), ('I', 0), ('N', 0), ('O', 2), ('S', 0))",19,51,complete,51,0,0,False,False,True
dsC7O2H10nsd_5554.xyz,5554,"(('Br', 0), ('C', 7), ('Cl', 0), ('F', 0), ('H', 10), ('I', 0), ('N', 0), ('O', 2), ('S', 0))",19,51,complete,51,0,0,False,False,True
dsC7O2H10nsd_5555.xyz,5555,"(('Br', 0), ('C', 7), ('Cl', 0), ('F', 0), ('H', 10), ('I', 0), ('N', 0), ('O', 2), ('S', 0))",19,51,complete,51,0,0,False,False,True
dsC7O2H10nsd_5556.xyz,5556,"(('Br', 0), ('C', 7), ('Cl', 0), ('F', 0), ('H', 10), ('I', 0), ('N', 0), ('O', 2), ('S', 0))",19,51,complete,51,0,0,False,False,True
dsC7O2H10nsd_5557.xyz,5557,"(('Br', 0), ('C', 7), ('Cl', 0), ('F', 0), ('H', 10), ('I', 0), ('N', 0), ('O', 2), ('S', 0))",19,51,complete,51,0,0,False,False,True
dsC7O2H10nsd_5558.xyz,5558,"(('Br', 0), ('C', 7), ('Cl', 0), ('F', 0), ('H', 10), ('I', 0), ('N', 0), ('O', 2), ('S', 0))",19,51,complete,51,0,0,False,False,True
dsC7O2H10nsd_5559.xyz,5559,"(('Br', 0), ('C', 7), ('Cl', 0), ('F', 0), ('H', 10), ('I', 0), ('N', 0), ('O', 2), ('S', 0))",19,51,complete,51,0,0,False,False,True
dsC7O2H10nsd_5560.xyz,5560,"(('Br', 0), ('C', 7), ('Cl', 0), ('F', 0), ('H', 10), ('I', 0), ('N', 0), ('O', 2), ('S', 0))",19,51,complete,51,0,0,False,False,True
dsC7O2H10nsd_5561.xyz,5561,"(('Br', 0), ('C', 7), ('Cl', 0), ('F', 0), ('H', 10), ('I', 0), ('N', 0), ('O', 2), ('S', 0))",19,51,complete,51,0,0,False,False,True
dsC7O2H10nsd_5562.xyz,5562,"(('Br', 0), ('C', 7), ('Cl', 0), ('F', 0), ('H', 10), ('I', 0), ('N', 0), ('O', 2), ('S', 0))",19,51,complete,51,0,0,False,False,True
dsC7O2H10nsd_5563.xyz,5563,"(('Br', 0), ('C', 7), ('Cl', 0), ('F', 0), ('H', 10), ('I', 0), ('N', 0), ('O', 2), ('S', 0))",19,51,complete,51,0,0,False,False,True
dsC7O2H10nsd_5564.xyz,5564,"(('Br', 0), ('C', 7), ('Cl', 0), ('F', 0), ('H', 10), ('I', 0), ('N', 0), ('O', 2), ('S', 0))",19,51,complete,51,0,0,False,False,True
dsC7O2H10nsd_5565.xyz,5565,"(('Br', 0), ('C', 7), ('Cl', 0), ('F', 0), ('H', 10), ('I', 0), ('N', 0), ('O', 2), ('S', 0))",19,51,complete,51,0,0,False,False,True
dsC7O2H10nsd_5566.xyz,5566,"(('Br', 0), ('C', 7), ('Cl', 0), ('F', 0), ('H', 10), ('I', 0), ('N', 0), ('O', 2), ('S', 0))",19,51,complete,51,0,0,False,False,True
dsC7O2H10nsd_5567.xyz,5567,"(('Br', 0), ('C', 7), ('Cl', 0), ('F', 0), ('H', 10), ('I', 0), ('N', 0), ('O', 2), ('S', 0))",19,51,complete,51,0,0,False,False,True
dsC7O2H10nsd_5568.xyz,5568,"(('Br', 0), ('C', 7), ('Cl', 0), ('F', 0), ('H', 10), ('I', 0), ('N', 0), ('O', 2), ('S', 0))",19,51,complete,51,0,0,False,False,True
dsC7O2H10nsd_5569.xyz,5569,"(('Br', 0), ('C', 7), ('Cl', 0), ('F', 0), ('H', 10), ('I', 0), ('N', 0), ('O', 2), ('S', 0))",19,51,complete,51,0,0,False,False,True
dsC7O2H10nsd_5570.xyz,5570,"(('Br', 0), ('C', 7), ('Cl', 0), ('F', 0), ('H', 10), ('I', 0), ('N', 0), ('O', 2), ('S', 0))",19,51,complete,51,0,0,False,False,True
dsC7O2H10nsd_5571.xyz,5571,"(('Br', 0), ('C', 7), ('Cl', 0), ('F', 0), ('H', 10), ('I', 0), ('N', 0), ('O', 2), ('S', 0))",19,51,complete,51,0,0,False,False,True
dsC7O2H10nsd_5572.xyz,5572,"(('Br', 0), ('C', 7), ('Cl', 0), ('F', 0), ('H', 10), ('I', 0), ('N', 0), ('O', 2), ('S', 0))",19,51,complete,51,0,0,False,False,True
dsC7O2H10nsd_5573.xyz,5573,"(('Br', 0), ('C', 7), ('Cl', 0), ('F', 0), ('H', 10), ('I', 0), ('N', 0), ('O', 2), ('S', 0))",19,51,complete,51,0,0,False,False,True
dsC7O2H10nsd_5574.xyz,5574,"(('Br', 0), ('C', 7), ('Cl', 0), ('F', 0), ('H', 10), ('I', 0), ('N', 0), ('O', 2), ('S', 0))",19,51,complete,51,0,0,False,False,True
dsC7O2H10nsd_5575.xyz,5575,"(('Br', 0), ('C', 7), ('Cl', 0), ('F', 0), ('H', 10), ('I', 0), ('N', 0), ('O', 2), ('S', 0))",19,51,complete,51,0,0,False,False,True
dsC7O2H10nsd_5576.xyz,5576,"(('Br', 0), ('C', 7), ('Cl', 0), ('F', 0), ('H', 10), ('I', 0), ('N', 0), ('O', 2), ('S', 0))",19,51,complete,51,0,0,False,False,True
dsC7O2H10nsd_5577.xyz,5577,"(('Br', 0), ('C', 7), ('Cl', 0), ('F', 0), ('H', 10), ('I', 0), ('N', 0), ('O', 2), ('S', 0))",19,51,complete,51,0,0,False,False,True
dsC7O2H10nsd_5578.xyz,5578,"(('Br', 0), ('C', 7), ('Cl', 0), ('F', 0), ('H', 10), ('I', 0), ('N', 0), ('O', 2), ('S', 0))",19,51,complete,51,0,0,False,False,True
dsC7O2H10nsd_5579.xyz,5579,"(('Br', 0), ('C', 7), ('Cl', 0), ('F', 0), ('H', 10), ('I', 0), ('N', 0), ('O', 2), ('S', 0))",19,51,complete,51,0,0,False,False,True
dsC7O2H10nsd_5580.xyz,5580,"(('Br', 0), ('C', 7), ('Cl', 0), ('F', 0), ('H', 10), ('I', 0), ('N', 0), ('O', 2), ('S', 0))",19,51,complete,51,0,0,False,False,True
dsC7O2H10nsd_5581.xyz,5581,"(('Br', 0), ('C', 7), ('Cl', 0), ('F', 0), ('H', 10), ('I', 0), ('N', 0), ('O', 2), ('S', 0))",19,51,complete,51,0,0,False,False,True
dsC7O2H10nsd_5582.xyz,5582,"(('Br', 0), ('C', 7), ('Cl', 0), ('F', 0), ('H', 10), ('I', 0), ('N', 0), ('O', 2), ('S', 0))",19,51,complete,51,0,0,False,False,True
dsC7O2H10nsd_5583.xyz,5583,"(('Br', 0), ('C', 7), ('Cl', 0), ('F', 0), ('H', 10), ('I', 0), ('N', 0), ('O', 2), ('S', 0))",19,51,complete,51,0,0,False,False,True
dsC7O2H10nsd_5584.xyz,5584,"(('Br', 0), ('C', 7), ('Cl', 0), ('F', 0), ('H', 10), ('I', 0), ('N', 0), ('O', 2), ('S', 0))",19,51,complete,51,0,0,False,False,True
dsC7O2H10nsd_5585.xyz,5585,"(('Br', 0), ('C', 7), ('Cl', 0), ('F', 0), ('H', 10), ('I', 0), ('N', 0), ('O', 2), ('S', 0))",19,51,complete,51,0,0,False,False,True
dsC7O2H10nsd_5586.xyz,5586,"(('Br', 0), ('C', 7), ('Cl', 0), ('F', 0), ('H', 10), ('I', 0), ('N', 0), ('O', 2), ('S', 0))",19,51,complete,51,0,0,False,False,True
dsC7O2H10nsd_5587.xyz,5587,"(('Br', 0), ('C', 7), ('Cl', 0), ('F', 0), ('H', 10), ('I', 0), ('N', 0), ('O', 2), ('S', 0))",19,51,complete,51,0,0,False,False,True
dsC7O2H10nsd_5588.xyz,5588,"(('Br', 0), ('C', 7), ('Cl', 0), ('F', 0), ('H', 10), ('I', 0), ('N', 0), ('O', 2), ('S', 0))",19,51,complete,51,0,0,False,False,True
dsC7O2H10nsd_5589.xyz,5589,"(('Br', 0), ('C', 7), ('Cl', 0), ('F', 0), ('H', 10), ('I', 0), ('N', 0), ('O', 2), ('S', 0))",19,51,complete,51,0,0,False,False,True
dsC7O2H10nsd_5590.xyz,5590,"(('Br', 0), ('C', 7), ('Cl', 0), ('F', 0), ('H', 10), ('I', 0), ('N', 0), ('O', 2), ('S', 0))",19,51,complete,51,0,0,False,False,True
dsC7O2H10nsd_5591.xyz,5591,"(('Br', 0), ('C', 7), ('Cl', 0), ('F', 0), ('H', 10), ('I', 0), ('N', 0), ('O', 2), ('S', 0))",19,51,complete,51,0,0,False,False,True
dsC7O2H10nsd_5592.xyz,5592,"(('Br', 0), ('C', 7), ('Cl', 0), ('F', 0), ('H', 10), ('I', 0), ('N', 0), ('O', 2), ('S', 0))",19,51,complete,51,0,0,False,False,True
dsC7O2H10nsd_5593.xyz,5593,"(('Br', 0), ('C', 7), ('Cl', 0), ('F', 0), ('H', 10), ('I', 0), ('N', 0), ('O', 2), ('S', 0))",19,51,complete,51,0,0,False,False,True
dsC7O2H10nsd_5594.xyz,5594,"(('Br', 0), ('C', 7), ('Cl', 0), ('F', 0), ('H', 10), ('I', 0), ('N', 0), ('O', 2), ('S', 0))",19,51,complete,51,0,0,False,False,True
dsC7O2H10nsd_5595.xyz,5595,"(('Br', 0), ('C', 7), ('Cl', 0), ('F', 0), ('H', 10), ('I', 0), ('N', 0), ('O', 2), ('S', 0))",19,51,complete,51,0,0,False,False,True
dsC7O2H10nsd_5596.xyz,5596,"(('Br', 0), ('C', 7), ('Cl', 0), ('F', 0), ('H', 10), ('I', 0), ('N', 0), ('O', 2), ('S', 0))",19,51,complete,51,0,0,False,False,True
dsC7O2H10nsd_5597.xyz,5597,"(('Br', 0), ('C', 7), ('Cl', 0), ('F', 0), ('H', 10), ('I', 0), ('N', 0), ('O', 2), ('S', 0))",19,51,complete,51,0,0,False,False,True
dsC7O2H10nsd_5598.xyz,5598,"(('Br', 0), ('C', 7), ('Cl', 0), ('F', 0), ('H', 10), ('I', 0), ('N', 0), ('O', 2), ('S', 0))",19,51,complete,51,0,0,False,False,True
dsC7O2H10nsd_5599.xyz,5599,"(('Br', 0), ('C', 7), ('Cl', 0), ('F', 0), ('H', 10), ('I', 0), ('N', 0), ('O', 2), ('S', 0))",19,51,complete,51,0,0,False,False,True
dsC7O2H10nsd_5600.xyz,5600,"(('Br', 0), ('C', 7), ('Cl', 0), ('F', 0), ('H', 10), ('I', 0), ('N', 0), ('O', 2), ('S', 0))",19,51,complete,51,0,0,False,False,True
dsC7O2H10nsd_5601.xyz,5601,"(('Br', 0), ('C', 7), ('Cl', 0), ('F', 0), ('H', 10), ('I', 0), ('N', 0), ('O', 2), ('S', 0))",19,51,complete,51,0,0,False,False,True
dsC7O2H10nsd_5602.xyz,5602,"(('Br', 0), ('C', 7), ('Cl', 0), ('F', 0), ('H', 10), ('I', 0), ('N', 0), ('O', 2), ('S', 0))",19,51,complete,51,0,0,False,False,True
dsC7O2H10nsd_5603.xyz,5603,"(('Br', 0), ('C', 7), ('Cl', 0), ('F', 0), ('H', 10), ('I', 0), ('N', 0), ('O', 2), ('S', 0))",19,51,complete,51,0,0,False,False,True
dsC7O2H10nsd_5604.xyz,5604,"(('Br', 0), ('C', 7), ('Cl', 0), ('F', 0), ('H', 10), ('I', 0), ('N', 0), ('O', 2), ('S', 0))",19,51,complete,51,0,0,False,False,True
dsC7O2H10nsd_5605.xyz,5605,"(('Br', 0), ('C', 7), ('Cl', 0), ('F', 0), ('H', 10), ('I', 0), ('N', 0), ('O', 2), ('S', 0))",19,51,complete,51,0,0,False,False,True
dsC7O2H10nsd_5606.xyz,5606,"(('Br', 0), ('C', 7), ('Cl', 0), ('F', 0), ('H', 10), ('I', 0), ('N', 0), ('O', 2), ('S', 0))",19,51,complete,51,0,0,False,False,True
dsC7O2H10nsd_5607.xyz,5607,"(('Br', 0), ('C', 7), ('Cl', 0), ('F', 0), ('H', 10), ('I', 0), ('N', 0), ('O', 2), ('S', 0))",19,51,complete,51,0,0,False,False,True
dsC7O2H10nsd_5608.xyz,5608,"(('Br', 0), ('C', 7), ('Cl', 0), ('F', 0), ('H', 10), ('I', 0), ('N', 0), ('O', 2), ('S', 0))",19,51,complete,51,0,0,False,False,True
dsC7O2H10nsd_5609.xyz,5609,"(('Br', 0), ('C', 7), ('Cl', 0), ('F', 0), ('H', 10), ('I', 0), ('N', 0), ('O', 2), ('S', 0))",19,51,complete,51,0,0,False,False,True
dsC7O2H10nsd_5610.xyz,5610,"(('Br', 0), ('C', 7), ('Cl', 0), ('F', 0), ('H', 10), ('I', 0), ('N', 0), ('O', 2), ('S', 0))",19,51,complete,51,0,0,False,False,True
dsC7O2H10nsd_5611.xyz,5611,"(('Br', 0), ('C', 7), ('Cl', 0), ('F', 0), ('H', 10), ('I', 0), ('N', 0), ('O', 2), ('S', 0))",19,51,complete,51,0,0,False,False,True
dsC7O2H10nsd_5612.xyz,5612,"(('Br', 0), ('C', 7), ('Cl', 0), ('F', 0), ('H', 10), ('I', 0), ('N', 0), ('O', 2), ('S', 0))",19,51,complete,51,0,0,False,False,True
dsC7O2H10nsd_5613.xyz,5613,"(('Br', 0), ('C', 7), ('Cl', 0), ('F', 0), ('H', 10), ('I', 0), ('N', 0), ('O', 2), ('S', 0))",19,51,complete,51,0,0,False,False,True
dsC7O2H10nsd_5614.xyz,5614,"(('Br', 0), ('C', 7), ('Cl', 0), ('F', 0), ('H', 10), ('I', 0), ('N', 0), ('O', 2), ('S', 0))",19,51,complete,51,0,0,False,False,True
dsC7O2H10nsd_5615.xyz,5615,"(('Br', 0), ('C', 7), ('Cl', 0), ('F', 0), ('H', 10), ('I', 0), ('N', 0), ('O', 2), ('S', 0))",19,51,complete,51,0,0,False,False,True
dsC7O2H10nsd_5616.xyz,5616,"(('Br', 0), ('C', 7), ('Cl', 0), ('F', 0), ('H', 10), ('I', 0), ('N', 0), ('O', 2), ('S', 0))",19,51,complete,51,0,0,False,False,True
dsC7O2H10nsd_5617.xyz,5617,"(('Br', 0), ('C', 7), ('Cl', 0), ('F', 0), ('H', 10), ('I', 0), ('N', 0), ('O', 2), ('S', 0))",19,51,complete,51,0,0,False,False,True
dsC7O2H10nsd_5618.xyz,5618,"(('Br', 0), ('C', 7), ('Cl', 0), ('F', 0), ('H', 10), ('I', 0), ('N', 0), ('O', 2), ('S', 0))",19,51,complete,51,0,0,False,False,True
dsC7O2H10nsd_5619.xyz,5619,"(('Br', 0), ('C', 7), ('Cl', 0), ('F', 0), ('H', 10), ('I', 0), ('N', 0), ('O', 2), ('S', 0))",19,51,complete,51,0,0,False,False,True
dsC7O2H10nsd_5620.xyz,5620,"(('Br', 0), ('C', 7), ('Cl', 0), ('F', 0), ('H', 10), ('I', 0), ('N', 0), ('O', 2), ('S', 0))",19,51,complete,51,0,0,False,False,True
dsC7O2H10nsd_5621.xyz,5621,"(('Br', 0), ('C', 7), ('Cl', 0), ('F', 0), ('H', 10), ('I', 0), ('N', 0), ('O', 2), ('S', 0))",19,51,complete,51,0,0,False,False,True
dsC7O2H10nsd_5622.xyz,5622,"(('Br', 0), ('C', 7), ('Cl', 0), ('F', 0), ('H', 10), ('I', 0), ('N', 0), ('O', 2), ('S', 0))",19,51,complete,51,0,0,False,False,True
dsC7O2H10nsd_5623.xyz,5623,"(('Br', 0), ('C', 7), ('Cl', 0), ('F', 0), ('H', 10), ('I', 0), ('N', 0), ('O', 2), ('S', 0))",19,51,complete,51,0,0,False,False,True
dsC7O2H10nsd_5624.xyz,5624,"(('Br', 0), ('C', 7), ('Cl', 0), ('F', 0), ('H', 10), ('I', 0), ('N', 0), ('O', 2), ('S', 0))",19,51,complete,51,0,0,False,False,True
dsC7O2H10nsd_5625.xyz,5625,"(('Br', 0), ('C', 7), ('Cl', 0), ('F', 0), ('H', 10), ('I', 0), ('N', 0), ('O', 2), ('S', 0))",19,51,complete,51,0,0,False,False,True
dsC7O2H10nsd_5626.xyz,5626,"(('Br', 0), ('C', 7), ('Cl', 0), ('F', 0), ('H', 10), ('I', 0), ('N', 0), ('O', 2), ('S', 0))",19,51,complete,51,0,0,False,False,True
dsC7O2H10nsd_5627.xyz,5627,"(('Br', 0), ('C', 7), ('Cl', 0), ('F', 0), ('H', 10), ('I', 0), ('N', 0), ('O', 2), ('S', 0))",19,51,complete,51,0,0,False,False,True
dsC7O2H10nsd_5628.xyz,5628,"(('Br', 0), ('C', 7), ('Cl', 0), ('F', 0), ('H', 10), ('I', 0), ('N', 0), ('O', 2), ('S', 0))",19,51,complete,51,0,0,False,False,True
dsC7O2H10nsd_5629.xyz,5629,"(('Br', 0), ('C', 7), ('Cl', 0), ('F', 0), ('H', 10), ('I', 0), ('N', 0), ('O', 2), ('S', 0))",19,51,complete,51,0,0,False,False,True
dsC7O2H10nsd_5630.xyz,5630,"(('Br', 0), ('C', 7), ('Cl', 0), ('F', 0), ('H', 10), ('I', 0), ('N', 0), ('O', 2), ('S', 0))",19,51,complete,51,0,0,False,False,True
dsC7O2H10nsd_5631.xyz,5631,"(('Br', 0), ('C', 7), ('Cl', 0), ('F', 0), ('H', 10), ('I', 0), ('N', 0), ('O', 2), ('S', 0))",19,51,complete,51,0,0,False,False,True
dsC7O2H10nsd_5632.xyz,5632,"(('Br', 0), ('C', 7), ('Cl', 0), ('F', 0), ('H', 10), ('I', 0), ('N', 0), ('O', 2), ('S', 0))",19,51,complete,51,0,0,False,False,True
dsC7O2H10nsd_5633.xyz,5633,"(('Br', 0), ('C', 7), ('Cl', 0), ('F', 0), ('H', 10), ('I', 0), ('N', 0), ('O', 2), ('S', 0))",19,51,complete,51,0,0,False,False,True
dsC7O2H10nsd_5634.xyz,5634,"(('Br', 0), ('C', 7), ('Cl', 0), ('F', 0), ('H', 10), ('I', 0), ('N', 0), ('O', 2), ('S', 0))",19,51,complete,51,0,0,False,False,True
dsC7O2H10nsd_5635.xyz,5635,"(('Br', 0), ('C', 7), ('Cl', 0), ('F', 0), ('H', 10), ('I', 0), ('N', 0), ('O', 2), ('S', 0))",19,51,complete,51,0,0,False,False,True
dsC7O2H10nsd_5636.xyz,5636,"(('Br', 0), ('C', 7), ('Cl', 0), ('F', 0), ('H', 10), ('I', 0), ('N', 0), ('O', 2), ('S', 0))",19,51,complete,51,0,0,False,False,True
dsC7O2H10nsd_5637.xyz,5637,"(('Br', 0), ('C', 7), ('Cl', 0), ('F', 0), ('H', 10), ('I', 0), ('N', 0), ('O', 2), ('S', 0))",19,51,complete,51,0,0,False,False,True
dsC7O2H10nsd_5638.xyz,5638,"(('Br', 0), ('C', 7), ('Cl', 0), ('F', 0), ('H', 10), ('I', 0), ('N', 0), ('O', 2), ('S', 0))",19,51,complete,51,0,0,False,False,True
dsC7O2H10nsd_5639.xyz,5639,"(('Br', 0), ('C', 7), ('Cl', 0), ('F', 0), ('H', 10), ('I', 0), ('N', 0), ('O', 2), ('S', 0))",19,51,complete,51,0,0,False,False,True
dsC7O2H10nsd_5640.xyz,5640,"(('Br', 0), ('C', 7), ('Cl', 0), ('F', 0), ('H', 10), ('I', 0), ('N', 0), ('O', 2), ('S', 0))",19,51,complete,51,0,0,False,False,True
dsC7O2H10nsd_5641.xyz,5641,"(('Br', 0), ('C', 7), ('Cl', 0), ('F', 0), ('H', 10), ('I', 0), ('N', 0), ('O', 2), ('S', 0))",19,51,complete,51,0,0,True,True,True
dsC7O2H10nsd_5642.xyz,5642,"(('Br', 0), ('C', 7), ('Cl', 0), ('F', 0), ('H', 10), ('I', 0), ('N', 0), ('O', 2), ('S', 0))",19,51,complete,51,0,0,False,False,True
dsC7O2H10nsd_5643.xyz,5643,"(('Br', 0), ('C', 7), ('Cl', 0), ('F', 0), ('H', 10), ('I', 0), ('N', 0), ('O', 2), ('S', 0))",19,51,complete,51,0,0,False,False,True
dsC7O2H10nsd_5644.xyz,5644,"(('Br', 0), ('C', 7), ('Cl', 0), ('F', 0), ('H', 10), ('I', 0), ('N', 0), ('O', 2), ('S', 0))",19,51,complete,51,0,0,False,False,True
dsC7O2H10nsd_5645.xyz,5645,"(('Br', 0), ('C', 7), ('Cl', 0), ('F', 0), ('H', 10), ('I', 0), ('N', 0), ('O', 2), ('S', 0))",19,51,complete,51,0,0,False,False,True
dsC7O2H10nsd_5646.xyz,5646,"(('Br', 0), ('C', 7), ('Cl', 0), ('F', 0), ('H', 10), ('I', 0), ('N', 0), ('O', 2), ('S', 0))",19,51,complete,51,0,0,False,False,True
dsC7O2H10nsd_5647.xyz,5647,"(('Br', 0), ('C', 7), ('Cl', 0), ('F', 0), ('H', 10), ('I', 0), ('N', 0), ('O', 2), ('S', 0))",19,51,complete,51,0,0,False,False,True
dsC7O2H10nsd_5648.xyz,5648,"(('Br', 0), ('C', 7), ('Cl', 0), ('F', 0), ('H', 10), ('I', 0), ('N', 0), ('O', 2), ('S', 0))",19,51,complete,51,0,0,False,False,True
dsC7O2H10nsd_5649.xyz,5649,"(('Br', 0), ('C', 7), ('Cl', 0), ('F', 0), ('H', 10), ('I', 0), ('N', 0), ('O', 2), ('S', 0))",19,51,complete,51,0,0,False,False,True
dsC7O2H10nsd_5650.xyz,5650,"(('Br', 0), ('C', 7), ('Cl', 0), ('F', 0), ('H', 10), ('I', 0), ('N', 0), ('O', 2), ('S', 0))",19,51,complete,51,0,0,False,False,True
dsC7O2H10nsd_5651.xyz,5651,"(('Br', 0), ('C', 7), ('Cl', 0), ('F', 0), ('H', 10), ('I', 0), ('N', 0), ('O', 2), ('S', 0))",19,51,complete,51,0,0,False,False,True
dsC7O2H10nsd_5652.xyz,5652,"(('Br', 0), ('C', 7), ('Cl', 0), ('F', 0), ('H', 10), ('I', 0), ('N', 0), ('O', 2), ('S', 0))",19,51,complete,51,0,0,False,False,True
dsC7O2H10nsd_5653.xyz,5653,"(('Br', 0), ('C', 7), ('Cl', 0), ('F', 0), ('H', 10), ('I', 0), ('N', 0), ('O', 2), ('S', 0))",19,51,complete,51,0,0,False,False,True
dsC7O2H10nsd_5654.xyz,5654,"(('Br', 0), ('C', 7), ('Cl', 0), ('F', 0), ('H', 10), ('I', 0), ('N', 0), ('O', 2), ('S', 0))",19,51,complete,51,0,0,False,False,True
dsC7O2H10nsd_5655.xyz,5655,"(('Br', 0), ('C', 7), ('Cl', 0), ('F', 0), ('H', 10), ('I', 0), ('N', 0), ('O', 2), ('S', 0))",19,51,complete,51,0,0,False,False,True
dsC7O2H10nsd_5656.xyz,5656,"(('Br', 0), ('C', 7), ('Cl', 0), ('F', 0), ('H', 10), ('I', 0), ('N', 0), ('O', 2), ('S', 0))",19,51,complete,51,0,0,False,False,True
dsC7O2H10nsd_5657.xyz,5657,"(('Br', 0), ('C', 7), ('Cl', 0), ('F', 0), ('H', 10), ('I', 0), ('N', 0), ('O', 2), ('S', 0))",19,51,complete,51,0,0,False,False,True
dsC7O2H10nsd_5658.xyz,5658,"(('Br', 0), ('C', 7), ('Cl', 0), ('F', 0), ('H', 10), ('I', 0), ('N', 0), ('O', 2), ('S', 0))",19,51,complete,51,0,0,False,False,True
dsC7O2H10nsd_5659.xyz,5659,"(('Br', 0), ('C', 7), ('Cl', 0), ('F', 0), ('H', 10), ('I', 0), ('N', 0), ('O', 2), ('S', 0))",19,51,complete,51,0,0,False,False,True
dsC7O2H10nsd_5660.xyz,5660,"(('Br', 0), ('C', 7), ('Cl', 0), ('F', 0), ('H', 10), ('I', 0), ('N', 0), ('O', 2), ('S', 0))",19,51,complete,51,0,0,False,False,True
dsC7O2H10nsd_5661.xyz,5661,"(('Br', 0), ('C', 7), ('Cl', 0), ('F', 0), ('H', 10), ('I', 0), ('N', 0), ('O', 2), ('S', 0))",19,51,complete,51,0,0,False,False,True
dsC7O2H10nsd_5662.xyz,5662,"(('Br', 0), ('C', 7), ('Cl', 0), ('F', 0), ('H', 10), ('I', 0), ('N', 0), ('O', 2), ('S', 0))",19,51,complete,51,0,0,False,False,True
dsC7O2H10nsd_5663.xyz,5663,"(('Br', 0), ('C', 7), ('Cl', 0), ('F', 0), ('H', 10), ('I', 0), ('N', 0), ('O', 2), ('S', 0))",19,51,complete,51,0,0,False,False,True
dsC7O2H10nsd_5664.xyz,5664,"(('Br', 0), ('C', 7), ('Cl', 0), ('F', 0), ('H', 10), ('I', 0), ('N', 0), ('O', 2), ('S', 0))",19,51,complete,51,0,0,False,False,True
dsC7O2H10nsd_5665.xyz,5665,"(('Br', 0), ('C', 7), ('Cl', 0), ('F', 0), ('H', 10), ('I', 0), ('N', 0), ('O', 2), ('S', 0))",19,51,complete,51,0,0,False,False,True
dsC7O2H10nsd_5666.xyz,5666,"(('Br', 0), ('C', 7), ('Cl', 0), ('F', 0), ('H', 10), ('I', 0), ('N', 0), ('O', 2), ('S', 0))",19,51,complete,51,0,0,False,False,True
dsC7O2H10nsd_5667.xyz,5667,"(('Br', 0), ('C', 7), ('Cl', 0), ('F', 0), ('H', 10), ('I', 0), ('N', 0), ('O', 2), ('S', 0))",19,51,complete,51,0,0,False,False,True
dsC7O2H10nsd_5668.xyz,5668,"(('Br', 0), ('C', 7), ('Cl', 0), ('F', 0), ('H', 10), ('I', 0), ('N', 0), ('O', 2), ('S', 0))",19,51,complete,51,0,0,False,False,True
dsC7O2H10nsd_5669.xyz,5669,"(('Br', 0), ('C', 7), ('Cl', 0), ('F', 0), ('H', 10), ('I', 0), ('N', 0), ('O', 2), ('S', 0))",19,51,complete,51,0,0,False,False,True
dsC7O2H10nsd_5670.xyz,5670,"(('Br', 0), ('C', 7), ('Cl', 0), ('F', 0), ('H', 10), ('I', 0), ('N', 0), ('O', 2), ('S', 0))",19,51,complete,51,0,0,False,False,True
dsC7O2H10nsd_5671.xyz,5671,"(('Br', 0), ('C', 7), ('Cl', 0), ('F', 0), ('H', 10), ('I', 0), ('N', 0), ('O', 2), ('S', 0))",19,51,complete,51,0,0,False,False,True
dsC7O2H10nsd_5672.xyz,5672,"(('Br', 0), ('C', 7), ('Cl', 0), ('F', 0), ('H', 10), ('I', 0), ('N', 0), ('O', 2), ('S', 0))",19,51,complete,51,0,0,False,False,True
dsC7O2H10nsd_5673.xyz,5673,"(('Br', 0), ('C', 7), ('Cl', 0), ('F', 0), ('H', 10), ('I', 0), ('N', 0), ('O', 2), ('S', 0))",19,102,incomplete_count,102,0,0,False,False,True
dsC7O2H10nsd_5674.xyz,5674,"(('Br', 0), ('C', 7), ('Cl', 0), ('F', 0), ('H', 10), ('I', 0), ('N', 0), ('O', 2), ('S', 0))",19,51,complete,51,0,0,False,False,True
dsC7O2H10nsd_5675.xyz,5675,"(('Br', 0), ('C', 7), ('Cl', 0), ('F', 0), ('H', 10), ('I', 0), ('N', 0), ('O', 2), ('S', 0))",19,51,complete,51,0,0,False,False,True
dsC7O2H10nsd_5676.xyz,5676,"(('Br', 0), ('C', 7), ('Cl', 0), ('F', 0), ('H', 10), ('I', 0), ('N', 0), ('O', 2), ('S', 0))",19,51,complete,51,0,0,False,False,True
dsC7O2H10nsd_5677.xyz,5677,"(('Br', 0), ('C', 7), ('Cl', 0), ('F', 0), ('H', 10), ('I', 0), ('N', 0), ('O', 2), ('S', 0))",19,51,complete,51,0,0,False,False,True
dsC7O2H10nsd_5678.xyz,5678,"(('Br', 0), ('C', 7), ('Cl', 0), ('F', 0), ('H', 10), ('I', 0), ('N', 0), ('O', 2), ('S', 0))",19,51,complete,51,0,0,False,False,True
dsC7O2H10nsd_5679.xyz,5679,"(('Br', 0), ('C', 7), ('Cl', 0), ('F', 0), ('H', 10), ('I', 0), ('N', 0), ('O', 2), ('S', 0))",19,102,incomplete_count,102,0,0,False,False,True
dsC7O2H10nsd_5680.xyz,5680,"(('Br', 0), ('C', 7), ('Cl', 0), ('F', 0), ('H', 10), ('I', 0), ('N', 0), ('O', 2), ('S', 0))",19,51,complete,51,0,0,False,False,True
dsC7O2H10nsd_5681.xyz,5681,"(('Br', 0), ('C', 7), ('Cl', 0), ('F', 0), ('H', 10), ('I', 0), ('N', 0), ('O', 2), ('S', 0))",19,51,complete,51,0,0,False,False,True
dsC7O2H10nsd_5682.xyz,5682,"(('Br', 0), ('C', 7), ('Cl', 0), ('F', 0), ('H', 10), ('I', 0), ('N', 0), ('O', 2), ('S', 0))",19,51,complete,51,0,0,False,False,True
dsC7O2H10nsd_5683.xyz,5683,"(('Br', 0), ('C', 7), ('Cl', 0), ('F', 0), ('H', 10), ('I', 0), ('N', 0), ('O', 2), ('S', 0))",19,51,complete,51,0,0,False,False,True
dsC7O2H10nsd_5684.xyz,5684,"(('Br', 0), ('C', 7), ('Cl', 0), ('F', 0), ('H', 10), ('I', 0), ('N', 0), ('O', 2), ('S', 0))",19,51,complete,51,0,0,False,False,True
dsC7O2H10nsd_5685.xyz,5685,"(('Br', 0), ('C', 7), ('Cl', 0), ('F', 0), ('H', 10), ('I', 0), ('N', 0), ('O', 2), ('S', 0))",19,51,complete,51,0,0,False,False,True
dsC7O2H10nsd_5686.xyz,5686,"(('Br', 0), ('C', 7), ('Cl', 0), ('F', 0), ('H', 10), ('I', 0), ('N', 0), ('O', 2), ('S', 0))",19,51,complete,51,0,0,False,False,True
dsC7O2H10nsd_5687.xyz,5687,"(('Br', 0), ('C', 7), ('Cl', 0), ('F', 0), ('H', 10), ('I', 0), ('N', 0), ('O', 2), ('S', 0))",19,51,complete,51,0,0,False,False,True
dsC7O2H10nsd_5688.xyz,5688,"(('Br', 0), ('C', 7), ('Cl', 0), ('F', 0), ('H', 10), ('I', 0), ('N', 0), ('O', 2), ('S', 0))",19,51,complete,51,0,0,False,False,True
dsC7O2H10nsd_5689.xyz,5689,"(('Br', 0), ('C', 7), ('Cl', 0), ('F', 0), ('H', 10), ('I', 0), ('N', 0), ('O', 2), ('S', 0))",19,51,complete,51,0,0,False,False,True
dsC7O2H10nsd_5690.xyz,5690,"(('Br', 0), ('C', 7), ('Cl', 0), ('F', 0), ('H', 10), ('I', 0), ('N', 0), ('O', 2), ('S', 0))",19,51,complete,51,0,0,False,False,True
dsC7O2H10nsd_5691.xyz,5691,"(('Br', 0), ('C', 7), ('Cl', 0), ('F', 0), ('H', 10), ('I', 0), ('N', 0), ('O', 2), ('S', 0))",19,51,complete,51,0,0,False,False,True
dsC7O2H10nsd_5692.xyz,5692,"(('Br', 0), ('C', 7), ('Cl', 0), ('F', 0), ('H', 10), ('I', 0), ('N', 0), ('O', 2), ('S', 0))",19,51,complete,51,0,0,False,False,True
dsC7O2H10nsd_5693.xyz,5693,"(('Br', 0), ('C', 7), ('Cl', 0), ('F', 0), ('H', 10), ('I', 0), ('N', 0), ('O', 2), ('S', 0))",19,51,complete,51,0,0,False,False,True
dsC7O2H10nsd_5694.xyz,5694,"(('Br', 0), ('C', 7), ('Cl', 0), ('F', 0), ('H', 10), ('I', 0), ('N', 0), ('O', 2), ('S', 0))",19,51,complete,51,0,0,False,False,True
dsC7O2H10nsd_5695.xyz,5695,"(('Br', 0), ('C', 7), ('Cl', 0), ('F', 0), ('H', 10), ('I', 0), ('N', 0), ('O', 2), ('S', 0))",19,51,complete,51,0,0,False,False,True
dsC7O2H10nsd_5696.xyz,5696,"(('Br', 0), ('C', 7), ('Cl', 0), ('F', 0), ('H', 10), ('I', 0), ('N', 0), ('O', 2), ('S', 0))",19,51,complete,51,0,0,False,False,True
dsC7O2H10nsd_5697.xyz,5697,"(('Br', 0), ('C', 7), ('Cl', 0), ('F', 0), ('H', 10), ('I', 0), ('N', 0), ('O', 2), ('S', 0))",19,51,complete,51,0,0,False,False,True
dsC7O2H10nsd_5698.xyz,5698,"(('Br', 0), ('C', 7), ('Cl', 0), ('F', 0), ('H', 10), ('I', 0), ('N', 0), ('O', 2), ('S', 0))",19,51,complete,51,0,0,False,False,True
dsC7O2H10nsd_5699.xyz,5699,"(('Br', 0), ('C', 7), ('Cl', 0), ('F', 0), ('H', 10), ('I', 0), ('N', 0), ('O', 2), ('S', 0))",19,51,complete,51,0,0,False,False,True
dsC7O2H10nsd_5700.xyz,5700,"(('Br', 0), ('C', 7), ('Cl', 0), ('F', 0), ('H', 10), ('I', 0), ('N', 0), ('O', 2), ('S', 0))",19,51,complete,51,0,0,False,False,True
dsC7O2H10nsd_5701.xyz,5701,"(('Br', 0), ('C', 7), ('Cl', 0), ('F', 0), ('H', 10), ('I', 0), ('N', 0), ('O', 2), ('S', 0))",19,51,complete,51,0,0,False,False,True
dsC7O2H10nsd_5702.xyz,5702,"(('Br', 0), ('C', 7), ('Cl', 0), ('F', 0), ('H', 10), ('I', 0), ('N', 0), ('O', 2), ('S', 0))",19,51,complete,51,0,0,False,False,True
dsC7O2H10nsd_5703.xyz,5703,"(('Br', 0), ('C', 7), ('Cl', 0), ('F', 0), ('H', 10), ('I', 0), ('N', 0), ('O', 2), ('S', 0))",19,51,complete,51,0,0,False,False,True
dsC7O2H10nsd_5704.xyz,5704,"(('Br', 0), ('C', 7), ('Cl', 0), ('F', 0), ('H', 10), ('I', 0), ('N', 0), ('O', 2), ('S', 0))",19,51,complete,51,0,0,False,False,True
dsC7O2H10nsd_5705.xyz,5705,"(('Br', 0), ('C', 7), ('Cl', 0), ('F', 0), ('H', 10), ('I', 0), ('N', 0), ('O', 2), ('S', 0))",19,51,complete,51,0,0,False,False,True
dsC7O2H10nsd_5706.xyz,5706,"(('Br', 0), ('C', 7), ('Cl', 0), ('F', 0), ('H', 10), ('I', 0), ('N', 0), ('O', 2), ('S', 0))",19,51,complete,51,0,0,False,False,True
dsC7O2H10nsd_5707.xyz,5707,"(('Br', 0), ('C', 7), ('Cl', 0), ('F', 0), ('H', 10), ('I', 0), ('N', 0), ('O', 2), ('S', 0))",19,51,complete,51,0,0,False,False,True
dsC7O2H10nsd_5708.xyz,5708,"(('Br', 0), ('C', 7), ('Cl', 0), ('F', 0), ('H', 10), ('I', 0), ('N', 0), ('O', 2), ('S', 0))",19,51,complete,51,0,0,False,False,True
dsC7O2H10nsd_5709.xyz,5709,"(('Br', 0), ('C', 7), ('Cl', 0), ('F', 0), ('H', 10), ('I', 0), ('N', 0), ('O', 2), ('S', 0))",19,51,complete,51,0,0,False,False,True
dsC7O2H10nsd_5710.xyz,5710,"(('Br', 0), ('C', 7), ('Cl', 0), ('F', 0), ('H', 10), ('I', 0), ('N', 0), ('O', 2), ('S', 0))",19,51,complete,51,0,0,False,False,True
dsC7O2H10nsd_5711.xyz,5711,"(('Br', 0), ('C', 7), ('Cl', 0), ('F', 0), ('H', 10), ('I', 0), ('N', 0), ('O', 2), ('S', 0))",19,51,complete,51,0,0,False,False,True
dsC7O2H10nsd_5712.xyz,5712,"(('Br', 0), ('C', 7), ('Cl', 0), ('F', 0), ('H', 10), ('I', 0), ('N', 0), ('O', 2), ('S', 0))",19,51,complete,51,0,0,False,False,True
dsC7O2H10nsd_5713.xyz,5713,"(('Br', 0), ('C', 7), ('Cl', 0), ('F', 0), ('H', 10), ('I', 0), ('N', 0), ('O', 2), ('S', 0))",19,51,complete,51,0,0,False,False,True
dsC7O2H10nsd_5714.xyz,5714,"(('Br', 0), ('C', 7), ('Cl', 0), ('F', 0), ('H', 10), ('I', 0), ('N', 0), ('O', 2), ('S', 0))",19,51,complete,51,0,0,False,False,True
dsC7O2H10nsd_5715.xyz,5715,"(('Br', 0), ('C', 7), ('Cl', 0), ('F', 0), ('H', 10), ('I', 0), ('N', 0), ('O', 2), ('S', 0))",19,51,complete,51,0,0,False,False,True
dsC7O2H10nsd_5716.xyz,5716,"(('Br', 0), ('C', 7), ('Cl', 0), ('F', 0), ('H', 10), ('I', 0), ('N', 0), ('O', 2), ('S', 0))",19,51,complete,51,0,0,False,False,True
dsC7O2H10nsd_5717.xyz,5717,"(('Br', 0), ('C', 7), ('Cl', 0), ('F', 0), ('H', 10), ('I', 0), ('N', 0), ('O', 2), ('S', 0))",19,51,complete,51,0,0,False,False,True
dsC7O2H10nsd_5718.xyz,5718,"(('Br', 0), ('C', 7), ('Cl', 0), ('F', 0), ('H', 10), ('I', 0), ('N', 0), ('O', 2), ('S', 0))",19,51,complete,51,0,0,False,False,True
dsC7O2H10nsd_5719.xyz,5719,"(('Br', 0), ('C', 7), ('Cl', 0), ('F', 0), ('H', 10), ('I', 0), ('N', 0), ('O', 2), ('S', 0))",19,51,complete,51,0,0,False,False,True
dsC7O2H10nsd_5720.xyz,5720,"(('Br', 0), ('C', 7), ('Cl', 0), ('F', 0), ('H', 10), ('I', 0), ('N', 0), ('O', 2), ('S', 0))",19,51,complete,51,0,0,False,False,True
dsC7O2H10nsd_5721.xyz,5721,"(('Br', 0), ('C', 7), ('Cl', 0), ('F', 0), ('H', 10), ('I', 0), ('N', 0), ('O', 2), ('S', 0))",19,51,complete,51,0,0,False,False,True
dsC7O2H10nsd_5722.xyz,5722,"(('Br', 0), ('C', 7), ('Cl', 0), ('F', 0), ('H', 10), ('I', 0), ('N', 0), ('O', 2), ('S', 0))",19,51,complete,51,0,0,False,False,True
dsC7O2H10nsd_5723.xyz,5723,"(('Br', 0), ('C', 7), ('Cl', 0), ('F', 0), ('H', 10), ('I', 0), ('N', 0), ('O', 2), ('S', 0))",19,51,complete,51,0,0,False,False,True
dsC7O2H10nsd_5724.xyz,5724,"(('Br', 0), ('C', 7), ('Cl', 0), ('F', 0), ('H', 10), ('I', 0), ('N', 0), ('O', 2), ('S', 0))",19,51,complete,51,0,0,False,False,True
dsC7O2H10nsd_5725.xyz,5725,"(('Br', 0), ('C', 7), ('Cl', 0), ('F', 0), ('H', 10), ('I', 0), ('N', 0), ('O', 2), ('S', 0))",19,51,complete,51,0,0,False,False,True
dsC7O2H10nsd_5726.xyz,5726,"(('Br', 0), ('C', 7), ('Cl', 0), ('F', 0), ('H', 10), ('I', 0), ('N', 0), ('O', 2), ('S', 0))",19,51,complete,51,0,0,False,False,True
dsC7O2H10nsd_5727.xyz,5727,"(('Br', 0), ('C', 7), ('Cl', 0), ('F', 0), ('H', 10), ('I', 0), ('N', 0), ('O', 2), ('S', 0))",19,51,complete,51,0,0,False,False,True
dsC7O2H10nsd_5728.xyz,5728,"(('Br', 0), ('C', 7), ('Cl', 0), ('F', 0), ('H', 10), ('I', 0), ('N', 0), ('O', 2), ('S', 0))",19,51,complete,51,0,0,False,False,True
dsC7O2H10nsd_5729.xyz,5729,"(('Br', 0), ('C', 7), ('Cl', 0), ('F', 0), ('H', 10), ('I', 0), ('N', 0), ('O', 2), ('S', 0))",19,51,complete,51,0,0,False,False,True
dsC7O2H10nsd_5730.xyz,5730,"(('Br', 0), ('C', 7), ('Cl', 0), ('F', 0), ('H', 10), ('I', 0), ('N', 0), ('O', 2), ('S', 0))",19,51,complete,51,0,0,False,False,True
dsC7O2H10nsd_5731.xyz,5731,"(('Br', 0), ('C', 7), ('Cl', 0), ('F', 0), ('H', 10), ('I', 0), ('N', 0), ('O', 2), ('S', 0))",19,51,complete,51,0,0,False,False,True
dsC7O2H10nsd_5732.xyz,5732,"(('Br', 0), ('C', 7), ('Cl', 0), ('F', 0), ('H', 10), ('I', 0), ('N', 0), ('O', 2), ('S', 0))",19,51,complete,51,0,0,False,False,True
dsC7O2H10nsd_5733.xyz,5733,"(('Br', 0), ('C', 7), ('Cl', 0), ('F', 0), ('H', 10), ('I', 0), ('N', 0), ('O', 2), ('S', 0))",19,51,complete,51,0,0,False,False,True
dsC7O2H10nsd_5734.xyz,5734,"(('Br', 0), ('C', 7), ('Cl', 0), ('F', 0), ('H', 10), ('I', 0), ('N', 0), ('O', 2), ('S', 0))",19,51,complete,51,0,0,False,False,True
dsC7O2H10nsd_5735.xyz,5735,"(('Br', 0), ('C', 7), ('Cl', 0), ('F', 0), ('H', 10), ('I', 0), ('N', 0), ('O', 2), ('S', 0))",19,51,complete,51,0,0,False,False,True
dsC7O2H10nsd_5736.xyz,5736,"(('Br', 0), ('C', 7), ('Cl', 0), ('F', 0), ('H', 10), ('I', 0), ('N', 0), ('O', 2), ('S', 0))",19,51,complete,51,0,0,False,False,True
dsC7O2H10nsd_5737.xyz,5737,"(('Br', 0), ('C', 7), ('Cl', 0), ('F', 0), ('H', 10), ('I', 0), ('N', 0), ('O', 2), ('S', 0))",19,51,complete,51,0,0,False,False,True
dsC7O2H10nsd_5738.xyz,5738,"(('Br', 0), ('C', 7), ('Cl', 0), ('F', 0), ('H', 10), ('I', 0), ('N', 0), ('O', 2), ('S', 0))",19,51,complete,51,0,0,False,False,True
dsC7O2H10nsd_5739.xyz,5739,"(('Br', 0), ('C', 7), ('Cl', 0), ('F', 0), ('H', 10), ('I', 0), ('N', 0), ('O', 2), ('S', 0))",19,51,complete,51,0,0,False,False,True
dsC7O2H10nsd_5740.xyz,5740,"(('Br', 0), ('C', 7), ('Cl', 0), ('F', 0), ('H', 10), ('I', 0), ('N', 0), ('O', 2), ('S', 0))",19,51,complete,51,0,0,False,False,True
dsC7O2H10nsd_5741.xyz,5741,"(('Br', 0), ('C', 7), ('Cl', 0), ('F', 0), ('H', 10), ('I', 0), ('N', 0), ('O', 2), ('S', 0))",19,51,complete,51,0,0,False,False,True
dsC7O2H10nsd_5742.xyz,5742,"(('Br', 0), ('C', 7), ('Cl', 0), ('F', 0), ('H', 10), ('I', 0), ('N', 0), ('O', 2), ('S', 0))",19,51,complete,51,0,0,False,False,True
dsC7O2H10nsd_5743.xyz,5743,"(('Br', 0), ('C', 7), ('Cl', 0), ('F', 0), ('H', 10), ('I', 0), ('N', 0), ('O', 2), ('S', 0))",19,51,complete,51,0,0,False,False,True
dsC7O2H10nsd_5744.xyz,5744,"(('Br', 0), ('C', 7), ('Cl', 0), ('F', 0), ('H', 10), ('I', 0), ('N', 0), ('O', 2), ('S', 0))",19,51,complete,51,0,0,False,False,True
dsC7O2H10nsd_5745.xyz,5745,"(('Br', 0), ('C', 7), ('Cl', 0), ('F', 0), ('H', 10), ('I', 0), ('N', 0), ('O', 2), ('S', 0))",19,51,complete,51,0,0,False,False,True
dsC7O2H10nsd_5746.xyz,5746,"(('Br', 0), ('C', 7), ('Cl', 0), ('F', 0), ('H', 10), ('I', 0), ('N', 0), ('O', 2), ('S', 0))",19,51,complete,51,0,0,False,False,True
dsC7O2H10nsd_5747.xyz,5747,"(('Br', 0), ('C', 7), ('Cl', 0), ('F', 0), ('H', 10), ('I', 0), ('N', 0), ('O', 2), ('S', 0))",19,51,complete,51,0,0,False,False,True
dsC7O2H10nsd_5748.xyz,5748,"(('Br', 0), ('C', 7), ('Cl', 0), ('F', 0), ('H', 10), ('I', 0), ('N', 0), ('O', 2), ('S', 0))",19,51,complete,51,0,0,False,False,True
dsC7O2H10nsd_5749.xyz,5749,"(('Br', 0), ('C', 7), ('Cl', 0), ('F', 0), ('H', 10), ('I', 0), ('N', 0), ('O', 2), ('S', 0))",19,51,complete,51,0,0,False,False,True
dsC7O2H10nsd_5750.xyz,5750,"(('Br', 0), ('C', 7), ('Cl', 0), ('F', 0), ('H', 10), ('I', 0), ('N', 0), ('O', 2), ('S', 0))",19,51,complete,51,0,0,False,False,True
dsC7O2H10nsd_5751.xyz,5751,"(('Br', 0), ('C', 7), ('Cl', 0), ('F', 0), ('H', 10), ('I', 0), ('N', 0), ('O', 2), ('S', 0))",19,51,complete,51,0,0,False,False,True
dsC7O2H10nsd_5752.xyz,5752,"(('Br', 0), ('C', 7), ('Cl', 0), ('F', 0), ('H', 10), ('I', 0), ('N', 0), ('O', 2), ('S', 0))",19,51,complete,51,0,0,False,False,True
dsC7O2H10nsd_5753.xyz,5753,"(('Br', 0), ('C', 7), ('Cl', 0), ('F', 0), ('H', 10), ('I', 0), ('N', 0), ('O', 2), ('S', 0))",19,51,complete,51,0,0,False,False,True
dsC7O2H10nsd_5754.xyz,5754,"(('Br', 0), ('C', 7), ('Cl', 0), ('F', 0), ('H', 10), ('I', 0), ('N', 0), ('O', 2), ('S', 0))",19,51,complete,51,0,0,False,False,True
dsC7O2H10nsd_5755.xyz,5755,"(('Br', 0), ('C', 7), ('Cl', 0), ('F', 0), ('H', 10), ('I', 0), ('N', 0), ('O', 2), ('S', 0))",19,51,complete,51,0,0,False,False,True
dsC7O2H10nsd_5756.xyz,5756,"(('Br', 0), ('C', 7), ('Cl', 0), ('F', 0), ('H', 10), ('I', 0), ('N', 0), ('O', 2), ('S', 0))",19,51,complete,51,0,0,False,False,True
dsC7O2H10nsd_5757.xyz,5757,"(('Br', 0), ('C', 7), ('Cl', 0), ('F', 0), ('H', 10), ('I', 0), ('N', 0), ('O', 2), ('S', 0))",19,51,complete,51,0,0,False,False,True
dsC7O2H10nsd_5758.xyz,5758,"(('Br', 0), ('C', 7), ('Cl', 0), ('F', 0), ('H', 10), ('I', 0), ('N', 0), ('O', 2), ('S', 0))",19,51,complete,51,0,0,False,False,True
dsC7O2H10nsd_5759.xyz,5759,"(('Br', 0), ('C', 7), ('Cl', 0), ('F', 0), ('H', 10), ('I', 0), ('N', 0), ('O', 2), ('S', 0))",19,51,complete,51,0,0,False,False,True
dsC7O2H10nsd_5760.xyz,5760,"(('Br', 0), ('C', 7), ('Cl', 0), ('F', 0), ('H', 10), ('I', 0), ('N', 0), ('O', 2), ('S', 0))",19,51,complete,51,0,0,False,False,True
dsC7O2H10nsd_5761.xyz,5761,"(('Br', 0), ('C', 7), ('Cl', 0), ('F', 0), ('H', 10), ('I', 0), ('N', 0), ('O', 2), ('S', 0))",19,51,complete,51,0,0,False,False,True
dsC7O2H10nsd_5762.xyz,5762,"(('Br', 0), ('C', 7), ('Cl', 0), ('F', 0), ('H', 10), ('I', 0), ('N', 0), ('O', 2), ('S', 0))",19,51,complete,51,0,0,False,False,True
dsC7O2H10nsd_5763.xyz,5763,"(('Br', 0), ('C', 7), ('Cl', 0), ('F', 0), ('H', 10), ('I', 0), ('N', 0), ('O', 2), ('S', 0))",19,51,complete,51,0,0,False,False,True
dsC7O2H10nsd_5764.xyz,5764,"(('Br', 0), ('C', 7), ('Cl', 0), ('F', 0), ('H', 10), ('I', 0), ('N', 0), ('O', 2), ('S', 0))",19,51,complete,51,0,0,False,False,True
dsC7O2H10nsd_5765.xyz,5765,"(('Br', 0), ('C', 7), ('Cl', 0), ('F', 0), ('H', 10), ('I', 0), ('N', 0), ('O', 2), ('S', 0))",19,51,complete,51,0,0,False,False,True
dsC7O2H10nsd_5766.xyz,5766,"(('Br', 0), ('C', 7), ('Cl', 0), ('F', 0), ('H', 10), ('I', 0), ('N', 0), ('O', 2), ('S', 0))",19,51,complete,51,0,0,False,False,True
dsC7O2H10nsd_5767.xyz,5767,"(('Br', 0), ('C', 7), ('Cl', 0), ('F', 0), ('H', 10), ('I', 0), ('N', 0), ('O', 2), ('S', 0))",19,51,complete,51,0,0,False,False,True
dsC7O2H10nsd_5768.xyz,5768,"(('Br', 0), ('C', 7), ('Cl', 0), ('F', 0), ('H', 10), ('I', 0), ('N', 0), ('O', 2), ('S', 0))",19,51,complete,51,0,0,False,False,True
dsC7O2H10nsd_5769.xyz,5769,"(('Br', 0), ('C', 7), ('Cl', 0), ('F', 0), ('H', 10), ('I', 0), ('N', 0), ('O', 2), ('S', 0))",19,51,complete,51,0,0,False,False,True
dsC7O2H10nsd_5770.xyz,5770,"(('Br', 0), ('C', 7), ('Cl', 0), ('F', 0), ('H', 10), ('I', 0), ('N', 0), ('O', 2), ('S', 0))",19,51,complete,51,0,0,False,False,True
dsC7O2H10nsd_5771.xyz,5771,"(('Br', 0), ('C', 7), ('Cl', 0), ('F', 0), ('H', 10), ('I', 0), ('N', 0), ('O', 2), ('S', 0))",19,51,complete,51,0,0,False,False,True
dsC7O2H10nsd_5772.xyz,5772,"(('Br', 0), ('C', 7), ('Cl', 0), ('F', 0), ('H', 10), ('I', 0), ('N', 0), ('O', 2), ('S', 0))",19,51,complete,51,0,0,False,False,True
dsC7O2H10nsd_5773.xyz,5773,"(('Br', 0), ('C', 7), ('Cl', 0), ('F', 0), ('H', 10), ('I', 0), ('N', 0), ('O', 2), ('S', 0))",19,51,complete,51,0,0,False,False,True
dsC7O2H10nsd_5774.xyz,5774,"(('Br', 0), ('C', 7), ('Cl', 0), ('F', 0), ('H', 10), ('I', 0), ('N', 0), ('O', 2), ('S', 0))",19,51,complete,51,0,0,False,False,True
dsC7O2H10nsd_5775.xyz,5775,"(('Br', 0), ('C', 7), ('Cl', 0), ('F', 0), ('H', 10), ('I', 0), ('N', 0), ('O', 2), ('S', 0))",19,51,complete,51,0,0,False,False,True
dsC7O2H10nsd_5776.xyz,5776,"(('Br', 0), ('C', 7), ('Cl', 0), ('F', 0), ('H', 10), ('I', 0), ('N', 0), ('O', 2), ('S', 0))",19,51,complete,51,0,0,False,False,True
dsC7O2H10nsd_5777.xyz,5777,"(('Br', 0), ('C', 7), ('Cl', 0), ('F', 0), ('H', 10), ('I', 0), ('N', 0), ('O', 2), ('S', 0))",19,51,complete,51,0,0,False,False,True
dsC7O2H10nsd_5778.xyz,5778,"(('Br', 0), ('C', 7), ('Cl', 0), ('F', 0), ('H', 10), ('I', 0), ('N', 0), ('O', 2), ('S', 0))",19,51,complete,51,0,0,False,False,True
dsC7O2H10nsd_5779.xyz,5779,"(('Br', 0), ('C', 7), ('Cl', 0), ('F', 0), ('H', 10), ('I', 0), ('N', 0), ('O', 2), ('S', 0))",19,51,complete,51,0,0,False,False,True
dsC7O2H10nsd_5780.xyz,5780,"(('Br', 0), ('C', 7), ('Cl', 0), ('F', 0), ('H', 10), ('I', 0), ('N', 0), ('O', 2), ('S', 0))",19,51,complete,51,0,0,False,False,True
dsC7O2H10nsd_5781.xyz,5781,"(('Br', 0), ('C', 7), ('Cl', 0), ('F', 0), ('H', 10), ('I', 0), ('N', 0), ('O', 2), ('S', 0))",19,51,complete,51,0,0,False,False,True
dsC7O2H10nsd_5782.xyz,5782,"(('Br', 0), ('C', 7), ('Cl', 0), ('F', 0), ('H', 10), ('I', 0), ('N', 0), ('O', 2), ('S', 0))",19,51,complete,51,0,0,False,False,True
dsC7O2H10nsd_5783.xyz,5783,"(('Br', 0), ('C', 7), ('Cl', 0), ('F', 0), ('H', 10), ('I', 0), ('N', 0), ('O', 2), ('S', 0))",19,51,complete,51,0,0,False,False,True
dsC7O2H10nsd_5784.xyz,5784,"(('Br', 0), ('C', 7), ('Cl', 0), ('F', 0), ('H', 10), ('I', 0), ('N', 0), ('O', 2), ('S', 0))",19,51,complete,51,0,0,False,False,True
dsC7O2H10nsd_5785.xyz,5785,"(('Br', 0), ('C', 7), ('Cl', 0), ('F', 0), ('H', 10), ('I', 0), ('N', 0), ('O', 2), ('S', 0))",19,51,complete,51,0,0,False,False,True
dsC7O2H10nsd_5786.xyz,5786,"(('Br', 0), ('C', 7), ('Cl', 0), ('F', 0), ('H', 10), ('I', 0), ('N', 0), ('O', 2), ('S', 0))",19,51,complete,51,0,0,False,False,True
dsC7O2H10nsd_5787.xyz,5787,"(('Br', 0), ('C', 7), ('Cl', 0), ('F', 0), ('H', 10), ('I', 0), ('N', 0), ('O', 2), ('S', 0))",19,51,complete,51,0,0,False,False,True
dsC7O2H10nsd_5788.xyz,5788,"(('Br', 0), ('C', 7), ('Cl', 0), ('F', 0), ('H', 10), ('I', 0), ('N', 0), ('O', 2), ('S', 0))",19,51,complete,51,0,0,False,False,True
dsC7O2H10nsd_5789.xyz,5789,"(('Br', 0), ('C', 7), ('Cl', 0), ('F', 0), ('H', 10), ('I', 0), ('N', 0), ('O', 2), ('S', 0))",19,51,complete,51,0,0,False,False,True
dsC7O2H10nsd_5790.xyz,5790,"(('Br', 0), ('C', 7), ('Cl', 0), ('F', 0), ('H', 10), ('I', 0), ('N', 0), ('O', 2), ('S', 0))",19,51,complete,51,0,0,False,False,True
dsC7O2H10nsd_5791.xyz,5791,"(('Br', 0), ('C', 7), ('Cl', 0), ('F', 0), ('H', 10), ('I', 0), ('N', 0), ('O', 2), ('S', 0))",19,51,complete,51,0,0,False,False,True
dsC7O2H10nsd_5792.xyz,5792,"(('Br', 0), ('C', 7), ('Cl', 0), ('F', 0), ('H', 10), ('I', 0), ('N', 0), ('O', 2), ('S', 0))",19,51,complete,51,0,0,False,False,True
dsC7O2H10nsd_5793.xyz,5793,"(('Br', 0), ('C', 7), ('Cl', 0), ('F', 0), ('H', 10), ('I', 0), ('N', 0), ('O', 2), ('S', 0))",19,51,complete,51,0,0,False,False,True
dsC7O2H10nsd_5794.xyz,5794,"(('Br', 0), ('C', 7), ('Cl', 0), ('F', 0), ('H', 10), ('I', 0), ('N', 0), ('O', 2), ('S', 0))",19,51,complete,51,0,0,False,False,True
dsC7O2H10nsd_5795.xyz,5795,"(('Br', 0), ('C', 7), ('Cl', 0), ('F', 0), ('H', 10), ('I', 0), ('N', 0), ('O', 2), ('S', 0))",19,51,complete,51,0,0,False,False,True
dsC7O2H10nsd_5796.xyz,5796,"(('Br', 0), ('C', 7), ('Cl', 0), ('F', 0), ('H', 10), ('I', 0), ('N', 0), ('O', 2), ('S', 0))",19,51,complete,51,0,0,False,False,True
dsC7O2H10nsd_5797.xyz,5797,"(('Br', 0), ('C', 7), ('Cl', 0), ('F', 0), ('H', 10), ('I', 0), ('N', 0), ('O', 2), ('S', 0))",19,51,complete,51,0,0,False,False,True
dsC7O2H10nsd_5798.xyz,5798,"(('Br', 0), ('C', 7), ('Cl', 0), ('F', 0), ('H', 10), ('I', 0), ('N', 0), ('O', 2), ('S', 0))",19,51,complete,51,0,0,False,False,True
dsC7O2H10nsd_5799.xyz,5799,"(('Br', 0), ('C', 7), ('Cl', 0), ('F', 0), ('H', 10), ('I', 0), ('N', 0), ('O', 2), ('S', 0))",19,51,complete,51,0,0,False,False,True
dsC7O2H10nsd_5800.xyz,5800,"(('Br', 0), ('C', 7), ('Cl', 0), ('F', 0), ('H', 10), ('I', 0), ('N', 0), ('O', 2), ('S', 0))",19,51,complete,51,0,0,False,False,True
dsC7O2H10nsd_5801.xyz,5801,"(('Br', 0), ('C', 7), ('Cl', 0), ('F', 0), ('H', 10), ('I', 0), ('N', 0), ('O', 2), ('S', 0))",19,51,complete,51,0,0,False,False,True
dsC7O2H10nsd_5802.xyz,5802,"(('Br', 0), ('C', 7), ('Cl', 0), ('F', 0), ('H', 10), ('I', 0), ('N', 0), ('O', 2), ('S', 0))",19,51,complete,51,0,0,False,False,True
dsC7O2H10nsd_5803.xyz,5803,"(('Br', 0), ('C', 7), ('Cl', 0), ('F', 0), ('H', 10), ('I', 0), ('N', 0), ('O', 2), ('S', 0))",19,51,complete,51,0,0,False,False,True
dsC7O2H10nsd_5804.xyz,5804,"(('Br', 0), ('C', 7), ('Cl', 0), ('F', 0), ('H', 10), ('I', 0), ('N', 0), ('O', 2), ('S', 0))",19,51,complete,51,0,0,False,False,True
dsC7O2H10nsd_5805.xyz,5805,"(('Br', 0), ('C', 7), ('Cl', 0), ('F', 0), ('H', 10), ('I', 0), ('N', 0), ('O', 2), ('S', 0))",19,51,complete,51,0,0,False,False,True
dsC7O2H10nsd_5806.xyz,5806,"(('Br', 0), ('C', 7), ('Cl', 0), ('F', 0), ('H', 10), ('I', 0), ('N', 0), ('O', 2), ('S', 0))",19,51,complete,51,0,0,False,False,True
dsC7O2H10nsd_5807.xyz,5807,"(('Br', 0), ('C', 7), ('Cl', 0), ('F', 0), ('H', 10), ('I', 0), ('N', 0), ('O', 2), ('S', 0))",19,51,complete,51,0,0,False,False,True
dsC7O2H10nsd_5808.xyz,5808,"(('Br', 0), ('C', 7), ('Cl', 0), ('F', 0), ('H', 10), ('I', 0), ('N', 0), ('O', 2), ('S', 0))",19,51,complete,51,0,0,False,False,True
dsC7O2H10nsd_5809.xyz,5809,"(('Br', 0), ('C', 7), ('Cl', 0), ('F', 0), ('H', 10), ('I', 0), ('N', 0), ('O', 2), ('S', 0))",19,51,complete,51,0,0,False,False,True
dsC7O2H10nsd_5810.xyz,5810,"(('Br', 0), ('C', 7), ('Cl', 0), ('F', 0), ('H', 10), ('I', 0), ('N', 0), ('O', 2), ('S', 0))",19,51,complete,51,0,0,False,False,True
dsC7O2H10nsd_5811.xyz,5811,"(('Br', 0), ('C', 7), ('Cl', 0), ('F', 0), ('H', 10), ('I', 0), ('N', 0), ('O', 2), ('S', 0))",19,51,complete,51,0,0,False,False,True
dsC7O2H10nsd_5812.xyz,5812,"(('Br', 0), ('C', 7), ('Cl', 0), ('F', 0), ('H', 10), ('I', 0), ('N', 0), ('O', 2), ('S', 0))",19,51,complete,51,0,0,False,False,True
dsC7O2H10nsd_5813.xyz,5813,"(('Br', 0), ('C', 7), ('Cl', 0), ('F', 0), ('H', 10), ('I', 0), ('N', 0), ('O', 2), ('S', 0))",19,51,complete,51,0,0,False,False,True
dsC7O2H10nsd_5814.xyz,5814,"(('Br', 0), ('C', 7), ('Cl', 0), ('F', 0), ('H', 10), ('I', 0), ('N', 0), ('O', 2), ('S', 0))",19,51,complete,51,0,0,False,False,True
dsC7O2H10nsd_5815.xyz,5815,"(('Br', 0), ('C', 7), ('Cl', 0), ('F', 0), ('H', 10), ('I', 0), ('N', 0), ('O', 2), ('S', 0))",19,51,complete,51,0,0,False,False,True
dsC7O2H10nsd_5816.xyz,5816,"(('Br', 0), ('C', 7), ('Cl', 0), ('F', 0), ('H', 10), ('I', 0), ('N', 0), ('O', 2), ('S', 0))",19,51,complete,51,0,0,False,False,True
dsC7O2H10nsd_5817.xyz,5817,"(('Br', 0), ('C', 7), ('Cl', 0), ('F', 0), ('H', 10), ('I', 0), ('N', 0), ('O', 2), ('S', 0))",19,51,complete,51,0,0,False,False,True
dsC7O2H10nsd_5818.xyz,5818,"(('Br', 0), ('C', 7), ('Cl', 0), ('F', 0), ('H', 10), ('I', 0), ('N', 0), ('O', 2), ('S', 0))",19,51,complete,51,0,0,False,False,True
dsC7O2H10nsd_5819.xyz,5819,"(('Br', 0), ('C', 7), ('Cl', 0), ('F', 0), ('H', 10), ('I', 0), ('N', 0), ('O', 2), ('S', 0))",19,51,complete,51,0,0,False,False,True
dsC7O2H10nsd_5820.xyz,5820,"(('Br', 0), ('C', 7), ('Cl', 0), ('F', 0), ('H', 10), ('I', 0), ('N', 0), ('O', 2), ('S', 0))",19,51,complete,51,0,0,False,False,True
dsC7O2H10nsd_5821.xyz,5821,"(('Br', 0), ('C', 7), ('Cl', 0), ('F', 0), ('H', 10), ('I', 0), ('N', 0), ('O', 2), ('S', 0))",19,51,complete,51,0,0,False,False,True
dsC7O2H10nsd_5822.xyz,5822,"(('Br', 0), ('C', 7), ('Cl', 0), ('F', 0), ('H', 10), ('I', 0), ('N', 0), ('O', 2), ('S', 0))",19,102,incomplete_count,102,0,0,False,False,True
dsC7O2H10nsd_5823.xyz,5823,"(('Br', 0), ('C', 7), ('Cl', 0), ('F', 0), ('H', 10), ('I', 0), ('N', 0), ('O', 2), ('S', 0))",19,51,complete,51,0,0,False,False,True
dsC7O2H10nsd_5824.xyz,5824,"(('Br', 0), ('C', 7), ('Cl', 0), ('F', 0), ('H', 10), ('I', 0), ('N', 0), ('O', 2), ('S', 0))",19,51,complete,51,0,0,False,False,True
dsC7O2H10nsd_5825.xyz,5825,"(('Br', 0), ('C', 7), ('Cl', 0), ('F', 0), ('H', 10), ('I', 0), ('N', 0), ('O', 2), ('S', 0))",19,51,complete,51,0,0,False,False,True
dsC7O2H10nsd_5826.xyz,5826,"(('Br', 0), ('C', 7), ('Cl', 0), ('F', 0), ('H', 10), ('I', 0), ('N', 0), ('O', 2), ('S', 0))",19,51,complete,51,0,0,False,False,True
dsC7O2H10nsd_5827.xyz,5827,"(('Br', 0), ('C', 7), ('Cl', 0), ('F', 0), ('H', 10), ('I', 0), ('N', 0), ('O', 2), ('S', 0))",19,51,complete,51,0,0,False,False,True
dsC7O2H10nsd_5828.xyz,5828,"(('Br', 0), ('C', 7), ('Cl', 0), ('F', 0), ('H', 10), ('I', 0), ('N', 0), ('O', 2), ('S', 0))",19,51,complete,51,0,0,False,False,True
dsC7O2H10nsd_5829.xyz,5829,"(('Br', 0), ('C', 7), ('Cl', 0), ('F', 0), ('H', 10), ('I', 0), ('N', 0), ('O', 2), ('S', 0))",19,51,complete,51,0,0,False,False,True
dsC7O2H10nsd_5830.xyz,5830,"(('Br', 0), ('C', 7), ('Cl', 0), ('F', 0), ('H', 10), ('I', 0), ('N', 0), ('O', 2), ('S', 0))",19,51,complete,51,0,0,False,False,True
dsC7O2H10nsd_5831.xyz,5831,"(('Br', 0), ('C', 7), ('Cl', 0), ('F', 0), ('H', 10), ('I', 0), ('N', 0), ('O', 2), ('S', 0))",19,51,complete,51,0,0,False,False,True
dsC7O2H10nsd_5832.xyz,5832,"(('Br', 0), ('C', 7), ('Cl', 0), ('F', 0), ('H', 10), ('I', 0), ('N', 0), ('O', 2), ('S', 0))",19,51,complete,51,0,0,False,False,True
dsC7O2H10nsd_5833.xyz,5833,"(('Br', 0), ('C', 7), ('Cl', 0), ('F', 0), ('H', 10), ('I', 0), ('N', 0), ('O', 2), ('S', 0))",19,51,complete,51,0,0,False,False,True
dsC7O2H10nsd_5834.xyz,5834,"(('Br', 0), ('C', 7), ('Cl', 0), ('F', 0), ('H', 10), ('I', 0), ('N', 0), ('O', 2), ('S', 0))",19,51,complete,51,0,0,False,False,True
dsC7O2H10nsd_5835.xyz,5835,"(('Br', 0), ('C', 7), ('Cl', 0), ('F', 0), ('H', 10), ('I', 0), ('N', 0), ('O', 2), ('S', 0))",19,51,complete,51,0,0,False,False,True
dsC7O2H10nsd_5836.xyz,5836,"(('Br', 0), ('C', 7), ('Cl', 0), ('F', 0), ('H', 10), ('I', 0), ('N', 0), ('O', 2), ('S', 0))",19,51,complete,51,0,0,False,False,True
dsC7O2H10nsd_5837.xyz,5837,"(('Br', 0), ('C', 7), ('Cl', 0), ('F', 0), ('H', 10), ('I', 0), ('N', 0), ('O', 2), ('S', 0))",19,51,complete,51,0,0,False,False,True
dsC7O2H10nsd_5838.xyz,5838,"(('Br', 0), ('C', 7), ('Cl', 0), ('F', 0), ('H', 10), ('I', 0), ('N', 0), ('O', 2), ('S', 0))",19,102,incomplete_count,102,0,0,False,False,True
dsC7O2H10nsd_5839.xyz,5839,"(('Br', 0), ('C', 7), ('Cl', 0), ('F', 0), ('H', 10), ('I', 0), ('N', 0), ('O', 2), ('S', 0))",19,51,complete,51,0,0,False,False,True
dsC7O2H10nsd_5840.xyz,5840,"(('Br', 0), ('C', 7), ('Cl', 0), ('F', 0), ('H', 10), ('I', 0), ('N', 0), ('O', 2), ('S', 0))",19,51,complete,51,0,0,False,False,True
dsC7O2H10nsd_5841.xyz,5841,"(('Br', 0), ('C', 7), ('Cl', 0), ('F', 0), ('H', 10), ('I', 0), ('N', 0), ('O', 2), ('S', 0))",19,51,complete,51,0,0,False,False,True
dsC7O2H10nsd_5842.xyz,5842,"(('Br', 0), ('C', 7), ('Cl', 0), ('F', 0), ('H', 10), ('I', 0), ('N', 0), ('O', 2), ('S', 0))",19,51,complete,51,0,0,False,False,True
dsC7O2H10nsd_5843.xyz,5843,"(('Br', 0), ('C', 7), ('Cl', 0), ('F', 0), ('H', 10), ('I', 0), ('N', 0), ('O', 2), ('S', 0))",19,51,complete,51,0,0,False,False,True
dsC7O2H10nsd_5844.xyz,5844,"(('Br', 0), ('C', 7), ('Cl', 0), ('F', 0), ('H', 10), ('I', 0), ('N', 0), ('O', 2), ('S', 0))",19,51,complete,51,0,0,False,False,True
dsC7O2H10nsd_5845.xyz,5845,"(('Br', 0), ('C', 7), ('Cl', 0), ('F', 0), ('H', 10), ('I', 0), ('N', 0), ('O', 2), ('S', 0))",19,51,complete,51,0,0,False,False,True
dsC7O2H10nsd_5846.xyz,5846,"(('Br', 0), ('C', 7), ('Cl', 0), ('F', 0), ('H', 10), ('I', 0), ('N', 0), ('O', 2), ('S', 0))",19,51,complete,51,0,0,False,False,True
dsC7O2H10nsd_5847.xyz,5847,"(('Br', 0), ('C', 7), ('Cl', 0), ('F', 0), ('H', 10), ('I', 0), ('N', 0), ('O', 2), ('S', 0))",19,51,complete,51,0,0,False,False,True
dsC7O2H10nsd_5848.xyz,5848,"(('Br', 0), ('C', 7), ('Cl', 0), ('F', 0), ('H', 10), ('I', 0), ('N', 0), ('O', 2), ('S', 0))",19,51,complete,51,0,0,False,False,True
dsC7O2H10nsd_5849.xyz,5849,"(('Br', 0), ('C', 7), ('Cl', 0), ('F', 0), ('H', 10), ('I', 0), ('N', 0), ('O', 2), ('S', 0))",19,51,complete,51,0,0,False,False,True
dsC7O2H10nsd_5850.xyz,5850,"(('Br', 0), ('C', 7), ('Cl', 0), ('F', 0), ('H', 10), ('I', 0), ('N', 0), ('O', 2), ('S', 0))",19,51,complete,51,0,0,False,False,True
dsC7O2H10nsd_5851.xyz,5851,"(('Br', 0), ('C', 7), ('Cl', 0), ('F', 0), ('H', 10), ('I', 0), ('N', 0), ('O', 2), ('S', 0))",19,51,complete,51,0,0,False,False,True
dsC7O2H10nsd_5852.xyz,5852,"(('Br', 0), ('C', 7), ('Cl', 0), ('F', 0), ('H', 10), ('I', 0), ('N', 0), ('O', 2), ('S', 0))",19,51,complete,51,0,0,False,False,True
dsC7O2H10nsd_5853.xyz,5853,"(('Br', 0), ('C', 7), ('Cl', 0), ('F', 0), ('H', 10), ('I', 0), ('N', 0), ('O', 2), ('S', 0))",19,51,complete,51,0,0,False,False,True
dsC7O2H10nsd_5854.xyz,5854,"(('Br', 0), ('C', 7), ('Cl', 0), ('F', 0), ('H', 10), ('I', 0), ('N', 0), ('O', 2), ('S', 0))",19,51,complete,51,0,0,False,False,True
dsC7O2H10nsd_5855.xyz,5855,"(('Br', 0), ('C', 7), ('Cl', 0), ('F', 0), ('H', 10), ('I', 0), ('N', 0), ('O', 2), ('S', 0))",19,51,complete,51,0,0,False,False,True
dsC7O2H10nsd_5856.xyz,5856,"(('Br', 0), ('C', 7), ('Cl', 0), ('F', 0), ('H', 10), ('I', 0), ('N', 0), ('O', 2), ('S', 0))",19,51,complete,51,0,0,False,False,True
dsC7O2H10nsd_5857.xyz,5857,"(('Br', 0), ('C', 7), ('Cl', 0), ('F', 0), ('H', 10), ('I', 0), ('N', 0), ('O', 2), ('S', 0))",19,51,complete,51,0,0,False,False,True
dsC7O2H10nsd_5858.xyz,5858,"(('Br', 0), ('C', 7), ('Cl', 0), ('F', 0), ('H', 10), ('I', 0), ('N', 0), ('O', 2), ('S', 0))",19,51,complete,51,0,0,False,False,True
dsC7O2H10nsd_5859.xyz,5859,"(('Br', 0), ('C', 7), ('Cl', 0), ('F', 0), ('H', 10), ('I', 0), ('N', 0), ('O', 2), ('S', 0))",19,51,complete,51,0,0,True,True,True
dsC7O2H10nsd_5860.xyz,5860,"(('Br', 0), ('C', 7), ('Cl', 0), ('F', 0), ('H', 10), ('I', 0), ('N', 0), ('O', 2), ('S', 0))",19,51,complete,51,0,0,True,True,True
dsC7O2H10nsd_5861.xyz,5861,"(('Br', 0), ('C', 7), ('Cl', 0), ('F', 0), ('H', 10), ('I', 0), ('N', 0), ('O', 2), ('S', 0))",19,51,complete,51,0,0,True,True,True
dsC7O2H10nsd_5862.xyz,5862,"(('Br', 0), ('C', 7), ('Cl', 0), ('F', 0), ('H', 10), ('I', 0), ('N', 0), ('O', 2), ('S', 0))",19,51,complete,51,0,0,True,True,True
dsC7O2H10nsd_5863.xyz,5863,"(('Br', 0), ('C', 7), ('Cl', 0), ('F', 0), ('H', 10), ('I', 0), ('N', 0), ('O', 2), ('S', 0))",19,51,complete,51,0,0,False,False,True
dsC7O2H10nsd_5864.xyz,5864,"(('Br', 0), ('C', 7), ('Cl', 0), ('F', 0), ('H', 10), ('I', 0), ('N', 0), ('O', 2), ('S', 0))",19,102,incomplete_count,102,0,0,False,False,True
dsC7O2H10nsd_5865.xyz,5865,"(('Br', 0), ('C', 7), ('Cl', 0), ('F', 0), ('H', 10), ('I', 0), ('N', 0), ('O', 2), ('S', 0))",19,51,complete,51,0,0,False,False,True
dsC7O2H10nsd_5866.xyz,5866,"(('Br', 0), ('C', 7), ('Cl', 0), ('F', 0), ('H', 10), ('I', 0), ('N', 0), ('O', 2), ('S', 0))",19,51,complete,51,0,0,False,False,True
dsC7O2H10nsd_5867.xyz,5867,"(('Br', 0), ('C', 7), ('Cl', 0), ('F', 0), ('H', 10), ('I', 0), ('N', 0), ('O', 2), ('S', 0))",19,51,complete,51,0,0,False,False,True
dsC7O2H10nsd_5868.xyz,5868,"(('Br', 0), ('C', 7), ('Cl', 0), ('F', 0), ('H', 10), ('I', 0), ('N', 0), ('O', 2), ('S', 0))",19,102,incomplete_count,102,0,0,True,True,True
dsC7O2H10nsd_5869.xyz,5869,"(('Br', 0), ('C', 7), ('Cl', 0), ('F', 0), ('H', 10), ('I', 0), ('N', 0), ('O', 2), ('S', 0))",19,51,complete,51,0,0,True,True,True
dsC7O2H10nsd_5870.xyz,5870,"(('Br', 0), ('C', 7), ('Cl', 0), ('F', 0), ('H', 10), ('I', 0), ('N', 0), ('O', 2), ('S', 0))",19,51,complete,51,0,0,False,False,True
dsC7O2H10nsd_5871.xyz,5871,"(('Br', 0), ('C', 7), ('Cl', 0), ('F', 0), ('H', 10), ('I', 0), ('N', 0), ('O', 2), ('S', 0))",19,51,complete,51,0,0,False,False,True
dsC7O2H10nsd_5872.xyz,5872,"(('Br', 0), ('C', 7), ('Cl', 0), ('F', 0), ('H', 10), ('I', 0), ('N', 0), ('O', 2), ('S', 0))",19,51,complete,51,0,0,False,False,True
dsC7O2H10nsd_5873.xyz,5873,"(('Br', 0), ('C', 7), ('Cl', 0), ('F', 0), ('H', 10), ('I', 0), ('N', 0), ('O', 2), ('S', 0))",19,51,complete,51,0,0,False,False,True
dsC7O2H10nsd_5874.xyz,5874,"(('Br', 0), ('C', 7), ('Cl', 0), ('F', 0), ('H', 10), ('I', 0), ('N', 0), ('O', 2), ('S', 0))",19,51,complete,51,0,0,False,False,True
dsC7O2H10nsd_5875.xyz,5875,"(('Br', 0), ('C', 7), ('Cl', 0), ('F', 0), ('H', 10), ('I', 0), ('N', 0), ('O', 2), ('S', 0))",19,51,complete,51,0,0,True,True,True
dsC7O2H10nsd_5876.xyz,5876,"(('Br', 0), ('C', 7), ('Cl', 0), ('F', 0), ('H', 10), ('I', 0), ('N', 0), ('O', 2), ('S', 0))",19,102,incomplete_count,102,0,0,False,False,True
dsC7O2H10nsd_5877.xyz,5877,"(('Br', 0), ('C', 7), ('Cl', 0), ('F', 0), ('H', 10), ('I', 0), ('N', 0), ('O', 2), ('S', 0))",19,102,incomplete_count,102,0,0,True,True,True
dsC7O2H10nsd_5878.xyz,5878,"(('Br', 0), ('C', 7), ('Cl', 0), ('F', 0), ('H', 10), ('I', 0), ('N', 0), ('O', 2), ('S', 0))",19,51,complete,51,0,0,True,True,True
dsC7O2H10nsd_5879.xyz,5879,"(('Br', 0), ('C', 7), ('Cl', 0), ('F', 0), ('H', 10), ('I', 0), ('N', 0), ('O', 2), ('S', 0))",19,102,incomplete_count,102,0,0,False,True,True
dsC7O2H10nsd_5880.xyz,5880,"(('Br', 0), ('C', 7), ('Cl', 0), ('F', 0), ('H', 10), ('I', 0), ('N', 0), ('O', 2), ('S', 0))",19,51,complete,51,0,0,False,False,True
dsC7O2H10nsd_5881.xyz,5881,"(('Br', 0), ('C', 7), ('Cl', 0), ('F', 0), ('H', 10), ('I', 0), ('N', 0), ('O', 2), ('S', 0))",19,51,complete,51,0,0,False,False,True
dsC7O2H10nsd_5882.xyz,5882,"(('Br', 0), ('C', 7), ('Cl', 0), ('F', 0), ('H', 10), ('I', 0), ('N', 0), ('O', 2), ('S', 0))",19,51,complete,51,0,0,True,True,True
dsC7O2H10nsd_5883.xyz,5883,"(('Br', 0), ('C', 7), ('Cl', 0), ('F', 0), ('H', 10), ('I', 0), ('N', 0), ('O', 2), ('S', 0))",19,51,complete,51,0,0,True,True,True
dsC7O2H10nsd_5884.xyz,5884,"(('Br', 0), ('C', 7), ('Cl', 0), ('F', 0), ('H', 10), ('I', 0), ('N', 0), ('O', 2), ('S', 0))",19,51,complete,51,0,0,True,True,True
dsC7O2H10nsd_5885.xyz,5885,"(('Br', 0), ('C', 7), ('Cl', 0), ('F', 0), ('H', 10), ('I', 0), ('N', 0), ('O', 2), ('S', 0))",19,51,complete,51,0,0,True,True,True
dsC7O2H10nsd_5886.xyz,5886,"(('Br', 0), ('C', 7), ('Cl', 0), ('F', 0), ('H', 10), ('I', 0), ('N', 0), ('O', 2), ('S', 0))",19,51,complete,51,0,0,True,True,True
dsC7O2H10nsd_5887.xyz,5887,"(('Br', 0), ('C', 7), ('Cl', 0), ('F', 0), ('H', 10), ('I', 0), ('N', 0), ('O', 2), ('S', 0))",19,51,complete,51,0,0,True,True,True
dsC7O2H10nsd_5888.xyz,5888,"(('Br', 0), ('C', 7), ('Cl', 0), ('F', 0), ('H', 10), ('I', 0), ('N', 0), ('O', 2), ('S', 0))",19,102,incomplete_count,102,0,0,True,True,True
dsC7O2H10nsd_5889.xyz,5889,"(('Br', 0), ('C', 7), ('Cl', 0), ('F', 0), ('H', 10), ('I', 0), ('N', 0), ('O', 2), ('S', 0))",19,51,complete,51,0,0,False,False,True
dsC7O2H10nsd_5890.xyz,5890,"(('Br', 0), ('C', 7), ('Cl', 0), ('F', 0), ('H', 10), ('I', 0), ('N', 0), ('O', 2), ('S', 0))",19,51,complete,51,0,0,False,False,True
dsC7O2H10nsd_5891.xyz,5891,"(('Br', 0), ('C', 7), ('Cl', 0), ('F', 0), ('H', 10), ('I', 0), ('N', 0), ('O', 2), ('S', 0))",19,51,complete,51,0,0,False,False,True
dsC7O2H10nsd_5892.xyz,5892,"(('Br', 0), ('C', 7), ('Cl', 0), ('F', 0), ('H', 10), ('I', 0), ('N', 0), ('O', 2), ('S', 0))",19,51,complete,51,0,0,False,False,True
dsC7O2H10nsd_5893.xyz,5893,"(('Br', 0), ('C', 7), ('Cl', 0), ('F', 0), ('H', 10), ('I', 0), ('N', 0), ('O', 2), ('S', 0))",19,51,complete,51,0,0,True,True,True
dsC7O2H10nsd_5894.xyz,5894,"(('Br', 0), ('C', 7), ('Cl', 0), ('F', 0), ('H', 10), ('I', 0), ('N', 0), ('O', 2), ('S', 0))",19,102,incomplete_count,102,0,0,True,True,True
dsC7O2H10nsd_5895.xyz,5895,"(('Br', 0), ('C', 7), ('Cl', 0), ('F', 0), ('H', 10), ('I', 0), ('N', 0), ('O', 2), ('S', 0))",19,51,complete,51,0,0,True,True,True
dsC7O2H10nsd_5896.xyz,5896,"(('Br', 0), ('C', 7), ('Cl', 0), ('F', 0), ('H', 10), ('I', 0), ('N', 0), ('O', 2), ('S', 0))",19,51,complete,51,0,0,True,True,True
dsC7O2H10nsd_5897.xyz,5897,"(('Br', 0), ('C', 7), ('Cl', 0), ('F', 0), ('H', 10), ('I', 0), ('N', 0), ('O', 2), ('S', 0))",19,51,complete,51,0,0,True,True,True
dsC7O2H10nsd_5898.xyz,5898,"(('Br', 0), ('C', 7), ('Cl', 0), ('F', 0), ('H', 10), ('I', 0), ('N', 0), ('O', 2), ('S', 0))",19,51,complete,51,0,0,True,True,True
dsC7O2H10nsd_5899.xyz,5899,"(('Br', 0), ('C', 7), ('Cl', 0), ('F', 0), ('H', 10), ('I', 0), ('N', 0), ('O', 2), ('S', 0))",19,51,complete,51,0,0,True,True,True
dsC7O2H10nsd_5900.xyz,5900,"(('Br', 0), ('C', 7), ('Cl', 0), ('F', 0), ('H', 10), ('I', 0), ('N', 0), ('O', 2), ('S', 0))",19,51,complete,51,0,0,False,False,True
dsC7O2H10nsd_5901.xyz,5901,"(('Br', 0), ('C', 7), ('Cl', 0), ('F', 0), ('H', 10), ('I', 0), ('N', 0), ('O', 2), ('S', 0))",19,51,complete,51,0,0,False,False,True
dsC7O2H10nsd_5902.xyz,5902,"(('Br', 0), ('C', 7), ('Cl', 0), ('F', 0), ('H', 10), ('I', 0), ('N', 0), ('O', 2), ('S', 0))",19,51,complete,51,0,0,False,False,True
dsC7O2H10nsd_5903.xyz,5903,"(('Br', 0), ('C', 7), ('Cl', 0), ('F', 0), ('H', 10), ('I', 0), ('N', 0), ('O', 2), ('S', 0))",19,51,complete,51,0,0,False,False,True
dsC7O2H10nsd_5904.xyz,5904,"(('Br', 0), ('C', 7), ('Cl', 0), ('F', 0), ('H', 10), ('I', 0), ('N', 0), ('O', 2), ('S', 0))",19,51,complete,51,0,0,False,False,True
dsC7O2H10nsd_5905.xyz,5905,"(('Br', 0), ('C', 7), ('Cl', 0), ('F', 0), ('H', 10), ('I', 0), ('N', 0), ('O', 2), ('S', 0))",19,51,complete,51,0,0,False,False,True
dsC7O2H10nsd_5906.xyz,5906,"(('Br', 0), ('C', 7), ('Cl', 0), ('F', 0), ('H', 10), ('I', 0), ('N', 0), ('O', 2), ('S', 0))",19,51,complete,51,0,0,False,False,True
dsC7O2H10nsd_5907.xyz,5907,"(('Br', 0), ('C', 7), ('Cl', 0), ('F', 0), ('H', 10), ('I', 0), ('N', 0), ('O', 2), ('S', 0))",19,51,complete,51,0,0,False,False,True
dsC7O2H10nsd_5908.xyz,5908,"(('Br', 0), ('C', 7), ('Cl', 0), ('F', 0), ('H', 10), ('I', 0), ('N', 0), ('O', 2), ('S', 0))",19,51,complete,51,0,0,False,False,True
dsC7O2H10nsd_5909.xyz,5909,"(('Br', 0), ('C', 7), ('Cl', 0), ('F', 0), ('H', 10), ('I', 0), ('N', 0), ('O', 2), ('S', 0))",19,51,complete,51,0,0,False,False,True
dsC7O2H10nsd_5910.xyz,5910,"(('Br', 0), ('C', 7), ('Cl', 0), ('F', 0), ('H', 10), ('I', 0), ('N', 0), ('O', 2), ('S', 0))",19,51,complete,51,0,0,False,False,True
dsC7O2H10nsd_5911.xyz,5911,"(('Br', 0), ('C', 7), ('Cl', 0), ('F', 0), ('H', 10), ('I', 0), ('N', 0), ('O', 2), ('S', 0))",19,51,complete,51,0,0,False,False,True
dsC7O2H10nsd_5912.xyz,5912,"(('Br', 0), ('C', 7), ('Cl', 0), ('F', 0), ('H', 10), ('I', 0), ('N', 0), ('O', 2), ('S', 0))",19,51,complete,51,0,0,False,False,True
dsC7O2H10nsd_5913.xyz,5913,"(('Br', 0), ('C', 7), ('Cl', 0), ('F', 0), ('H', 10), ('I', 0), ('N', 0), ('O', 2), ('S', 0))",19,51,complete,51,0,0,False,False,True
dsC7O2H10nsd_5914.xyz,5914,"(('Br', 0), ('C', 7), ('Cl', 0), ('F', 0), ('H', 10), ('I', 0), ('N', 0), ('O', 2), ('S', 0))",19,51,complete,51,0,0,False,False,True
dsC7O2H10nsd_5915.xyz,5915,"(('Br', 0), ('C', 7), ('Cl', 0), ('F', 0), ('H', 10), ('I', 0), ('N', 0), ('O', 2), ('S', 0))",19,51,complete,51,0,0,False,False,True
dsC7O2H10nsd_5916.xyz,5916,"(('Br', 0), ('C', 7), ('Cl', 0), ('F', 0), ('H', 10), ('I', 0), ('N', 0), ('O', 2), ('S', 0))",19,51,complete,51,0,0,False,False,True
dsC7O2H10nsd_5917.xyz,5917,"(('Br', 0), ('C', 7), ('Cl', 0), ('F', 0), ('H', 10), ('I', 0), ('N', 0), ('O', 2), ('S', 0))",19,51,complete,51,0,0,False,False,True
dsC7O2H10nsd_5918.xyz,5918,"(('Br', 0), ('C', 7), ('Cl', 0), ('F', 0), ('H', 10), ('I', 0), ('N', 0), ('O', 2), ('S', 0))",19,51,complete,51,0,0,False,False,True
dsC7O2H10nsd_5919.xyz,5919,"(('Br', 0), ('C', 7), ('Cl', 0), ('F', 0), ('H', 10), ('I', 0), ('N', 0), ('O', 2), ('S', 0))",19,102,incomplete_count,102,0,0,False,False,True
dsC7O2H10nsd_5920.xyz,5920,"(('Br', 0), ('C', 7), ('Cl', 0), ('F', 0), ('H', 10), ('I', 0), ('N', 0), ('O', 2), ('S', 0))",19,51,complete,51,0,0,False,False,True
dsC7O2H10nsd_5921.xyz,5921,"(('Br', 0), ('C', 7), ('Cl', 0), ('F', 0), ('H', 10), ('I', 0), ('N', 0), ('O', 2), ('S', 0))",19,51,complete,51,0,0,False,False,True
dsC7O2H10nsd_5922.xyz,5922,"(('Br', 0), ('C', 7), ('Cl', 0), ('F', 0), ('H', 10), ('I', 0), ('N', 0), ('O', 2), ('S', 0))",19,51,complete,51,0,0,False,False,True
dsC7O2H10nsd_5923.xyz,5923,"(('Br', 0), ('C', 7), ('Cl', 0), ('F', 0), ('H', 10), ('I', 0), ('N', 0), ('O', 2), ('S', 0))",19,51,complete,51,0,0,False,False,True
dsC7O2H10nsd_5924.xyz,5924,"(('Br', 0), ('C', 7), ('Cl', 0), ('F', 0), ('H', 10), ('I', 0), ('N', 0), ('O', 2), ('S', 0))",19,51,complete,51,0,0,False,False,True
dsC7O2H10nsd_5925.xyz,5925,"(('Br', 0), ('C', 7), ('Cl', 0), ('F', 0), ('H', 10), ('I', 0), ('N', 0), ('O', 2), ('S', 0))",19,51,complete,51,0,0,False,False,True
dsC7O2H10nsd_5926.xyz,5926,"(('Br', 0), ('C', 7), ('Cl', 0), ('F', 0), ('H', 10), ('I', 0), ('N', 0), ('O', 2), ('S', 0))",19,51,complete,51,0,0,False,False,True
dsC7O2H10nsd_5927.xyz,5927,"(('Br', 0), ('C', 7), ('Cl', 0), ('F', 0), ('H', 10), ('I', 0), ('N', 0), ('O', 2), ('S', 0))",19,51,complete,51,0,0,False,False,True
dsC7O2H10nsd_5928.xyz,5928,"(('Br', 0), ('C', 7), ('Cl', 0), ('F', 0), ('H', 10), ('I', 0), ('N', 0), ('O', 2), ('S', 0))",19,51,complete,51,0,0,False,False,True
dsC7O2H10nsd_5929.xyz,5929,"(('Br', 0), ('C', 7), ('Cl', 0), ('F', 0), ('H', 10), ('I', 0), ('N', 0), ('O', 2), ('S', 0))",19,51,complete,51,0,0,False,False,True
dsC7O2H10nsd_5930.xyz,5930,"(('Br', 0), ('C', 7), ('Cl', 0), ('F', 0), ('H', 10), ('I', 0), ('N', 0), ('O', 2), ('S', 0))",19,51,complete,51,0,0,False,False,True
dsC7O2H10nsd_5931.xyz,5931,"(('Br', 0), ('C', 7), ('Cl', 0), ('F', 0), ('H', 10), ('I', 0), ('N', 0), ('O', 2), ('S', 0))",19,51,complete,51,0,0,False,False,True
dsC7O2H10nsd_5932.xyz,5932,"(('Br', 0), ('C', 7), ('Cl', 0), ('F', 0), ('H', 10), ('I', 0), ('N', 0), ('O', 2), ('S', 0))",19,51,complete,51,0,0,False,False,True
dsC7O2H10nsd_5933.xyz,5933,"(('Br', 0), ('C', 7), ('Cl', 0), ('F', 0), ('H', 10), ('I', 0), ('N', 0), ('O', 2), ('S', 0))",19,51,complete,51,0,0,False,False,True
dsC7O2H10nsd_5934.xyz,5934,"(('Br', 0), ('C', 7), ('Cl', 0), ('F', 0), ('H', 10), ('I', 0), ('N', 0), ('O', 2), ('S', 0))",19,51,complete,51,0,0,False,False,True
dsC7O2H10nsd_5935.xyz,5935,"(('Br', 0), ('C', 7), ('Cl', 0), ('F', 0), ('H', 10), ('I', 0), ('N', 0), ('O', 2), ('S', 0))",19,51,complete,51,0,0,False,False,True
dsC7O2H10nsd_5936.xyz,5936,"(('Br', 0), ('C', 7), ('Cl', 0), ('F', 0), ('H', 10), ('I', 0), ('N', 0), ('O', 2), ('S', 0))",19,51,complete,51,0,0,False,False,True
dsC7O2H10nsd_5937.xyz,5937,"(('Br', 0), ('C', 7), ('Cl', 0), ('F', 0), ('H', 10), ('I', 0), ('N', 0), ('O', 2), ('S', 0))",19,51,complete,51,0,0,False,False,True
dsC7O2H10nsd_5938.xyz,5938,"(('Br', 0), ('C', 7), ('Cl', 0), ('F', 0), ('H', 10), ('I', 0), ('N', 0), ('O', 2), ('S', 0))",19,51,complete,51,0,0,False,False,True
dsC7O2H10nsd_5939.xyz,5939,"(('Br', 0), ('C', 7), ('Cl', 0), ('F', 0), ('H', 10), ('I', 0), ('N', 0), ('O', 2), ('S', 0))",19,51,complete,51,0,0,False,False,True
dsC7O2H10nsd_5940.xyz,5940,"(('Br', 0), ('C', 7), ('Cl', 0), ('F', 0), ('H', 10), ('I', 0), ('N', 0), ('O', 2), ('S', 0))",19,51,complete,51,0,0,False,False,True
dsC7O2H10nsd_5941.xyz,5941,"(('Br', 0), ('C', 7), ('Cl', 0), ('F', 0), ('H', 10), ('I', 0), ('N', 0), ('O', 2), ('S', 0))",19,51,complete,51,0,0,True,True,True
dsC7O2H10nsd_5942.xyz,5942,"(('Br', 0), ('C', 7), ('Cl', 0), ('F', 0), ('H', 10), ('I', 0), ('N', 0), ('O', 2), ('S', 0))",19,51,complete,51,0,0,False,False,True
dsC7O2H10nsd_5943.xyz,5943,"(('Br', 0), ('C', 7), ('Cl', 0), ('F', 0), ('H', 10), ('I', 0), ('N', 0), ('O', 2), ('S', 0))",19,51,complete,51,0,0,True,True,True
dsC7O2H10nsd_5944.xyz,5944,"(('Br', 0), ('C', 7), ('Cl', 0), ('F', 0), ('H', 10), ('I', 0), ('N', 0), ('O', 2), ('S', 0))",19,51,complete,51,0,0,False,False,True
dsC7O2H10nsd_5945.xyz,5945,"(('Br', 0), ('C', 7), ('Cl', 0), ('F', 0), ('H', 10), ('I', 0), ('N', 0), ('O', 2), ('S', 0))",19,51,complete,51,0,0,True,True,True
dsC7O2H10nsd_5946.xyz,5946,"(('Br', 0), ('C', 7), ('Cl', 0), ('F', 0), ('H', 10), ('I', 0), ('N', 0), ('O', 2), ('S', 0))",19,51,complete,51,0,0,False,False,True
dsC7O2H10nsd_5947.xyz,5947,"(('Br', 0), ('C', 7), ('Cl', 0), ('F', 0), ('H', 10), ('I', 0), ('N', 0), ('O', 2), ('S', 0))",19,51,complete,51,0,0,False,False,True
dsC7O2H10nsd_5948.xyz,5948,"(('Br', 0), ('C', 7), ('Cl', 0), ('F', 0), ('H', 10), ('I', 0), ('N', 0), ('O', 2), ('S', 0))",19,51,complete,51,0,0,False,False,True
dsC7O2H10nsd_5949.xyz,5949,"(('Br', 0), ('C', 7), ('Cl', 0), ('F', 0), ('H', 10), ('I', 0), ('N', 0), ('O', 2), ('S', 0))",19,51,complete,51,0,0,False,False,True
dsC7O2H10nsd_5950.xyz,5950,"(('Br', 0), ('C', 7), ('Cl', 0), ('F', 0), ('H', 10), ('I', 0), ('N', 0), ('O', 2), ('S', 0))",19,51,complete,51,0,0,False,False,True
dsC7O2H10nsd_5951.xyz,5951,"(('Br', 0), ('C', 7), ('Cl', 0), ('F', 0), ('H', 10), ('I', 0), ('N', 0), ('O', 2), ('S', 0))",19,51,complete,51,0,0,False,False,True
dsC7O2H10nsd_5952.xyz,5952,"(('Br', 0), ('C', 7), ('Cl', 0), ('F', 0), ('H', 10), ('I', 0), ('N', 0), ('O', 2), ('S', 0))",19,51,complete,51,0,0,False,False,True
dsC7O2H10nsd_5953.xyz,5953,"(('Br', 0), ('C', 7), ('Cl', 0), ('F', 0), ('H', 10), ('I', 0), ('N', 0), ('O', 2), ('S', 0))",19,51,complete,51,0,0,False,False,True
dsC7O2H10nsd_5954.xyz,5954,"(('Br', 0), ('C', 7), ('Cl', 0), ('F', 0), ('H', 10), ('I', 0), ('N', 0), ('O', 2), ('S', 0))",19,51,complete,51,0,0,False,False,True
dsC7O2H10nsd_5955.xyz,5955,"(('Br', 0), ('C', 7), ('Cl', 0), ('F', 0), ('H', 10), ('I', 0), ('N', 0), ('O', 2), ('S', 0))",19,51,complete,51,0,0,False,False,True
dsC7O2H10nsd_5956.xyz,5956,"(('Br', 0), ('C', 7), ('Cl', 0), ('F', 0), ('H', 10), ('I', 0), ('N', 0), ('O', 2), ('S', 0))",19,51,complete,51,0,0,False,False,True
dsC7O2H10nsd_5957.xyz,5957,"(('Br', 0), ('C', 7), ('Cl', 0), ('F', 0), ('H', 10), ('I', 0), ('N', 0), ('O', 2), ('S', 0))",19,51,complete,51,0,0,False,False,True
dsC7O2H10nsd_5958.xyz,5958,"(('Br', 0), ('C', 7), ('Cl', 0), ('F', 0), ('H', 10), ('I', 0), ('N', 0), ('O', 2), ('S', 0))",19,51,complete,51,0,0,False,False,True
dsC7O2H10nsd_5959.xyz,5959,"(('Br', 0), ('C', 7), ('Cl', 0), ('F', 0), ('H', 10), ('I', 0), ('N', 0), ('O', 2), ('S', 0))",19,51,complete,51,0,0,False,False,True
dsC7O2H10nsd_5960.xyz,5960,"(('Br', 0), ('C', 7), ('Cl', 0), ('F', 0), ('H', 10), ('I', 0), ('N', 0), ('O', 2), ('S', 0))",19,51,complete,51,0,0,False,False,True
dsC7O2H10nsd_5961.xyz,5961,"(('Br', 0), ('C', 7), ('Cl', 0), ('F', 0), ('H', 10), ('I', 0), ('N', 0), ('O', 2), ('S', 0))",19,51,complete,51,0,0,False,False,True
dsC7O2H10nsd_5962.xyz,5962,"(('Br', 0), ('C', 7), ('Cl', 0), ('F', 0), ('H', 10), ('I', 0), ('N', 0), ('O', 2), ('S', 0))",19,51,complete,51,0,0,False,False,True
dsC7O2H10nsd_5963.xyz,5963,"(('Br', 0), ('C', 7), ('Cl', 0), ('F', 0), ('H', 10), ('I', 0), ('N', 0), ('O', 2), ('S', 0))",19,51,complete,51,0,0,False,False,True
dsC7O2H10nsd_5964.xyz,5964,"(('Br', 0), ('C', 7), ('Cl', 0), ('F', 0), ('H', 10), ('I', 0), ('N', 0), ('O', 2), ('S', 0))",19,51,complete,51,0,0,False,False,True
dsC7O2H10nsd_5965.xyz,5965,"(('Br', 0), ('C', 7), ('Cl', 0), ('F', 0), ('H', 10), ('I', 0), ('N', 0), ('O', 2), ('S', 0))",19,51,complete,51,0,0,False,False,True
dsC7O2H10nsd_5966.xyz,5966,"(('Br', 0), ('C', 7), ('Cl', 0), ('F', 0), ('H', 10), ('I', 0), ('N', 0), ('O', 2), ('S', 0))",19,51,complete,51,0,0,False,False,True
dsC7O2H10nsd_5967.xyz,5967,"(('Br', 0), ('C', 7), ('Cl', 0), ('F', 0), ('H', 10), ('I', 0), ('N', 0), ('O', 2), ('S', 0))",19,51,complete,51,0,0,False,False,True
dsC7O2H10nsd_5968.xyz,5968,"(('Br', 0), ('C', 7), ('Cl', 0), ('F', 0), ('H', 10), ('I', 0), ('N', 0), ('O', 2), ('S', 0))",19,51,complete,51,0,0,False,False,True
dsC7O2H10nsd_5969.xyz,5969,"(('Br', 0), ('C', 7), ('Cl', 0), ('F', 0), ('H', 10), ('I', 0), ('N', 0), ('O', 2), ('S', 0))",19,51,complete,51,0,0,False,False,True
dsC7O2H10nsd_5970.xyz,5970,"(('Br', 0), ('C', 7), ('Cl', 0), ('F', 0), ('H', 10), ('I', 0), ('N', 0), ('O', 2), ('S', 0))",19,51,complete,51,0,0,False,False,True
dsC7O2H10nsd_5971.xyz,5971,"(('Br', 0), ('C', 7), ('Cl', 0), ('F', 0), ('H', 10), ('I', 0), ('N', 0), ('O', 2), ('S', 0))",19,51,complete,51,0,0,False,False,True
dsC7O2H10nsd_5972.xyz,5972,"(('Br', 0), ('C', 7), ('Cl', 0), ('F', 0), ('H', 10), ('I', 0), ('N', 0), ('O', 2), ('S', 0))",19,51,complete,51,0,0,False,False,True
dsC7O2H10nsd_5973.xyz,5973,"(('Br', 0), ('C', 7), ('Cl', 0), ('F', 0), ('H', 10), ('I', 0), ('N', 0), ('O', 2), ('S', 0))",19,51,complete,51,0,0,False,False,True
dsC7O2H10nsd_5974.xyz,5974,"(('Br', 0), ('C', 7), ('Cl', 0), ('F', 0), ('H', 10), ('I', 0), ('N', 0), ('O', 2), ('S', 0))",19,51,complete,51,0,0,False,False,True
dsC7O2H10nsd_5975.xyz,5975,"(('Br', 0), ('C', 7), ('Cl', 0), ('F', 0), ('H', 10), ('I', 0), ('N', 0), ('O', 2), ('S', 0))",19,51,complete,51,0,0,False,False,True
dsC7O2H10nsd_5976.xyz,5976,"(('Br', 0), ('C', 7), ('Cl', 0), ('F', 0), ('H', 10), ('I', 0), ('N', 0), ('O', 2), ('S', 0))",19,51,complete,51,0,0,False,False,True
dsC7O2H10nsd_5977.xyz,5977,"(('Br', 0), ('C', 7), ('Cl', 0), ('F', 0), ('H', 10), ('I', 0), ('N', 0), ('O', 2), ('S', 0))",19,51,complete,51,0,0,False,False,True
dsC7O2H10nsd_5978.xyz,5978,"(('Br', 0), ('C', 7), ('Cl', 0), ('F', 0), ('H', 10), ('I', 0), ('N', 0), ('O', 2), ('S', 0))",19,51,complete,51,0,0,False,False,True
dsC7O2H10nsd_5979.xyz,5979,"(('Br', 0), ('C', 7), ('Cl', 0), ('F', 0), ('H', 10), ('I', 0), ('N', 0), ('O', 2), ('S', 0))",19,51,complete,51,0,0,False,False,True
dsC7O2H10nsd_5980.xyz,5980,"(('Br', 0), ('C', 7), ('Cl', 0), ('F', 0), ('H', 10), ('I', 0), ('N', 0), ('O', 2), ('S', 0))",19,51,complete,51,0,0,False,False,True
dsC7O2H10nsd_5981.xyz,5981,"(('Br', 0), ('C', 7), ('Cl', 0), ('F', 0), ('H', 10), ('I', 0), ('N', 0), ('O', 2), ('S', 0))",19,51,complete,51,0,0,False,False,True
dsC7O2H10nsd_5982.xyz,5982,"(('Br', 0), ('C', 7), ('Cl', 0), ('F', 0), ('H', 10), ('I', 0), ('N', 0), ('O', 2), ('S', 0))",19,51,complete,51,0,0,False,False,True
dsC7O2H10nsd_5983.xyz,5983,"(('Br', 0), ('C', 7), ('Cl', 0), ('F', 0), ('H', 10), ('I', 0), ('N', 0), ('O', 2), ('S', 0))",19,51,complete,51,0,0,False,False,True
dsC7O2H10nsd_5984.xyz,5984,"(('Br', 0), ('C', 7), ('Cl', 0), ('F', 0), ('H', 10), ('I', 0), ('N', 0), ('O', 2), ('S', 0))",19,51,complete,51,0,0,False,False,True
dsC7O2H10nsd_5985.xyz,5985,"(('Br', 0), ('C', 7), ('Cl', 0), ('F', 0), ('H', 10), ('I', 0), ('N', 0), ('O', 2), ('S', 0))",19,51,complete,51,0,0,False,False,True
dsC7O2H10nsd_5986.xyz,5986,"(('Br', 0), ('C', 7), ('Cl', 0), ('F', 0), ('H', 10), ('I', 0), ('N', 0), ('O', 2), ('S', 0))",19,51,complete,51,0,0,False,False,True
dsC7O2H10nsd_5987.xyz,5987,"(('Br', 0), ('C', 7), ('Cl', 0), ('F', 0), ('H', 10), ('I', 0), ('N', 0), ('O', 2), ('S', 0))",19,51,complete,51,0,0,False,False,True
dsC7O2H10nsd_5988.xyz,5988,"(('Br', 0), ('C', 7), ('Cl', 0), ('F', 0), ('H', 10), ('I', 0), ('N', 0), ('O', 2), ('S', 0))",19,51,complete,51,0,0,True,True,True
dsC7O2H10nsd_5989.xyz,5989,"(('Br', 0), ('C', 7), ('Cl', 0), ('F', 0), ('H', 10), ('I', 0), ('N', 0), ('O', 2), ('S', 0))",19,102,incomplete_count,102,0,0,True,True,True
dsC7O2H10nsd_5990.xyz,5990,"(('Br', 0), ('C', 7), ('Cl', 0), ('F', 0), ('H', 10), ('I', 0), ('N', 0), ('O', 2), ('S', 0))",19,51,complete,51,0,0,True,True,True
dsC7O2H10nsd_5991.xyz,5991,"(('Br', 0), ('C', 7), ('Cl', 0), ('F', 0), ('H', 10), ('I', 0), ('N', 0), ('O', 2), ('S', 0))",19,51,complete,51,0,0,False,False,True
dsC7O2H10nsd_5992.xyz,5992,"(('Br', 0), ('C', 7), ('Cl', 0), ('F', 0), ('H', 10), ('I', 0), ('N', 0), ('O', 2), ('S', 0))",19,51,complete,51,0,0,False,False,True
dsC7O2H10nsd_5993.xyz,5993,"(('Br', 0), ('C', 7), ('Cl', 0), ('F', 0), ('H', 10), ('I', 0), ('N', 0), ('O', 2), ('S', 0))",19,51,complete,51,0,0,False,False,True
dsC7O2H10nsd_5994.xyz,5994,"(('Br', 0), ('C', 7), ('Cl', 0), ('F', 0), ('H', 10), ('I', 0), ('N', 0), ('O', 2), ('S', 0))",19,51,complete,51,0,0,False,False,True
dsC7O2H10nsd_5995.xyz,5995,"(('Br', 0), ('C', 7), ('Cl', 0), ('F', 0), ('H', 10), ('I', 0), ('N', 0), ('O', 2), ('S', 0))",19,51,complete,51,0,0,True,True,True
dsC7O2H10nsd_5996.xyz,5996,"(('Br', 0), ('C', 7), ('Cl', 0), ('F', 0), ('H', 10), ('I', 0), ('N', 0), ('O', 2), ('S', 0))",19,51,complete,51,0,0,True,True,True
dsC7O2H10nsd_5997.xyz,5997,"(('Br', 0), ('C', 7), ('Cl', 0), ('F', 0), ('H', 10), ('I', 0), ('N', 0), ('O', 2), ('S', 0))",19,51,complete,51,0,0,False,False,True
dsC7O2H10nsd_5998.xyz,5998,"(('Br', 0), ('C', 7), ('Cl', 0), ('F', 0), ('H', 10), ('I', 0), ('N', 0), ('O', 2), ('S', 0))",19,51,complete,51,0,0,False,False,True
dsC7O2H10nsd_5999.xyz,5999,"(('Br', 0), ('C', 7), ('Cl', 0), ('F', 0), ('H', 10), ('I', 0), ('N', 0), ('O', 2), ('S', 0))",19,51,complete,51,0,0,True,True,True
dsC7O2H10nsd_6000.xyz,6000,"(('Br', 0), ('C', 7), ('Cl', 0), ('F', 0), ('H', 10), ('I', 0), ('N', 0), ('O', 2), ('S', 0))",19,51,complete,51,0,0,True,True,True
dsC7O2H10nsd_6001.xyz,6001,"(('Br', 0), ('C', 7), ('Cl', 0), ('F', 0), ('H', 10), ('I', 0), ('N', 0), ('O', 2), ('S', 0))",19,51,complete,51,0,0,True,True,True
dsC7O2H10nsd_6002.xyz,6002,"(('Br', 0), ('C', 7), ('Cl', 0), ('F', 0), ('H', 10), ('I', 0), ('N', 0), ('O', 2), ('S', 0))",19,51,complete,51,0,0,False,False,True
dsC7O2H10nsd_6003.xyz,6003,"(('Br', 0), ('C', 7), ('Cl', 0), ('F', 0), ('H', 10), ('I', 0), ('N', 0), ('O', 2), ('S', 0))",19,51,complete,51,0,0,False,False,True
dsC7O2H10nsd_6004.xyz,6004,"(('Br', 0), ('C', 7), ('Cl', 0), ('F', 0), ('H', 10), ('I', 0), ('N', 0), ('O', 2), ('S', 0))",19,51,complete,51,0,0,False,False,True
dsC7O2H10nsd_6005.xyz,6005,"(('Br', 0), ('C', 7), ('Cl', 0), ('F', 0), ('H', 10), ('I', 0), ('N', 0), ('O', 2), ('S', 0))",19,51,complete,51,0,0,False,False,True
dsC7O2H10nsd_6006.xyz,6006,"(('Br', 0), ('C', 7), ('Cl', 0), ('F', 0), ('H', 10), ('I', 0), ('N', 0), ('O', 2), ('S', 0))",19,51,complete,51,0,0,False,False,True
dsC7O2H10nsd_6007.xyz,6007,"(('Br', 0), ('C', 7), ('Cl', 0), ('F', 0), ('H', 10), ('I', 0), ('N', 0), ('O', 2), ('S', 0))",19,51,complete,51,0,0,False,False,True
dsC7O2H10nsd_6008.xyz,6008,"(('Br', 0), ('C', 7), ('Cl', 0), ('F', 0), ('H', 10), ('I', 0), ('N', 0), ('O', 2), ('S', 0))",19,51,complete,51,0,0,False,False,True
dsC7O2H10nsd_6009.xyz,6009,"(('Br', 0), ('C', 7), ('Cl', 0), ('F', 0), ('H', 10), ('I', 0), ('N', 0), ('O', 2), ('S', 0))",19,51,complete,51,0,0,False,False,True
dsC7O2H10nsd_6010.xyz,6010,"(('Br', 0), ('C', 7), ('Cl', 0), ('F', 0), ('H', 10), ('I', 0), ('N', 0), ('O', 2), ('S', 0))",19,51,complete,51,0,0,False,False,True
dsC7O2H10nsd_6011.xyz,6011,"(('Br', 0), ('C', 7), ('Cl', 0), ('F', 0), ('H', 10), ('I', 0), ('N', 0), ('O', 2), ('S', 0))",19,51,complete,51,0,0,False,False,True
dsC7O2H10nsd_6012.xyz,6012,"(('Br', 0), ('C', 7), ('Cl', 0), ('F', 0), ('H', 10), ('I', 0), ('N', 0), ('O', 2), ('S', 0))",19,51,complete,51,0,0,False,False,True
dsC7O2H10nsd_6013.xyz,6013,"(('Br', 0), ('C', 7), ('Cl', 0), ('F', 0), ('H', 10), ('I', 0), ('N', 0), ('O', 2), ('S', 0))",19,51,complete,51,0,0,False,False,True
dsC7O2H10nsd_6014.xyz,6014,"(('Br', 0), ('C', 7), ('Cl', 0), ('F', 0), ('H', 10), ('I', 0), ('N', 0), ('O', 2), ('S', 0))",19,51,complete,51,0,0,False,False,True
dsC7O2H10nsd_6015.xyz,6015,"(('Br', 0), ('C', 7), ('Cl', 0), ('F', 0), ('H', 10), ('I', 0), ('N', 0), ('O', 2), ('S', 0))",19,51,complete,51,0,0,False,False,True
dsC7O2H10nsd_6016.xyz,6016,"(('Br', 0), ('C', 7), ('Cl', 0), ('F', 0), ('H', 10), ('I', 0), ('N', 0), ('O', 2), ('S', 0))",19,51,complete,51,0,0,False,False,True
dsC7O2H10nsd_6017.xyz,6017,"(('Br', 0), ('C', 7), ('Cl', 0), ('F', 0), ('H', 10), ('I', 0), ('N', 0), ('O', 2), ('S', 0))",19,51,complete,51,0,0,False,False,True
dsC7O2H10nsd_6018.xyz,6018,"(('Br', 0), ('C', 7), ('Cl', 0), ('F', 0), ('H', 10), ('I', 0), ('N', 0), ('O', 2), ('S', 0))",19,51,complete,51,0,0,False,False,True
dsC7O2H10nsd_6019.xyz,6019,"(('Br', 0), ('C', 7), ('Cl', 0), ('F', 0), ('H', 10), ('I', 0), ('N', 0), ('O', 2), ('S', 0))",19,51,complete,51,0,0,False,False,True
dsC7O2H10nsd_6020.xyz,6020,"(('Br', 0), ('C', 7), ('Cl', 0), ('F', 0), ('H', 10), ('I', 0), ('N', 0), ('O', 2), ('S', 0))",19,51,complete,51,0,0,False,False,True
dsC7O2H10nsd_6021.xyz,6021,"(('Br', 0), ('C', 7), ('Cl', 0), ('F', 0), ('H', 10), ('I', 0), ('N', 0), ('O', 2), ('S', 0))",19,51,complete,51,0,0,False,False,True
dsC7O2H10nsd_6022.xyz,6022,"(('Br', 0), ('C', 7), ('Cl', 0), ('F', 0), ('H', 10), ('I', 0), ('N', 0), ('O', 2), ('S', 0))",19,51,complete,51,0,0,False,False,True
dsC7O2H10nsd_6023.xyz,6023,"(('Br', 0), ('C', 7), ('Cl', 0), ('F', 0), ('H', 10), ('I', 0), ('N', 0), ('O', 2), ('S', 0))",19,51,complete,51,0,0,False,False,True
dsC7O2H10nsd_6024.xyz,6024,"(('Br', 0), ('C', 7), ('Cl', 0), ('F', 0), ('H', 10), ('I', 0), ('N', 0), ('O', 2), ('S', 0))",19,51,complete,51,0,0,False,False,True
dsC7O2H10nsd_6025.xyz,6025,"(('Br', 0), ('C', 7), ('Cl', 0), ('F', 0), ('H', 10), ('I', 0), ('N', 0), ('O', 2), ('S', 0))",19,51,complete,51,0,0,False,False,True
dsC7O2H10nsd_6026.xyz,6026,"(('Br', 0), ('C', 7), ('Cl', 0), ('F', 0), ('H', 10), ('I', 0), ('N', 0), ('O', 2), ('S', 0))",19,51,complete,51,0,0,False,False,True
dsC7O2H10nsd_6027.xyz,6027,"(('Br', 0), ('C', 7), ('Cl', 0), ('F', 0), ('H', 10), ('I', 0), ('N', 0), ('O', 2), ('S', 0))",19,51,complete,51,0,0,False,False,True
dsC7O2H10nsd_6028.xyz,6028,"(('Br', 0), ('C', 7), ('Cl', 0), ('F', 0), ('H', 10), ('I', 0), ('N', 0), ('O', 2), ('S', 0))",19,51,complete,51,0,0,False,False,True
dsC7O2H10nsd_6029.xyz,6029,"(('Br', 0), ('C', 7), ('Cl', 0), ('F', 0), ('H', 10), ('I', 0), ('N', 0), ('O', 2), ('S', 0))",19,51,complete,51,0,0,False,False,True
dsC7O2H10nsd_6030.xyz,6030,"(('Br', 0), ('C', 7), ('Cl', 0), ('F', 0), ('H', 10), ('I', 0), ('N', 0), ('O', 2), ('S', 0))",19,51,complete,51,0,0,False,False,True
dsC7O2H10nsd_6031.xyz,6031,"(('Br', 0), ('C', 7), ('Cl', 0), ('F', 0), ('H', 10), ('I', 0), ('N', 0), ('O', 2), ('S', 0))",19,51,complete,51,0,0,False,False,True
dsC7O2H10nsd_6032.xyz,6032,"(('Br', 0), ('C', 7), ('Cl', 0), ('F', 0), ('H', 10), ('I', 0), ('N', 0), ('O', 2), ('S', 0))",19,51,complete,51,0,0,False,False,True
dsC7O2H10nsd_6033.xyz,6033,"(('Br', 0), ('C', 7), ('Cl', 0), ('F', 0), ('H', 10), ('I', 0), ('N', 0), ('O', 2), ('S', 0))",19,51,complete,51,0,0,False,False,True
dsC7O2H10nsd_6034.xyz,6034,"(('Br', 0), ('C', 7), ('Cl', 0), ('F', 0), ('H', 10), ('I', 0), ('N', 0), ('O', 2), ('S', 0))",19,51,complete,51,0,0,False,False,True
dsC7O2H10nsd_6035.xyz,6035,"(('Br', 0), ('C', 7), ('Cl', 0), ('F', 0), ('H', 10), ('I', 0), ('N', 0), ('O', 2), ('S', 0))",19,51,complete,51,0,0,False,False,True
dsC7O2H10nsd_6036.xyz,6036,"(('Br', 0), ('C', 7), ('Cl', 0), ('F', 0), ('H', 10), ('I', 0), ('N', 0), ('O', 2), ('S', 0))",19,51,complete,51,0,0,False,False,True
dsC7O2H10nsd_6037.xyz,6037,"(('Br', 0), ('C', 7), ('Cl', 0), ('F', 0), ('H', 10), ('I', 0), ('N', 0), ('O', 2), ('S', 0))",19,51,complete,51,0,0,False,False,True
dsC7O2H10nsd_6038.xyz,6038,"(('Br', 0), ('C', 7), ('Cl', 0), ('F', 0), ('H', 10), ('I', 0), ('N', 0), ('O', 2), ('S', 0))",19,51,complete,51,0,0,False,False,True
dsC7O2H10nsd_6039.xyz,6039,"(('Br', 0), ('C', 7), ('Cl', 0), ('F', 0), ('H', 10), ('I', 0), ('N', 0), ('O', 2), ('S', 0))",19,51,complete,51,0,0,False,False,True
dsC7O2H10nsd_6040.xyz,6040,"(('Br', 0), ('C', 7), ('Cl', 0), ('F', 0), ('H', 10), ('I', 0), ('N', 0), ('O', 2), ('S', 0))",19,51,complete,51,0,0,False,False,True
dsC7O2H10nsd_6041.xyz,6041,"(('Br', 0), ('C', 7), ('Cl', 0), ('F', 0), ('H', 10), ('I', 0), ('N', 0), ('O', 2), ('S', 0))",19,51,complete,51,0,0,False,False,True
dsC7O2H10nsd_6042.xyz,6042,"(('Br', 0), ('C', 7), ('Cl', 0), ('F', 0), ('H', 10), ('I', 0), ('N', 0), ('O', 2), ('S', 0))",19,51,complete,51,0,0,False,False,True
dsC7O2H10nsd_6043.xyz,6043,"(('Br', 0), ('C', 7), ('Cl', 0), ('F', 0), ('H', 10), ('I', 0), ('N', 0), ('O', 2), ('S', 0))",19,51,complete,51,0,0,False,False,True
dsC7O2H10nsd_6044.xyz,6044,"(('Br', 0), ('C', 7), ('Cl', 0), ('F', 0), ('H', 10), ('I', 0), ('N', 0), ('O', 2), ('S', 0))",19,51,complete,51,0,0,False,False,True
dsC7O2H10nsd_6045.xyz,6045,"(('Br', 0), ('C', 7), ('Cl', 0), ('F', 0), ('H', 10), ('I', 0), ('N', 0), ('O', 2), ('S', 0))",19,51,complete,51,0,0,False,False,True
dsC7O2H10nsd_6046.xyz,6046,"(('Br', 0), ('C', 7), ('Cl', 0), ('F', 0), ('H', 10), ('I', 0), ('N', 0), ('O', 2), ('S', 0))",19,51,complete,51,0,0,False,False,True
dsC7O2H10nsd_6047.xyz,6047,"(('Br', 0), ('C', 7), ('Cl', 0), ('F', 0), ('H', 10), ('I', 0), ('N', 0), ('O', 2), ('S', 0))",19,51,complete,51,0,0,False,False,True
dsC7O2H10nsd_6048.xyz,6048,"(('Br', 0), ('C', 7), ('Cl', 0), ('F', 0), ('H', 10), ('I', 0), ('N', 0), ('O', 2), ('S', 0))",19,51,complete,51,0,0,False,False,True
dsC7O2H10nsd_6049.xyz,6049,"(('Br', 0), ('C', 7), ('Cl', 0), ('F', 0), ('H', 10), ('I', 0), ('N', 0), ('O', 2), ('S', 0))",19,51,complete,51,0,0,False,False,True
dsC7O2H10nsd_6050.xyz,6050,"(('Br', 0), ('C', 7), ('Cl', 0), ('F', 0), ('H', 10), ('I', 0), ('N', 0), ('O', 2), ('S', 0))",19,51,complete,51,0,0,False,False,True
dsC7O2H10nsd_6051.xyz,6051,"(('Br', 0), ('C', 7), ('Cl', 0), ('F', 0), ('H', 10), ('I', 0), ('N', 0), ('O', 2), ('S', 0))",19,51,complete,51,0,0,False,False,True
dsC7O2H10nsd_6052.xyz,6052,"(('Br', 0), ('C', 7), ('Cl', 0), ('F', 0), ('H', 10), ('I', 0), ('N', 0), ('O', 2), ('S', 0))",19,51,complete,51,0,0,False,False,True
dsC7O2H10nsd_6053.xyz,6053,"(('Br', 0), ('C', 7), ('Cl', 0), ('F', 0), ('H', 10), ('I', 0), ('N', 0), ('O', 2), ('S', 0))",19,51,complete,51,0,0,False,False,True
dsC7O2H10nsd_6054.xyz,6054,"(('Br', 0), ('C', 7), ('Cl', 0), ('F', 0), ('H', 10), ('I', 0), ('N', 0), ('O', 2), ('S', 0))",19,51,complete,51,0,0,False,False,True
dsC7O2H10nsd_6055.xyz,6055,"(('Br', 0), ('C', 7), ('Cl', 0), ('F', 0), ('H', 10), ('I', 0), ('N', 0), ('O', 2), ('S', 0))",19,51,complete,51,0,0,False,False,True
dsC7O2H10nsd_6056.xyz,6056,"(('Br', 0), ('C', 7), ('Cl', 0), ('F', 0), ('H', 10), ('I', 0), ('N', 0), ('O', 2), ('S', 0))",19,51,complete,51,0,0,False,False,True
dsC7O2H10nsd_6057.xyz,6057,"(('Br', 0), ('C', 7), ('Cl', 0), ('F', 0), ('H', 10), ('I', 0), ('N', 0), ('O', 2), ('S', 0))",19,51,complete,51,0,0,False,False,True
dsC7O2H10nsd_6058.xyz,6058,"(('Br', 0), ('C', 7), ('Cl', 0), ('F', 0), ('H', 10), ('I', 0), ('N', 0), ('O', 2), ('S', 0))",19,51,complete,51,0,0,True,True,True
dsC7O2H10nsd_6059.xyz,6059,"(('Br', 0), ('C', 7), ('Cl', 0), ('F', 0), ('H', 10), ('I', 0), ('N', 0), ('O', 2), ('S', 0))",19,51,complete,51,0,0,False,True,True
dsC7O2H10nsd_6060.xyz,6060,"(('Br', 0), ('C', 7), ('Cl', 0), ('F', 0), ('H', 10), ('I', 0), ('N', 0), ('O', 2), ('S', 0))",19,51,complete,51,0,0,False,True,True
dsC7O2H10nsd_6061.xyz,6061,"(('Br', 0), ('C', 7), ('Cl', 0), ('F', 0), ('H', 10), ('I', 0), ('N', 0), ('O', 2), ('S', 0))",19,51,complete,51,0,0,False,False,True
dsC7O2H10nsd_6062.xyz,6062,"(('Br', 0), ('C', 7), ('Cl', 0), ('F', 0), ('H', 10), ('I', 0), ('N', 0), ('O', 2), ('S', 0))",19,51,complete,51,0,0,False,False,True
dsC7O2H10nsd_6063.xyz,6063,"(('Br', 0), ('C', 7), ('Cl', 0), ('F', 0), ('H', 10), ('I', 0), ('N', 0), ('O', 2), ('S', 0))",19,102,incomplete_count,102,0,0,False,False,True
dsC7O2H10nsd_6064.xyz,6064,"(('Br', 0), ('C', 7), ('Cl', 0), ('F', 0), ('H', 10), ('I', 0), ('N', 0), ('O', 2), ('S', 0))",19,51,complete,51,0,0,True,True,True
dsC7O2H10nsd_6065.xyz,6065,"(('Br', 0), ('C', 7), ('Cl', 0), ('F', 0), ('H', 10), ('I', 0), ('N', 0), ('O', 2), ('S', 0))",19,51,complete,51,0,0,True,True,True
dsC7O2H10nsd_6066.xyz,6066,"(('Br', 0), ('C', 7), ('Cl', 0), ('F', 0), ('H', 10), ('I', 0), ('N', 0), ('O', 2), ('S', 0))",19,51,complete,51,0,0,True,True,True
dsC7O2H10nsd_6067.xyz,6067,"(('Br', 0), ('C', 7), ('Cl', 0), ('F', 0), ('H', 10), ('I', 0), ('N', 0), ('O', 2), ('S', 0))",19,51,complete,51,0,0,True,True,True
dsC7O2H10nsd_6068.xyz,6068,"(('Br', 0), ('C', 7), ('Cl', 0), ('F', 0), ('H', 10), ('I', 0), ('N', 0), ('O', 2), ('S', 0))",19,51,complete,51,0,0,True,True,True
dsC7O2H10nsd_6069.xyz,6069,"(('Br', 0), ('C', 7), ('Cl', 0), ('F', 0), ('H', 10), ('I', 0), ('N', 0), ('O', 2), ('S', 0))",19,51,complete,51,0,0,True,True,True
dsC7O2H10nsd_6070.xyz,6070,"(('Br', 0), ('C', 7), ('Cl', 0), ('F', 0), ('H', 10), ('I', 0), ('N', 0), ('O', 2), ('S', 0))",19,51,complete,51,0,0,True,True,True
dsC7O2H10nsd_6071.xyz,6071,"(('Br', 0), ('C', 7), ('Cl', 0), ('F', 0), ('H', 10), ('I', 0), ('N', 0), ('O', 2), ('S', 0))",19,51,complete,51,0,0,True,True,True
dsC7O2H10nsd_6072.xyz,6072,"(('Br', 0), ('C', 7), ('Cl', 0), ('F', 0), ('H', 10), ('I', 0), ('N', 0), ('O', 2), ('S', 0))",19,51,complete,51,0,0,True,True,True
dsC7O2H10nsd_6073.xyz,6073,"(('Br', 0), ('C', 7), ('Cl', 0), ('F', 0), ('H', 10), ('I', 0), ('N', 0), ('O', 2), ('S', 0))",19,51,complete,51,0,0,True,True,True
dsC7O2H10nsd_6074.xyz,6074,"(('Br', 0), ('C', 7), ('Cl', 0), ('F', 0), ('H', 10), ('I', 0), ('N', 0), ('O', 2), ('S', 0))",19,51,complete,51,0,0,True,True,True
dsC7O2H10nsd_6075.xyz,6075,"(('Br', 0), ('C', 7), ('Cl', 0), ('F', 0), ('H', 10), ('I', 0), ('N', 0), ('O', 2), ('S', 0))",19,51,complete,51,0,0,False,False,True
dsC7O2H10nsd_6076.xyz,6076,"(('Br', 0), ('C', 7), ('Cl', 0), ('F', 0), ('H', 10), ('I', 0), ('N', 0), ('O', 2), ('S', 0))",19,51,complete,51,0,0,False,False,True
dsC7O2H10nsd_6077.xyz,6077,"(('Br', 0), ('C', 7), ('Cl', 0), ('F', 0), ('H', 10), ('I', 0), ('N', 0), ('O', 2), ('S', 0))",19,51,complete,51,0,0,False,False,True
dsC7O2H10nsd_6078.xyz,6078,"(('Br', 0), ('C', 7), ('Cl', 0), ('F', 0), ('H', 10), ('I', 0), ('N', 0), ('O', 2), ('S', 0))",19,51,complete,51,0,0,False,False,True
dsC7O2H10nsd_6079.xyz,6079,"(('Br', 0), ('C', 7), ('Cl', 0), ('F', 0), ('H', 10), ('I', 0), ('N', 0), ('O', 2), ('S', 0))",19,51,complete,51,0,0,False,False,True
dsC7O2H10nsd_6080.xyz,6080,"(('Br', 0), ('C', 7), ('Cl', 0), ('F', 0), ('H', 10), ('I', 0), ('N', 0), ('O', 2), ('S', 0))",19,51,complete,51,0,0,False,False,True
dsC7O2H10nsd_6081.xyz,6081,"(('Br', 0), ('C', 7), ('Cl', 0), ('F', 0), ('H', 10), ('I', 0), ('N', 0), ('O', 2), ('S', 0))",19,51,complete,51,0,0,False,False,True
dsC7O2H10nsd_6082.xyz,6082,"(('Br', 0), ('C', 7), ('Cl', 0), ('F', 0), ('H', 10), ('I', 0), ('N', 0), ('O', 2), ('S', 0))",19,51,complete,51,0,0,True,True,True
dsC7O2H10nsd_6083.xyz,6083,"(('Br', 0), ('C', 7), ('Cl', 0), ('F', 0), ('H', 10), ('I', 0), ('N', 0), ('O', 2), ('S', 0))",19,51,complete,51,0,0,False,False,True
dsC7O2H10nsd_6084.xyz,6084,"(('Br', 0), ('C', 7), ('Cl', 0), ('F', 0), ('H', 10), ('I', 0), ('N', 0), ('O', 2), ('S', 0))",19,51,complete,51,0,0,False,False,True
dsC7O2H10nsd_6085.xyz,6085,"(('Br', 0), ('C', 7), ('Cl', 0), ('F', 0), ('H', 10), ('I', 0), ('N', 0), ('O', 2), ('S', 0))",19,51,complete,51,0,0,False,False,True
dsC7O2H10nsd_6086.xyz,6086,"(('Br', 0), ('C', 7), ('Cl', 0), ('F', 0), ('H', 10), ('I', 0), ('N', 0), ('O', 2), ('S', 0))",19,51,complete,51,0,0,False,False,True
dsC7O2H10nsd_6087.xyz,6087,"(('Br', 0), ('C', 7), ('Cl', 0), ('F', 0), ('H', 10), ('I', 0), ('N', 0), ('O', 2), ('S', 0))",19,51,complete,51,0,0,True,True,True
dsC7O2H10nsd_6088.xyz,6088,"(('Br', 0), ('C', 7), ('Cl', 0), ('F', 0), ('H', 10), ('I', 0), ('N', 0), ('O', 2), ('S', 0))",19,51,complete,51,0,0,True,True,True
dsC7O2H10nsd_6089.xyz,6089,"(('Br', 0), ('C', 7), ('Cl', 0), ('F', 0), ('H', 10), ('I', 0), ('N', 0), ('O', 2), ('S', 0))",19,51,complete,51,0,0,True,True,True
dsC7O2H10nsd_6090.xyz,6090,"(('Br', 0), ('C', 7), ('Cl', 0), ('F', 0), ('H', 10), ('I', 0), ('N', 0), ('O', 2), ('S', 0))",19,51,complete,51,0,0,True,True,True
dsC7O2H10nsd_6091.xyz,6091,"(('Br', 0), ('C', 7), ('Cl', 0), ('F', 0), ('H', 10), ('I', 0), ('N', 0), ('O', 2), ('S', 0))",19,51,complete,51,0,0,True,True,True
dsC7O2H10nsd_6092.xyz,6092,"(('Br', 0), ('C', 7), ('Cl', 0), ('F', 0), ('H', 10), ('I', 0), ('N', 0), ('O', 2), ('S', 0))",19,102,incomplete_count,102,0,0,True,True,True
dsC7O2H10nsd_6093.xyz,6093,"(('Br', 0), ('C', 7), ('Cl', 0), ('F', 0), ('H', 10), ('I', 0), ('N', 0), ('O', 2), ('S', 0))",19,51,complete,51,0,0,True,True,True
dsC7O2H10nsd_6094.xyz,6094,"(('Br', 0), ('C', 7), ('Cl', 0), ('F', 0), ('H', 10), ('I', 0), ('N', 0), ('O', 2), ('S', 0))",19,51,complete,51,0,0,True,True,True
dsC7O2H10nsd_6095.xyz,6095,"(('Br', 0), ('C', 7), ('Cl', 0), ('F', 0), ('H', 10), ('I', 0), ('N', 0), ('O', 2), ('S', 0))",19,51,complete,51,0,0,True,True,True
