has_features,hit_massresid_top1,hit_massresid_top10,hit_massresid_top3,hit_predictor_top1,hit_predictor_top10,hit_predictor_top3,hit_prior_top1,hit_prior_top10,hit_prior_top3,hit_top1,hit_uniform_top1,hit_uniform_top10,hit_uniform_top3,in_pool,margin_pred,margin_status,n_parseable,n_pool,n_scored_finite,pred_norm,qid,rankable,rankable_reason,ranks,smiles,status,target_fp_status,target_parseable
True,False,True,True,False,False,False,False,False,False,False,False,True,True,True,0.0,ok,249,256,249,0.4713671351288677,CAL-0000,True,ok,"{'uniform': 2, 'massresid': 2, 'predictor': 35, 'prior': 90}",COc1ccc(-c2coc3cc(O[C@@H]4O[C@H](CO)[C@@H](O)[C@H](O)[C@H]4O)ccc3c2=O)cc1,complete,ok,True
True,False,False,False,False,False,False,False,False,False,False,False,False,False,True,0.015031372040750002,ok,247,256,247,0.44867336993477375,CAL-0001,True,ok,"{'uniform': 169, 'massresid': 163, 'predictor': 56, 'prior': 92}",COc1ccc(-c2coc3cc(OC4OC(CO)C(O)C(O)C4O)ccc3c2=O)cc1,complete,ok,True
True,False,False,False,False,False,False,False,True,False,False,False,False,False,True,0.01806704090312572,ok,251,256,251,0.4657991257017234,CAL-0002,True,ok,"{'uniform': 85, 'massresid': 83, 'predictor': 22, 'prior': 9}",CC[C@H](C)[C@H](NC(=O)Cc1c[nH]c2ccccc12)C(=O)O,complete,ok,True
True,False,False,False,False,False,False,False,True,False,False,False,False,False,True,0.007115456889546845,ok,252,256,252,0.7441061369979342,CAL-0003,True,ok,"{'uniform': 69, 'massresid': 67, 'predictor': 31, 'prior': 7}",CCC(C)C(NC(=O)Cc1c[nH]c2ccccc12)C(=O)O,complete,ok,True
True,False,False,False,False,True,False,False,True,False,False,False,False,False,True,0.003193478191309773,ok,76,82,76,0.6339540366340799,CAL-0004,True,ok,"{'uniform': 32, 'massresid': 30, 'predictor': 8, 'prior': 8}",O=C(O)CC(=O)OCC1OC(Oc2cc(O)c3c(=O)c(-c4ccc(O)cc4)coc3c2)C(O)C(O)C1O,complete,ok,True
True,,,,,,,,,,,,,,,,no_finite_scores,0,0,0,,CAL-0005,False,no_pool,,O=C(O)CC(=O)OC[C@H]1O[C@@H](Oc2cc(O)c3c(=O)c(-c4ccc(O)cc4)coc3c2)[C@H](O)[C@@H](O)[C@@H]1O,no_pool_in_prefix,ok,True
True,False,False,False,False,False,False,False,False,False,False,False,False,False,True,0.0,ok,252,256,252,0.8711170558780885,CAL-0006,True,ok,"{'uniform': 168, 'massresid': 165, 'predictor': 64, 'prior': 145}",C[C@@H]1O[C@@H](OC[C@H]2O[C@@H](Oc3cc(O)c4c(c3)O[C@H](c3ccc(O)c(O)c3)CC4=O)[C@H](O)[C@@H](O)[C@@H]2O)[C@H](O)[C@H](O)[C@H]1O,complete,ok,True
True,False,False,False,False,False,False,False,False,False,False,False,False,False,True,0.0026696573465279094,ok,253,256,253,0.7721233830241395,CAL-0007,True,ok,"{'uniform': 256, 'massresid': 253, 'predictor': 61, 'prior': 135}",CC1OC(OCC2OC(Oc3cc(O)c4c(c3)OC(c3ccc(O)c(O)c3)CC4=O)C(O)C(O)C2O)C(O)C(O)C1O,complete,ok,True
True,,,,,,,,,,,,,,,,no_finite_scores,0,0,0,,CAL-0008,False,no_pool,,C[C@@H]1O[C@@H](OC[C@H]2O[C@@H](Oc3cc(O)c4c(c3)OC(c3ccc(O)c(O)c3)CC4=O)[C@H](O)[C@@H](O)[C@@H]2O)[C@H](O)[C@H](O)[C@H]1O,no_pool_in_prefix,ok,True
True,False,False,False,False,False,False,False,False,False,False,False,False,False,True,0.003716020568715672,ok,248,256,248,0.5999576190620264,CAL-0009,True,ok,"{'uniform': 234, 'massresid': 227, 'predictor': 12, 'prior': 67}",CC(C)CC(N)C(=O)NCC(=O)O,complete,ok,True
True,False,False,False,False,False,False,False,False,False,False,False,False,False,True,0.0,ok,249,256,249,0.604595735153574,CAL-0010,True,ok,"{'uniform': 84, 'massresid': 83, 'predictor': 18, 'prior': 52}",O=c1c(O)c(-c2ccc(O[C@@H]3O[C@H](CO)[C@@H](O)[C@H](O)[C@H]3O)c(O)c2)oc2cc(O)cc(O)c12,complete,ok,True
True,False,True,False,False,False,False,False,False,False,False,False,False,False,True,0.0,ok,249,256,249,0.8000858403290488,CAL-0011,True,ok,"{'uniform': 11, 'massresid': 10, 'predictor': 23, 'prior': 50}",O=c1c(O)c(-c2ccc(OC3OC(CO)C(O)C(O)C3O)c(O)c2)oc2cc(O)cc(O)c12,complete,ok,True
True,False,False,False,False,False,False,False,False,False,False,False,False,False,True,0.00370782550537585,ok,252,256,252,1.066865422624138,CAL-0012,True,ok,"{'uniform': 206, 'massresid': 203, 'predictor': 218, 'prior': 247}",COc1ccc(/C=C/c2cc(OC)cc(OC)c2)cc1,complete,ok,True
True,False,False,False,False,False,False,False,False,False,False,False,False,False,True,0.018603145116925623,ok,254,256,254,0.8546287638593374,CAL-0013,True,ok,"{'uniform': 149, 'massresid': 147, 'predictor': 204, 'prior': 247}",COc1ccc(C=Cc2cc(OC)cc(OC)c2)cc1,complete,ok,True
True,False,False,False,False,False,False,False,False,False,False,False,False,False,True,0.0,ok,253,256,253,0.9084410299734135,CAL-0014,True,ok,"{'uniform': 144, 'massresid': 143, 'predictor': 45, 'prior': 192}",C[C@H]1OC(Oc2cc(O)c3c(=O)c(O)c(-c4ccc(O)cc4)oc3c2)[C@@H](O)[C@@H](O)[C@@H]1O,complete,ok,True
True,False,False,False,False,False,False,False,False,False,False,False,False,False,True,0.0011124191077873657,ok,255,256,255,0.8265351370535843,CAL-0015,True,ok,"{'uniform': 57, 'massresid': 57, 'predictor': 18, 'prior': 180}",CC1OC(Oc2cc(O)c3c(=O)c(O)c(-c4ccc(O)cc4)oc3c2)C(O)C(O)C1O,complete,ok,True
True,False,False,False,False,True,False,False,False,False,False,False,False,False,True,0.00792674799579507,ok,248,256,248,0.6075949643461614,CAL-0016,True,ok,"{'uniform': 207, 'massresid': 202, 'predictor': 8, 'prior': 124}",OC[C@H](Cc1cccc(O)c1)[C@H](CO)Cc1cccc(O)c1,complete,ok,True
True,False,False,False,False,False,False,False,False,False,False,False,False,False,True,0.020000635612827944,ok,245,256,245,0.7250607059763593,CAL-0017,True,ok,"{'uniform': 23, 'massresid': 22, 'predictor': 71, 'prior': 98}",OCC(Cc1cccc(O)c1)C(CO)Cc1cccc(O)c1,complete,ok,True
True,False,False,False,False,True,False,False,False,False,False,False,False,False,True,0.014354001140419848,ok,248,256,248,0.8042673384715938,CAL-0018,True,ok,"{'uniform': 70, 'massresid': 69, 'predictor': 4, 'prior': 77}",C/C=C1\CN(C)[C@H]2C[C@@]3(C(=O)N(OC)c4ccccc43)[C@@H]3C[C@H]1[C@@H]2CO3,complete,ok,True
True,False,False,False,False,True,False,False,False,False,False,False,False,False,True,0.01791248517230326,ok,254,256,254,0.9121413212489363,CAL-0019,True,ok,"{'uniform': 136, 'massresid': 136, 'predictor': 4, 'prior': 79}",CC=C1CN(C)C2CC3(C(=O)N(OC)c4ccccc43)C3CC1C2CO3,complete,ok,True
True,False,False,False,False,False,False,False,False,False,False,False,False,False,True,0.0338854710635168,ok,212,256,212,0.6218965039845255,CAL-0020,True,ok,"{'uniform': 183, 'massresid': 153, 'predictor': 31, 'prior': 35}",CCC(C)C(N)CC(=O)O,complete,ok,True
True,False,False,False,False,True,False,False,True,False,False,False,False,False,True,0.00012113697421811676,ok,248,256,248,0.8489873225756691,CAL-0021,True,ok,"{'uniform': 42, 'massresid': 42, 'predictor': 4, 'prior': 9}",COc1cc(C[C@H]2C(=O)OC[C@@H]2Cc2ccc(OC)c(OC)c2)ccc1O,complete,ok,True
True,False,False,False,False,False,False,False,False,False,False,False,False,False,True,0.0224618658981659,ok,241,256,241,0.7924038925331987,CAL-0022,True,ok,"{'uniform': 34, 'massresid': 34, 'predictor': 24, 'prior': 15}",COc1cc(CC2C(=O)OCC2Cc2ccc(OC)c(OC)c2)ccc1O,complete,ok,True
True,False,False,False,False,False,False,False,False,False,False,False,False,False,True,0.009448940087081081,ok,249,256,249,0.621736700801584,CAL-0023,True,ok,"{'uniform': 46, 'massresid': 43, 'predictor': 246, 'prior': 244}",COc1cc2c3c(c1OC)-c1cc4c(cc1C[C@@H]3N(C)CC2)OCO4,complete,ok,True
True,False,False,False,False,False,False,False,False,False,False,False,False,False,True,0.003204615155481094,ok,250,256,250,0.5747589056580484,CAL-0024,True,ok,"{'uniform': 234, 'massresid': 228, 'predictor': 234, 'prior': 245}",COc1cc2c3c(c1OC)-c1cc4c(cc1CC3N(C)CC2)OCO4,complete,ok,True
True,False,False,False,False,False,False,False,False,False,False,False,False,False,True,0.00732999886541108,ok,243,256,243,0.383927375517702,CAL-0025,True,ok,"{'uniform': 194, 'massresid': 184, 'predictor': 221, 'prior': 230}",NC(=O)CN1C[C@H]2C[C@@H](C1)c1cccc(=O)n1C2,complete,ok,True
True,False,False,False,False,False,False,False,False,False,False,False,False,False,True,0.08329080087366061,ok,246,256,246,0.32737273099224995,CAL-0026,True,ok,"{'uniform': 68, 'massresid': 66, 'predictor': 26, 'prior': 230}",NC(=O)CN1CC2CC(C1)c1cccc(=O)n1C2,complete,ok,True
True,False,False,False,False,False,False,False,False,False,False,False,False,False,True,0.016726475692795062,ok,206,256,206,0.5091721582188302,CAL-0027,True,ok,"{'uniform': 174, 'massresid': 142, 'predictor': 121, 'prior': 154}",C1CC[C@H]([C@]23C[C@@H](C[C@@H]4CCCN[C@H]42)[C@H]2CCCCN2C3)NC1,complete,ok,True
True,False,True,False,False,False,False,False,False,False,False,False,True,False,True,0.06051894086680565,ok,201,256,201,0.4486589715288902,CAL-0028,True,ok,"{'uniform': 7, 'massresid': 6, 'predictor': 132, 'prior': 148}",C1CCC(C23CC(CC4CCCNC42)C2CCCCN2C3)NC1,complete,ok,True
True,False,False,False,False,False,False,False,False,False,False,False,False,False,True,0.012203502312560288,ok,254,256,254,0.9522307817747071,CAL-0029,True,ok,"{'uniform': 158, 'massresid': 156, 'predictor': 119, 'prior': 47}",CC[C@H]1CN2CCc3c([nH]c4ccccc34)[C@H]2C[C@@H]1/C(=C\OC)C(=O)OC,complete,ok,True
True,False,False,False,False,True,False,False,False,False,False,False,False,False,True,0.008866432053930229,ok,250,256,250,0.5317845110586776,CAL-0030,True,ok,"{'uniform': 100, 'massresid': 96, 'predictor': 4, 'prior': 58}",CCC1CN2CCc3c([nH]c4ccccc34)C2CC1C(=COC)C(=O)OC,complete,ok,True
True,,,,,,,,,,,,,,,,no_finite_scores,0,0,0,,CAL-0031,False,no_pool,,CC[C@@H]1CN2CCc3c([nH]c4ccccc34)[C@@H]2C[C@@H]1/C(=C\OC)C(=O)OC,no_pool_in_prefix,ok,True
True,False,False,False,False,False,False,False,False,False,False,False,False,False,True,0.0,ok,254,256,254,0.9410091494501963,CAL-0032,True,ok,"{'uniform': 19, 'massresid': 19, 'predictor': 244, 'prior': 254}",O=c1cc(-c2ccc(O)c(O)c2)oc2c(C3OC(CO)C(O)C(O)C3O)c(O)c([C@@H]3O[C@H](CO)[C@@H](O)[C@H](O)[C@H]3O)c(O)c12,complete,ok,True
True,False,False,False,False,False,False,False,False,False,False,False,False,False,True,0.0,ok,255,256,255,0.8708590213682259,CAL-0033,True,ok,"{'uniform': 102, 'massresid': 102, 'predictor': 106, 'prior': 255}",O=c1cc(-c2ccc(O)c(O)c2)oc2c(C3OC(CO)C(O)C(O)C3O)c(O)c(C3OC(CO)C(O)C(O)C3O)c(O)c12,complete,ok,True
True,False,False,False,False,False,False,False,False,False,False,False,False,False,True,0.006782635496774603,ok,249,256,249,0.7391514364226579,CAL-0034,True,ok,"{'uniform': 166, 'massresid': 162, 'predictor': 136, 'prior': 164}",COc1cc2ccc(=O)oc2cc1O,complete,ok,True
True,False,False,False,False,False,False,False,False,False,False,False,False,False,True,0.0043788421685565515,ok,244,256,244,0.8204835407357093,CAL-0035,True,ok,"{'uniform': 157, 'massresid': 152, 'predictor': 72, 'prior': 121}",O=C(O)C1Cc2c([nH]c3ccccc23)CN1,complete,ok,True
True,False,False,False,False,False,False,False,False,False,False,False,False,False,True,0.002741465064062587,ok,250,256,250,1.0003569681915288,CAL-0036,True,ok,"{'uniform': 133, 'massresid': 130, 'predictor': 233, 'prior': 182}",C/C=C1/CN2CC[C@]34C(=C(C=O)[C@H]1C[C@H]23)Nc1c(O)cccc14,complete,ok,True
True,,,,,,,,,,,,,,,,no_finite_scores,0,0,0,,CAL-0037,False,no_pool,,C/C=C1/CN2CC[C@]34C(=C(C=O)[C@@H]1C[C@H]23)Nc1c(O)cccc14,no_pool_in_prefix,ok,True
True,False,False,False,False,False,False,False,False,False,False,False,False,False,True,0.02603964236966594,ok,138,147,138,0.541488502145195,CAL-0038,True,ok,"{'uniform': 56, 'massresid': 52, 'predictor': 105, 'prior': 118}",COc1ccc2cc1Oc1ccc(cc1)C[C@@H]1c3cc(c(OC)cc3CCN1C)Oc1c(OC)c(OC)c(OC)c3c1[C@H](C2)N(C)CC3,complete,ok,True
True,False,False,False,False,False,False,False,False,False,False,False,False,False,True,0.02656542609967305,ok,138,147,138,0.5289898168624907,CAL-0039,True,ok,"{'uniform': 48, 'massresid': 44, 'predictor': 101, 'prior': 118}",COc1ccc2cc1Oc1ccc(cc1)CC1c3cc(c(OC)cc3CCN1C)Oc1c(OC)c(OC)c(OC)c3c1C(C2)N(C)CC3,complete,ok,True
True,False,False,False,False,False,False,False,False,False,False,False,False,False,True,0.007287795273197228,ok,247,256,247,0.727085531080928,CAL-0040,True,ok,"{'uniform': 15, 'massresid': 14, 'predictor': 129, 'prior': 68}",CCC1=N[C@H]2C[C@@]3(C(=O)N(OC)c4ccccc43)[C@H]3C[C@@H]1[C@@H]2CO3,complete,ok,True
True,False,False,False,False,False,False,False,False,False,False,False,False,False,True,0.0010269610272958252,ok,248,256,248,0.614708670983035,CAL-0041,True,ok,"{'uniform': 243, 'massresid': 236, 'predictor': 158, 'prior': 82}",CCC1=NC2CC3(C(=O)N(OC)c4ccccc43)C3CC1C2CO3,complete,ok,True
True,False,False,False,False,True,False,False,True,False,False,False,False,False,True,0.03140849202872664,ok,192,241,192,0.8212500569869505,CAL-0042,True,ok,"{'uniform': 187, 'massresid': 145, 'predictor': 8, 'prior': 5}",O=C(O)C(Cc1ccc(O)cc1)NCC1(O)OC(CO)C(O)C1O,complete,ok,True
True,False,False,False,False,False,False,False,False,False,False,False,False,False,True,0.0,ok,87,89,87,0.4784375319095257,CAL-0043,True,ok,"{'uniform': 65, 'massresid': 64, 'predictor': 26, 'prior': 44}",CC1(C(=O)O)CCC2(C)CCC3(C)C(=CC(=O)C4C5(C)CCC(OC6OC(C(=O)O)C(O)C(O)C6OC6OC(C(=O)O)C(O)C(O)C6O)C(C)(C)C5CCC43C)C2C1,complete,ok,True
True,False,False,False,False,False,False,False,False,False,False,False,False,False,True,0.0,ok,87,89,87,0.8414463416547208,CAL-0044,True,ok,"{'uniform': 69, 'massresid': 67, 'predictor': 35, 'prior': 44}",CC1(C)[C@@H](O[C@H]2O[C@H](C(=O)O)[C@@H](O)[C@H](O)[C@H]2O[C@@H]2O[C@H](C(=O)O)[C@@H](O)[C@H](O)[C@H]2O)CC[C@]2(C)[C@H]3C(=O)C=C4[C@@H]5C[C@@](C)(C(=O)O)CC[C@]5(C)CC[C@@]4(C)[C@]3(C)CC[C@@H]12,complete,ok,True
True,False,False,False,False,False,False,False,False,False,False,False,False,False,True,0.0,ok,87,89,87,0.7530138178223735,CAL-0045,True,ok,"{'uniform': 78, 'massresid': 76, 'predictor': 20, 'prior': 46}",CC1(C(=O)O)CC[C@]2(C)CC[C@]3(C)C(=CC(=O)C4[C@@]5(C)CC[C@H](O[C@@H]6O[C@H](C(=O)O)[C@@H](O)[C@H](O)[C@H]6O[C@@H]6O[C@H](C(=O)O)[C@@H](O)[C@H](O)[C@H]6O)C(C)(C)C5CC[C@]43C)[C@@H]2C1,complete,ok,True
True,,,,,,,,,,,,,,,,no_finite_scores,0,0,0,,CAL-0046,False,no_pool,,CC1(C)C2CC[C@]3(C)C(C(=O)C=C4C5C[C@@](C)(C(=O)O)CC[C@]5(C)CC[C@]43C)[C@@]2(C)CC[C@@H]1O[C@@H]1O[C@H](C(=O)O)[C@@H](O)[C@H](O)[C@H]1O[C@H]1O[C@H](C(=O)O)[C@@H](O)[C@H](O)[C@H]1O,no_pool_in_prefix,ok,True
True,,,,,,,,,,,,,,,,no_finite_scores,0,0,0,,CAL-0047,False,no_pool,,CC1(C)[C@@H](O[C@H]2O[C@H](C(=O)O)[C@@H](O)[C@H](O)[C@@H]2O[C@@H]2O[C@H](C(=O)O)[C@@H](O)[C@H](O)[C@H]2O)CC[C@@]2(C)[C@H]3C(=O)C=C4[C@@H]5C[C@@](C)(C(=O)O)CC[C@]5(C)CC[C@@]4(C)[C@]3(C)CC[C@@H]12,no_pool_in_prefix,ok,True
True,False,False,False,False,False,False,False,False,False,False,False,False,False,True,0.009433594559070113,ok,252,256,252,0.8082076966526143,CAL-0048,True,ok,"{'uniform': 190, 'massresid': 187, 'predictor': 154, 'prior': 228}",CC(=O)Oc1ccc(/C=C/c2cc(OC(C)=O)cc(OC(C)=O)c2)cc1,complete,ok,True
True,False,False,False,False,False,False,False,False,False,False,False,False,False,True,0.003032410666392482,ok,251,256,251,0.8208520509055113,CAL-0049,True,ok,"{'uniform': 90, 'massresid': 88, 'predictor': 226, 'prior': 221}",CC(=O)Oc1ccc(C=Cc2cc(OC(C)=O)cc(OC(C)=O)c2)cc1,complete,ok,True
True,False,True,False,False,False,False,False,False,False,False,False,True,False,True,0.004876362014422542,ok,95,97,95,0.8900627645555476,CAL-0050,True,ok,"{'uniform': 10, 'massresid': 10, 'predictor': 34, 'prior': 64}",O=c1c(O)c(-c2cc(O)c(O)c(O)c2)oc2cc(O)cc(O)c12,complete,ok,True
True,False,False,False,False,False,False,False,False,False,False,False,False,False,True,0.00764235903289201,ok,255,256,255,0.729838590585745,CAL-0051,True,ok,"{'uniform': 192, 'massresid': 191, 'predictor': 38, 'prior': 126}",C[C@@H]1O[C@@H](O[C@H]2[C@H](Oc3cc(O)c4c(=O)cc(-c5ccc(O)cc5)oc4c3)O[C@H](CO)[C@@H](O)[C@@H]2O)[C@H](O)[C@H](O)[C@H]1O,complete,ok,True
True,False,False,False,False,False,False,False,False,False,False,False,False,False,True,0.012667619899496052,ok,256,256,256,0.599717459524469,CAL-0052,True,ok,"{'uniform': 216, 'massresid': 216, 'predictor': 40, 'prior': 123}",CC1OC(OC2C(Oc3cc(O)c4c(=O)cc(-c5ccc(O)cc5)oc4c3)OC(CO)C(O)C2O)C(O)C(O)C1O,complete,ok,True
True,False,False,False,False,False,False,False,False,False,False,False,False,False,True,0.018873046324244358,ok,237,256,237,0.7752011312533111,CAL-0053,True,ok,"{'uniform': 177, 'massresid': 162, 'predictor': 14, 'prior': 23}",c1ccc2c3ccn4cc5c(cc4c-3nc2c1)CCCC5,complete,ok,True
True,False,False,False,False,False,False,False,False,False,False,False,False,False,True,0.0,ok,247,256,247,0.5150874089476567,CAL-0054,True,ok,"{'uniform': 95, 'massresid': 92, 'predictor': 25, 'prior': 99}",COc1ccc([C@@H]2CC(=O)c3c(O)cc(O)cc3O2)cc1O,complete,ok,True
True,False,False,False,False,False,False,False,False,False,False,False,False,False,True,0.005377253340487886,ok,245,256,245,0.7670489664923136,CAL-0055,True,ok,"{'uniform': 19, 'massresid': 18, 'predictor': 16, 'prior': 103}",COc1ccc(C2CC(=O)c3c(O)cc(O)cc3O2)cc1O,complete,ok,True
True,False,True,False,False,False,False,False,False,False,False,False,True,False,True,0.004340164031066851,ok,251,256,251,0.43824162848400744,CAL-0056,True,ok,"{'uniform': 6, 'massresid': 6, 'predictor': 31, 'prior': 20}",O=C1CC(c2ccccc2)Oc2ccc(O)cc21,complete,ok,True
True,False,False,False,False,False,False,False,False,False,False,False,False,False,True,0.004683308366648986,ok,256,256,256,0.995495003449171,CAL-0057,True,ok,"{'uniform': 193, 'massresid': 193, 'predictor': 47, 'prior': 147}",C[C@@H]1O[C@@H](O[C@@H]2[C@@H](O)[C@H](Oc3c(-c4ccc(O)cc4)oc4cc(O)cc(O)c4c3=O)O[C@H](CO)[C@H]2O)[C@H](O)[C@H](O)[C@H]1O,complete,ok,True
True,False,False,False,False,False,False,False,False,False,False,False,False,False,True,0.0,ok,256,256,256,0.8254496225985083,CAL-0058,True,ok,"{'uniform': 187, 'massresid': 187, 'predictor': 34, 'prior': 157}",CC1OC(OC2C(O)C(CO)OC(Oc3c(-c4ccc(O)cc4)oc4cc(O)cc(O)c4c3=O)C2O)C(O)C(O)C1O,complete,ok,True
True,,,,,,,,,,,,,,,,no_finite_scores,0,0,0,,CAL-0059,False,no_pool,,CC1O[C@@H](OC2C(O)[C@H](Oc3c(-c4ccc(O)cc4)oc4cc(O)cc(O)c4c3=O)OC(CO)[C@H]2O)[C@@H](O)C(O)[C@H]1O,no_pool_in_prefix,ok,True
True,False,False,False,False,False,False,False,False,False,False,False,False,False,True,0.0003714503803036173,ok,250,256,250,0.7169894526406405,CAL-0060,True,ok,"{'uniform': 66, 'massresid': 65, 'predictor': 39, 'prior': 12}",CC(C)CC(NC(=O)Cc1c[nH]c2ccccc12)C(=O)O,complete,ok,True
True,False,False,False,False,False,False,False,False,False,False,False,False,False,True,0.0008447669374774813,ok,246,256,246,0.5114336744375519,CAL-0061,True,ok,"{'uniform': 22, 'massresid': 21, 'predictor': 177, 'prior': 215}",CC1(C)C[C@H]2C3=CC[C@@H]4[C@@]5(C)CC[C@H](O)[C@](C)(CO)[C@@H]5CC[C@@]4(C)[C@]3(C)CC[C@@]2(C)[C@H](O)[C@@H]1O,complete,ok,True
True,False,False,False,False,False,False,False,False,False,False,False,False,False,True,0.007991022291364391,ok,248,256,248,0.42556278930548114,CAL-0062,True,ok,"{'uniform': 76, 'massresid': 73, 'predictor': 226, 'prior': 220}",CC1(C)CC2C3=CCC4C5(C)CCC(O)C(C)(CO)C5CCC4(C)C3(C)CCC2(C)C(O)C1O,complete,ok,True
True,False,False,False,False,False,False,False,False,False,False,False,False,False,True,0.012736521749110219,ok,90,109,90,0.7851180569471145,CAL-0063,True,ok,"{'uniform': 94, 'massresid': 80, 'predictor': 13, 'prior': 55}",COc1c(O)cc2c(c1O)[C@@H]1O[C@H](CO)[C@@H](O)[C@H](O)[C@H]1OC2=O,complete,ok,True
True,False,False,False,False,True,False,False,False,False,False,False,False,False,True,0.0,ok,90,109,90,0.7573038263829948,CAL-0064,True,ok,"{'uniform': 104, 'massresid': 85, 'predictor': 5, 'prior': 55}",COc1c(O)cc2c(c1O)C1OC(CO)C(O)C(O)C1OC2=O,complete,ok,True
True,False,False,False,False,False,False,False,False,False,False,False,False,False,True,0.0,ok,242,256,242,0.4128362707738385,CAL-0065,True,ok,"{'uniform': 109, 'massresid': 100, 'predictor': 71, 'prior': 178}",COc1ccc2c(c1OC)C(=O)O[C@@H]2[C@H]1c2cc3c(cc2CCN1C)OCO3,complete,ok,True
True,False,False,False,False,False,False,False,False,False,False,False,False,False,True,0.01351045589920774,ok,242,256,242,0.6843594549319532,CAL-0066,True,ok,"{'uniform': 165, 'massresid': 156, 'predictor': 69, 'prior': 186}",COc1ccc2c(c1OC)C(=O)OC2C1c2cc3c(cc2CCN1C)OCO3,complete,ok,True
True,,,,,,,,,,,,,,,,no_finite_scores,0,0,0,,CAL-0067,False,no_pool,,COc1ccc2c(c1OC)C(=O)O[C@H]2[C@@H]1c2cc3c(cc2CCN1C)OCO3,no_pool_in_prefix,ok,True
True,False,False,False,False,False,False,False,True,False,False,False,False,False,True,0.0032928456695551223,ok,246,256,246,0.7013292508328804,CAL-0068,True,ok,"{'uniform': 94, 'massresid': 88, 'predictor': 22, 'prior': 8}",COc1cc(C[C@@H](CO)[C@H](CO)Cc2ccc(O)c(OC)c2)ccc1O,complete,ok,True
True,False,False,False,False,False,False,False,False,False,False,False,False,False,True,0.0,ok,242,249,242,0.35019702320619384,CAL-0069,True,ok,"{'uniform': 192, 'massresid': 186, 'predictor': 102, 'prior': 160}",C[C@@H]1O[C@@H](O[C@H]2[C@H](O[C@H]3CC[C@@]4(C)[C@@H](CC[C@]5(C)[C@@H]4CC=C4[C@@H]6CC(C)(C)CC[C@]6(C(=O)O)CC[C@]45C)[C@]3(C)CO)OC[C@H](O)[C@@H]2O)[C@H](O)[C@H](O)[C@H]1O,complete,ok,True
True,False,False,False,False,False,False,False,False,False,False,False,False,False,True,0.0,ok,242,249,242,0.46411833517121037,CAL-0070,True,ok,"{'uniform': 116, 'massresid': 112, 'predictor': 120, 'prior': 156}",CC1OC(OC2C(OC3CCC4(C)C(CCC5(C)C4CC=C4C6CC(C)(C)CCC6(C(=O)O)CCC45C)C3(C)CO)OCC(O)C2O)C(O)C(O)C1O,complete,ok,True
True,False,False,False,False,True,False,False,False,False,False,False,False,False,True,0.03117351019860748,ok,246,256,246,0.38649224347709915,CAL-0071,True,ok,"{'uniform': 196, 'massresid': 188, 'predictor': 6, 'prior': 44}",CC[C@H]1CN2CC[C@@]3(C(=O)Nc4ccccc43)[C@@H]2C[C@@H]1/C(=C\OC)C(=O)OC,complete,ok,True
True,False,False,False,False,True,False,False,False,False,False,False,False,False,True,0.035318103218341945,ok,253,256,253,0.38664333212592333,CAL-0072,True,ok,"{'uniform': 233, 'massresid': 231, 'predictor': 8, 'prior': 34}",CC[C@H]1CN2CC[C@]3(C(=O)Nc4ccccc43)[C@@H]2C[C@@H]1/C(=C\OC)C(=O)OC,complete,ok,True
True,False,False,False,False,True,False,False,False,False,False,False,False,False,True,0.004516819296202734,ok,244,256,244,0.3867420509227244,CAL-0073,True,ok,"{'uniform': 212, 'massresid': 201, 'predictor': 5, 'prior': 34}",CCC1CN2CCC3(C(=O)Nc4ccccc43)C2CC1C(=COC)C(=O)OC,complete,ok,True
True,,,,,,,,,,,,,,,,no_finite_scores,0,0,0,,CAL-0074,False,no_pool,,CC[C@H]1CN2CC[C@]3(C(=O)Nc4ccccc43)C2C[C@@H]1/C(=C\OC)C(=O)OC,no_pool_in_prefix,ok,True
True,,,,,,,,,,,,,,,,no_finite_scores,0,0,0,,CAL-0075,False,no_pool,,CC[C@@H]1CN2CC[C@@]3(C(=O)Nc4ccccc43)[C@@H]2C[C@@H]1/C(=C\OC)C(=O)OC,no_pool_in_prefix,ok,True
True,,,,,,,,,,,,,,,,no_finite_scores,0,0,0,,CAL-0076,False,no_pool,,CC[C@@H]1CN2CC[C@]3(C(=O)Nc4ccccc43)[C@@H]2C[C@@H]1/C(=C\OC)C(=O)OC,no_pool_in_prefix,ok,True
True,False,False,False,False,False,False,False,False,False,False,False,False,False,True,0.0,ok,242,256,242,0.859239219245233,CAL-0077,True,ok,"{'uniform': 256, 'massresid': 242, 'predictor': 197, 'prior': 214}",COc1cc2c(c(OC)c1OC)-c1c(cc(OC)c(OC)c1OC)CC(C)(O)C(C)C2,complete,ok,True
True,,,,,,,,,,,,,,,,no_finite_scores,0,0,0,,CAL-0078,False,no_pool,,COc1cc2c(c(OC)c1OC)-c1c(cc(OC)c(OC)c1OC)C[C@](C)(O)[C@@H](C)C2,no_pool_in_prefix,ok,True
True,False,False,False,False,False,False,False,False,False,False,False,False,False,True,0.02220216116606233,ok,253,256,253,0.8443011450552923,CAL-0079,True,ok,"{'uniform': 243, 'massresid': 240, 'predictor': 156, 'prior': 158}",COc1ccc(-c2cc(=O)c3c(O)cc(O[C@@H]4O[C@H](CO[C@@H]5O[C@@H](C)[C@H](O)[C@@H](O)[C@H]5O)[C@@H](O)[C@H](O)[C@H]4O)cc3o2)cc1,complete,ok,True
True,False,False,False,False,False,False,False,False,False,False,False,False,False,True,0.01900453302771521,ok,254,256,254,0.6227653249432592,CAL-0080,True,ok,"{'uniform': 236, 'massresid': 234, 'predictor': 158, 'prior': 163}",COc1ccc(-c2cc(=O)c3c(O)cc(OC4OC(COC5OC(C)C(O)C(O)C5O)C(O)C(O)C4O)cc3o2)cc1,complete,ok,True
True,False,False,False,False,False,False,False,False,False,False,False,False,False,True,0.0,ok,255,256,255,1.0022898469079498,CAL-0081,True,ok,"{'uniform': 82, 'massresid': 82, 'predictor': 47, 'prior': 165}",C[C@@H]1O[C@@H](OC[C@H]2O[C@@H](Oc3c(-c4ccc(O)cc4)oc4cc(O[C@@H]5O[C@@H](C)[C@H](O)[C@@H](O)[C@H]5O)cc(O)c4c3=O)[C@H](O)[C@@H](O)[C@H]2O)[C@H](O)[C@H](O)[C@H]1O,complete,ok,True
True,False,False,False,False,False,False,False,False,False,False,False,False,False,True,0.005178192456865682,ok,255,256,255,0.8879460170251209,CAL-0082,True,ok,"{'uniform': 135, 'massresid': 134, 'predictor': 109, 'prior': 165}",C[C@@H]1O[C@@H](OC[C@H]2O[C@@H](Oc3c(-c4ccc(O)cc4)oc4cc(O[C@@H]5O[C@@H](C)[C@H](O)[C@@H](O)[C@H]5O)cc(O)c4c3=O)[C@@H](O)[C@@H](O)[C@H]2O)[C@H](O)[C@H](O)[C@H]1O,complete,ok,True
True,False,False,False,False,False,False,False,False,False,False,False,False,False,True,0.005179394872544152,ok,255,256,255,0.8881433936929303,CAL-0083,True,ok,"{'uniform': 135, 'massresid': 135, 'predictor': 107, 'prior': 166}",CC1OC(OCC2OC(Oc3c(-c4ccc(O)cc4)oc4cc(OC5OC(C)C(O)C(O)C5O)cc(O)c4c3=O)C(O)C(O)C2O)C(O)C(O)C1O,complete,ok,True
True,False,False,False,False,False,False,False,False,False,False,False,False,False,True,0.008633613129768736,ok,251,256,251,0.4974859886737034,CAL-0084,True,ok,"{'uniform': 64, 'massresid': 64, 'predictor': 225, 'prior': 203}",COc1cc(/C=C/C=O)cc(OC)c1O,complete,ok,True
True,False,False,False,False,False,False,False,False,False,False,False,False,False,True,0.00906200503442256,ok,247,256,247,0.5889587896003137,CAL-0085,True,ok,"{'uniform': 129, 'massresid': 124, 'predictor': 185, 'prior': 200}",COc1cc(C=CC=O)cc(OC)c1O,complete,ok,True
True,False,False,False,False,False,False,False,False,False,False,False,False,False,True,0.0023224128022839574,ok,255,256,255,0.7575812958641138,CAL-0086,True,ok,"{'uniform': 179, 'massresid': 178, 'predictor': 48, 'prior': 189}",O=c1cc(-c2ccc(O)cc2)oc2c(C3O[C@@H](CO)[C@H](O)[C@H]3O)c(O)c(C3O[C@H](CO)[C@@H](O)[C@H](O)[C@H]3O)c(O)c12,complete,ok,True
True,False,False,False,False,False,False,False,False,False,False,False,False,False,True,0.000272001214041917,ok,256,256,256,0.9440596236349583,CAL-0087,True,ok,"{'uniform': 213, 'massresid': 213, 'predictor': 47, 'prior': 198}",O=c1cc(-c2ccc(O)cc2)oc2c(C3OC(CO)C(O)C3O)c(O)c(C3OC(CO)C(O)C(O)C3O)c(O)c12,complete,ok,True
True,False,False,False,False,False,False,False,False,False,False,False,False,False,True,0.0,ok,148,155,148,0.6045807822710784,CAL-0088,True,ok,"{'uniform': 77, 'massresid': 74, 'predictor': 129, 'prior': 131}",COc1c2c(cc3c(-c4ccc5c(c4)OCO5)c4c(cc13)C(=O)OC4)OCO2,complete,ok,True
True,False,False,False,False,True,True,False,False,False,False,False,False,False,True,0.0,ok,251,256,251,0.5270623943869724,CAL-0089,True,ok,"{'uniform': 248, 'massresid': 244, 'predictor': 3, 'prior': 189}",COc1ccc(-c2cc(=O)c3c(O)cc(O)cc3o2)cc1,complete,ok,True
True,False,False,False,False,False,False,False,False,False,False,False,False,False,True,0.0028251255334430514,ok,234,256,234,0.40883993510165384,CAL-0090,True,ok,"{'uniform': 146, 'massresid': 139, 'predictor': 169, 'prior': 125}",C=C(C)[C@H]1CN[C@H](C(=O)O)[C@H]1CC(=O)O,complete,ok,True
True,False,False,False,False,False,False,False,False,False,False,False,False,False,True,0.010998100108758124,ok,233,256,233,0.8390603579626853,CAL-0091,True,ok,"{'uniform': 210, 'massresid': 193, 'predictor': 72, 'prior': 130}",C=C(C)C1CNC(C(=O)O)C1CC(=O)O,complete,ok,True
True,False,False,False,False,False,False,False,False,False,False,False,False,False,True,0.021349965276961536,ok,133,141,133,0.6054425111663085,CAL-0092,True,ok,"{'uniform': 38, 'massresid': 33, 'predictor': 91, 'prior': 126}",COc1ccc2cc1Oc1ccc(cc1)CC1=NCCc3cc(OC)c(cc31)Oc1c(OC)c(OC)c(OC)c3c1[C@H](C2)N(C)CC3,complete,ok,True
True,False,False,False,False,False,False,False,False,False,False,False,False,False,True,0.009428894798371057,ok,133,141,133,0.20102372951212166,CAL-0093,True,ok,"{'uniform': 37, 'massresid': 37, 'predictor': 53, 'prior': 126}",COc1ccc2cc1Oc1ccc(cc1)CC1=NCCc3cc(OC)c(cc31)Oc1c(OC)c(OC)c(OC)c3c1C(C2)N(C)CC3,complete,ok,True
True,False,False,False,False,False,False,False,False,False,False,False,False,False,True,0.0,ok,118,119,118,0.402423861605207,CAL-0094,True,ok,"{'uniform': 43, 'massresid': 43, 'predictor': 93, 'prior': 81}",COc1cc([C@@H]2c3cc4c(cc3[C@@H](O[C@@H]3O[C@@H]5CO[C@@H](C)O[C@H]5[C@H](O)[C@H]3O)[C@H]3COC(=O)[C@H]23)OCO4)cc(OC)c1O,complete,ok,True
True,False,False,False,False,False,False,False,False,False,False,False,False,False,True,0.0,ok,118,119,118,0.44952162467883855,CAL-0095,True,ok,"{'uniform': 103, 'massresid': 102, 'predictor': 68, 'prior': 82}",COc1cc(C2c3cc4c(cc3C(OC3OC5COC(C)OC5C(O)C3O)C3COC(=O)C23)OCO4)cc(OC)c1O,complete,ok,True
True,,,,,,,,,,,,,,,,no_finite_scores,0,0,0,,CAL-0096,False,no_pool,,COc1cc([C@H]2c3cc4c(cc3[C@@H](O[C@@H]3O[C@@H]5CO[C@@H](C)O[C@H]5[C@H](O)[C@@H]3O)[C@H]3COC(=O)[C@H]23)OCO4)cc(OC)c1O,no_pool_in_prefix,ok,True
True,False,False,False,False,False,False,False,False,False,False,False,False,False,True,0.01731846375182622,ok,247,256,247,0.5856790861302651,CAL-0097,True,ok,"{'uniform': 19, 'massresid': 16, 'predictor': 114, 'prior': 162}",CC1(C)CC[C@]2(C(=O)O)CC[C@]3(C)C(=CC[C@@H]4[C@@]5(C)C[C@@H](O)[C@H](O)C(C)(C)[C@@H]5CC[C@]43C)[C@@H]2C1,complete,ok,True
True,False,False,False,False,False,False,False,False,False,False,False,False,False,True,0.021828056680112118,ok,245,256,245,0.5808926005663816,CAL-0098,True,ok,"{'uniform': 191, 'massresid': 185, 'predictor': 106, 'prior': 169}",CC1(C)CCC2(C(=O)O)CCC3(C)C(=CCC4C5(C)CC(O)C(O)C(C)(C)C5CCC43C)C2C1,complete,ok,True
True,,,,,,,,,,,,,,,,no_finite_scores,0,0,0,,CAL-0099,False,no_pool,,CC1(C)CC[C@]2(C(=O)O)CC[C@]3(C)C(=CCC4[C@@]5(C)C[C@@H](O)[C@H](O)C(C)(C)C5CC[C@]43C)C2C1,no_pool_in_prefix,ok,True
True,False,False,False,False,False,False,False,False,False,False,False,False,False,True,0.011505693585347476,ok,235,256,235,0.7403652617605427,CAL-0100,True,ok,"{'uniform': 192, 'massresid': 175, 'predictor': 140, 'prior': 34}",CC[C@H]1CN2CC[C@@]3(O)C(=Nc4cccc(OC)c43)[C@@H]2C[C@@H]1/C(=C\OC)C(=O)OC,complete,ok,True
True,False,False,False,False,False,False,False,False,False,False,False,False,False,True,0.0,ok,245,256,245,0.542359234655278,CAL-0101,True,ok,"{'uniform': 164, 'massresid': 155, 'predictor': 89, 'prior': 30}",CCC1CN2CCC3(O)C(=Nc4cccc(OC)c43)C2CC1C(=COC)C(=O)OC,complete,ok,True
True,True,True,True,False,True,False,True,True,True,False,True,True,True,True,0.026114452941464694,ok,21,57,21,0.5638329239258281,CAL-0102,True,ok,"{'uniform': 1, 'massresid': 1, 'predictor': 6, 'prior': 1}",N[C@@H](Cn1oc(=O)[nH]c1=O)C(=O)O,complete,ok,True
True,False,True,False,False,True,False,True,True,True,False,False,False,False,True,0.02615686547667731,ok,21,57,21,0.5638343573913293,CAL-0103,True,ok,"{'uniform': 28, 'massresid': 7, 'predictor': 6, 'prior': 1}",NC(Cn1oc(=O)[nH]c1=O)C(=O)O,complete,ok,True
True,False,False,False,False,False,False,False,False,False,False,False,False,False,True,0.0008938951698792552,ok,255,256,255,0.6955800585371483,CAL-0104,True,ok,"{'uniform': 113, 'massresid': 112, 'predictor': 137, 'prior': 187}",CC1OC(Oc2c(-c3ccc(O)c(O)c3)oc3cc(O)cc(O)c3c2=O)C(OC2OC(CO)C(O)C(O)C2O)C(O)C1O,complete,ok,True
True,,,,,,,,,,,,,,,,no_finite_scores,0,0,0,,CAL-0105,False,no_pool,,C[C@@H]1O[C@@H](Oc2c(-c3ccc(O)c(O)c3)oc3cc(O)cc(O)c3c2=O)[C@H](O[C@@H]2O[C@H](CO)[C@@H](O)[C@H](O)[C@H]2O)[C@H](O)[C@H]1O,no_pool_in_prefix,ok,True
True,False,False,False,False,False,False,False,False,False,False,False,False,False,True,0.001155418071769887,ok,251,256,251,1.0866510765523132,CAL-0106,True,ok,"{'uniform': 53, 'massresid': 53, 'predictor': 189, 'prior': 157}",C/C=C1/CN2[C@@H]3C4CO[C@@H]3c3c([nH]c5cc(OC)ccc35)[C@@H]2CC14,complete,ok,True
True,False,False,False,False,True,False,False,False,False,False,False,False,False,True,0.0015550234124682705,ok,247,256,247,0.7008359491299447,CAL-0107,True,ok,"{'uniform': 136, 'massresid': 131, 'predictor': 4, 'prior': 164}",CC=C1CN2C3CC1C1COC(c4c3[nH]c3cc(OC)ccc43)C12,complete,ok,True
True,False,True,False,False,False,False,False,False,False,False,False,True,False,True,0.0,ok,87,90,87,0.737413829325221,CAL-0108,True,ok,"{'uniform': 7, 'massresid': 7, 'predictor': 33, 'prior': 62}",N#CC(OC1OC(COC2OC(CO)C(O)C(O)C2O)C(O)C(O)C1O)c1ccccc1,complete,ok,True
True,False,False,False,False,False,False,False,False,False,False,False,False,False,True,0.0,ok,87,90,87,0.7375806329462488,CAL-0109,True,ok,"{'uniform': 76, 'massresid': 73, 'predictor': 32, 'prior': 62}",N#C[C@H](O[C@@H]1O[C@H](CO[C@@H]2O[C@H](CO)[C@@H](O)[C@H](O)[C@H]2O)[C@@H](O)[C@H](O)[C@H]1O)c1ccccc1,complete,ok,True
True,,,,,,,,,,,,,,,,no_finite_scores,0,0,0,,CAL-0110,False,no_pool,,N#C[C@@H](O[C@@H]1O[C@H](CO[C@@H]2O[C@H](CO)[C@@H](O)[C@H](O)[C@H]2O)[C@@H](O)[C@H](O)[C@H]1O)c1ccccc1,no_pool_in_prefix,ok,True
True,False,False,False,False,False,False,False,False,False,False,False,False,False,True,0.007712272250821273,ok,245,256,245,0.4231378909687725,CAL-0111,True,ok,"{'uniform': 99, 'massresid': 93, 'predictor': 168, 'prior': 181}",COc1cc(C(=O)OC2CC3CCC(C2)N3)ccc1O,complete,ok,True
True,False,False,False,False,False,False,False,False,False,False,False,False,False,True,0.022242028149452087,ok,242,256,242,0.8243612978877376,CAL-0112,True,ok,"{'uniform': 29, 'massresid': 27, 'predictor': 215, 'prior': 58}",COC(=O)C1=CO[C@@H](C)[C@@H]2CN3CC[C@]4(C(=O)Nc5ccccc54)[C@H]3C[C@H]12,complete,ok,True
True,False,False,False,False,True,False,False,False,False,False,False,False,False,True,0.004676898151813158,ok,251,256,251,0.5691764136575876,CAL-0113,True,ok,"{'uniform': 254, 'massresid': 249, 'predictor': 4, 'prior': 63}",COC(=O)C1=CO[C@@H](C)[C@H]2CN3CC[C@]4(C(=O)Nc5ccccc54)[C@@H]3C[C@H]12,complete,ok,True
True,False,False,False,False,False,False,False,False,False,False,False,False,False,True,0.0028783677542283392,ok,246,256,246,0.8687227901636614,CAL-0114,True,ok,"{'uniform': 17, 'massresid': 17, 'predictor': 211, 'prior': 71}",COC(=O)C1=CO[C@@H](C)[C@@H]2CN3CC[C@]4(C(=O)Nc5ccccc54)[C@@H]3C[C@H]12,complete,ok,True
True,False,False,False,False,False,False,False,False,False,False,False,False,False,True,0.0005839630071889923,ok,251,256,251,0.8588220472699954,CAL-0115,True,ok,"{'uniform': 68, 'massresid': 68, 'predictor': 226, 'prior': 64}",COC(=O)C1=CO[C@H](C)[C@H]2CN3CC[C@]4(C(=O)Nc5ccccc54)[C@@H]3C[C@H]12,complete,ok,True
True,False,False,False,False,False,False,False,False,False,False,False,False,False,True,0.00483320956064992,ok,251,256,251,0.7567892735888605,CAL-0116,True,ok,"{'uniform': 47, 'massresid': 46, 'predictor': 22, 'prior': 66}",COC(=O)C1=CO[C@@H](C)[C@@H]2CN3CC[C@@]4(C(=O)Nc5ccccc54)[C@H]3C[C@H]12,complete,ok,True
True,False,False,False,False,False,False,False,False,False,False,False,False,False,True,0.0,ok,243,256,243,0.7720577089661971,CAL-0117,True,ok,"{'uniform': 189, 'massresid': 179, 'predictor': 222, 'prior': 77}",COC(=O)C1=CO[C@H](C)[C@H]2CN3CC[C@@]4(C(=O)Nc5ccccc54)[C@@H]3C[C@H]12,complete,ok,True
True,False,False,False,False,True,True,False,False,False,False,False,False,False,True,0.02703436882838184,ok,249,256,249,0.672802524848014,CAL-0118,True,ok,"{'uniform': 204, 'massresid': 198, 'predictor': 2, 'prior': 73}",COC(=O)C1=COC(C)C2CN3CCC4(C(=O)Nc5ccccc54)C3CC12,complete,ok,True
True,,,,,,,,,,,,,,,,no_finite_scores,0,0,0,,CAL-0119,False,no_pool,,COC(=O)C1=CO[C@@H](C)[C@H]2CN3CC[C@@]4(C(=O)Nc5ccccc54)[C@@H]3C[C@H]12,no_pool_in_prefix,ok,True
True,,,,,,,,,,,,,,,,no_finite_scores,0,0,0,,CAL-0120,False,no_pool,,COC(=O)C1=CO[C@@H](C)[C@@H]2CN3CC[C@@]4(C(=O)Nc5ccccc54)[C@@H]3C[C@H]12,no_pool_in_prefix,ok,True
True,False,False,False,False,False,False,False,False,False,False,False,False,False,True,0.012325928881567694,ok,251,256,251,0.5107560937335943,CAL-0121,True,ok,"{'uniform': 161, 'massresid': 157, 'predictor': 100, 'prior': 136}",C=CCc1ccc(O)c(-c2ccc(O)c(CC=C)c2)c1,complete,ok,True
True,False,False,False,False,False,False,False,False,False,False,False,False,False,True,0.0,ok,252,256,252,0.47953743370301555,CAL-0122,True,ok,"{'uniform': 115, 'massresid': 114, 'predictor': 128, 'prior': 185}",COc1cc(-c2oc3cc(OC4OC(C)C(O)C(O)C4O)cc(O)c3c(=O)c2O)ccc1O,complete,ok,True
True,False,False,False,False,False,False,False,False,False,False,False,False,False,True,0.006814108968267063,ok,252,256,252,0.9940506115995067,CAL-0123,True,ok,"{'uniform': 162, 'massresid': 159, 'predictor': 227, 'prior': 225}",C=C[C@]12CN(C)[C@@H]3[C@H]4CO[C@H](C[C@H]41)[C@]1(C(=O)N(OC)c4ccccc41)[C@@H]32,complete,ok,True
True,False,False,False,False,False,False,False,False,False,False,False,False,False,True,0.007695668020166746,ok,251,256,251,0.6228834474350163,CAL-0124,True,ok,"{'uniform': 66, 'massresid': 64, 'predictor': 103, 'prior': 240}",C=CC12CN(C)C3C4COC(CC41)C1(C(=O)N(OC)c4ccccc41)C32,complete,ok,True
True,False,False,False,False,False,False,False,False,False,False,False,False,False,True,0.001921295496448372,ok,254,256,254,0.7541969121241616,CAL-0125,True,ok,"{'uniform': 106, 'massresid': 105, 'predictor': 138, 'prior': 86}",COc1ccc([C@@H]2CC(=O)c3c(O)cc(O[C@@H]4O[C@H](CO)[C@@H](O)[C@H](O)[C@H]4O[C@@H]4O[C@@H](C)[C@H](O)[C@@H](O)[C@H]4O)cc3O2)cc1O,complete,ok,True
True,False,False,False,False,False,False,False,False,False,False,False,False,False,True,0.0,ok,254,256,254,0.8687835081825113,CAL-0126,True,ok,"{'uniform': 188, 'massresid': 187, 'predictor': 136, 'prior': 86}",COc1ccc(C2CC(=O)c3c(O)cc(OC4OC(CO)C(O)C(O)C4OC4OC(C)C(O)C(O)C4O)cc3O2)cc1O,complete,ok,True
True,False,False,False,False,False,False,False,False,False,False,False,False,False,True,0.0007562523646403863,ok,243,256,243,0.7296702478733537,CAL-0127,True,ok,"{'uniform': 28, 'massresid': 27, 'predictor': 77, 'prior': 14}",O=c1c2ccccc2nc2n1CCC2,complete,ok,True
True,False,False,False,False,False,False,False,False,False,False,False,False,False,True,0.0,ok,249,256,249,1.0129406082440577,CAL-0128,True,ok,"{'uniform': 56, 'massresid': 56, 'predictor': 187, 'prior': 213}",COc1cc2ccc(=O)oc2c(OC)c1O,complete,ok,True
True,False,False,False,False,False,False,False,False,False,False,False,False,False,True,0.0,ok,247,256,247,0.5838254178767462,CAL-0129,True,ok,"{'uniform': 53, 'massresid': 51, 'predictor': 22, 'prior': 174}",O=C(O)C1C(O)CCC2CN3CCc4c([nH]c5ccccc45)C3CC21,complete,ok,True
True,,,,,,,,,,,,,,,,no_finite_scores,0,0,0,,CAL-0130,False,no_pool,,O=C(O)[C@@H]1[C@H]2C[C@H]3c4[nH]c5ccccc5c4CCN3C[C@@H]2CC[C@@H]1O,no_pool_in_prefix,ok,True
True,False,False,False,False,False,False,False,False,False,False,False,False,False,True,0.010005255651967637,ok,226,256,226,0.7939153349967205,CAL-0131,True,ok,"{'uniform': 227, 'massresid': 199, 'predictor': 68, 'prior': 187}",COc1ccc2cc1Oc1ccc(cc1)C[C@H]1c3cc(c(OC)cc3CCN1C)Oc1c(OC)c(OC)cc3c1[C@H](C2)N(C)CC3,complete,ok,True
True,False,False,False,False,False,False,False,False,False,False,False,False,False,True,0.012279181058314825,ok,227,256,227,0.6531356165317833,CAL-0132,True,ok,"{'uniform': 135, 'massresid': 119, 'predictor': 92, 'prior': 177}",COc1ccc2cc1Oc1ccc(cc1)CC1c3cc(c(OC)cc3CCN1C)Oc1c(OC)c(OC)cc3c1C(C2)N(C)CC3,complete,ok,True
True,,,,,,,,,,,,,,,,no_finite_scores,0,0,0,,CAL-0133,False,no_pool,,COc1ccc2cc1Oc1ccc(cc1)C[C@H]1c3cc(c(OC)cc3CCN1C)Oc1c(OC)c(OC)cc3c1[C@@H](C2)N(C)CC3,no_pool_in_prefix,ok,True
True,,,,,,,,,,,,,,,,no_finite_scores,0,0,0,,CAL-0134,False,no_pool,,COc1ccc2cc1Oc1ccc(cc1)C[C@@H]1c3cc(c(OC)cc3CCN1C)Oc1c(OC)c(OC)cc3c1[C@@H](C2)N(C)CC3,no_pool_in_prefix,ok,True
True,False,False,False,False,False,False,False,False,False,False,False,False,False,True,0.10039573388198325,ok,253,256,253,0.44130875939017583,CAL-0135,True,ok,"{'uniform': 92, 'massresid': 92, 'predictor': 50, 'prior': 209}",CC[C@]12C=CCN3CCc4c(n(c5ccccc45)[C@](O)(C(=O)OC)C1)[C@@H]32,complete,ok,True
True,False,False,False,False,False,False,False,False,False,False,False,False,False,True,0.05268754430191602,ok,250,256,250,0.4702000803768648,CAL-0136,True,ok,"{'uniform': 227, 'massresid': 221, 'predictor': 56, 'prior': 202}",CCC12C=CCN3CCc4c(n(c5ccccc45)C(O)(C(=O)OC)C1)C32,complete,ok,True
True,False,False,False,False,False,False,False,False,False,False,False,False,False,True,0.016761550873655162,ok,245,256,245,0.4412374413128401,CAL-0137,True,ok,"{'uniform': 31, 'massresid': 30, 'predictor': 241, 'prior': 194}",CSCCCCCCCN=C=S,complete,ok,True
True,False,False,False,False,False,False,False,False,False,False,False,False,False,True,0.00658678117491629,ok,163,167,163,0.6556560619165677,CAL-0138,True,ok,"{'uniform': 133, 'massresid': 129, 'predictor': 136, 'prior': 145}",CC1OC(Oc2c(-c3ccc(O)c(O)c3)oc3cc(O)cc(O)c3c2=O)C(OC2OC(COC(=O)/C=C/c3ccc(O)cc3)C(O)C(O)C2O)C(O)C1O,complete,ok,True
True,False,False,False,False,False,False,False,False,False,False,False,False,False,True,0.0,ok,163,167,163,0.6953870921969788,CAL-0139,True,ok,"{'uniform': 121, 'massresid': 117, 'predictor': 138, 'prior': 146}",CC1OC(Oc2c(-c3ccc(O)c(O)c3)oc3cc(O)cc(O)c3c2=O)C(OC2OC(COC(=O)C=Cc3ccc(O)cc3)C(O)C(O)C2O)C(O)C1O,complete,ok,True
True,,,,,,,,,,,,,,,,no_finite_scores,0,0,0,,CAL-0140,False,no_pool,,C[C@@H]1O[C@@H](Oc2c(-c3ccc(O)c(O)c3)oc3cc(O)cc(O)c3c2=O)C(O[C@@H]2O[C@H](COC(=O)/C=C/c3ccc(O)cc3)[C@@H](O)[C@H](O)[C@H]2O)[C@H](O)[C@H]1O,no_pool_in_prefix,ok,True
True,False,False,False,False,False,False,False,False,False,False,False,False,False,True,0.0,ok,138,139,138,0.2280606785708468,CAL-0141,True,ok,"{'uniform': 24, 'massresid': 24, 'predictor': 112, 'prior': 124}",COc1cc(-c2cc(=O)c3c(O)cc(OC4OC(CO)C(O)C(O)C4OC4OC(C)C(O)C(O)C4O)cc3o2)cc(OC)c1O,complete,ok,True
True,False,False,False,False,False,False,False,False,False,False,False,False,False,True,0.0,ok,247,256,247,0.34911879834951576,CAL-0142,True,ok,"{'uniform': 130, 'massresid': 126, 'predictor': 129, 'prior': 149}",COc1cc(C(C)=O)cc(OC)c1O,complete,ok,True
True,False,False,False,False,False,False,False,False,False,False,False,False,False,True,0.0,ok,253,256,253,0.5784965874693005,CAL-0143,True,ok,"{'uniform': 217, 'massresid': 214, 'predictor': 88, 'prior': 115}",C[C@@H]1O[C@@H](O[C@H]2[C@H](Oc3cc(O)c4c(c3)O[C@H](c3ccc(O)c(O)c3)CC4=O)O[C@H](CO)[C@@H](O)[C@@H]2O)[C@H](O)[C@H](O)[C@H]1O,complete,ok,True
True,False,False,False,False,False,False,False,False,False,False,False,False,False,True,0.0,ok,254,256,254,0.6158961943347951,CAL-0144,True,ok,"{'uniform': 120, 'massresid': 120, 'predictor': 80, 'prior': 110}",CC1OC(OC2C(Oc3cc(O)c4c(c3)OC(c3ccc(O)c(O)c3)CC4=O)OC(CO)C(O)C2O)C(O)C(O)C1O,complete,ok,True
True,False,False,False,False,False,False,False,False,False,False,False,False,False,True,0.006725374008276219,ok,249,256,249,0.5570306683873906,CAL-0145,True,ok,"{'uniform': 113, 'massresid': 110, 'predictor': 219, 'prior': 239}",Cc1[nH]ccc2c1[nH]c1cc(=O)ccc12,complete,ok,True
True,False,False,False,False,False,False,False,False,False,False,False,False,False,True,0.018206972043876002,ok,253,256,253,0.5610505246734822,CAL-0146,True,ok,"{'uniform': 169, 'massresid': 167, 'predictor': 194, 'prior': 249}",CC(C)C(N)C(=O)NC(C(=O)O)C(C)C,complete,ok,True
True,,,,,,,,,,,,,,,,no_finite_scores,0,0,0,,CAL-0147,False,no_pool,,CC(C)[C@H](N)C(=O)N[C@H](C(=O)O)C(C)C,no_pool_in_prefix,ok,True
True,False,False,False,False,False,False,False,False,False,False,False,False,False,True,0.005246554632550193,ok,253,256,253,1.0694235652838968,CAL-0148,True,ok,"{'uniform': 239, 'massresid': 236, 'predictor': 123, 'prior': 149}",COc1cc(-c2oc3cc(=O)cc(O)c-3cc2O[C@@H]2O[C@H](CO)[C@H](O)[C@H](O)[C@H]2O)ccc1O,complete,ok,True
True,False,False,False,False,False,False,False,False,False,False,False,False,False,True,0.022650593993570056,ok,252,256,252,0.4550437404403473,CAL-0149,True,ok,"{'uniform': 236, 'massresid': 232, 'predictor': 190, 'prior': 187}",CCC12CCCN3CCc4c(n(c5ccccc45)C(=O)C1)C32,complete,ok,True
True,,,,,,,,,,,,,,,,no_finite_scores,0,0,0,,CAL-0150,False,no_pool,,CC[C@]12CCCN3CCc4c(n(c5ccccc45)C(=O)C1)[C@@H]32,no_pool_in_prefix,ok,True
True,False,False,False,False,False,False,False,False,False,False,False,False,False,True,0.008644591370314036,ok,253,256,253,0.747196296602191,CAL-0151,True,ok,"{'uniform': 41, 'massresid': 41, 'predictor': 40, 'prior': 190}",O=C(/C=C/c1ccc(O)cc1)c1ccc(O)cc1O,complete,ok,True
True,False,False,False,False,False,False,False,False,False,False,False,False,False,True,0.004630604357103385,ok,253,256,253,0.7350956889973354,CAL-0152,True,ok,"{'uniform': 47, 'massresid': 46, 'predictor': 57, 'prior': 180}",O=C(C=Cc1ccc(O)cc1)c1ccc(O)cc1O,complete,ok,True
True,False,False,False,True,True,True,False,False,False,True,False,False,False,True,0.08602786290449307,ok,252,256,252,0.3626594429525138,CAL-0153,True,ok,"{'uniform': 109, 'massresid': 108, 'predictor': 1, 'prior': 213}",COC(=O)C1CC23CCCN4CCC5(c6ccccc6NC15C2C)C43,complete,ok,True
True,False,False,False,False,False,False,False,False,False,False,False,False,False,True,0.004360098322633288,ok,251,256,251,0.734820683199377,CAL-0154,True,ok,"{'uniform': 232, 'massresid': 227, 'predictor': 15, 'prior': 49}",O=C1OC[C@@H](Cc2cccc(O)c2)[C@@H]1Cc1cccc(O)c1,complete,ok,True
True,False,False,False,False,False,False,False,False,False,False,False,False,False,True,0.07618650592107301,ok,252,256,252,0.5183825272506924,CAL-0155,True,ok,"{'uniform': 132, 'massresid': 129, 'predictor': 21, 'prior': 49}",O=C1OCC(Cc2cccc(O)c2)C1Cc1cccc(O)c1,complete,ok,True
True,,,,,,,,,,,,,,,,no_finite_scores,0,0,0,,CAL-0156,False,no_pool,,O=C1OC[C@H](Cc2cccc(O)c2)[C@H]1Cc1cccc(O)c1,no_pool_in_prefix,ok,True
True,False,False,False,False,False,False,False,False,False,False,False,False,False,True,0.0,ok,253,256,253,0.8713702591685406,CAL-0157,True,ok,"{'uniform': 72, 'massresid': 71, 'predictor': 69, 'prior': 150}",COc1ccc([C@@H]2CC(=O)c3c(O)cc(O[C@@H]4O[C@H](CO[C@@H]5O[C@@H](C)[C@H](O)[C@@H](O)[C@H]5O)[C@@H](O)[C@H](O)[C@H]4O)cc3O2)cc1O,complete,ok,True
True,False,False,False,False,False,False,False,False,False,False,False,False,False,True,0.0,ok,253,256,253,0.7763792318481452,CAL-0158,True,ok,"{'uniform': 220, 'massresid': 218, 'predictor': 74, 'prior': 160}",COc1ccc(C2CC(=O)c3c(O)cc(OC4OC(COC5OC(C)C(O)C(O)C5O)C(O)C(O)C4O)cc3O2)cc1O,complete,ok,True
True,False,False,False,False,False,False,False,False,False,False,False,False,False,True,0.0,ok,253,256,253,1.0305835931234109,CAL-0159,True,ok,"{'uniform': 138, 'massresid': 137, 'predictor': 135, 'prior': 156}",COc1ccc(C2CC(=O)c3c(O)cc(O[C@@H]4O[C@H](CO[C@@H]5O[C@@H](C)[C@H](O)[C@@H](O)[C@H]5O)[C@@H](O)[C@H](O)[C@H]4O)cc3O2)cc1O,complete,ok,True
True,,,,,,,,,,,,,,,,no_finite_scores,0,0,0,,CAL-0160,False,no_pool,,COc1ccc([C@@H]2CC(=O)c3c(O)cc(O[C@@H]4OC(CO[C@@H]5OC(C)[C@H](O)[C@H](O)C5O)[C@@H](O)[C@@H](O)C4O)cc3O2)cc1O,no_pool_in_prefix,ok,True
True,False,False,False,False,False,False,False,False,False,False,False,False,False,True,0.0057708668310312294,ok,250,256,250,0.9319869233537786,CAL-0161,True,ok,"{'uniform': 201, 'massresid': 197, 'predictor': 44, 'prior': 150}",COc1c(O)cc2occ(-c3ccc(O)cc3)c(=O)c2c1O,complete,ok,True
True,False,False,False,False,False,False,False,False,False,False,False,False,False,True,0.010885704515581573,ok,251,256,251,1.051862308987142,CAL-0162,True,ok,"{'uniform': 195, 'massresid': 191, 'predictor': 134, 'prior': 125}",COc1ccc(/C=C/C(=O)O)cc1OC,complete,ok,True
True,False,False,False,False,False,False,False,False,False,False,False,False,False,True,0.031184612228351893,ok,250,256,250,0.5015367511397297,CAL-0163,True,ok,"{'uniform': 193, 'massresid': 188, 'predictor': 95, 'prior': 141}",COc1ccc(C=CC(=O)O)cc1OC,complete,ok,True
True,False,False,False,False,False,False,False,False,False,False,False,False,False,True,0.012996475320574241,ok,256,256,256,1.007458606075526,CAL-0164,True,ok,"{'uniform': 162, 'massresid': 162, 'predictor': 27, 'prior': 116}",COc1cc(-c2oc3cc(=O)cc(O)c-3cc2OC2OCC(O)C(O)C2O)ccc1O,complete,ok,True
True,False,False,False,False,True,False,False,True,False,False,False,False,False,True,0.0,ok,31,34,31,0.5623001207776156,CAL-0165,True,ok,"{'uniform': 20, 'massresid': 19, 'predictor': 4, 'prior': 6}",O=C(O)CC(=O)OCC1OC(Oc2c(-c3ccc(O)c(O)c3)oc3cc(O)cc(O)c3c2=O)C(O)C(O)C1O,complete,ok,True
True,False,False,False,True,True,True,False,True,False,True,False,False,False,True,0.0016750025737787277,ok,31,34,31,0.6794587686279183,CAL-0166,True,ok,"{'uniform': 19, 'massresid': 18, 'predictor': 1, 'prior': 6}",O=C(O)CC(=O)OC[C@H]1O[C@@H](Oc2c(-c3ccc(O)c(O)c3)oc3cc(O)cc(O)c3c2=O)[C@H](O)[C@@H](O)[C@@H]1O,complete,ok,True
True,False,False,False,False,False,False,False,False,False,False,False,False,False,True,0.06771893470956492,ok,252,256,252,0.4073698733164067,CAL-0167,True,ok,"{'uniform': 93, 'massresid': 90, 'predictor': 95, 'prior': 197}",COc1ccc(-c2coc3cc(O)c(CC=C(C)C)c(O)c3c2=O)cc1,complete,ok,True
True,False,False,False,False,False,False,False,False,False,False,False,False,False,True,0.0,ok,253,256,253,0.6286554183854813,CAL-0168,True,ok,"{'uniform': 114, 'massresid': 113, 'predictor': 52, 'prior': 145}",COc1ccc(-c2cc(=O)c3c(O)cc(OC4O[C@H](CO)[C@@H](O)[C@H](O)C4O[C@@H]4O[C@@H](C)[C@H](O)[C@@H](O)[C@H]4O)cc3o2)cc1O,complete,ok,True
True,False,False,False,False,False,False,False,False,False,False,False,False,False,True,0.005285945417923155,ok,251,256,251,0.6605414811525928,CAL-0169,True,ok,"{'uniform': 167, 'massresid': 164, 'predictor': 55, 'prior': 144}",COc1ccc(-c2cc(=O)c3c(O)cc(OC4OC(CO)C(O)C(O)C4OC4OC(C)C(O)C(O)C4O)cc3o2)cc1O,complete,ok,True
True,False,False,False,False,False,False,False,False,False,False,False,False,False,True,0.0,ok,72,72,72,0.6095467828168863,CAL-0170,True,ok,"{'uniform': 69, 'massresid': 69, 'predictor': 69, 'prior': 55}",COc1ccc(-c2oc3c(CC=C(C)C)c(O[C@@H]4O[C@H](CO)[C@@H](O)[C@H](O)[C@H]4O)cc(O)c3c(=O)c2O[C@@H]2O[C@@H](C)[C@H](O)[C@@H](O)[C@H]2O)cc1,complete,ok,True
True,,,,,,,,,,,,,,,,no_finite_scores,0,0,0,,CAL-0171,False,no_pool,,COc1ccc(-c2oc3c(CC=C(C)C)c(OC4OC(CO)C(O)C(O)C4O)cc(O)c3c(=O)c2OC2OC(C)C(O)C(O)C2O)cc1,no_pool_in_prefix,ok,True
True,False,False,False,False,False,False,False,False,False,False,False,False,False,True,0.0,ok,249,256,249,0.6142059177580946,CAL-0172,True,ok,"{'uniform': 202, 'massresid': 195, 'predictor': 177, 'prior': 161}",OCC1O[C@@H](Oc2cc(O)cc(/C=C/c3ccc(O)cc3)c2)C(O)[C@@H](O)[C@@H]1O,complete,ok,True
True,False,False,False,False,False,False,False,False,False,False,False,False,False,True,0.0,ok,251,256,251,0.439131305244334,CAL-0173,True,ok,"{'uniform': 249, 'massresid': 244, 'predictor': 130, 'prior': 156}",OCC1OC(Oc2cc(O)cc(C=Cc3ccc(O)cc3)c2)C(O)C(O)C1O,complete,ok,True
True,,,,,,,,,,,,,,,,no_finite_scores,0,0,0,,CAL-0174,False,no_pool,,OC[C@H]1O[C@@H](Oc2cc(O)cc(/C=C/c3ccc(O)cc3)c2)[C@H](O)[C@@H](O)[C@@H]1O,no_pool_in_prefix,ok,True
True,,,,,,,,,,,,,,,,no_finite_scores,0,0,0,,CAL-0175,False,no_pool,,OCC1OC(Oc2cc(O)cc(/C=C/c3ccc(O)cc3)c2)C(O)C(O)C1O,no_pool_in_prefix,ok,True
True,,,,,,,,,,,,,,,,no_finite_scores,0,0,0,,CAL-0176,False,no_pool,,OCC1OC(Oc2cc(O)cc(/C=C\c3ccc(O)cc3)c2)C(O)C(O)C1O,no_pool_in_prefix,ok,True
True,False,False,False,False,False,False,False,False,False,False,False,False,False,True,0.00548438800638551,ok,255,256,255,0.8871432676213435,CAL-0177,True,ok,"{'uniform': 52, 'massresid': 52, 'predictor': 187, 'prior': 18}",CCC1C2CCN3CCC4(C(=C2C(=O)OC)Nc2ccccc24)C13,complete,ok,True
True,,,,,,,,,,,,,,,,no_finite_scores,0,0,0,,CAL-0178,False,no_pool,,CC[C@H]1[C@@H]2CCN3CC[C@@]4(C(=C2C(=O)OC)Nc2ccccc24)[C@@H]13,no_pool_in_prefix,ok,True
True,False,False,False,False,False,False,False,False,False,False,False,False,False,True,0.002812008294477031,ok,246,256,246,1.20162967876944,CAL-0179,True,ok,"{'uniform': 108, 'massresid': 104, 'predictor': 65, 'prior': 129}",C/C=C1\CN2[C@H]3C[C@H]1[C@H](CO)[C@@H]2Cc1c3[nH]c2ccccc12,complete,ok,True
True,False,False,False,False,False,False,False,False,False,False,False,False,False,True,0.037275963710239335,ok,252,256,252,0.49437616386997457,CAL-0180,True,ok,"{'uniform': 225, 'massresid': 221, 'predictor': 27, 'prior': 139}",CC=C1CN2C3CC1C(CO)C2Cc1c3[nH]c2ccccc12,complete,ok,True
True,False,False,False,False,False,False,False,False,False,False,False,False,False,True,0.000962316673452035,ok,245,256,245,0.4143856242755773,CAL-0181,True,ok,"{'uniform': 238, 'massresid': 227, 'predictor': 20, 'prior': 159}",COc1cc(O)c2c(=O)c(O)c(-c3ccc(O)c(O)c3)oc2c1,complete,ok,True
True,False,False,False,False,False,False,False,False,False,False,False,False,False,True,0.007166199652717475,ok,248,256,248,1.1988163883205916,CAL-0182,True,ok,"{'uniform': 21, 'massresid': 20, 'predictor': 235, 'prior': 133}",C=C[C@@]12CN(C)[C@H]3C[C@]14C(=Nc1ccccc14)[C@@H]1C[C@@H]2[C@@H]3CO1,complete,ok,True
True,False,False,False,False,False,False,False,False,False,False,False,False,False,True,0.019515556552479274,ok,250,256,250,0.3582185273518785,CAL-0183,True,ok,"{'uniform': 250, 'massresid': 244, 'predictor': 238, 'prior': 137}",C=CC12CN(C)C3CC14C(=Nc1ccccc14)C1CC2C3CO1,complete,ok,True
True,,,,,,,,,,,,,,,,no_finite_scores,0,0,0,,CAL-0184,False,no_pool,,C=C[C@@]12CN(C)[C@H]3C[C@@]14C(=Nc1ccccc14)[C@H]1C[C@@H]2[C@@H]3CO1,no_pool_in_prefix,ok,True
True,False,True,False,False,False,False,False,False,False,False,False,True,False,True,0.0018532414883684067,ok,255,256,255,0.9751136150523123,CAL-0185,True,ok,"{'uniform': 8, 'massresid': 8, 'predictor': 173, 'prior': 184}",CC1OC(OCC2OC(Oc3c(-c4ccccc4O)oc4cc(O)cc(O)c4c3=O)C(O)C(O)C2O)C(O)C(O)C1O,complete,ok,True
True,False,False,False,False,False,False,False,False,False,False,False,False,False,True,0.0,ok,253,256,253,0.7196968582243657,CAL-0186,True,ok,"{'uniform': 181, 'massresid': 179, 'predictor': 81, 'prior': 67}",CN1c2ccccc2C(=O)N2CCc3c([nH]c4ccccc34)[C@H]21,complete,ok,True
True,False,False,False,False,False,False,False,False,False,False,False,False,False,True,0.010606736509539805,ok,253,256,253,0.8728546047160868,CAL-0187,True,ok,"{'uniform': 203, 'massresid': 200, 'predictor': 78, 'prior': 90}",CN1c2ccccc2C(=O)N2CCc3c([nH]c4ccccc34)C21,complete,ok,True
True,False,False,False,False,False,False,False,False,False,False,False,False,False,True,0.022294870688325363,ok,251,256,251,0.8174721854220425,CAL-0188,True,ok,"{'uniform': 32, 'massresid': 32, 'predictor': 82, 'prior': 218}",COc1ccc(C(=O)OC2CC3CCC(C2)N3C)cc1OC,complete,ok,True
True,False,False,False,False,False,False,False,False,False,False,False,False,False,True,0.0,ok,252,256,252,0.5718493687359644,CAL-0189,True,ok,"{'uniform': 18, 'massresid': 18, 'predictor': 17, 'prior': 61}",O=C1CC(c2ccc(O)c(O)c2)Oc2cc(O[C@@H]3O[C@H](CO)[C@@H](O)[C@H](O)[C@H]3O)cc(O)c21,complete,ok,True
True,False,False,False,False,False,False,False,False,False,False,False,False,False,True,0.0,ok,249,256,249,0.5981561757952276,CAL-0190,True,ok,"{'uniform': 26, 'massresid': 25, 'predictor': 13, 'prior': 72}",O=C1CC(c2ccc(O)c(O)c2)Oc2cc(OC3OC(CO)C(O)C(O)C3O)cc(O)c21,complete,ok,True
True,False,False,False,False,False,False,False,False,False,False,False,False,False,True,0.0,ok,249,256,249,1.1150612940280784,CAL-0191,True,ok,"{'uniform': 55, 'massresid': 55, 'predictor': 28, 'prior': 81}",O=C1C[C@@H](c2ccc(O)c(O)c2)Oc2cc(O[C@@H]3O[C@H](CO)[C@@H](O)[C@H](O)[C@H]3O)cc(O)c21,complete,ok,True
True,False,False,False,False,False,False,False,False,False,False,False,False,False,True,0.0035275498482718604,ok,254,256,254,0.7823775576403691,CAL-0192,True,ok,"{'uniform': 192, 'massresid': 191, 'predictor': 116, 'prior': 185}",C[C@@H]1O[C@@H](OC[C@H]2O[C@@H](Oc3cc(O)c4c(c3)O[C@H](c3ccc(O)cc3)CC4=O)[C@H](O)[C@@H](O)[C@@H]2O)[C@H](O)[C@H](O)[C@H]1O,complete,ok,True
True,False,False,False,False,False,False,False,False,False,False,False,False,False,True,0.0035279128622117684,ok,253,256,253,0.7824470191676575,CAL-0193,True,ok,"{'uniform': 130, 'massresid': 128, 'predictor': 108, 'prior': 174}",CC1OC(OCC2OC(Oc3cc(O)c4c(c3)OC(c3ccc(O)cc3)CC4=O)C(O)C(O)C2O)C(O)C(O)C1O,complete,ok,True
True,,,,,,,,,,,,,,,,no_finite_scores,0,0,0,,CAL-0194,False,no_pool,,C[C@@H]1O[C@@H](OC[C@H]2O[C@@H](Oc3cc(O)c4c(c3)OC(c3ccc(O)cc3)CC4=O)[C@H](O)[C@@H](O)[C@@H]2O)[C@H](O)[C@H](O)[C@H]1O,no_pool_in_prefix,ok,True
True,,,,,,,,,,,,,,,,no_finite_scores,0,0,0,,CAL-0195,False,no_pool,,CC1O[C@@H](OCC2O[C@@H](Oc3cc(O)c4c(c3)OC(c3ccc(O)cc3)CC4=O)[C@H](O)[C@@H](O)[C@@H]2O)[C@H](O)[C@H](O)[C@H]1O,no_pool_in_prefix,ok,True
True,False,False,False,False,False,False,False,False,False,False,False,False,False,True,0.02922338018646997,ok,205,256,205,0.6193294374005897,CAL-0196,True,ok,"{'uniform': 158, 'massresid': 125, 'predictor': 46, 'prior': 35}",O=C(O)c1ccc(=O)[nH]c1,complete,ok,True
True,False,False,False,False,False,False,False,False,False,False,False,False,False,True,0.002280590695332707,ok,251,256,251,0.7016542785210368,CAL-0197,True,ok,"{'uniform': 128, 'massresid': 127, 'predictor': 24, 'prior': 207}",CN1C2CCC1CC(OC(=O)C(O)c1ccccc1)C2,complete,ok,True
True,,,,,,,,,,,,,,,,no_finite_scores,0,0,0,,CAL-0198,False,no_pool,,CN1[C@@H]2CC[C@H]1CC(OC(=O)C(O)c1ccccc1)C2,no_pool_in_prefix,ok,True
True,,,,,,,,,,,,,,,,no_finite_scores,0,0,0,,CAL-0199,False,no_pool,,CN1[C@@H]2CC[C@@H]1CC(OC(=O)C(O)c1ccccc1)C2,no_pool_in_prefix,ok,True
True,False,True,True,False,True,True,False,True,True,False,False,True,False,True,0.010558895601458507,ok,8,24,8,0.4460681845595588,CAL-0200,True,ok,"{'uniform': 10, 'massresid': 2, 'predictor': 2, 'prior': 2}",CCCCCCCC(O)SCC(NC(=O)CCC(N)C(=O)O)C(=O)NCC(=O)O,complete,ok,True
True,False,False,False,False,False,False,False,False,False,False,False,False,False,True,0.00013425797859711874,ok,253,256,253,0.4484285830219545,CAL-0201,True,ok,"{'uniform': 49, 'massresid': 47, 'predictor': 46, 'prior': 126}",O=c1c(O[C@@H]2O[C@H](CO[C@@H]3OC[C@H](O)[C@H](O)[C@H]3O)[C@@H](O)[C@H](O)[C@H]2O)c(-c2ccc(O)c(O)c2)oc2cc(O)cc(O)c12,complete,ok,True
True,False,False,False,False,False,False,False,False,False,False,False,False,False,True,0.0,ok,253,256,253,0.5935625191213885,CAL-0202,True,ok,"{'uniform': 237, 'massresid': 234, 'predictor': 17, 'prior': 132}",O=c1c(OC2OC(COC3OCC(O)C(O)C3O)C(O)C(O)C2O)c(-c2ccc(O)c(O)c2)oc2cc(O)cc(O)c12,complete,ok,True
True,False,False,False,False,False,False,False,False,False,False,False,False,False,True,0.0,ok,253,256,253,0.6191070466030537,CAL-0203,True,ok,"{'uniform': 107, 'massresid': 106, 'predictor': 28, 'prior': 129}",O=c1c(O[C@@H]2O[C@H](CO[C@@H]3OC[C@@H](O)[C@H](O)[C@H]3O)[C@@H](O)[C@H](O)[C@H]2O)c(-c2ccc(O)c(O)c2)oc2cc(O)cc(O)c12,complete,ok,True
True,False,False,False,False,False,False,False,False,False,False,False,False,False,True,0.02249201658680733,ok,149,153,149,0.5566209660187559,CAL-0204,True,ok,"{'uniform': 149, 'massresid': 145, 'predictor': 51, 'prior': 97}",CC(C)=CC/C=C(/C)[C@H]1CC[C@@]2(C)[C@@H]1[C@@H](O)CC1[C@@]3(C)CCC(O[C@@H]4O[C@H](CO)[C@@H](O)[C@H](O)[C@H]4O)C(C)(C)C3CC[C@]12C,complete,ok,True
True,False,False,False,False,True,False,False,False,False,False,False,False,False,True,0.00016981461270110243,ok,149,153,149,0.6026081138262657,CAL-0205,True,ok,"{'uniform': 37, 'massresid': 35, 'predictor': 9, 'prior': 97}",CC(C)=CCC=C(C)C1CCC2(C)C1C(O)CC1C3(C)CCC(OC4OC(CO)C(O)C(O)C4O)C(C)(C)C3CCC12C,complete,ok,True
True,False,False,False,False,False,False,False,False,False,False,False,False,False,True,0.021466442100483762,ok,240,256,240,0.8236185689271378,CAL-0206,True,ok,"{'uniform': 207, 'massresid': 192, 'predictor': 230, 'prior': 237}",C=C1[C@@H](O)[C@]23C[C@@H]1[C@@H](O)C[C@H]2[C@@]12C4[C@@H]3C[C@@H]1[C@@](C)(CC[C@@H]2O)CN4CC,complete,ok,True
True,False,False,False,False,False,False,False,False,False,False,False,False,False,True,0.001966754160616868,ok,241,256,241,0.5148548081510999,CAL-0207,True,ok,"{'uniform': 26, 'massresid': 24, 'predictor': 240, 'prior': 241}",C=C1C2CC3(C1O)C1CC4C5(C)CCC(O)C4(C1N(CC)C5)C3CC2O,complete,ok,True
True,False,False,False,False,False,False,False,False,False,False,False,False,False,True,0.02407025187292,ok,246,256,246,0.45725080799471035,CAL-0208,True,ok,"{'uniform': 120, 'massresid': 116, 'predictor': 58, 'prior': 139}",COc1ccc2c3c([nH]c2c1)C(C)=NCC3,complete,ok,True
True,False,False,False,False,False,False,False,False,False,False,False,False,False,True,0.011135012128514865,ok,246,256,246,0.5818150391776409,CAL-0209,True,ok,"{'uniform': 189, 'massresid': 181, 'predictor': 32, 'prior': 62}",COC(=O)C1=CO[C@@H](O[C@@H]2OC(CO)[C@@H](O)[C@@H](O)C2O)[C@@H]2C(CO)=CC[C@H]12,complete,ok,True
True,False,False,False,False,False,False,False,False,False,False,False,False,False,True,0.01754048810489317,ok,243,256,243,0.40216105943920244,CAL-0210,True,ok,"{'uniform': 41, 'massresid': 40, 'predictor': 46, 'prior': 58}",COC(=O)C1=COC(OC2OC(CO)C(O)C(O)C2O)C2C(CO)=CCC12,complete,ok,True
True,False,False,False,False,False,False,False,False,False,False,False,False,False,True,0.012267333593001584,ok,244,256,244,0.9895501970522176,CAL-0211,True,ok,"{'uniform': 200, 'massresid': 191, 'predictor': 63, 'prior': 63}",COC(=O)C1=CO[C@@H](O[C@@H]2O[C@H](CO)[C@@H](O)[C@H](O)[C@H]2O)[C@@H]2C(CO)=CC[C@H]12,complete,ok,True
True,False,False,False,False,False,False,False,False,False,False,False,False,False,True,0.0,ok,244,256,244,0.5071155853156477,CAL-0212,True,ok,"{'uniform': 67, 'massresid': 61, 'predictor': 85, 'prior': 118}",C[C@]12CC[C@H](O)C[C@H]1CC[C@@H]1[C@@H]2CC[C@]2(C)[C@@H](c3ccc(=O)oc3)C[C@H]3O[C@]132,complete,ok,True
True,False,False,False,False,False,False,False,False,False,False,False,False,False,True,0.017666666690675514,ok,239,256,239,0.4967964715817769,CAL-0213,True,ok,"{'uniform': 92, 'massresid': 87, 'predictor': 94, 'prior': 114}",CC12CCC(O)CC1CCC1C2CCC2(C)C(c3ccc(=O)oc3)CC3OC312,complete,ok,True
True,False,False,False,False,False,False,False,False,False,False,False,False,False,True,0.002200578265821651,ok,253,256,253,0.8617420073763845,CAL-0214,True,ok,"{'uniform': 180, 'massresid': 178, 'predictor': 23, 'prior': 72}",COc1ccc([C@@H]2CC(=O)c3c(O)cc(O)cc3O2)cc1,complete,ok,True
True,False,False,False,False,True,False,False,False,False,False,False,False,False,True,0.0014386865651626612,ok,250,256,250,0.7781456449505512,CAL-0215,True,ok,"{'uniform': 103, 'massresid': 99, 'predictor': 5, 'prior': 84}",COc1ccc(C2CC(=O)c3c(O)cc(O)cc3O2)cc1,complete,ok,True
True,False,False,False,False,False,False,False,False,False,False,False,False,False,True,5.4283486547568316e-05,ok,240,256,240,0.5689040177936489,CAL-0216,True,ok,"{'uniform': 61, 'massresid': 58, 'predictor': 45, 'prior': 67}",COc1cccc(/C=C/C(=O)O)c1,complete,ok,True
True,False,False,False,True,True,True,False,False,False,True,False,False,False,True,0.011728584295679245,ok,251,256,251,0.38925211450665836,CAL-0217,True,ok,"{'uniform': 204, 'massresid': 200, 'predictor': 1, 'prior': 64}",COc1cccc(C=CC(=O)O)c1,complete,ok,True
True,False,False,False,False,True,False,False,False,False,False,False,False,False,True,0.01746889563403864,ok,235,256,235,0.5014484486075625,CAL-0218,True,ok,"{'uniform': 51, 'massresid': 46, 'predictor': 10, 'prior': 14}",CC(NC(=O)Cc1c[nH]c2ccccc12)C(=O)O,complete,ok,True
True,,,,,,,,,,,,,,,,no_finite_scores,0,0,0,,CAL-0219,False,no_pool,,C[C@H](NC(=O)Cc1c[nH]c2ccccc12)C(=O)O,no_pool_in_prefix,ok,True
True,False,False,False,False,False,False,False,False,False,False,False,False,False,True,0.0280820307976527,ok,188,193,188,0.6873950051697185,CAL-0220,True,ok,"{'uniform': 177, 'massresid': 172, 'predictor': 69, 'prior': 60}",O=c1c(O)c(-c2ccc(O)c(O)c2)oc2c(O[C@@H]3O[C@H](CO)[C@@H](O)[C@H](O)[C@H]3O)c(O)cc(O)c12,complete,ok,True
True,False,False,False,False,False,False,False,False,False,False,False,False,False,True,0.3005118478846314,ok,188,193,188,0.45770344875758123,CAL-0221,True,ok,"{'uniform': 32, 'massresid': 31, 'predictor': 138, 'prior': 60}",O=c1c(O)c(-c2ccc(O)c(O)c2)oc2c(OC3OC(CO)C(O)C(O)C3O)c(O)cc(O)c12,complete,ok,True
True,False,False,False,False,False,False,False,False,False,False,False,False,False,True,0.004508835590524507,ok,252,256,252,0.7689327423497059,CAL-0222,True,ok,"{'uniform': 58, 'massresid': 56, 'predictor': 80, 'prior': 178}",COc1ccc(-c2cc(=O)c3c(O)cc(O[C@@H]4O[C@H](CO[C@@H]5O[C@@H](C)[C@H](O)[C@@H](O)[C@H]5O)[C@@H](O)[C@H](O)[C@H]4O)cc3o2)cc1O,complete,ok,True
True,False,False,False,False,False,False,False,False,False,False,False,False,False,True,0.0,ok,250,256,250,0.6242691302265572,CAL-0223,True,ok,"{'uniform': 45, 'massresid': 45, 'predictor': 50, 'prior': 176}",COc1ccc(-c2cc(=O)c3c(O)cc(OC4OC(COC5OC(C)C(O)C(O)C5O)C(O)C(O)C4O)cc3o2)cc1O,complete,ok,True
True,False,False,False,False,False,False,False,False,False,False,False,False,False,True,0.006107631495757437,ok,198,204,198,0.5808620300022808,CAL-0224,True,ok,"{'uniform': 41, 'massresid': 39, 'predictor': 21, 'prior': 135}",CCOC1OC(=O)c2cc3ccc4c(c3c(-c3ccc5c(c3)OCO5)c21)OCO4,complete,ok,True
True,False,False,False,False,True,False,True,True,True,False,False,False,False,True,0.04199302375588432,ok,29,53,29,0.7483712654322021,CAL-0225,True,ok,"{'uniform': 31, 'massresid': 21, 'predictor': 6, 'prior': 1}",CCCSSCC(NC(=O)CCC(N)C(=O)O)C(=O)NCC(=O)O,complete,ok,True
True,False,False,False,False,False,False,False,False,False,False,False,False,False,True,0.0,ok,252,256,252,0.5293494943396497,CAL-0226,True,ok,"{'uniform': 148, 'massresid': 146, 'predictor': 37, 'prior': 182}",Oc1ccc(/C=C/c2cc(O)cc3c2[C@@H](c2cc(O)cc(O)c2)[C@H](c2ccc(O)cc2)O3)cc1,complete,ok,True
True,False,False,False,False,False,False,False,False,False,False,False,False,False,True,0.00950288966530799,ok,251,256,251,0.4884489820044292,CAL-0227,True,ok,"{'uniform': 68, 'massresid': 67, 'predictor': 153, 'prior': 174}",Oc1ccc(C=Cc2cc(O)cc3c2C(c2cc(O)cc(O)c2)C(c2ccc(O)cc2)O3)cc1,complete,ok,True
True,False,False,False,False,False,False,False,False,False,False,False,False,False,True,0.012659643232470597,ok,252,256,252,0.9125103223484445,CAL-0228,True,ok,"{'uniform': 233, 'massresid': 229, 'predictor': 134, 'prior': 180}",Oc1ccc(/C=C/c2cc(O)cc3c2[C@H](c2cc(O)cc(O)c2)[C@H](c2ccc(O)cc2)O3)cc1,complete,ok,True
True,False,True,False,False,False,False,False,False,False,False,False,True,False,True,0.0,ok,256,256,256,0.9673437641752445,CAL-0229,True,ok,"{'uniform': 6, 'massresid': 6, 'predictor': 60, 'prior': 216}",C[C@@H]1O[C@@H](Oc2c(-c3ccc(O)cc3)oc3cc(O)cc(O)c3c2=O)[C@H](O)[C@H](O)[C@H]1O,complete,ok,True
True,False,False,False,False,False,False,False,False,False,False,False,False,False,True,0.0,ok,255,256,255,0.8371551617434627,CAL-0230,True,ok,"{'uniform': 100, 'massresid': 99, 'predictor': 30, 'prior': 210}",CC1OC(Oc2c(-c3ccc(O)cc3)oc3cc(O)cc(O)c3c2=O)C(O)C(O)C1O,complete,ok,True
True,False,False,False,False,False,False,False,False,False,False,False,False,False,True,0.0,ok,256,256,256,0.9384038881303433,CAL-0231,True,ok,"{'uniform': 93, 'massresid': 93, 'predictor': 213, 'prior': 31}",O=C1/C(=C/c2ccc(O)c(O)c2)Oc2c1ccc(O[C@@H]1O[C@H](CO)[C@@H](O)[C@H](O)[C@H]1O)c2O,complete,ok,True
True,False,False,False,False,False,False,False,False,False,False,False,False,False,True,0.0,ok,256,256,256,0.7705487896521199,CAL-0232,True,ok,"{'uniform': 140, 'massresid': 140, 'predictor': 222, 'prior': 32}",O=C1C(=Cc2ccc(O)c(O)c2)Oc2c1ccc(OC1OC(CO)C(O)C(O)C1O)c2O,complete,ok,True
True,False,False,False,False,False,False,False,False,False,False,False,False,False,True,0.0011627818035367943,ok,248,256,248,0.7519040277763541,CAL-0233,True,ok,"{'uniform': 45, 'massresid': 44, 'predictor': 16, 'prior': 76}",O=C1CC(c2ccc(O)cc2)Oc2cc(O)ccc21,complete,ok,True
True,,,,,,,,,,,,,,,,no_finite_scores,0,0,0,,CAL-0234,False,no_pool,,O=C1C[C@@H](c2ccc(O)cc2)Oc2cc(O)ccc21,no_pool_in_prefix,ok,True
True,False,False,False,False,False,False,False,False,False,False,False,False,False,True,0.005970756776219277,ok,192,256,192,0.4657208263984289,CAL-0235,True,ok,"{'uniform': 176, 'massresid': 136, 'predictor': 64, 'prior': 123}",O=c1cc[nH]c(=O)[nH]1,complete,ok,True
True,False,False,False,False,False,False,False,False,False,False,False,False,False,True,0.0015611558706644102,ok,247,256,247,0.5216983864840519,CAL-0236,True,ok,"{'uniform': 182, 'massresid': 175, 'predictor': 49, 'prior': 224}",O=c1cc2oc(-c3ccc(O)cc3)ccc-2c(O)c1,complete,ok,True
True,False,False,False,False,True,True,False,False,False,False,False,False,False,True,0.02033446152114471,ok,208,256,208,0.37497926370137746,CAL-0237,True,ok,"{'uniform': 148, 'massresid': 122, 'predictor': 2, 'prior': 30}",O=C(O)c1ccncc1,complete,ok,True
True,False,False,False,False,False,False,False,False,False,False,False,False,False,True,0.0002671809686237703,ok,238,256,238,0.3789920632605353,CAL-0238,True,ok,"{'uniform': 191, 'massresid': 177, 'predictor': 68, 'prior': 41}",COc1ccc(C(C)=O)c(O)c1,complete,ok,True
True,False,False,False,False,False,False,False,False,False,False,False,False,False,True,0.0,ok,256,256,256,0.5815757820938124,CAL-0239,True,ok,"{'uniform': 227, 'massresid': 227, 'predictor': 150, 'prior': 238}",C[C@H]1O[C@@H](O[C@H]2CC[C@@]3(C)[C@@H](CC[C@]4(C)[C@@H]3C=CC3=C5CC(C)(C)CC[C@]5(CO)[C@H](O)C[C@]34C)[C@]2(C)CO)[C@H](O)[C@@H](O[C@@H]2O[C@H](CO)[C@@H](O)[C@H](O)[C@H]2O)[C@H]1O,complete,ok,True
True,,,,,,,,,,,,,,,,no_finite_scores,0,0,0,,CAL-0240,False,no_pool,,CC1OC(OC2CCC3(C)C(CCC4(C)C3C=CC3=C5CC(C)(C)CCC5(CO)C(O)CC34C)C2(C)CO)C(O)C(OC2OC(CO)C(O)C(O)C2O)C1O,no_pool_in_prefix,ok,True
True,False,False,False,False,False,False,False,False,False,False,False,False,False,True,0.005973793381775838,ok,249,256,249,0.8854003457805654,CAL-0241,True,ok,"{'uniform': 188, 'massresid': 183, 'predictor': 50, 'prior': 158}",COc1ccc(-c2oc3cc(O)cc(O)c3c(=O)c2O)cc1,complete,ok,True
True,False,False,False,False,False,False,False,False,False,False,False,False,False,True,0.023965197575056996,ok,191,196,191,1.1957092297336225,CAL-0242,True,ok,"{'uniform': 154, 'massresid': 149, 'predictor': 82, 'prior': 139}",COc1ccc([C@@H]2CC(=O)c3c(O)cc(O[C@@H]4O[C@H](CO[C@@H]5O[C@@H](C)[C@H](O)[C@@H](O)[C@H]5O)[C@@H](O)[C@H](O)[C@H]4O)cc3O2)cc1,complete,ok,True
True,False,False,False,False,False,False,False,False,False,False,False,False,False,True,0.035189320087181064,ok,191,196,191,0.18898539729074243,CAL-0243,True,ok,"{'uniform': 184, 'massresid': 179, 'predictor': 118, 'prior': 141}",COc1ccc(C2CC(=O)c3c(O)cc(OC4OC(COC5OC(C)C(O)C(O)C5O)C(O)C(O)C4O)cc3O2)cc1,complete,ok,True
True,,,,,,,,,,,,,,,,no_finite_scores,0,0,0,,CAL-0244,False,no_pool,,COc1ccc(C2CC(=O)c3c(O)cc(O[C@@H]4O[C@H](CO[C@@H]5O[C@@H](C)[C@H](O)[C@@H](O)[C@H]5O)[C@@H](O)[C@H](O)[C@H]4O)cc3O2)cc1,no_pool_in_prefix,ok,True
True,False,False,False,False,False,False,False,False,False,False,False,False,False,True,0.013354103119501914,ok,249,256,249,0.45953187678259777,CAL-0245,True,ok,"{'uniform': 94, 'massresid': 93, 'predictor': 19, 'prior': 129}",CC(C)CC1NC(=O)C2CCCN2C1=O,complete,ok,True
True,,,,,,,,,,,,,,,,no_finite_scores,0,0,0,,CAL-0246,False,no_pool,,CC(C)C[C@@H]1NC(=O)[C@@H]2CCCN2C1=O,no_pool_in_prefix,ok,True
True,False,False,False,False,False,False,False,False,False,False,False,False,False,True,0.039536630273614315,ok,201,256,201,0.5066934786799745,CAL-0247,True,ok,"{'uniform': 174, 'massresid': 136, 'predictor': 43, 'prior': 21}",N#CCc1c[nH]c2ccccc12,complete,ok,True
True,False,False,False,False,False,False,False,False,False,False,False,False,False,True,0.0008654557966133458,ok,252,256,252,0.8692664867402371,CAL-0248,True,ok,"{'uniform': 126, 'massresid': 125, 'predictor': 238, 'prior': 200}",CC[C@]12C=CCN3CC[C@]4(C(=C(C(=O)OC)C1)Nc1ccccc14)[C@@H]32,complete,ok,True
True,False,False,False,False,False,False,False,False,False,False,False,False,False,True,0.02188864715258236,ok,252,256,252,0.36819891675062644,CAL-0249,True,ok,"{'uniform': 213, 'massresid': 210, 'predictor': 41, 'prior': 204}",CCC12C=CCN3CCC4(C(=C(C(=O)OC)C1)Nc1ccccc14)C32,complete,ok,True
True,,,,,,,,,,,,,,,,no_finite_scores,0,0,0,,CAL-0250,False,no_pool,,CC[C@]12C=CCN3CC[C@]4(C(=C(C(=O)OC)C1)Nc1ccccc14)C32,no_pool_in_prefix,ok,True
True,False,False,False,False,False,False,False,False,False,False,False,False,False,True,0.015113867259537783,ok,242,256,242,0.8041912744857183,CAL-0251,True,ok,"{'uniform': 58, 'massresid': 53, 'predictor': 240, 'prior': 236}",COC(=O)[C@]1(O)C[C@@]23CCCN4CC[C@@]5(c6ccc7c(c6N[C@]15CC2)OCO7)[C@@H]43,complete,ok,True
True,False,True,False,False,False,False,False,False,False,False,False,True,False,True,0.01185215032869158,ok,239,256,239,0.32706167167900757,CAL-0252,True,ok,"{'uniform': 6, 'massresid': 4, 'predictor': 175, 'prior': 234}",COC(=O)C1(O)CC23CCCN4CCC5(c6ccc7c(c6NC15CC2)OCO7)C43,complete,ok,True
True,False,False,False,False,False,False,False,False,False,False,False,False,False,True,0.0675745801401414,ok,247,256,247,0.39167682224457373,CAL-0253,True,ok,"{'uniform': 131, 'massresid': 127, 'predictor': 247, 'prior': 245}",Cc1c2ccncc2c(C)c2c1[nH]c1ccccc12,complete,ok,True
True,False,False,False,False,False,False,False,True,False,False,False,False,False,True,0.18633044086574901,ok,230,256,230,0.356388861014695,CAL-0254,True,ok,"{'uniform': 176, 'massresid': 154, 'predictor': 63, 'prior': 6}",O=c1c2ccccc2nc2n1CCC2O,complete,ok,True
True,False,False,False,False,False,False,False,True,False,False,False,False,False,True,0.06509495183007419,ok,222,256,222,0.7534393831156281,CAL-0255,True,ok,"{'uniform': 60, 'massresid': 53, 'predictor': 14, 'prior': 6}",O=c1c2ccccc2nc2n1CC[C@@H]2O,complete,ok,True
True,False,False,False,False,False,False,False,False,False,False,False,False,False,True,0.022154630810031106,ok,241,256,241,0.512877607203978,CAL-0256,True,ok,"{'uniform': 73, 'massresid': 71, 'predictor': 137, 'prior': 147}",C=C1CCC2(C(C)C)CC12,complete,ok,True
True,False,False,False,True,True,True,False,False,False,True,False,False,False,True,0.02086392170137752,ok,45,53,45,0.647490614743791,CAL-0257,True,ok,"{'uniform': 27, 'massresid': 24, 'predictor': 1, 'prior': 26}",CCOC(=O)Oc1c(OC)cc(C(=O)OC2CC3CN4CCc5c([nH]c6cc(OC)ccc56)C4CC3C(C(=O)OC)C2OC)cc1OC,complete,ok,True
True,,,,,,,,,,,,,,,,no_finite_scores,0,0,0,,CAL-0258,False,no_pool,,CCOC(=O)Oc1c(OC)cc(C(=O)O[C@@H]2C[C@@H]3CN4CCc5c([nH]c6cc(OC)ccc56)[C@H]4C[C@@H]3[C@H](C(=O)OC)[C@H]2OC)cc1OC,no_pool_in_prefix,ok,True
True,False,False,False,True,True,True,False,False,False,True,False,False,False,True,0.02931482878226621,ok,254,256,254,0.5695466878116302,CAL-0259,True,ok,"{'uniform': 108, 'massresid': 107, 'predictor': 1, 'prior': 68}",C=C[C@H]1CN2CCc3c([nH]c4ccccc34)[C@H]2C[C@@H]1/C(=C\OC)C(=O)OC,complete,ok,True
True,,,,,,,,,,,,,,,,no_finite_scores,0,0,0,,CAL-0260,False,no_pool,,C=C[C@H]1CN2CCc3c([nH]c4ccccc34)[C@@H]2C[C@@H]1/C(=C\OC)C(=O)OC,no_pool_in_prefix,ok,True
True,False,True,False,False,False,False,False,False,False,False,False,True,False,True,0.0014251140974189669,ok,51,58,51,0.7337624808085922,CAL-0261,True,ok,"{'uniform': 10, 'massresid': 9, 'predictor': 12, 'prior': 12}",COc1ccc2c(c1)OC(OC1OC(CO)C(O)C(O)C1O)C(=O)N2OC,complete,ok,True
True,False,False,False,False,False,False,False,True,True,False,False,False,False,True,0.0,ok,19,22,19,0.5980852876681103,CAL-0262,True,ok,"{'uniform': 15, 'massresid': 13, 'predictor': 17, 'prior': 3}",COc1cc(CC(COC2OC(CO)C(O)C(O)C2O)C(COC2OC(CO)C(O)C(O)C2O)Cc2ccc(O)c(OC)c2)ccc1O,complete,ok,True
True,,,,,,,,,,,,,,,,no_finite_scores,0,0,0,,CAL-0263,False,no_pool,,COc1cc(C[C@@H](CO[C@@H]2O[C@H](CO)[C@@H](O)[C@H](O)[C@H]2O)[C@H](CO[C@@H]2O[C@H](CO)[C@@H](O)[C@H](O)[C@H]2O)Cc2ccc(O)c(OC)c2)ccc1O,no_pool_in_prefix,ok,True
True,False,False,False,False,False,False,False,False,False,False,False,False,False,True,0.04291490609393961,ok,208,256,208,0.4656977497348822,CAL-0264,True,ok,"{'uniform': 51, 'massresid': 44, 'predictor': 47, 'prior': 51}",CCC(C)C(NCC1(O)OC(CO)C(O)C1O)C(=O)O,complete,ok,True
True,False,False,False,False,False,False,False,False,False,False,False,False,False,True,0.007325879878769759,ok,241,256,241,0.6359421973280622,CAL-0265,True,ok,"{'uniform': 179, 'massresid': 169, 'predictor': 19, 'prior': 20}",O=C(O)c1cc(O)ccc1O,complete,ok,True
True,False,False,False,False,False,False,False,False,False,False,False,False,False,True,0.002370136749423102,ok,248,256,248,0.3088816569982588,CAL-0266,True,ok,"{'uniform': 34, 'massresid': 32, 'predictor': 76, 'prior': 200}",O=C(/C=C/c1ccccc1)c1ccccc1,complete,ok,True
True,False,False,False,False,False,False,False,False,False,False,False,False,False,True,0.022866162713535476,ok,247,256,247,0.26173457805544775,CAL-0267,True,ok,"{'uniform': 183, 'massresid': 175, 'predictor': 65, 'prior': 190}",O=C(C=Cc1ccccc1)c1ccccc1,complete,ok,True
True,False,False,False,False,False,False,False,False,False,False,False,False,False,True,0.0032435656558323367,ok,212,256,212,0.43062599182693373,CAL-0268,True,ok,"{'uniform': 142, 'massresid': 118, 'predictor': 156, 'prior': 208}",C[C@H]1OC(O)[C@H](O)[C@@H](O)[C@H]1O,complete,ok,True
True,False,False,False,False,False,False,False,False,False,False,False,False,False,True,0.0034134938709567963,ok,221,256,221,0.43066747903850155,CAL-0269,True,ok,"{'uniform': 36, 'massresid': 34, 'predictor': 165, 'prior': 217}",CC1OC(O)C(O)C(O)C1O,complete,ok,True
True,False,False,False,False,False,False,False,False,False,False,False,False,False,True,0.014959279732483677,ok,247,256,247,0.32898646989347324,CAL-0270,True,ok,"{'uniform': 81, 'massresid': 79, 'predictor': 199, 'prior': 233}",COc1c2c(cc3c1OCO3)CCN(C)C2,complete,ok,True
True,False,False,False,False,False,False,False,False,False,False,False,False,False,True,0.005950429143767422,ok,232,256,232,0.4218204389820181,CAL-0271,True,ok,"{'uniform': 121, 'massresid': 107, 'predictor': 140, 'prior': 76}",NCCCCNC(=O)C=Cc1ccc(O)c(O)c1,complete,ok,True
True,False,False,False,False,False,False,False,False,False,False,False,False,False,True,0.003932195526150428,ok,251,256,251,0.8306591195052395,CAL-0272,True,ok,"{'uniform': 189, 'massresid': 186, 'predictor': 158, 'prior': 151}",C=CCc1ccc(O)c(-c2cc(CC=C)ccc2O)c1,complete,ok,True
True,False,False,False,False,False,False,False,False,False,False,False,False,False,True,0.013528713053780228,ok,250,256,250,0.4991749942151536,CAL-0273,True,ok,"{'uniform': 13, 'massresid': 13, 'predictor': 91, 'prior': 111}",CN1CCc2cc3c(c4c2C1Cc1ccccc1-4)OCO3,complete,ok,True
True,,,,,,,,,,,,,,,,no_finite_scores,0,0,0,,CAL-0274,False,no_pool,,CN1CCc2cc3c(c4c2[C@H]1Cc1ccccc1-4)OCO3,no_pool_in_prefix,ok,True
True,False,False,False,False,False,False,False,False,False,False,False,False,False,True,0.006667569597962775,ok,241,256,241,1.0809241898121362,CAL-0275,True,ok,"{'uniform': 165, 'massresid': 153, 'predictor': 17, 'prior': 85}",C[C@]12CC[C@H](O)C[C@H]1CC[C@@H]1[C@@H]2CC[C@]2(C)[C@@H](c3ccc(=O)oc3)CC[C@]12O,complete,ok,True
True,False,False,False,False,False,False,False,False,False,False,False,False,False,True,0.0006437889721622181,ok,240,256,240,0.7772879246371013,CAL-0276,True,ok,"{'uniform': 145, 'massresid': 135, 'predictor': 41, 'prior': 73}",CC12CCC(O)CC1CCC1C2CCC2(C)C(c3ccc(=O)oc3)CCC12O,complete,ok,True
True,False,False,False,False,False,False,False,False,False,False,False,False,False,True,0.030368433428343333,ok,187,187,187,0.48374350322070137,CAL-0277,True,ok,"{'uniform': 118, 'massresid': 118, 'predictor': 136, 'prior': 135}",COc1cc(-c2oc3cc(O)cc(O)c3c(=O)c2O[C@@H]2O[C@H](CO)[C@@H](O)[C@H](O)[C@H]2O)cc(OC)c1O,complete,ok,True
True,False,False,False,False,False,False,False,False,False,False,False,False,False,True,0.0,ok,187,187,187,0.7393204659796979,CAL-0278,True,ok,"{'uniform': 40, 'massresid': 40, 'predictor': 28, 'prior': 135}",COc1cc(-c2oc3cc(O)cc(O)c3c(=O)c2OC2OC(CO)C(O)C(O)C2O)cc(OC)c1O,complete,ok,True
True,False,False,False,False,False,False,False,False,False,False,False,False,False,True,0.030972636918318974,ok,239,256,239,0.46054893056102963,CAL-0279,True,ok,"{'uniform': 34, 'massresid': 31, 'predictor': 21, 'prior': 230}",COCC=C1CN2C3CC45C(=Nc6c(OC)cc(OC)c(OC)c64)OCC3C1CC25,complete,ok,True
True,False,False,False,False,False,False,False,False,False,False,False,False,False,True,0.029644883502871755,ok,243,256,243,0.4882144908963156,CAL-0280,True,ok,"{'uniform': 39, 'massresid': 36, 'predictor': 21, 'prior': 236}",COC/C=C1\CN2C3C[C@H]1[C@@H]1COC4=Nc5c(OC)cc(OC)c(OC)c5C43C[C@@H]12,complete,ok,True
True,False,False,False,False,False,False,False,False,False,False,False,False,False,True,0.0,ok,249,256,249,0.4550093001012938,CAL-0281,True,ok,"{'uniform': 177, 'massresid': 174, 'predictor': 82, 'prior': 120}",COc1cc(-c2oc3cc(O)cc(O)c3c(=O)c2O[C@@H]2O[C@H](CO)[C@@H](O)[C@H](O)[C@H]2O)ccc1O,complete,ok,True
True,False,True,False,False,False,False,False,False,False,False,False,True,False,True,0.0079393869394081,ok,248,256,248,0.4010196066464323,CAL-0282,True,ok,"{'uniform': 7, 'massresid': 7, 'predictor': 54, 'prior': 114}",COc1cc(-c2oc3cc(O)cc(O)c3c(=O)c2OC2OC(CO)C(O)C(O)C2O)ccc1O,complete,ok,True
True,False,False,False,False,False,False,False,False,False,False,False,False,False,True,0.0,ok,256,256,256,1.0460731163962835,CAL-0283,True,ok,"{'uniform': 76, 'massresid': 76, 'predictor': 117, 'prior': 200}",Oc1cc(O)c2c(c1)O[C@H](c1ccc(O)c(O)c1)[C@H](O)[C@H]2c1c(O)cc(O)c2c1O[C@H](c1ccc(O)c(O)c1)[C@H](O)C2,complete,ok,True
True,False,False,False,False,False,False,False,False,False,False,False,False,False,True,0.002789941168523491,ok,255,256,255,0.5090025959813457,CAL-0284,True,ok,"{'uniform': 206, 'massresid': 205, 'predictor': 117, 'prior': 198}",Oc1cc(O)c2c(c1)OC(c1ccc(O)c(O)c1)C(O)C2c1c(O)cc(O)c2c1OC(c1ccc(O)c(O)c1)C(O)C2,complete,ok,True
True,False,False,False,False,False,False,False,False,False,False,False,False,False,True,0.0,ok,255,256,255,1.051895077286134,CAL-0285,True,ok,"{'uniform': 77, 'massresid': 77, 'predictor': 141, 'prior': 202}",Oc1cc(O)c2c(c1)O[C@H](c1ccc(O)c(O)c1)[C@H](O)[C@H]2c1c(O)cc(O)c2c1O[C@H](c1ccc(O)c(O)c1)[C@@H](O)C2,complete,ok,True
True,False,True,False,False,True,False,False,False,False,False,False,True,False,True,0.000518245159273234,ok,49,53,49,0.39958470923898215,CAL-0286,True,ok,"{'uniform': 5, 'massresid': 5, 'predictor': 4, 'prior': 14}",C[C@]1(C(=O)O)CC[C@]2(C)CC[C@]3(C)C(=CC(=O)[C@@H]4[C@@]5(C)CC[C@H](O[C@@H]6O[C@H](C(=O)O)[C@@H](O)[C@H](O)[C@H]6O[C@@H]6O[C@H](C(=O)O)[C@@H](O)[C@H](O)[C@H]6O)[C@](C)(CO)[C@@H]5CC[C@]43C)[C@@H]2C1,complete,ok,True
True,False,False,False,False,False,False,False,False,False,False,False,False,False,True,0.0,ok,49,53,49,0.26086670521876887,CAL-0287,True,ok,"{'uniform': 19, 'massresid': 17, 'predictor': 11, 'prior': 14}",CC1(C(=O)O)CCC2(C)CCC3(C)C(=CC(=O)C4C5(C)CCC(OC6OC(C(=O)O)C(O)C(O)C6OC6OC(C(=O)O)C(O)C(O)C6O)C(C)(CO)C5CCC43C)C2C1,complete,ok,True
True,False,False,False,False,False,False,False,False,False,False,False,False,False,True,0.025981744934488904,ok,256,256,256,0.87749326076802,CAL-0288,True,ok,"{'uniform': 64, 'massresid': 64, 'predictor': 111, 'prior': 197}",C[C@@H]1O[C@@H](O[C@@H]2[C@@H](O)[C@H](C)O[C@@H](OC[C@H]3O[C@@H](Oc4c(-c5ccc(O)cc5)oc5cc(O)cc(O)c5c4=O)[C@H](O)[C@@H](O)[C@H]3O)[C@@H]2O)[C@H](O)[C@H](O)[C@H]1O,complete,ok,True
True,False,False,False,False,False,False,False,False,False,False,False,False,False,True,0.0094860739137268,ok,255,256,255,0.8316340280668044,CAL-0289,True,ok,"{'uniform': 161, 'massresid': 161, 'predictor': 86, 'prior': 207}",CC1OC(OC2C(O)C(C)OC(OCC3OC(Oc4c(-c5ccc(O)cc5)oc5cc(O)cc(O)c5c4=O)C(O)C(O)C3O)C2O)C(O)C(O)C1O,complete,ok,True
True,False,False,False,False,False,False,False,False,False,False,False,False,False,True,0.003627423907225813,ok,181,256,181,0.4097516685189637,CAL-0290,True,ok,"{'uniform': 148, 'massresid': 100, 'predictor': 166, 'prior': 147}",CC(C(=O)O)C(N)C(=O)O,complete,ok,True
True,False,False,False,False,False,False,False,False,False,False,False,False,False,True,0.01146654015226023,ok,250,256,250,0.6621181037915375,CAL-0291,True,ok,"{'uniform': 206, 'massresid': 201, 'predictor': 206, 'prior': 246}",COc1cc2c(cc1O)C[C@H]1c3c(cc(O)c(OC)c3-2)CCN1C,complete,ok,True
True,False,False,False,False,False,False,False,False,False,False,False,False,False,True,0.022904408623438788,ok,249,256,249,0.5626255004682921,CAL-0292,True,ok,"{'uniform': 78, 'massresid': 75, 'predictor': 79, 'prior': 241}",COc1cc2c(cc1O)CC1c3c(cc(O)c(OC)c3-2)CCN1C,complete,ok,True
True,,,,,,,,,,,,,,,,no_finite_scores,0,0,0,,CAL-0293,False,no_pool,,COc1cc2c(cc1O)C[C@@H]1c3c(cc(O)c(OC)c3-2)CCN1C,no_pool_in_prefix,ok,True
True,False,False,False,False,False,False,False,False,False,False,False,False,False,True,0.001998983669854182,ok,237,256,237,0.7093347533689194,CAL-0294,True,ok,"{'uniform': 248, 'massresid': 229, 'predictor': 159, 'prior': 207}",O=c1cc2oc(-c3ccc(O)c(O)c3)ccc-2c(O)c1,complete,ok,True
True,False,False,False,False,False,False,False,False,False,False,False,False,False,True,0.007099113897324094,ok,252,256,252,0.980405887895265,CAL-0295,True,ok,"{'uniform': 180, 'massresid': 178, 'predictor': 226, 'prior': 237}",COc1cc(/C=C/c2ccc(O)cc2)cc(OC)c1,complete,ok,True
True,False,False,False,False,False,False,False,False,False,False,False,False,False,True,0.013806670801334242,ok,250,256,250,0.696448934970295,CAL-0296,True,ok,"{'uniform': 250, 'massresid': 244, 'predictor': 227, 'prior': 245}",COc1cc(C=Cc2ccc(O)cc2)cc(OC)c1,complete,ok,True
True,False,False,False,False,False,False,False,False,False,False,False,False,False,True,0.002506007074862815,ok,240,256,240,0.6418026071280879,CAL-0297,True,ok,"{'uniform': 201, 'massresid': 189, 'predictor': 17, 'prior': 163}",C[C@H]1CCC([C@@H](C)[C@H]2CC[C@H]3[C@@H]4CC(=O)[C@H]5C[C@@H](O)CC[C@]5(C)[C@H]4CC[C@]23C)=NC1,complete,ok,True
True,False,False,False,False,False,False,False,False,False,False,False,False,False,True,0.00870495720886899,ok,236,256,236,0.6371946711467233,CAL-0298,True,ok,"{'uniform': 36, 'massresid': 34, 'predictor': 22, 'prior': 162}",CC1CCC(C(C)C2CCC3C4CC(=O)C5CC(O)CCC5(C)C4CCC23C)=NC1,complete,ok,True
True,,,,,,,,,,,,,,,,no_finite_scores,0,0,0,,CAL-0299,False,no_pool,,CC1CCC(C(C)[C@H]2CCC3C4CC(=O)C5C[C@@H](O)CC[C@]5(C)C4CC[C@@]32C)=NC1,no_pool_in_prefix,ok,True
True,False,False,False,False,False,False,False,False,False,False,False,False,False,True,0.0005660390052141251,ok,234,256,234,0.4569556898837408,CAL-0300,True,ok,"{'uniform': 70, 'massresid': 63, 'predictor': 60, 'prior': 217}",O[C@@H]1[C@@H](O)[C@@H]2OC[C@@H](O2)[C@H]1O,complete,ok,True
True,False,False,False,False,False,False,False,False,False,False,False,False,False,True,0.0002902268529035301,ok,219,226,219,0.49438486983876506,CAL-0301,True,ok,"{'uniform': 219, 'massresid': 212, 'predictor': 15, 'prior': 170}",CC(C)=CCC[C@](C)(O[C@@H]1O[C@H](CO)[C@@H](O)[C@H](O)[C@H]1O)[C@H]1CC[C@]2(C)[C@@H]1[C@H](O)C[C@@H]1[C@@]3(C)CC[C@H](O)C(C)(C)[C@@H]3[C@@H](O)C[C@]12C,complete,ok,True
True,False,False,False,False,False,False,False,False,False,False,False,False,False,True,0.004220914198589276,ok,219,226,219,0.4410823384146224,CAL-0302,True,ok,"{'uniform': 11, 'massresid': 11, 'predictor': 106, 'prior': 170}",CC(C)=CCCC(C)(OC1OC(CO)C(O)C(O)C1O)C1CCC2(C)C1C(O)CC1C3(C)CCC(O)C(C)(C)C3C(O)CC12C,complete,ok,True
True,False,False,False,False,False,False,False,False,False,False,False,False,False,True,0.002800942550344021,ok,251,256,251,1.0356061986468148,CAL-0303,True,ok,"{'uniform': 60, 'massresid': 59, 'predictor': 170, 'prior': 81}",COC1=C[C@@H]2[C@@H]3Cc4ccc(OC)c(O)c4[C@]2(CCN3C)CC1=O,complete,ok,True
True,False,False,False,False,False,False,False,False,False,False,False,False,False,True,0.004231966978875512,ok,249,256,249,0.9396038660603946,CAL-0304,True,ok,"{'uniform': 11, 'massresid': 11, 'predictor': 200, 'prior': 77}",COC1=CC2C3Cc4ccc(OC)c(O)c4C2(CCN3C)CC1=O,complete,ok,True
True,False,False,False,False,False,False,False,False,False,False,False,False,False,True,0.0,ok,255,256,255,0.5891104885085435,CAL-0305,True,ok,"{'uniform': 50, 'massresid': 50, 'predictor': 17, 'prior': 97}",O=c1cc(-c2ccc(O)cc2)oc2cc(O[C@@H]3O[C@H](CO)[C@@H](O)[C@H](O)[C@H]3O)c([C@@H]3O[C@H](CO)[C@@H](O)[C@H](O)[C@H]3O)c(O)c12,complete,ok,True
True,False,False,False,False,False,False,False,False,False,False,False,False,False,True,0.0,ok,255,256,255,0.7853567537418303,CAL-0306,True,ok,"{'uniform': 245, 'massresid': 244, 'predictor': 28, 'prior': 89}",O=c1cc(-c2ccc(O)cc2)oc2cc(OC3OC(CO)C(O)C(O)C3O)c(C3OC(CO)C(O)C(O)C3O)c(O)c12,complete,ok,True
True,False,False,False,False,False,False,False,False,False,False,False,False,False,True,0.0993687448238264,ok,250,256,250,0.5995037549190171,CAL-0307,True,ok,"{'uniform': 71, 'massresid': 68, 'predictor': 56, 'prior': 171}",COc1cc([C@@H]2c3cc4c(cc3[C@H](O)[C@H]3COC(=O)[C@H]23)OCO4)cc(OC)c1OC,complete,ok,True
True,False,False,False,False,False,False,False,False,False,False,False,False,False,True,0.018370785759099784,ok,252,256,252,0.19689552495253557,CAL-0308,True,ok,"{'uniform': 124, 'massresid': 122, 'predictor': 201, 'prior': 178}",COc1cc(C2c3cc4c(cc3C(O)C3COC(=O)C23)OCO4)cc(OC)c1OC,complete,ok,True
True,False,False,False,False,False,False,False,False,False,False,False,False,False,True,0.008303749467041377,ok,249,256,249,0.7038742280686923,CAL-0309,True,ok,"{'uniform': 76, 'massresid': 74, 'predictor': 196, 'prior': 184}",COc1cc(C=CC(=O)O)cc(OC)c1,complete,ok,True
True,False,False,False,False,False,False,False,False,False,False,False,False,False,True,0.05308761249910532,ok,252,256,252,0.3888096674586759,CAL-0310,True,ok,"{'uniform': 186, 'massresid': 185, 'predictor': 238, 'prior': 204}",COc1cc(/C=C/C(=O)O)cc(OC)c1,complete,ok,True
True,False,False,False,False,True,False,False,False,False,False,False,False,False,True,0.0,ok,126,128,126,0.5266529661157152,CAL-0311,True,ok,"{'uniform': 107, 'massresid': 105, 'predictor': 5, 'prior': 47}",CC(=O)OC[C@H]1O[C@@H](Oc2c(-c3ccc(O)c(O)c3)oc3cc(O)cc(O)c3c2=O)[C@H](O)[C@@H](O)[C@@H]1O,complete,ok,True
True,False,False,False,False,True,False,False,False,False,False,False,False,False,True,0.0050254784700424215,ok,126,128,126,0.47590361385987,CAL-0312,True,ok,"{'uniform': 30, 'massresid': 30, 'predictor': 10, 'prior': 47}",CC(=O)OCC1OC(Oc2c(-c3ccc(O)c(O)c3)oc3cc(O)cc(O)c3c2=O)C(O)C(O)C1O,complete,ok,True
True,,,,,,,,,,,,,,,,no_finite_scores,0,0,0,,CAL-0313,False,no_pool,,CC(=O)OC[C@H]1O[C@@H](Oc2c(-c3ccc(O)c(O)c3)oc3cc(O)cc(O)c3c2=O)C(O)C(O)[C@@H]1O,no_pool_in_prefix,ok,True
True,False,False,False,False,False,False,False,False,False,False,False,False,False,True,0.016525816905044288,ok,192,197,192,0.49891810080468163,CAL-0314,True,ok,"{'uniform': 144, 'massresid': 140, 'predictor': 175, 'prior': 154}",O=c1c(OC2OC(CO)C(O)C(O)C2O)c(-c2cc(O)c(O)c(O)c2)oc2cc(O)cc(O)c12,complete,ok,True
True,False,False,False,False,False,False,False,False,False,False,False,False,False,True,0.0,ok,192,197,192,0.8084099845094697,CAL-0315,True,ok,"{'uniform': 37, 'massresid': 35, 'predictor': 167, 'prior': 154}",O=c1c(O[C@@H]2O[C@H](CO)[C@H](O)[C@H](O)[C@H]2O)c(-c2cc(O)c(O)c(O)c2)oc2cc(O)cc(O)c12,complete,ok,True
True,,,,,,,,,,,,,,,,no_finite_scores,0,0,0,,CAL-0316,False,no_pool,,O=c1c(O[C@@H]2OC(CO)[C@@H](O)[C@H](O)[C@H]2O)c(-c2cc(O)c(O)c(O)c2)oc2cc(O)cc(O)c12,no_pool_in_prefix,ok,True
True,False,False,False,False,False,False,False,False,False,False,False,False,False,True,0.0065982014803660505,ok,234,256,234,0.5541591302499882,CAL-0317,True,ok,"{'uniform': 125, 'massresid': 113, 'predictor': 124, 'prior': 104}",O=C/C=C/c1ccc(O)cc1,complete,ok,True
True,False,False,False,False,False,False,False,False,False,False,False,False,False,True,0.00520982407233006,ok,234,256,234,0.5540724338992806,CAL-0318,True,ok,"{'uniform': 173, 'massresid': 157, 'predictor': 117, 'prior': 95}",O=CC=Cc1ccc(O)cc1,complete,ok,True
True,False,False,False,False,False,False,False,False,False,False,False,False,False,True,0.0043457162419472395,ok,254,256,254,0.4886855221200169,CAL-0319,True,ok,"{'uniform': 184, 'massresid': 182, 'predictor': 38, 'prior': 229}",C=C1CCC[C@]2(C)C[C@]3(O)OC(=O)C(C)=C3C[C@@H]12,complete,ok,True
True,False,False,False,False,False,False,False,False,False,False,False,False,False,True,0.00013703220634897484,ok,254,256,254,0.6084578305970255,CAL-0320,True,ok,"{'uniform': 13, 'massresid': 12, 'predictor': 20, 'prior': 228}",C=C1CCCC2(C)CC3(O)OC(=O)C(C)=C3CC12,complete,ok,True
True,False,False,False,False,True,True,False,False,False,False,False,False,False,True,0.004097179424934594,ok,235,256,235,0.7447869660094176,CAL-0321,True,ok,"{'uniform': 208, 'massresid': 190, 'predictor': 2, 'prior': 68}",O=CCc1c[nH]c2ccccc12,complete,ok,True
True,False,False,False,False,False,False,False,False,False,False,False,False,False,True,0.0,ok,237,256,237,0.5976595579683024,CAL-0322,True,ok,"{'uniform': 103, 'massresid': 97, 'predictor': 67, 'prior': 139}",COc1cc2c3cc1Oc1c(OC)c(OC)cc4c1C(Cc1ccc(cc1)Oc1cc(ccc1O)C[C@H]3N(C)CC2)N(C)CC4,complete,ok,True
True,,,,,,,,,,,,,,,,no_finite_scores,0,0,0,,CAL-0323,False,no_pool,,COc1cc2c3cc1Oc1c(OC)c(OC)cc4c1[C@H](Cc1ccc(cc1)Oc1cc(ccc1O)C[C@H]3N(C)CC2)N(C)CC4,no_pool_in_prefix,ok,True
True,False,False,False,False,False,False,False,False,False,False,False,False,False,True,0.0,ok,240,256,240,0.7539879124314907,CAL-0324,True,ok,"{'uniform': 78, 'massresid': 74, 'predictor': 203, 'prior': 210}",C=C[C@@H]1C2=CCOC(=O)C2=CO[C@H]1O[C@@H]1O[C@H](CO)[C@@H](O)[C@H](O)[C@H]1O,complete,ok,True
True,False,False,False,False,False,False,False,False,False,False,False,False,False,True,0.03667698685418053,ok,236,256,236,0.480480809537227,CAL-0325,True,ok,"{'uniform': 26, 'massresid': 22, 'predictor': 212, 'prior': 213}",C=CC1C2=CCOC(=O)C2=COC1OC1OC(CO)C(O)C(O)C1O,complete,ok,True
True,False,False,False,False,False,False,False,False,False,False,False,False,False,True,0.003395758427738982,ok,253,256,253,0.6630710977741202,CAL-0326,True,ok,"{'uniform': 221, 'massresid': 219, 'predictor': 52, 'prior': 45}",O=C1CC(c2ccccc2O)Oc2ccccc21,complete,ok,True
True,False,False,False,False,False,False,False,False,False,False,False,False,False,True,0.01800848449912429,ok,253,256,253,0.6055638355041228,CAL-0327,True,ok,"{'uniform': 57, 'massresid': 57, 'predictor': 97, 'prior': 109}",COc1ccc(-c2cc(=O)c3c(O)cc(O[C@@H]4O[C@H](CO)[C@@H](O)[C@H](O)[C@H]4O[C@@H]4O[C@@H](C)[C@H](O)[C@@H](O)[C@H]4O)cc3o2)cc1,complete,ok,True
True,False,False,False,False,False,False,False,False,False,False,False,False,False,True,0.0,ok,254,256,254,0.47952298849377883,CAL-0328,True,ok,"{'uniform': 175, 'massresid': 173, 'predictor': 158, 'prior': 120}",COc1ccc(-c2cc(=O)c3c(O)cc(OC4OC(CO)C(O)C(O)C4OC4OC(C)C(O)C(O)C4O)cc3o2)cc1,complete,ok,True
True,False,False,False,False,False,False,False,False,False,False,False,False,False,True,0.0,ok,256,256,256,0.41428503805591665,CAL-0329,True,ok,"{'uniform': 181, 'massresid': 181, 'predictor': 47, 'prior': 192}",COc1cc(-c2oc3cc(O)cc(O)c3c(=O)c2OC2OC(COC3OC(C)C(O)C(O)C3O)C(O)C(O)C2O)ccc1O,complete,ok,True
True,False,False,False,False,False,False,False,False,False,False,False,False,False,True,0.0073574592089763885,ok,253,256,253,0.35613871307987843,CAL-0330,True,ok,"{'uniform': 150, 'massresid': 147, 'predictor': 39, 'prior': 192}",COc1cc(-c2oc3cc(O)cc(O)c3c(=O)c2O[C@@H]2O[C@H](CO[C@@H]3O[C@@H](C)[C@H](O)[C@@H](O)[C@H]3O)[C@H](O)[C@H](O)[C@H]2O)ccc1O,complete,ok,True
True,False,False,False,False,False,False,False,False,False,False,False,False,False,True,0.0,ok,254,256,254,0.3784483478202467,CAL-0331,True,ok,"{'uniform': 141, 'massresid': 141, 'predictor': 43, 'prior': 190}",COc1cc(-c2oc3cc(O)cc(O)c3c(=O)c2O[C@@H]2O[C@H](CO[C@@H]3O[C@@H](C)[C@H](O)[C@@H](O)[C@H]3O)[C@@H](O)[C@H](O)[C@H]2O)ccc1O,complete,ok,True
True,False,False,False,False,False,False,False,False,False,False,False,False,False,True,0.006236829426013821,ok,255,256,255,0.4060921425718893,CAL-0332,True,ok,"{'uniform': 150, 'massresid': 149, 'predictor': 70, 'prior': 203}",COc1cc(-c2oc3cc(O)cc(O)c3c(=O)c2OC2OC(CO[C@@H]3O[C@@H](C)[C@H](O)[C@@H](O)[C@H]3O)C(O)C(O)C2O)ccc1O,complete,ok,True
True,False,False,False,False,False,False,False,False,False,False,False,False,False,True,0.004419327507463877,ok,244,256,244,0.5369882283713161,CAL-0333,True,ok,"{'uniform': 201, 'massresid': 193, 'predictor': 159, 'prior': 234}",COc1cc(/C=C/C(=O)N2CCC=CC2=O)cc(OC)c1OC,complete,ok,True
True,False,False,False,False,True,False,False,False,False,False,False,False,False,True,0.012713400002557135,ok,241,256,241,0.2510682553977514,CAL-0334,True,ok,"{'uniform': 76, 'massresid': 71, 'predictor': 8, 'prior': 232}",COc1cc(C=CC(=O)N2CCC=CC2=O)cc(OC)c1OC,complete,ok,True
True,False,False,False,False,False,False,False,False,False,False,False,False,False,True,0.005419128665580364,ok,243,256,243,0.668891864111824,CAL-0335,True,ok,"{'uniform': 218, 'massresid': 208, 'predictor': 91, 'prior': 207}",CC(=O)NCCCNCCCCNCCCN,complete,ok,True
True,False,False,False,False,False,False,False,False,False,False,False,False,False,True,0.0013238501889432097,ok,236,256,236,0.42218066403243554,CAL-0336,True,ok,"{'uniform': 143, 'massresid': 132, 'predictor': 95, 'prior': 197}",COc1cccc2c(=O)c3ccoc3n(C)c12,complete,ok,True
True,False,False,False,False,False,False,False,False,False,False,False,False,False,True,0.0,ok,241,256,241,0.7234086901703144,CAL-0337,True,ok,"{'uniform': 83, 'massresid': 80, 'predictor': 125, 'prior': 79}",CC(C)=CCC/C(C)=C/CC/C(C)=C/CC[C@]1(C)CCc2cc(O)cc(C)c2O1,complete,ok,True
True,False,False,False,False,False,False,False,False,False,False,False,False,False,True,0.00027882913518673114,ok,256,256,256,0.7825032104446441,CAL-0338,True,ok,"{'uniform': 64, 'massresid': 64, 'predictor': 123, 'prior': 198}",CC1OC(Oc2cc(O)c3c(=O)c(OC4OC(CO)C(O)C(O)C4OC4OC(C)C(O)C(O)C4O)c(-c4ccc(O)c(O)c4)oc3c2)C(O)C(O)C1O,complete,ok,True
True,False,False,False,False,False,False,False,False,False,False,False,False,False,True,0.0,ok,256,256,256,0.7219496533501046,CAL-0339,True,ok,"{'uniform': 219, 'massresid': 219, 'predictor': 57, 'prior': 211}",C[C@@H]1O[C@@H](Oc2cc(O)c3c(=O)c(O[C@@H]4O[C@H](CO)[C@@H](O)[C@H](O)[C@H]4O[C@@H]4O[C@@H](C)[C@H](O)[C@@H](O)[C@H]4O)c(-c4ccc(O)c(O)c4)oc3c2)[C@H](O)[C@H](O)[C@H]1O,complete,ok,True
True,False,False,False,False,False,False,False,False,False,False,False,False,False,True,0.013678265689592406,ok,220,256,220,0.5001844924169114,CAL-0340,True,ok,"{'uniform': 217, 'massresid': 186, 'predictor': 68, 'prior': 81}",c1ccc(NCC2CCCN2)cc1,complete,ok,True
True,False,False,False,False,False,False,False,False,False,False,False,False,False,True,0.023214153999616682,ok,247,256,247,0.5885691376525022,CAL-0341,True,ok,"{'uniform': 107, 'massresid': 102, 'predictor': 42, 'prior': 220}",CCO[C@H]1O[C@@H]2c3cc4c(cc3CCN(C)[C@@H]2c2ccc3c(c21)OCO3)OCO4,complete,ok,True
True,False,False,False,False,False,False,False,False,False,False,False,False,False,True,0.026127072483200897,ok,241,256,241,0.5885223300634448,CAL-0342,True,ok,"{'uniform': 75, 'massresid': 70, 'predictor': 38, 'prior': 216}",CCOC1OC2c3cc4c(cc3CCN(C)C2c2ccc3c(c21)OCO3)OCO4,complete,ok,True
True,False,False,False,False,False,False,False,False,False,False,False,False,False,True,0.0012766247837849853,ok,248,256,248,0.7790373211603527,CAL-0343,True,ok,"{'uniform': 194, 'massresid': 189, 'predictor': 22, 'prior': 203}",COc1c(CC=C(C)C)c(O)cc2oc(=O)c(-c3ccc(O)cc3O)cc12,complete,ok,True
True,False,False,False,False,False,False,False,False,False,False,False,False,False,True,0.03449201663393664,ok,214,256,214,0.48399402646162365,CAL-0344,True,ok,"{'uniform': 69, 'massresid': 55, 'predictor': 69, 'prior': 68}",NCCCCCC(=O)O,complete,ok,True
True,False,False,False,False,False,False,False,False,False,False,False,False,False,True,0.0006048391164383826,ok,249,256,249,0.8239067121750311,CAL-0345,True,ok,"{'uniform': 196, 'massresid': 190, 'predictor': 131, 'prior': 169}",COc1c(O)cc(O)c2c(=O)cc(-c3ccccc3)oc12,complete,ok,True
True,False,False,False,False,True,True,False,False,False,False,False,False,False,True,0.0024770477711917316,ok,246,256,246,0.644867629781479,CAL-0346,True,ok,"{'uniform': 139, 'massresid': 133, 'predictor': 2, 'prior': 203}",COc1cc2c(cc1OC)C(C)=NCC2,complete,ok,True
True,False,False,False,False,False,False,False,False,False,False,False,False,False,True,0.0,ok,158,160,158,0.7457176476353475,CAL-0347,True,ok,"{'uniform': 67, 'massresid': 67, 'predictor': 31, 'prior': 96}",O=c1c(OC2OCC(O)C(O)C2O)c(-c2ccc(O)c(O)c2)oc2cc(O)cc(O)c12,complete,ok,True
True,False,False,False,False,False,False,False,False,False,False,False,False,False,True,0.0,ok,158,160,158,0.9238159187895081,CAL-0348,True,ok,"{'uniform': 90, 'massresid': 89, 'predictor': 35, 'prior': 96}",O=c1c(O[C@@H]2OC[C@H](O)[C@H](O)[C@H]2O)c(-c2ccc(O)c(O)c2)oc2cc(O)cc(O)c12,complete,ok,True
True,False,False,False,False,False,False,False,False,False,False,False,False,False,True,0.0,ok,158,160,158,0.8128288692458933,CAL-0349,True,ok,"{'uniform': 70, 'massresid': 70, 'predictor': 39, 'prior': 96}",O=c1c(OC2OC[C@@H](O)[C@H](O)[C@H]2O)c(-c2ccc(O)c(O)c2)oc2cc(O)cc(O)c12,complete,ok,True
True,False,False,False,False,False,False,False,False,False,False,False,False,False,True,0.0,ok,158,160,158,0.9132306631614807,CAL-0350,True,ok,"{'uniform': 130, 'massresid': 128, 'predictor': 45, 'prior': 96}",O=c1c(O[C@@H]2OC[C@@H](O)[C@H](O)[C@H]2O)c(-c2ccc(O)c(O)c2)oc2cc(O)cc(O)c12,complete,ok,True
True,False,False,False,False,False,False,False,False,False,False,False,False,False,True,0.004126881030101948,ok,248,256,248,0.5937449493749984,CAL-0351,True,ok,"{'uniform': 131, 'massresid': 124, 'predictor': 245, 'prior': 248}",C=C1CC23CC4C5C6(C)CC(O)CC57C(C2C(O)C1C(O)C37)N4C6,complete,ok,True
True,,,,,,,,,,,,,,,,no_finite_scores,0,0,0,,CAL-0352,False,no_pool,,C=C1C[C@@]23C[C@@H]4C5[C@@]6(C)C[C@H](O)C[C@@]57C2[C@H](O)[C@@H]1[C@H](O)C3[C@H]7N4C6,no_pool_in_prefix,ok,True
True,False,False,False,False,False,False,False,False,False,False,False,False,False,True,0.0027220035725382674,ok,245,256,245,0.5643294090173825,CAL-0353,True,ok,"{'uniform': 177, 'massresid': 172, 'predictor': 17, 'prior': 43}",COc1cc(/C=C/C(=O)O)ccc1O,complete,ok,True
True,False,False,False,False,False,False,False,False,False,False,False,False,False,True,0.023662828779507372,ok,244,256,244,0.2578751318573357,CAL-0354,True,ok,"{'uniform': 78, 'massresid': 75, 'predictor': 194, 'prior': 37}",COc1cc(C=CC(=O)O)ccc1O,complete,ok,True
True,False,False,False,False,False,False,False,False,False,False,False,False,False,True,0.005640780806044354,ok,242,256,242,0.6703150239017673,CAL-0355,True,ok,"{'uniform': 202, 'massresid': 190, 'predictor': 96, 'prior': 202}",O=c1cc(-c2ccccc2)oc2cc(O)c(O)c(O)c12,complete,ok,True
True,False,False,False,False,False,False,False,False,False,False,False,False,False,True,0.011792975459696264,ok,244,256,244,0.4608716417778758,CAL-0356,True,ok,"{'uniform': 150, 'massresid': 141, 'predictor': 60, 'prior': 125}",COc1cc(C=O)ccc1OC(C)=O,complete,ok,True
True,False,False,False,False,False,False,False,False,False,False,False,False,False,True,0.0,ok,221,223,221,0.5171931073846707,CAL-0357,True,ok,"{'uniform': 177, 'massresid': 176, 'predictor': 55, 'prior': 71}",O=C(O)c1cc(O)c(O)c(O)c1,complete,ok,True
True,False,False,False,False,False,False,False,False,False,False,False,False,False,True,0.0030098676352586784,ok,248,256,248,0.6947791728438614,CAL-0358,True,ok,"{'uniform': 16, 'massresid': 15, 'predictor': 167, 'prior': 104}",O=c1c(-c2ccc(O)cc2)coc2c([C@@H]3O[C@H](CO)[C@@H](O)[C@H](O)[C@H]3O)c(O)ccc12,complete,ok,True
True,False,True,False,False,False,False,False,False,False,False,False,True,False,True,0.0014337379780360315,ok,248,256,248,0.7182298836821212,CAL-0359,True,ok,"{'uniform': 9, 'massresid': 9, 'predictor': 156, 'prior': 104}",O=c1c(-c2ccc(O)cc2)coc2c(C3OC(CO)C(O)C(O)C3O)c(O)ccc12,complete,ok,True
True,False,False,False,False,False,False,False,False,False,False,False,False,False,True,0.018005047827334697,ok,241,256,241,0.6806267651094091,CAL-0360,True,ok,"{'uniform': 30, 'massresid': 30, 'predictor': 95, 'prior': 177}",CC1=C(C)C(=O)O[C@@H]([C@@H](C)[C@@]2(O)CC[C@H]3[C@@H]4[C@@H]5O[C@@H]5[C@@]5(O)CC=CC(=O)[C@]5(C)[C@H]4CC[C@@]32C)C1,complete,ok,True
True,False,True,False,False,True,False,False,False,False,False,False,True,False,True,0.01486760793232822,ok,249,256,249,0.3968682586105133,CAL-0361,True,ok,"{'uniform': 4, 'massresid': 4, 'predictor': 6, 'prior': 172}",CC(C)=CCc1cc(C2CC(=O)c3c(O)cc(O)cc3O2)cc(O)c1O,complete,ok,True
True,False,False,False,False,False,False,False,False,False,False,False,False,False,True,0.02135988412073364,ok,253,256,253,0.5265355362159172,CAL-0362,True,ok,"{'uniform': 117, 'massresid': 116, 'predictor': 231, 'prior': 162}",CC1=NCCc2c1[nH]c1cc(O)ccc21,complete,ok,True
True,False,False,False,False,False,False,False,False,False,False,False,False,False,True,0.12227524284106395,ok,221,256,221,0.5528643919762791,CAL-0363,True,ok,"{'uniform': 64, 'massresid': 57, 'predictor': 63, 'prior': 73}",O=C1NCC(=O)N2CCC[C@@H]12,complete,ok,True
True,False,False,False,False,False,False,False,False,False,False,False,False,False,True,0.00011379514949971803,ok,242,256,242,0.7731768315782576,CAL-0364,True,ok,"{'uniform': 240, 'massresid': 227, 'predictor': 133, 'prior': 106}",O=C1c2cccc(O)c2C(=O)c2c(O)cc(CO)cc21,complete,ok,True
True,False,False,False,False,False,False,False,False,False,False,False,False,False,True,0.01041450472507055,ok,243,256,243,0.7598044174341104,CAL-0365,True,ok,"{'uniform': 204, 'massresid': 191, 'predictor': 32, 'prior': 198}",CC(C)=CCc1c(O)cc(O)c(CC=C(C)C)c1CCc1ccc(O)c(O)c1,complete,ok,True
True,False,False,False,False,False,False,False,False,False,False,False,False,False,True,0.02697633253390941,ok,244,256,244,0.42063730162901425,CAL-0366,True,ok,"{'uniform': 177, 'massresid': 169, 'predictor': 14, 'prior': 62}",O=C(O)/C=C/c1cccc(O)c1,complete,ok,True
True,False,False,False,False,True,False,False,False,False,False,False,False,False,True,0.02895248240297954,ok,232,256,232,0.3271912141894115,CAL-0367,True,ok,"{'uniform': 145, 'massresid': 131, 'predictor': 10, 'prior': 56}",O=C(O)C=Cc1cccc(O)c1,complete,ok,True
True,False,False,False,False,False,False,False,False,False,False,False,False,False,True,0.019569006409788536,ok,241,256,241,1.167261249045818,CAL-0368,True,ok,"{'uniform': 231, 'massresid': 216, 'predictor': 78, 'prior': 111}",CC(C)=CCC/C(C)=C/CC/C(C)=C/CC[C@]1(C)CCc2cc(O)c(C)c(C)c2O1,complete,ok,True
True,False,False,False,False,False,False,False,False,False,False,False,False,False,True,0.008509767025172255,ok,241,256,241,0.9796224347158576,CAL-0369,True,ok,"{'uniform': 214, 'massresid': 201, 'predictor': 149, 'prior': 181}",Cc1ccc2ccc3ccc(C)nc3c2n1,complete,ok,True
True,False,False,False,False,False,False,False,False,False,False,False,False,False,True,0.0,ok,256,256,256,1.1172857860694256,CAL-0370,True,ok,"{'uniform': 22, 'massresid': 22, 'predictor': 144, 'prior': 209}",O=c1cc(-c2ccc(O)c(O)c2)oc2c([C@@H]3O[C@H](CO)[C@@H](O)[C@H](O)[C@H]3O)c(O)cc(O)c12,complete,ok,True
True,,,,,,,,,,,,,,,,no_finite_scores,0,0,0,,CAL-0371,False,no_pool,,O=c1cc(-c2ccc(O)c(O)c2)oc2c(C3O[C@H](CO)[C@H](O)[C@H](O)[C@H]3O)c(O)cc(O)c12,no_pool_in_prefix,ok,True
True,,,,,,,,,,,,,,,,no_finite_scores,0,0,0,,CAL-0372,False,no_pool,,O=c1cc(-c2ccc(O)c(O)c2)oc2c(C3OC(CO)C(O)C(O)C3O)c(O)cc(O)c12,no_pool_in_prefix,ok,True
True,False,False,False,False,False,False,False,False,False,False,False,False,False,True,0.0,ok,244,248,244,0.6739764583608242,CAL-0373,True,ok,"{'uniform': 187, 'massresid': 185, 'predictor': 48, 'prior': 112}",O=C(/C=C/c1ccc(O)cc1)OC[C@H]1O[C@@H](Oc2c(-c3ccc(O)cc3)oc3cc(O)cc(O)c3c2=O)[C@H](O)[C@@H](O)[C@@H]1O,complete,ok,True
True,False,False,False,False,False,False,False,False,False,False,False,False,False,True,0.0,ok,244,248,244,0.5168850552923961,CAL-0374,True,ok,"{'uniform': 83, 'massresid': 82, 'predictor': 20, 'prior': 112}",O=C(C=Cc1ccc(O)cc1)OCC1OC(Oc2c(-c3ccc(O)cc3)oc3cc(O)cc(O)c3c2=O)C(O)C(O)C1O,complete,ok,True
True,False,False,False,False,False,False,False,False,False,False,False,False,False,True,0.0,ok,255,256,255,0.9795732383994304,CAL-0375,True,ok,"{'uniform': 21, 'massresid': 21, 'predictor': 52, 'prior': 211}",CC1OC(OC2C(c3c(O)cc4oc(-c5ccc(O)c(O)c5)cc(=O)c4c3O)OC(CO)C(O)C2O)C(O)C(O)C1O,complete,ok,True
True,False,False,False,False,False,False,False,False,False,False,False,False,False,True,0.051531661897919634,ok,249,256,249,0.4088055105470271,CAL-0376,True,ok,"{'uniform': 76, 'massresid': 75, 'predictor': 21, 'prior': 147}",CC[C@@H]1C[C@@H]2CN3CCC4(O)C(=Nc5ccc(OC)cc54)C(C(=O)OC)(C2)C13,complete,ok,True
True,False,False,False,False,False,False,False,False,False,False,False,False,False,True,0.0,ok,249,256,249,0.40267662450459085,CAL-0377,True,ok,"{'uniform': 249, 'massresid': 242, 'predictor': 15, 'prior': 131}",CCC1CC2CN3CCC4(O)C(=Nc5ccc(OC)cc54)C(C(=O)OC)(C2)C13,complete,ok,True
True,False,False,False,False,False,False,False,False,False,False,False,False,False,True,0.027618622486973332,ok,225,256,225,0.7561097288307159,CAL-0378,True,ok,"{'uniform': 138, 'massresid': 118, 'predictor': 140, 'prior': 140}",COC(=O)C1=COC(C)C2CN3CCC4(C(=O)Nc5c4ccc(OC)c5OC)C3CC12,complete,ok,True
True,False,False,False,False,False,False,False,False,False,False,False,False,False,True,0.013045208446275325,ok,231,256,231,0.9792514338639616,CAL-0379,True,ok,"{'uniform': 226, 'massresid': 204, 'predictor': 157, 'prior': 134}",COC(=O)C1=CO[C@@H](C)[C@@H]2CN3CC[C@]4(C(=O)Nc5c4ccc(OC)c5OC)[C@@H]3C[C@H]12,complete,ok,True
True,,,,,,,,,,,,,,,,no_finite_scores,0,0,0,,CAL-0380,False,no_pool,,COC(=O)C1=CO[C@@H](C)[C@@H]2CN3CC[C@]4(C(=O)Nc5c4ccc(OC)c5OC)[C@H]3C[C@H]12,no_pool_in_prefix,ok,True
True,False,False,False,False,False,False,False,False,False,False,False,False,False,True,0.0017157773341791582,ok,90,90,90,0.7664007508016963,CAL-0381,True,ok,"{'uniform': 27, 'massresid': 27, 'predictor': 16, 'prior': 45}",CC(=O)OC1C(C)OC(OC2C(c3c(O)cc(O)c4c(=O)cc(-c5ccc(O)cc5)oc34)OC(CO)C(O)C2O)C(O)C1O,complete,ok,True
True,False,False,False,False,False,False,False,False,False,False,False,False,False,True,0.011956463848848076,ok,85,87,85,0.7602072174761461,CAL-0382,True,ok,"{'uniform': 85, 'massresid': 83, 'predictor': 40, 'prior': 72}",O=c1c(O[C@@H]2OC[C@@H](O)[C@H](O)[C@H]2O)c(-c2cc(O)c(O)c(O)c2)oc2cc(O)cc(O)c12,complete,ok,True
True,False,False,False,False,False,False,False,False,False,False,False,False,False,True,0.002636111794029228,ok,85,87,85,0.5953945418156451,CAL-0383,True,ok,"{'uniform': 22, 'massresid': 22, 'predictor': 59, 'prior': 72}",O=c1c(OC2OCC(O)C(O)C2O)c(-c2cc(O)c(O)c(O)c2)oc2cc(O)cc(O)c12,complete,ok,True
True,False,False,False,False,False,False,False,False,False,False,False,False,False,True,0.016477654858502944,ok,248,256,248,0.9882931870439476,CAL-0384,True,ok,"{'uniform': 232, 'massresid': 224, 'predictor': 138, 'prior': 167}",COc1ccc2c3c([nH]c2c1)[C@@H]1C[C@H]2/C(=C\CO)CN1[C@@H]1[C@H]2CO[C@H]31,complete,ok,True
True,False,False,False,False,False,False,False,False,False,False,False,False,False,True,0.005216386198684697,ok,246,256,246,0.5494657464569276,CAL-0385,True,ok,"{'uniform': 189, 'massresid': 181, 'predictor': 149, 'prior': 166}",COc1ccc2c3c([nH]c2c1)C1CC2C(=CCO)CN1C1C3OCC21,complete,ok,True
True,False,False,False,False,True,True,False,False,False,False,False,False,False,True,0.0005278131848598377,ok,244,256,244,0.5632052936320947,CAL-0386,True,ok,"{'uniform': 251, 'massresid': 239, 'predictor': 3, 'prior': 25}",O=C(Cc1c[nH]c2ccccc12)N[C@@H](Cc1ccccc1)C(=O)O,complete,ok,True
True,False,False,False,False,True,True,False,False,False,False,False,False,False,True,0.004833926317700077,ok,245,256,245,0.5640865608015325,CAL-0387,True,ok,"{'uniform': 33, 'massresid': 33, 'predictor': 2, 'prior': 25}",O=C(Cc1c[nH]c2ccccc12)NC(Cc1ccccc1)C(=O)O,complete,ok,True
True,False,False,False,False,False,False,False,False,False,False,False,False,False,True,0.004032662338657678,ok,239,256,239,0.28281204393186377,CAL-0388,True,ok,"{'uniform': 143, 'massresid': 134, 'predictor': 149, 'prior': 171}",CCc1nccc2c1[nH]c1ccccc12,complete,ok,True
True,True,True,True,False,False,False,False,False,False,False,True,True,True,True,0.0,ok,255,256,255,0.4123973191992895,CAL-0389,True,ok,"{'uniform': 1, 'massresid': 1, 'predictor': 183, 'prior': 174}",C[C@H]1O[C@@H](O[C@H]2CC[C@@]3(C)[C@@H](CC[C@]4(C)[C@@H]3C=CC35OC[C@@]6(CCC(C)(C)CC36)C(O)C[C@]54C)[C@]2(C)CO)[C@H](O)C(OC2OC(CO)C(O)C(O)[C@H]2O)C1O,complete,ok,True
True,False,False,False,False,False,False,False,False,False,False,False,False,False,True,0.0,ok,255,256,255,0.6859807373679786,CAL-0390,True,ok,"{'uniform': 159, 'massresid': 158, 'predictor': 209, 'prior': 196}",C[C@H]1O[C@@H](O[C@H]2CC[C@@]3(C)[C@@H](CC[C@]4(C)[C@@H]3C=C[C@]35OC[C@@]6(CCC(C)(C)C[C@H]63)[C@@H](O)C[C@]54C)[C@]2(C)CO)[C@H](O)[C@@H](O[C@@H]2O[C@H](CO)[C@@H](O)[C@H](O)[C@H]2O)[C@H]1O,complete,ok,True
True,False,False,False,False,False,False,False,False,False,False,False,False,False,True,0.0,ok,255,256,255,0.4101821877596291,CAL-0391,True,ok,"{'uniform': 211, 'massresid': 210, 'predictor': 148, 'prior': 199}",CC1OC(OC2CCC3(C)C(CCC4(C)C3C=CC35OCC6(CCC(C)(C)CC63)C(O)CC45C)C2(C)CO)C(O)C(OC2OC(CO)C(O)C(O)C2O)C1O,complete,ok,True
True,,,,,,,,,,,,,,,,no_finite_scores,0,0,0,,CAL-0392,False,no_pool,,C[C@H]1O[C@@H](O[C@H]2CC[C@@]3(C)[C@@H](CC[C@]4(C)[C@@H]3C=C[C@]35OC[C@@]6(CCC(C)(C)C[C@H]63)[C@H](O)C[C@]54C)[C@]2(C)CO)[C@H](O)[C@@H](O[C@@H]2O[C@H](CO)[C@@H](O)[C@H](O)[C@H]2O)[C@H]1O,no_pool_in_prefix,ok,True
True,False,False,False,False,False,False,False,False,False,False,False,False,False,True,0.012846110728048421,ok,253,256,253,0.6395877016023995,CAL-0393,True,ok,"{'uniform': 58, 'massresid': 58, 'predictor': 91, 'prior': 247}",COc1cc2c(cc1OC)[C@H]1[C@@H](C)c3ccc(OC)c(OC)c3CN1CC2,complete,ok,True
True,False,False,False,False,False,False,False,False,False,False,False,False,False,True,0.005801564898991418,ok,252,256,252,0.7553947985315692,CAL-0394,True,ok,"{'uniform': 226, 'massresid': 222, 'predictor': 127, 'prior': 237}",COc1cc2c(cc1OC)C1C(C)c3ccc(OC)c(OC)c3CN1CC2,complete,ok,True
True,False,False,False,False,False,False,False,False,False,False,False,False,False,True,0.00463384395779709,ok,245,256,245,1.1126649598870357,CAL-0395,True,ok,"{'uniform': 256, 'massresid': 245, 'predictor': 82, 'prior': 68}",CN1CC[C@]23c4ccccc4N[C@H]1[C@]21CCN(C)[C@H]3Nc2ccccc21,complete,ok,True
True,False,False,False,False,False,False,False,False,False,False,False,False,False,True,0.012232028991719157,ok,246,256,246,0.6321308010070464,CAL-0396,True,ok,"{'uniform': 108, 'massresid': 105, 'predictor': 76, 'prior': 59}",CN1CCC23c4ccccc4NC1C21CCN(C)C3Nc2ccccc21,complete,ok,True
True,False,False,False,False,False,False,False,False,False,False,False,False,False,True,0.0,ok,42,52,42,0.573356228318565,CAL-0397,True,ok,"{'uniform': 24, 'massresid': 18, 'predictor': 19, 'prior': 28}",C[C@@H](O)C(=O)SC[C@H](NC(=O)CC[C@H](N)C(=O)O)C(=O)NCC(=O)O,complete,ok,True
True,False,False,False,False,False,False,False,False,False,False,False,False,False,True,0.0,ok,42,52,42,0.5733750649646352,CAL-0398,True,ok,"{'uniform': 12, 'massresid': 11, 'predictor': 19, 'prior': 28}",CC(O)C(=O)SCC(NC(=O)CCC(N)C(=O)O)C(=O)NCC(=O)O,complete,ok,True
True,False,False,False,False,False,False,False,False,False,False,False,False,False,True,0.0,ok,250,256,250,0.5234765762097694,CAL-0399,True,ok,"{'uniform': 81, 'massresid': 79, 'predictor': 70, 'prior': 54}",O=C1C[C@@H](c2ccc(O)cc2)Oc2cc(O[C@@H]3O[C@H](CO)[C@@H](O)[C@H](O)[C@H]3O)cc(O)c21,complete,ok,True
True,False,False,False,False,False,False,False,False,False,False,False,False,False,True,0.0,ok,247,256,247,0.5735228251465994,CAL-0400,True,ok,"{'uniform': 13, 'massresid': 13, 'predictor': 60, 'prior': 48}",O=C1CC(c2ccc(O)cc2)Oc2cc(OC3OC(CO)C(O)C(O)C3O)cc(O)c21,complete,ok,True
True,,,,,,,,,,,,,,,,no_finite_scores,0,0,0,,CAL-0401,False,no_pool,,O=C1CC(c2ccc(O)cc2)Oc2cc(O[C@@H]3O[C@H](CO)[C@@H](O)[C@H](O)[C@H]3O)cc(O)c21,no_pool_in_prefix,ok,True
True,False,False,False,False,True,True,False,False,False,False,False,False,False,True,0.0012012461891081072,ok,85,91,85,0.5884720468950101,CAL-0402,True,ok,"{'uniform': 33, 'massresid': 29, 'predictor': 2, 'prior': 22}",O=C(O)CC(=O)OCC1OC(Oc2cc(O)c3c(=O)cc(-c4ccc(O)cc4)oc3c2)C(O)C(O)C1O,complete,ok,True
True,False,False,False,False,False,False,False,False,False,False,False,False,False,True,0.0032952927396365794,ok,256,256,256,0.7081770901934022,CAL-0403,True,ok,"{'uniform': 56, 'massresid': 56, 'predictor': 72, 'prior': 77}",O=c1cc(-c2ccc(O)cc2)oc2cc(O[C@@H]3O[C@H](CO)[C@@H](O)[C@H](O)[C@H]3O)c(O)c(O)c12,complete,ok,True
True,False,False,False,False,False,False,False,False,False,False,False,False,False,True,0.0,ok,256,256,256,0.8774849373534179,CAL-0404,True,ok,"{'uniform': 170, 'massresid': 170, 'predictor': 71, 'prior': 85}",O=c1cc(-c2ccc(O)cc2)oc2cc(OC3OC(CO)C(O)C(O)C3O)c(O)c(O)c12,complete,ok,True
True,False,False,False,False,True,True,False,False,False,False,False,False,False,True,0.03250591079439724,ok,247,256,247,0.8893836375843108,CAL-0405,True,ok,"{'uniform': 229, 'massresid': 223, 'predictor': 3, 'prior': 100}",COC(=O)[C@@]12C[C@H]3C[C@H]([C@H](C)O)[C@@H]1N(CCc1c2[nH]c2ccc(OC)cc12)C3,complete,ok,True
True,False,False,False,False,False,False,False,False,False,False,False,False,False,True,0.060968817954101195,ok,250,256,250,0.487719798410127,CAL-0406,True,ok,"{'uniform': 159, 'massresid': 156, 'predictor': 14, 'prior': 100}",COC(=O)C12CC3CC(C(C)O)C1N(CCc1c2[nH]c2ccc(OC)cc12)C3,complete,ok,True
True,False,False,False,False,False,False,False,False,False,False,False,False,False,True,0.006438290818021497,ok,240,256,240,0.5591918163738993,CAL-0407,True,ok,"{'uniform': 110, 'massresid': 105, 'predictor': 177, 'prior': 124}",CC=C(C)C(=O)NCC(=O)O,complete,ok,True
True,False,False,False,False,False,False,False,False,False,False,False,False,False,True,0.04544228208447276,ok,237,256,237,0.5784251961849354,CAL-0408,True,ok,"{'uniform': 43, 'massresid': 39, 'predictor': 174, 'prior': 126}",C/C=C(\C)C(=O)NCC(=O)O,complete,ok,True
True,False,False,False,False,False,False,False,True,True,False,False,False,False,True,0.006519187695732898,ok,209,256,209,0.42518206951456744,CAL-0409,True,ok,"{'uniform': 76, 'massresid': 65, 'predictor': 48, 'prior': 2}",O=C(O)CC[C@H](NC(=O)Cc1c[nH]c2ccccc12)C(=O)O,complete,ok,True
True,False,False,False,False,True,False,False,True,True,False,False,False,False,True,0.011215582163873195,ok,199,256,199,0.4404986139845639,CAL-0410,True,ok,"{'uniform': 246, 'massresid': 192, 'predictor': 4, 'prior': 3}",O=C(O)CCC(NC(=O)Cc1c[nH]c2ccccc12)C(=O)O,complete,ok,True
True,False,False,False,False,True,False,False,False,False,False,False,False,False,True,0.02700802479116804,ok,245,256,245,0.6472214373903248,CAL-0411,True,ok,"{'uniform': 83, 'massresid': 78, 'predictor': 8, 'prior': 125}",CC(=O)O[C@H]1[C@H]2O[C@]23[C@@H]2CC[C@@H]4C[C@@H](O)CC[C@]4(C)[C@H]2CC[C@]3(C)[C@H]1c1ccc(=O)oc1,complete,ok,True
True,False,False,False,False,True,False,False,False,False,False,False,False,False,True,0.03183639380097503,ok,246,256,246,0.9260017750946637,CAL-0412,True,ok,"{'uniform': 217, 'massresid': 208, 'predictor': 4, 'prior': 109}",CC(=O)OC1C(c2ccc(=O)oc2)C2(C)CCC3C(CCC4CC(O)CCC43C)C23OC13,complete,ok,True
True,False,False,False,False,False,False,False,False,False,False,False,False,False,True,0.0008345747947559046,ok,234,256,234,0.6913278503210588,CAL-0413,True,ok,"{'uniform': 57, 'massresid': 50, 'predictor': 22, 'prior': 16}",NC(CC(=O)O)Cc1ccc(O)cc1,complete,ok,True
True,False,False,False,False,False,False,False,False,False,False,False,False,False,True,0.005388580157418277,ok,249,256,249,0.48323907487089224,CAL-0414,True,ok,"{'uniform': 213, 'massresid': 207, 'predictor': 31, 'prior': 131}",CCN(CC)CCOC(=O)c1ccc(N)cc1,complete,ok,True
True,False,False,False,False,False,False,False,False,False,False,False,False,False,True,0.02186506981509062,ok,237,256,237,0.6326759499050613,CAL-0415,True,ok,"{'uniform': 115, 'massresid': 103, 'predictor': 95, 'prior': 108}",O=C1NCCc2c1[nH]c1ccccc21,complete,ok,True
True,False,False,False,False,False,False,False,False,False,False,False,False,False,True,0.007797991988809705,ok,234,256,234,0.48886187593057595,CAL-0416,True,ok,"{'uniform': 177, 'massresid': 161, 'predictor': 50, 'prior': 39}",c1ccc2c(c1)CN1CCCC1=N2,complete,ok,True
True,False,False,False,False,False,False,False,False,False,False,False,False,False,True,0.00818625170763232,ok,251,256,251,1.0083576292311802,CAL-0417,True,ok,"{'uniform': 110, 'massresid': 109, 'predictor': 65, 'prior': 91}",COc1ccc(-c2coc3cc(O[C@@H]4O[C@H](CO)[C@@H](O)[C@H](O)[C@H]4O)cc(O)c3c2=O)cc1,complete,ok,True
True,False,False,False,False,False,False,False,False,False,False,False,False,False,True,0.006371663582841025,ok,251,256,251,0.8173484803219008,CAL-0418,True,ok,"{'uniform': 39, 'massresid': 37, 'predictor': 105, 'prior': 85}",COc1ccc(-c2coc3cc(OC4OC(CO)C(O)C(O)C4O)cc(O)c3c2=O)cc1,complete,ok,True
True,False,False,False,False,True,True,False,False,False,False,False,False,False,True,0.0011558484729290441,ok,172,256,172,0.44963665058834845,CAL-0419,True,ok,"{'uniform': 166, 'massresid': 108, 'predictor': 3, 'prior': 95}",CN(C)CC(=O)O,complete,ok,True
True,False,False,False,False,False,False,False,False,False,False,False,False,False,True,0.0013617428390216846,ok,235,256,235,0.36265068617788315,CAL-0420,True,ok,"{'uniform': 220, 'massresid': 203, 'predictor': 23, 'prior': 105}",CC(=O)N1CC(C)CCC12OC1CC3C4CC=C5CC(O)CCC5(C)C4CCC3(C)C1C2C,complete,ok,True
True,False,False,False,False,False,False,False,False,False,False,False,False,False,True,0.0061884186907146255,ok,243,256,243,0.6131325918974794,CAL-0421,True,ok,"{'uniform': 78, 'massresid': 73, 'predictor': 125, 'prior': 82}",CN1CCCCC1c1ccc(-c2cccnc2)nc1,complete,ok,True
True,False,False,False,False,False,False,False,False,False,False,False,False,False,True,0.0,ok,254,256,254,1.2417017064537936,CAL-0422,True,ok,"{'uniform': 182, 'massresid': 182, 'predictor': 227, 'prior': 236}",O=c1cc(-c2ccc(O)cc2)oc2c(C3OC(CO)C(O)C(O)C3O)c(O)c(C3OCC(O)C(O)C3O)c(O)c12,complete,ok,True
True,,,,,,,,,,,,,,,,no_finite_scores,0,0,0,,CAL-0423,False,no_pool,,O=c1cc(-c2ccc(O)cc2)oc2c([C@@H]3O[C@H](CO)[C@@H](O)[C@H](O)[C@H]3O)c(O)c([C@@H]3OC[C@H](O)[C@H](O)[C@H]3O)c(O)c12,no_pool_in_prefix,ok,True
True,False,False,False,False,False,False,False,False,False,False,False,False,False,True,0.018979463398226537,ok,241,256,241,0.7311881211478191,CAL-0424,True,ok,"{'uniform': 120, 'massresid': 113, 'predictor': 23, 'prior': 204}",CC[C@H]1CN2CCc3cc(OC)c(OC)cc3[C@@H]2C[C@@H]1C[C@H]1NCCc2cc(O)c(OC)cc21,complete,ok,True
True,False,False,False,False,False,False,False,False,False,False,False,False,False,True,0.011593300308697652,ok,240,256,240,0.46121582359454416,CAL-0425,True,ok,"{'uniform': 194, 'massresid': 183, 'predictor': 184, 'prior': 199}",CCC1CN2CCc3cc(OC)c(OC)cc3C2CC1CC1NCCc2cc(O)c(OC)cc21,complete,ok,True
True,False,False,False,False,True,True,False,False,False,False,False,False,False,True,0.008807202193820696,ok,242,256,242,0.5777994268283588,CAL-0426,True,ok,"{'uniform': 148, 'massresid': 137, 'predictor': 2, 'prior': 16}",CCC(C)C(NC(=O)C(N)Cc1ccccc1)C(=O)O,complete,ok,True
True,,,,,,,,,,,,,,,,no_finite_scores,0,0,0,,CAL-0427,False,no_pool,,CC[C@H](C)[C@H](NC(=O)[C@@H](N)Cc1ccccc1)C(=O)O,no_pool_in_prefix,ok,True
True,False,False,False,False,False,False,False,False,False,False,False,False,False,True,0.1397612649314564,ok,145,147,145,0.38827492539217373,CAL-0428,True,ok,"{'uniform': 35, 'massresid': 35, 'predictor': 72, 'prior': 55}",COc1cc(O)c2c(=O)c(OC3OC(COC4OC(C)C(O)C(OC5OC(C)C(O)C(O)C5O)C4O)C(O)C(O)C3O)c(-c3ccc(O)c(O)c3)oc2c1,complete,ok,True
True,False,False,False,False,False,False,False,False,False,False,False,False,False,True,0.1635990019902922,ok,145,147,145,0.35675121751597755,CAL-0429,True,ok,"{'uniform': 29, 'massresid': 28, 'predictor': 81, 'prior': 56}",COc1cc(O)c2c(=O)c(O[C@@H]3O[C@H](CO[C@@H]4O[C@@H](C)[C@H](O)[C@@H](O[C@@H]5O[C@@H](C)[C@H](O)[C@@H](O)[C@H]5O)[C@H]4O)[C@H](O)[C@H](O)[C@H]3O)c(-c3ccc(O)c(O)c3)oc2c1,complete,ok,True
True,False,False,False,False,False,False,False,False,False,False,False,False,False,True,0.0029381626231450575,ok,240,256,240,0.7347581333771308,CAL-0430,True,ok,"{'uniform': 255, 'massresid': 239, 'predictor': 40, 'prior': 88}",O=C(Cc1c[nH]c2ccccc12)NC(Cc1c[nH]c2ccccc12)C(=O)O,complete,ok,True
True,False,False,False,False,False,False,False,False,False,False,False,False,False,True,0.04677037475119139,ok,251,256,251,0.6451189742420704,CAL-0431,True,ok,"{'uniform': 41, 'massresid': 41, 'predictor': 13, 'prior': 49}",COC(=O)C1=C2Nc3ccccc3C23CCN2CCC1C(C(C)OC)C23,complete,ok,True
True,False,False,False,False,False,False,False,False,False,False,False,False,False,True,0.007674048102690123,ok,249,256,249,0.8490692754595104,CAL-0432,True,ok,"{'uniform': 204, 'massresid': 201, 'predictor': 204, 'prior': 36}",COC(=O)C1=C2Nc3ccccc3[C@]23CCN2CC[C@H]1C([C@@H](C)OC)[C@@H]23,complete,ok,True
True,False,False,False,False,False,False,False,False,False,False,False,False,False,True,0.0,ok,175,256,175,0.734441427200342,CAL-0433,True,ok,"{'uniform': 211, 'massresid': 141, 'predictor': 17, 'prior': 59}",NC(CO)CC(=O)O,complete,ok,True
True,False,True,True,False,False,False,False,False,False,False,False,True,True,True,0.003307997424160991,ok,232,256,232,1.1216907145036243,CAL-0434,True,ok,"{'uniform': 2, 'massresid': 2, 'predictor': 104, 'prior': 117}",CC(C)c1cccc(O)c(=O)c1,complete,ok,True
True,False,False,False,False,False,False,False,False,False,False,False,False,False,True,0.0,ok,256,256,256,0.8910062489966969,CAL-0435,True,ok,"{'uniform': 152, 'massresid': 152, 'predictor': 88, 'prior': 170}",C[C@@H]1O[C@@H](OC[C@H]2O[C@@H](Oc3c(-c4ccc(O)cc4)oc4cc(O)cc(O)c4c3=O)[C@H](O)[C@@H](O)[C@@H]2O)[C@H](O)[C@H](O)[C@H]1O,complete,ok,True
True,False,False,False,False,False,False,False,False,False,False,False,False,False,True,0.00027735918006388527,ok,254,256,254,0.8267156325144126,CAL-0436,True,ok,"{'uniform': 49, 'massresid': 49, 'predictor': 46, 'prior': 165}",CC1OC(OCC2OC(Oc3c(-c4ccc(O)cc4)oc4cc(O)cc(O)c4c3=O)C(O)C(O)C2O)C(O)C(O)C1O,complete,ok,True
True,,,,,,,,,,,,,,,,no_finite_scores,0,0,0,,CAL-0437,False,no_pool,,C[C@@H]1O[C@@H](OC[C@H]2O[C@@H](Oc3c(-c4ccc(O)cc4)oc4cc(O)cc(O)c4c3=O)[C@H](O)[C@@H](O)[C@H]2O)[C@H](O)[C@H](O)[C@H]1O,no_pool_in_prefix,ok,True
True,False,False,False,False,False,False,False,False,False,False,False,False,False,True,0.0,ok,251,256,251,0.6388923773881706,CAL-0438,True,ok,"{'uniform': 114, 'massresid': 113, 'predictor': 68, 'prior': 53}",C[C@H]1[C@H](C)CC[C@]2(C(=O)O)CC[C@]3(C)C(=CC[C@@H]4[C@@]5(C)C[C@@H](O)[C@H](O)C(C)(C)[C@@H]5CC[C@]43C)[C@H]12,complete,ok,True
True,False,False,False,False,False,False,False,False,False,False,False,False,False,True,0.01867447850869175,ok,252,256,252,0.7549337644587331,CAL-0439,True,ok,"{'uniform': 211, 'massresid': 208, 'predictor': 86, 'prior': 68}",CC1CCC2(C(=O)O)CCC3(C)C(=CCC4C5(C)CC(O)C(O)C(C)(C)C5CCC43C)C2C1C,complete,ok,True
True,,,,,,,,,,,,,,,,no_finite_scores,0,0,0,,CAL-0440,False,no_pool,,C[C@@H]1CC[C@]2(C(=O)O)CC[C@]3(C)C(=CCC4[C@@]5(C)C[C@@H](O)[C@@H](O)C(C)(C)C5CC[C@]43C)C2[C@H]1C,no_pool_in_prefix,ok,True
True,False,False,False,False,False,False,False,True,False,False,False,False,False,True,0.0035456167700276264,ok,133,143,133,0.660548768285615,CAL-0441,True,ok,"{'uniform': 41, 'massresid': 40, 'predictor': 78, 'prior': 4}",COc1ccc(-c2coc3cc(OC4OC(COC(=O)CC5CCNCC5)C(O)C(O)C4O)c(OC)cc3c2=O)cc1,complete,ok,True
True,False,False,False,False,False,False,False,False,False,False,False,False,False,True,0.00030300891679635455,ok,246,256,246,0.5790235924684652,CAL-0442,True,ok,"{'uniform': 85, 'massresid': 79, 'predictor': 43, 'prior': 64}",O=C1c2c(O)cc(O)cc2OC(c2ccc(O)cc2)C1O,complete,ok,True
True,False,False,False,False,False,False,False,False,False,False,False,False,False,True,0.012317717818360663,ok,247,256,247,1.0828279771458265,CAL-0443,True,ok,"{'uniform': 64, 'massresid': 63, 'predictor': 60, 'prior': 61}",O=C1c2c(O)cc(O)cc2O[C@@H](c2ccc(O)cc2)[C@@H]1O,complete,ok,True
True,,,,,,,,,,,,,,,,no_finite_scores,0,0,0,,CAL-0444,False,no_pool,,O=C1c2c(O)cc(O)cc2O[C@H](c2ccc(O)cc2)[C@H]1O,no_pool_in_prefix,ok,True
True,False,False,False,False,False,False,False,False,False,False,False,False,False,True,0.0004575680431341267,ok,146,149,146,0.8252242655745827,CAL-0445,True,ok,"{'uniform': 12, 'massresid': 12, 'predictor': 57, 'prior': 84}",CC1(C(=O)O)CCC2(C)CCC3(C)C(=CCC4C5(C)CCC(OC6OC(C(=O)O)C(O)C(O)C6OC6OC(C(=O)O)C(O)C(O)C6O)C(C)(C)C5CCC43C)C2C1,complete,ok,True
True,False,False,False,False,False,False,False,False,False,False,False,False,False,True,0.0,ok,185,189,185,0.7927470435237107,CAL-0446,True,ok,"{'uniform': 51, 'massresid': 51, 'predictor': 50, 'prior': 114}",O=C(O)[C@H]1O[C@@H](Oc2c(-c3ccc(O)cc3)oc3cc(O)cc(O)c3c2=O)[C@H](O)[C@@H](O)[C@@H]1O,complete,ok,True
True,False,False,False,False,False,False,False,False,False,False,False,False,False,True,0.0,ok,185,189,185,0.9483722006629284,CAL-0447,True,ok,"{'uniform': 69, 'massresid': 66, 'predictor': 35, 'prior': 114}",O=C(O)C1OC(Oc2c(-c3ccc(O)cc3)oc3cc(O)cc(O)c3c2=O)C(O)C(O)C1O,complete,ok,True
True,False,False,False,False,True,False,False,True,False,False,False,False,False,True,0.0,ok,230,256,230,0.531033151243431,CAL-0448,True,ok,"{'uniform': 239, 'massresid': 214, 'predictor': 8, 'prior': 5}",O=C(O)CC1CCCN1,complete,ok,True
True,False,False,False,False,False,False,False,False,False,False,False,False,False,True,0.017613849792951997,ok,238,256,238,0.45359221526773574,CAL-0449,True,ok,"{'uniform': 83, 'massresid': 79, 'predictor': 81, 'prior': 173}",CC(=O)OC1CCC2(C)C(=CCC3C2CCC2(C)C3CC3OC4(CCC(C)CN4)C(C)C32)C1,complete,ok,True
True,False,False,False,False,False,False,False,False,False,False,False,False,False,True,0.0012864288411634783,ok,256,256,256,0.7576447652057006,CAL-0450,True,ok,"{'uniform': 182, 'massresid': 182, 'predictor': 87, 'prior': 98}",C[C@@H]1O[C@@H](O[C@H]2[C@H](Oc3cc(O)c4c(=O)c(O)c(-c5ccc(O)cc5)oc4c3)O[C@H](CO)[C@@H](O)[C@@H]2O)[C@H](O)[C@H](O)[C@H]1O,complete,ok,True
True,False,False,False,False,False,False,False,False,False,False,False,False,False,True,0.0021119423920139546,ok,256,256,256,0.6150321062320274,CAL-0451,True,ok,"{'uniform': 19, 'massresid': 19, 'predictor': 23, 'prior': 97}",CC1OC(OC2C(Oc3cc(O)c4c(=O)c(O)c(-c5ccc(O)cc5)oc4c3)OC(CO)C(O)C2O)C(O)C(O)C1O,complete,ok,True
True,,,,,,,,,,,,,,,,no_finite_scores,0,0,0,,CAL-0452,False,no_pool,,C[C@@H]1O[C@@H](O[C@H]2C(Oc3cc(O)c4c(=O)c(O)c(-c5ccc(O)cc5)oc4c3)O[C@H](CO)[C@@H](O)[C@@H]2O)[C@H](O)C(O)[C@H]1O,no_pool_in_prefix,ok,True
True,False,False,False,False,False,False,False,False,False,False,False,False,False,True,0.0,ok,256,256,256,0.6539527112013724,CAL-0453,True,ok,"{'uniform': 219, 'massresid': 219, 'predictor': 73, 'prior': 79}",O=c1c(O[C@@H]2O[C@H](CO)[C@@H](O)[C@H](O)[C@H]2O)c(-c2ccc(O[C@@H]3O[C@H](CO)[C@@H](O)[C@H](O)[C@H]3O)c(O)c2)oc2cc(O)cc(O)c12,complete,ok,True
True,False,False,False,False,False,False,False,False,False,False,False,False,False,True,0.0,ok,256,256,256,0.6721366856440845,CAL-0454,True,ok,"{'uniform': 207, 'massresid': 207, 'predictor': 61, 'prior': 74}",O=c1c(OC2OC(CO)C(O)C(O)C2O)c(-c2ccc(OC3OC(CO)C(O)C(O)C3O)c(O)c2)oc2cc(O)cc(O)c12,complete,ok,True
True,False,False,False,False,False,False,False,False,False,False,False,False,False,True,0.0,ok,230,256,230,0.3149842247584767,CAL-0455,True,ok,"{'uniform': 78, 'massresid': 69, 'predictor': 68, 'prior': 83}",C=C[C@H]1[C@H](O[C@@H]2O[C@H](CO)[C@@H](O)[C@H](O)[C@H]2O)OC=C2C(=O)OCC[C@]21O,complete,ok,True
True,False,False,False,False,False,False,False,False,False,False,False,False,False,True,0.02548471509854311,ok,233,256,233,0.7256938555581179,CAL-0456,True,ok,"{'uniform': 50, 'massresid': 45, 'predictor': 134, 'prior': 77}",C=CC1C(OC2OC(CO)C(O)C(O)C2O)OC=C2C(=O)OCCC21O,complete,ok,True
True,False,False,False,False,True,False,False,False,False,False,False,False,False,True,0.0018138646772735134,ok,242,256,242,0.6579633947476993,CAL-0457,True,ok,"{'uniform': 30, 'massresid': 28, 'predictor': 10, 'prior': 29}",O=C(O)C(O)c1ccc(O)c(O)c1,complete,ok,True
True,False,False,False,False,False,False,False,False,False,False,False,False,False,True,0.006004922704718418,ok,234,256,234,0.27394923434962437,CAL-0458,True,ok,"{'uniform': 101, 'massresid': 90, 'predictor': 190, 'prior': 178}",O=C(CCc1ccc(O)c(O)c1)NCCCCNCCCNC(=O)CCc1ccc(O)c(O)c1,complete,ok,True
True,False,False,False,False,True,False,False,False,False,False,False,False,False,True,0.003787634349917801,ok,254,256,254,0.3010335444756991,CAL-0459,True,ok,"{'uniform': 47, 'massresid': 47, 'predictor': 6, 'prior': 68}",CCC1=CC2CN3CCc4c([nH]c5ccccc45)C(C(=O)OC)(C2)C13,complete,ok,True
True,False,False,False,False,False,False,False,False,False,False,False,False,False,True,0.007483915961960741,ok,255,256,255,0.34120920465280996,CAL-0460,True,ok,"{'uniform': 12, 'massresid': 12, 'predictor': 120, 'prior': 87}",CCC1=C[C@@H]2CN3CCc4c([nH]c5ccccc45)[C@@](C(=O)OC)(C2)[C@@H]13,complete,ok,True
True,False,False,False,False,False,False,False,False,False,False,False,False,False,True,0.008571986686266797,ok,253,256,253,0.9911876257764938,CAL-0461,True,ok,"{'uniform': 240, 'massresid': 237, 'predictor': 199, 'prior': 69}",CCC1=CC2CN3CCc4c([nH]c5ccccc45)[C@@](C(=O)OC)(C2)[C@@H]13,complete,ok,True
True,False,False,False,False,False,False,False,False,False,False,False,False,False,True,0.0,ok,255,256,255,0.5088730197734231,CAL-0462,True,ok,"{'uniform': 203, 'massresid': 202, 'predictor': 73, 'prior': 93}",O=c1cc(-c2ccc(O)cc2)oc2cc(O)c(C3OCC(O)C(O)C3OC3OC(CO)C(O)C(O)C3O)c(O)c12,complete,ok,True
True,False,False,False,False,False,False,False,False,False,False,False,False,False,True,0.0,ok,49,49,49,0.5877447719723259,CAL-0463,True,ok,"{'uniform': 18, 'massresid': 18, 'predictor': 11, 'prior': 42}",O=C(O)C1OC(OC2C(Oc3cc(O)c4c(=O)cc(-c5ccc(O)c(O)c5)oc4c3)OC(C(=O)O)C(O)C2O)C(O)C(O)C1O,complete,ok,True
True,False,False,False,False,False,False,False,False,False,False,False,False,False,True,0.017669733242707042,ok,251,256,251,0.8177268965335189,CAL-0464,True,ok,"{'uniform': 242, 'massresid': 238, 'predictor': 238, 'prior': 217}",COC(=O)[C@@H]1C[C@@]23CCCN4CC[C@@]5(c6ccccc6N[C@]15CC2)C43,complete,ok,True
True,False,True,False,False,True,False,False,False,False,False,False,True,False,True,0.03987893274493304,ok,249,256,249,0.3201956924987905,CAL-0465,True,ok,"{'uniform': 7, 'massresid': 7, 'predictor': 9, 'prior': 203}",COC(=O)C1CC23CCCN4CCC5(c6ccccc6NC15CC2)C43,complete,ok,True
True,False,True,False,False,True,False,False,True,True,False,False,True,False,True,0.006032541481283515,ok,4,4,4,0.4452868854586778,CAL-0466,True,ok,"{'uniform': 4, 'massresid': 4, 'predictor': 4, 'prior': 3}",COc1cc(-c2cc(=O)c3c(O)cc(OC4OC(C(=O)O)C(O)C(O)C4OC4OC(COC(=O)/C=C/c5ccc(O)cc5)C(O)C(O)C4O)cc3o2)cc(OC)c1O,complete,ok,True
True,False,False,False,False,False,False,False,False,False,False,False,False,False,True,0.025499410044733106,ok,246,256,246,0.37492305668483905,CAL-0467,True,ok,"{'uniform': 182, 'massresid': 175, 'predictor': 94, 'prior': 40}",CC(C)[C@@](O)(C(=O)OC[C@@H]1CCN2CCC[C@@H]12)[C@H](C)O,complete,ok,True
True,False,False,False,False,False,False,False,False,False,False,False,False,False,True,0.010848936722389957,ok,235,256,235,0.508350791042971,CAL-0468,True,ok,"{'uniform': 212, 'massresid': 196, 'predictor': 74, 'prior': 37}",N[C@H](CC(=O)O)Cc1c[nH]c2ccccc12,complete,ok,True
True,False,False,False,False,False,False,False,False,False,False,False,False,False,True,0.005347281787161484,ok,240,256,240,0.5083645389619075,CAL-0469,True,ok,"{'uniform': 178, 'massresid': 166, 'predictor': 75, 'prior': 25}",NC(CC(=O)O)Cc1c[nH]c2ccccc12,complete,ok,True
True,False,False,False,True,True,True,False,False,False,True,False,False,False,True,0.0048797682372624385,ok,224,256,224,0.5623939126157607,CAL-0470,True,ok,"{'uniform': 65, 'massresid': 60, 'predictor': 1, 'prior': 12}",O=C(O)C1CCCCN1,complete,ok,True
True,,,,,,,,,,,,,,,,no_finite_scores,0,0,0,,CAL-0471,False,no_pool,,O=C(O)[C@@H]1CCCCN1,no_pool_in_prefix,ok,True
True,,,,,,,,,,,,,,,,no_finite_scores,0,0,0,,CAL-0472,False,no_pool,,O=C(O)[C@H]1CCCCN1,no_pool_in_prefix,ok,True
True,False,False,False,False,False,False,False,False,False,False,False,False,False,True,0.017125736982700146,ok,236,256,236,0.48476553375572207,CAL-0473,True,ok,"{'uniform': 58, 'massresid': 56, 'predictor': 54, 'prior': 112}",CC(C)CC(NC(=O)C(N)CO)C(=O)O,complete,ok,True
True,,,,,,,,,,,,,,,,no_finite_scores,0,0,0,,CAL-0474,False,no_pool,,CC(C)C[C@H](NC(=O)[C@@H](N)CO)C(=O)O,no_pool_in_prefix,ok,True
True,False,False,False,False,False,False,False,False,False,False,False,False,False,True,0.006680519706456001,ok,254,256,254,0.9063847686634413,CAL-0475,True,ok,"{'uniform': 81, 'massresid': 80, 'predictor': 164, 'prior': 204}",COc1cc2ccc(=O)oc2cc1OC,complete,ok,True
True,False,False,False,False,False,False,False,False,False,False,False,False,False,True,0.0,ok,243,256,243,0.659001333346637,CAL-0476,True,ok,"{'uniform': 123, 'massresid': 115, 'predictor': 240, 'prior': 240}",C=C1CC23C[C@H]4[C@@H]5[C@@]6(C)CC(OC(C)=O)C[C@]57C(N4C6)[C@@]2(O)C(O)[C@H]1C(O)[C@H]37,complete,ok,True
True,False,False,False,False,False,False,False,False,False,False,False,False,False,True,0.007705516567826698,ok,237,256,237,0.7115537492270795,CAL-0477,True,ok,"{'uniform': 220, 'massresid': 204, 'predictor': 236, 'prior': 237}",C=C1CC23CC4C5C6(C)CC(OC(C)=O)CC57C2C(O)C1C(O)C3(O)C7N4C6,complete,ok,True
True,False,False,False,False,True,False,False,False,False,False,False,False,False,True,0.0052754071001395175,ok,255,256,255,0.8939708075762298,CAL-0478,True,ok,"{'uniform': 46, 'massresid': 46, 'predictor': 7, 'prior': 121}",CC1OC(Oc2cc(O)c3c(=O)c(OC4OC(CO)C(O)C(O)C4OC4OC(C)C(O)C(O)C4O)c(-c4ccc(O)cc4)oc3c2)C(O)C(O)C1O,complete,ok,True
True,False,False,False,False,False,False,False,False,False,False,False,False,False,True,0.0051295821665456875,ok,255,256,255,0.8782822427078052,CAL-0479,True,ok,"{'uniform': 148, 'massresid': 147, 'predictor': 15, 'prior': 132}",C[C@@H]1O[C@@H](Oc2cc(O)c3c(=O)c(O[C@@H]4O[C@H](CO)[C@@H](O)[C@H](O)[C@H]4O[C@@H]4O[C@@H](C)[C@H](O)[C@@H](O)[C@H]4O)c(-c4ccc(O)cc4)oc3c2)[C@H](O)[C@H](O)[C@H]1O,complete,ok,True
True,False,False,False,False,False,False,False,False,False,False,False,False,False,True,0.014974014463349894,ok,232,256,232,0.4325937490914368,CAL-0480,True,ok,"{'uniform': 218, 'massresid': 198, 'predictor': 176, 'prior': 119}",COc1ccc2c3c([nH]c2c1)[C@H]1C[C@H]2[C@H](C[C@@H](O)[C@H](OC)[C@H]2C(=O)O)CN1CC3,complete,ok,True
True,False,False,False,False,False,False,False,False,False,False,False,False,False,True,0.0013690982769976046,ok,237,256,237,0.5142392217999513,CAL-0481,True,ok,"{'uniform': 148, 'massresid': 139, 'predictor': 195, 'prior': 124}",COc1ccc2c3c([nH]c2c1)C1CC2C(CC(O)C(OC)C2C(=O)O)CN1CC3,complete,ok,True
True,False,False,False,False,False,False,False,False,False,False,False,False,False,True,0.0035383430555444573,ok,205,256,205,0.37581857148707487,CAL-0482,True,ok,"{'uniform': 126, 'massresid': 104, 'predictor': 45, 'prior': 16}",Cn1cnc(CCN)c1,complete,ok,True
True,False,False,False,False,False,False,False,False,False,False,False,False,False,True,0.030659973477043856,ok,140,140,140,0.7387152347485612,CAL-0483,True,ok,"{'uniform': 87, 'massresid': 87, 'predictor': 51, 'prior': 89}",CC1OC(Oc2c(-c3ccc(O)c(O)c3)oc3cc(OC4OC(CO)C(O)C(O)C4O)cc(O)c3c2=O)C(OC2OC(COC(=O)C=Cc3ccc(O)cc3)C(O)C(O)C2O)C(O)C1O,complete,ok,True
True,,,,,,,,,,,,,,,,no_finite_scores,0,0,0,,CAL-0484,False,no_pool,,C[C@@H]1O[C@@H](Oc2c(-c3ccc(O)c(O)c3)oc3cc(O[C@@H]4O[C@H](CO)[C@@H](O)C(O)[C@H]4O)cc(O)c3c2=O)C(O[C@@H]2O[C@H](COC(=O)/C=C/c3ccc(O)cc3)[C@@H](O)[C@H](O)[C@H]2O)[C@H](O)[C@H]1O,no_pool_in_prefix,ok,True
True,False,False,False,False,False,False,False,False,False,False,False,False,False,True,0.027221979639012517,ok,253,256,253,0.7132022364720125,CAL-0485,True,ok,"{'uniform': 197, 'massresid': 194, 'predictor': 37, 'prior': 77}",CC(C)=CCc1c(O)ccc2c1OCC(c1ccc(O)cc1O)C2=O,complete,ok,True
True,False,True,False,False,False,False,False,False,False,False,False,True,False,True,0.0,ok,164,183,164,0.2042561341642941,CAL-0486,True,ok,"{'uniform': 7, 'massresid': 6, 'predictor': 118, 'prior': 151}",COc1ccc2cc1Oc1ccc(cc1)CC1=NCCc3cc(OC)c(cc31)Oc1c(OC)c(OC)c(O)c3c1[C@@H](C2)N(C)CC3,complete,ok,True
True,False,False,False,False,False,False,False,False,False,False,False,False,False,True,0.0,ok,164,183,164,0.1684621095478248,CAL-0487,True,ok,"{'uniform': 144, 'massresid': 133, 'predictor': 142, 'prior': 151}",COc1ccc2cc1Oc1ccc(cc1)CC1=NCCc3cc(OC)c(cc31)Oc1c(OC)c(OC)c(O)c3c1C(C2)N(C)CC3,complete,ok,True
True,False,False,False,True,True,True,False,True,False,True,False,False,False,True,0.009303708603823013,ok,46,256,46,0.5541341777927857,CAL-0488,True,ok,"{'uniform': 211, 'massresid': 39, 'predictor': 1, 'prior': 4}",N[C@@H](CCC(=O)N[C@@H](CS)C(=O)O)C(=O)O,complete,ok,True
True,False,False,False,True,True,True,False,True,False,True,False,False,False,True,0.009300961626538706,ok,44,256,44,0.554043347679082,CAL-0489,True,ok,"{'uniform': 254, 'massresid': 44, 'predictor': 1, 'prior': 8}",NC(CCC(=O)NC(CS)C(=O)O)C(=O)O,complete,ok,True
True,,,,,,,,,,,,,,,,no_finite_scores,0,0,0,,CAL-0490,False,no_pool,,N[C@@H](CCC(=O)NC(CS)C(=O)O)C(=O)O,no_pool_in_prefix,ok,True
True,False,True,False,False,False,False,False,False,False,False,False,True,False,True,0.013659131157981341,ok,43,43,43,0.29717827575062844,CAL-0491,True,ok,"{'uniform': 7, 'massresid': 7, 'predictor': 11, 'prior': 35}",COc1cc(-c2cc(=O)c3c(O)cc(OC4OC(C(=O)O)C(O)C(O)C4O)cc3o2)cc(OC)c1OC1OC(CO)C(O)C(O)C1O,complete,ok,True
True,False,False,False,False,False,False,False,False,False,False,False,False,False,True,0.006179422326319628,ok,235,249,235,0.6379271086202412,CAL-0492,True,ok,"{'uniform': 62, 'massresid': 59, 'predictor': 118, 'prior': 73}",CC(C)=CCC[C@](C)(O[C@@H]1O[C@H](CO)[C@@H](O)[C@H](O)[C@H]1O)[C@H]1CC[C@]2(C)[C@@H]1[C@H](O)C[C@@H]1[C@@]3(C)CC[C@H](O)C(C)(C)[C@@H]3CC[C@]12C,complete,ok,True
True,False,True,False,False,False,False,False,False,False,False,False,True,False,True,0.001918124430977275,ok,235,249,235,0.14001024664599743,CAL-0493,True,ok,"{'uniform': 9, 'massresid': 9, 'predictor': 14, 'prior': 73}",CC(C)=CCCC(C)(OC1OC(CO)C(O)C(O)C1O)C1CCC2(C)C1C(O)CC1C3(C)CCC(O)C(C)(C)C3CCC12C,complete,ok,True
True,False,False,False,False,False,False,False,False,False,False,False,False,False,True,0.005341997050824943,ok,246,256,246,0.5986851022209202,CAL-0494,True,ok,"{'uniform': 195, 'massresid': 187, 'predictor': 28, 'prior': 207}",Oc1ccc(CCc2cc(O)cc(O)c2)cc1,complete,ok,True
True,False,False,False,False,False,False,False,False,False,False,False,False,False,True,0.00996673100434664,ok,201,206,201,1.1855284562033404,CAL-0495,True,ok,"{'uniform': 27, 'massresid': 27, 'predictor': 25, 'prior': 173}",COc1ccc(C=CC(=O)c2c(O)cc(OC3OC(CO)C(O)C(O)C3OC3OC(C)C(O)C(O)C3O)cc2O)cc1,complete,ok,True
True,False,False,False,False,False,False,False,False,False,False,False,False,False,True,0.010273999743489526,ok,201,206,201,1.1843055087528531,CAL-0496,True,ok,"{'uniform': 118, 'massresid': 115, 'predictor': 25, 'prior': 173}",COc1ccc(/C=C/C(=O)c2c(O)cc(O[C@@H]3OC(CO)[C@@H](O)[C@@H](O)C3O[C@@H]3OC(C)[C@H](O)[C@H](O)C3O)cc2O)cc1,complete,ok,True
True,False,False,False,False,False,False,False,False,False,False,False,False,False,True,0.0028708279263979786,ok,137,256,137,0.356460116347947,CAL-0497,True,ok,"{'uniform': 181, 'massresid': 96, 'predictor': 120, 'prior': 62}",NCCCCCN,complete,ok,True
True,False,False,False,False,True,True,False,False,False,False,False,False,False,True,0.010206234051500784,ok,174,256,174,0.44009638736677226,CAL-0498,True,ok,"{'uniform': 121, 'massresid': 76, 'predictor': 3, 'prior': 79}",NCC(=O)NCC(=O)O,complete,ok,True
True,False,False,False,False,False,False,False,False,False,False,False,False,False,True,0.027667265744560465,ok,241,256,241,0.715746985724061,CAL-0499,True,ok,"{'uniform': 16, 'massresid': 14, 'predictor': 122, 'prior': 60}",CC(C)C(N)C(=O)NC(Cc1ccccc1)C(=O)O,complete,ok,True
True,,,,,,,,,,,,,,,,no_finite_scores,0,0,0,,CAL-0500,False,no_pool,,CC(C)[C@H](N)C(=O)N[C@@H](Cc1ccccc1)C(=O)O,no_pool_in_prefix,ok,True
True,False,False,False,False,False,False,False,False,False,False,False,False,False,True,0.004656996299422733,ok,159,167,159,0.5478959357746237,CAL-0501,True,ok,"{'uniform': 57, 'massresid': 55, 'predictor': 60, 'prior': 82}",O=C1c2c(O)cc(O)cc2OC(c2cc(O)c(O)c(O)c2)C1O,complete,ok,True
True,,,,,,,,,,,,,,,,no_finite_scores,0,0,0,,CAL-0502,False,no_pool,,O=C1c2c(O)cc(O)cc2O[C@H](c2cc(O)c(O)c(O)c2)[C@H]1O,no_pool_in_prefix,ok,True
True,False,False,False,False,False,False,False,False,False,False,False,False,False,True,0.010355889734127155,ok,256,256,256,0.8372324970959045,CAL-0503,True,ok,"{'uniform': 137, 'massresid': 137, 'predictor': 91, 'prior': 119}",CC1OC(Oc2cc(O)c3c(=O)c(OC4OC(CO)C(O)C(O)C4OC4OC(CO)C(O)C(O)C4O)c(-c4ccc(O)c(O)c4)oc3c2)C(O)C(O)C1O,complete,ok,True
True,False,False,False,False,False,False,False,False,False,False,False,False,False,True,0.0,ok,254,256,254,0.705359675649407,CAL-0504,True,ok,"{'uniform': 14, 'massresid': 14, 'predictor': 231, 'prior': 207}",COc1cccc(-c2oc3cc(OC)ccc3c(=O)c2O)c1,complete,ok,True
True,False,False,False,False,False,False,False,False,False,False,False,False,False,True,0.004227782675092939,ok,254,256,254,0.937031032894569,CAL-0505,True,ok,"{'uniform': 191, 'massresid': 190, 'predictor': 180, 'prior': 253}",O=c1cc(-c2ccc(O)cc2)oc2c(C3OC(CO)C(O)C(O)C3O)c(O)c(C3OC(CO)C(O)C(O)C3O)c(O)c12,complete,ok,True
True,,,,,,,,,,,,,,,,no_finite_scores,0,0,0,,CAL-0506,False,no_pool,,O=c1cc(-c2ccc(O)cc2)oc2c([C@@H]3O[C@H](CO)[C@@H](O)[C@H](O)[C@H]3O)c(O)c([C@@H]3O[C@H](CO)[C@@H](O)[C@H](O)[C@H]3O)c(O)c12,no_pool_in_prefix,ok,True
True,False,False,False,False,False,False,False,False,False,False,False,False,False,True,0.008125064224788092,ok,246,256,246,0.5981389113804592,CAL-0507,True,ok,"{'uniform': 157, 'massresid': 150, 'predictor': 161, 'prior': 41}",CCC(C)C(N)C(=O)NC(CCC(=O)O)C(=O)O,complete,ok,True
True,,,,,,,,,,,,,,,,no_finite_scores,0,0,0,,CAL-0508,False,no_pool,,CC[C@H](C)[C@H](N)C(=O)N[C@@H](CCC(=O)O)C(=O)O,no_pool_in_prefix,ok,True
True,False,False,False,False,True,False,True,True,True,False,False,False,False,True,0.0040057916436978536,ok,37,40,37,0.3989716140040398,CAL-0509,True,ok,"{'uniform': 19, 'massresid': 18, 'predictor': 10, 'prior': 1}",COc1cc(C=CC(=O)OCC2OC(OC3C(c4c(O)cc5oc(-c6ccc(O)c(OC)c6)cc(=O)c5c4O)OC(CO)C(O)C3O)C(O)C(O)C2O)ccc1O,complete,ok,True
True,False,False,False,False,False,False,False,False,False,False,False,False,False,True,0.0,ok,45,45,45,0.9255139111989755,CAL-0510,True,ok,"{'uniform': 45, 'massresid': 45, 'predictor': 32, 'prior': 38}",COc1ccc(-c2cc(=O)c3c(O)cc(O)cc3o2)cc1-c1c(O)cc(O)c2c(=O)cc(-c3ccc(O)cc3)oc12,complete,ok,True
True,False,False,False,False,False,False,False,False,False,False,False,False,False,True,0.0005979197270579162,ok,256,256,256,0.8056188812125755,CAL-0511,True,ok,"{'uniform': 19, 'massresid': 19, 'predictor': 90, 'prior': 235}",C[C@@H]1O[C@@H](Oc2c(-c3ccc(O)c(O)c3)oc3cc(O)cc(O)c3c2=O)[C@H](O)[C@H](O)[C@H]1O,complete,ok,True
True,False,False,False,False,False,False,False,False,False,False,False,False,False,True,0.0,ok,256,256,256,0.8342375612700295,CAL-0512,True,ok,"{'uniform': 72, 'massresid': 72, 'predictor': 79, 'prior': 233}",CC1OC(Oc2c(-c3ccc(O)c(O)c3)oc3cc(O)cc(O)c3c2=O)C(O)C(O)C1O,complete,ok,True
True,,,,,,,,,,,,,,,,no_finite_scores,0,0,0,,CAL-0513,False,no_pool,,C[C@H]1O[C@H](Oc2c(-c3ccc(O)c(O)c3)oc3cc(O)cc(O)c3c2=O)[C@@H](O)[C@@H](O)[C@@H]1O,no_pool_in_prefix,ok,True
True,False,False,False,False,True,False,False,True,False,False,False,False,False,True,0.0,ok,15,17,15,0.649306024930702,CAL-0514,True,ok,"{'uniform': 12, 'massresid': 11, 'predictor': 6, 'prior': 5}",COc1cc(-c2cc(=O)c3c(O)cc(OC4OC(C(=O)O)C(O)C(O)C4OC4OC(C(=O)O)C(O)C(O)C4O)cc3o2)ccc1O,complete,ok,True
True,False,False,False,False,False,False,False,False,False,False,False,False,False,True,0.0,ok,65,66,65,0.37811760333865996,CAL-0515,True,ok,"{'uniform': 41, 'massresid': 40, 'predictor': 28, 'prior': 54}",COc1ccc(-c2cc(=O)c3c(OC)cc(OC)c(-c4cc(-c5cc(=O)c6c(OC)cc(OC)cc6o5)ccc4OC)c3o2)cc1,complete,ok,True
True,False,False,False,False,False,False,False,False,False,False,False,False,False,True,0.07468343703973812,ok,244,256,244,0.42147379808235513,CAL-0516,True,ok,"{'uniform': 122, 'massresid': 116, 'predictor': 60, 'prior': 35}",NC(N)=NCCCCNC(=O)C=Cc1ccc(O)cc1,complete,ok,True
True,False,False,False,False,False,False,False,False,False,False,False,False,False,True,0.0,ok,132,139,132,0.5093648159689962,CAL-0517,True,ok,"{'uniform': 29, 'massresid': 28, 'predictor': 33, 'prior': 43}",COc1cc(C2Oc3c(OC)cc(C=CC(=O)NCCc4ccc(O)cc4)cc3C2C(=O)NCCc2ccc(O)cc2)ccc1O,complete,ok,True
True,False,True,False,False,True,False,False,True,False,False,False,False,False,True,0.011826116627436822,ok,50,67,50,0.7020842430278305,CAL-0518,True,ok,"{'uniform': 13, 'massresid': 10, 'predictor': 5, 'prior': 6}",COc1ccc2c(c1)OC(OC1OC(CO)C(O)C(O)C1O)C(=O)N2O,complete,ok,True
True,False,True,False,False,False,False,False,True,False,False,False,True,False,True,0.009449335781592572,ok,196,256,196,0.787146420045834,CAL-0519,True,ok,"{'uniform': 10, 'massresid': 8, 'predictor': 97, 'prior': 10}",CCC(O)(C(=O)O)c1cc2n(c(=O)c1COC(C)=O)Cc1cc3ccccc3nc1-2,complete,ok,True
True,False,False,False,False,False,False,False,False,False,False,False,False,False,True,0.02234391595744667,ok,249,256,249,0.6585356789602184,CAL-0520,True,ok,"{'uniform': 189, 'massresid': 186, 'predictor': 27, 'prior': 163}",CCC(C)C(N)C(=O)NC(C(=O)O)C(C)CC,complete,ok,True
True,False,False,False,False,False,False,False,False,False,False,False,False,False,True,0.0,ok,93,96,93,0.6907161995100844,CAL-0521,True,ok,"{'uniform': 83, 'massresid': 80, 'predictor': 21, 'prior': 17}",O=C(O)CC(=O)OCC1OC(Oc2cc(O)c3c(=O)cc(-c4ccc(O)c(O)c4)oc3c2)C(O)C(O)C1O,complete,ok,True
True,False,False,False,False,True,False,False,False,False,False,False,False,False,True,0.0551259099562163,ok,112,207,112,0.4425925117691603,CAL-0522,True,ok,"{'uniform': 122, 'massresid': 71, 'predictor': 5, 'prior': 110}",CN(C)C=O,complete,ok,True
True,False,False,False,False,False,False,False,False,False,False,False,False,False,True,0.0,ok,237,256,237,0.5107251002204646,CAL-0523,True,ok,"{'uniform': 175, 'massresid': 162, 'predictor': 222, 'prior': 162}",CC(O)(CC(=O)O)CC(=O)O,complete,ok,True
True,False,False,False,False,False,False,False,False,False,False,False,False,False,True,0.01580320329826146,ok,244,256,244,0.30733816867278346,CAL-0524,True,ok,"{'uniform': 202, 'massresid': 193, 'predictor': 48, 'prior': 37}",O[C@@H]1CCN2Cc3ccccc3N=C12,complete,ok,True
True,False,False,False,False,True,False,False,False,False,False,False,False,False,True,0.01042542855346229,ok,247,256,247,0.4068517434432481,CAL-0525,True,ok,"{'uniform': 199, 'massresid': 191, 'predictor': 8, 'prior': 35}",OC1CCN2Cc3ccccc3N=C12,complete,ok,True
True,,,,,,,,,,,,,,,,no_finite_scores,0,0,0,,CAL-0526,False,no_pool,,O[C@H]1CCN2Cc3ccccc3N=C12,no_pool_in_prefix,ok,True
True,False,True,False,False,False,False,False,False,False,False,False,False,False,True,0.06677304281795582,ok,243,256,243,0.4807970724015297,CAL-0527,True,ok,"{'uniform': 11, 'massresid': 10, 'predictor': 26, 'prior': 211}",COC1OC2c3cc4c(cc3CCN(C)C2c2ccc3c(c21)OCO3)OCO4,complete,ok,True
True,False,False,False,False,False,False,False,False,False,False,False,False,False,True,0.0054601148044920444,ok,243,256,243,0.4922789903506854,CAL-0528,True,ok,"{'uniform': 121, 'massresid': 116, 'predictor': 33, 'prior': 207}",CO[C@H]1O[C@@H]2c3cc4c(cc3CCN(C)[C@@H]2c2ccc3c(c21)OCO3)OCO4,complete,ok,True
True,False,False,False,False,False,False,False,True,False,False,False,False,False,True,0.016397267754692524,ok,60,256,60,0.5962237997694224,CAL-0529,True,ok,"{'uniform': 80, 'massresid': 19, 'predictor': 13, 'prior': 7}",CSCC(NC(=O)CCC(N)C(=O)O)C(=O)O,complete,ok,True
True,False,False,False,False,False,False,False,False,False,False,False,False,False,True,0.0372091785880303,ok,63,68,63,0.12039338624696333,CAL-0530,True,ok,"{'uniform': 42, 'massresid': 38, 'predictor': 60, 'prior': 57}",CC1=C2C(=O)C3C(CC=C4C[C@@H](O[C@@H]5OC(CO)[C@@H](O)C(O)C5O)CCC43C)C2CC[C@]12O[C@@H]1CC(C)CN[C@H]1C2C,complete,ok,True
True,False,False,False,False,False,False,False,False,False,False,False,False,False,True,0.025085431234867284,ok,63,68,63,0.1206991010923201,CAL-0531,True,ok,"{'uniform': 20, 'massresid': 20, 'predictor': 60, 'prior': 57}",CC1=C2C(=O)C3C(CC=C4CC(OC5OC(CO)C(O)C(O)C5O)CCC43C)C2CCC12OC1CC(C)CNC1C2C,complete,ok,True
True,False,False,False,False,False,False,False,False,False,False,False,False,False,True,0.00928836061713667,ok,252,256,252,0.615715014804616,CAL-0532,True,ok,"{'uniform': 96, 'massresid': 95, 'predictor': 73, 'prior': 85}",COc1cc(O)c2c(c1)O[C@H](c1ccc(O)cc1)CC2=O,complete,ok,True
True,False,False,False,False,True,False,False,False,False,False,False,False,False,True,0.013962551079104268,ok,248,256,248,0.6215032060987524,CAL-0533,True,ok,"{'uniform': 45, 'massresid': 44, 'predictor': 9, 'prior': 84}",COc1cc(O)c2c(c1)OC(c1ccc(O)cc1)CC2=O,complete,ok,True
True,False,False,False,False,False,False,False,False,False,False,False,False,False,True,0.0,ok,254,256,254,0.9813846400390213,CAL-0534,True,ok,"{'uniform': 165, 'massresid': 164, 'predictor': 132, 'prior': 75}",O=c1c(O[C@@H]2O[C@H](CO)[C@@H](O)[C@H](O)[C@H]2O[C@@H]2O[C@H](CO)[C@@H](O)[C@H](O)[C@H]2O)c(-c2ccc(O)cc2)oc2cc(O)cc(O)c12,complete,ok,True
True,False,False,False,False,False,False,False,False,False,False,False,False,False,True,0.00022131003537206873,ok,255,256,255,0.7288393364736032,CAL-0535,True,ok,"{'uniform': 232, 'massresid': 231, 'predictor': 38, 'prior': 77}",O=c1c(OC2OC(CO)C(O)C(O)C2OC2OC(CO)C(O)C(O)C2O)c(-c2ccc(O)cc2)oc2cc(O)cc(O)c12,complete,ok,True
True,False,False,False,False,False,False,False,False,False,False,False,False,False,True,0.0067346447319922564,ok,235,256,235,0.5582345741943643,CAL-0536,True,ok,"{'uniform': 113, 'massresid': 105, 'predictor': 18, 'prior': 147}",O=C(O)CCCCCCCC(=O)O,complete,ok,True
True,False,False,False,False,False,False,False,False,False,False,False,False,False,True,0.002385996734132645,ok,252,256,252,0.5390216525778176,CAL-0537,True,ok,"{'uniform': 35, 'massresid': 35, 'predictor': 241, 'prior': 239}",CC[C@H]1[C@@H]2CC3[C@@H]4N(C)c5ccccc5[C@]45C[C@@H](C2[C@H]5O)N3[C@@H]1O,complete,ok,True
True,False,False,False,False,False,False,False,False,False,False,False,False,False,True,0.005149791119356428,ok,255,256,255,0.40769887714710473,CAL-0538,True,ok,"{'uniform': 158, 'massresid': 157, 'predictor': 245, 'prior': 250}",CCC1C2CC3C4N(C)c5ccccc5C45CC(C2C5O)N3C1O,complete,ok,True
True,,,,,,,,,,,,,,,,no_finite_scores,0,0,0,,CAL-0539,False,no_pool,,CC[C@H]1[C@@H]2C[C@H]3[C@@H]4N(C)c5ccccc5[C@]45C[C@@H]([C@H]2[C@H]5O)N3[C@@H]1O,no_pool_in_prefix,ok,True
True,,,,,,,,,,,,,,,,no_finite_scores,0,0,0,,CAL-0540,False,no_pool,,CC[C@H]1C2CC3[C@@H]4N(C)c5ccccc5[C@]45C[C@@H]([C@H]2[C@H]5O)N3[C@H]1O,no_pool_in_prefix,ok,True
True,,,,,,,,,,,,,,,,no_finite_scores,0,0,0,,CAL-0541,False,no_pool,,CC[C@H]1C2CC3[C@@H]4N(C)c5ccccc5[C@]45C[C@@H]([C@H]2[C@H]5O)N3[C@@H]1O,no_pool_in_prefix,ok,True
True,,,,,,,,,,,,,,,,no_finite_scores,0,0,0,,CAL-0542,False,no_pool,,CC[C@H]1C2C[C@H]3[C@@H]4N(C)c5ccccc5C45C[C@H](C2[C@H]5O)N3[C@@H]1O,no_pool_in_prefix,ok,True
True,False,False,False,False,True,False,False,False,False,False,False,False,False,True,0.0,ok,223,256,223,0.3595118080029628,CAL-0543,True,ok,"{'uniform': 172, 'massresid': 152, 'predictor': 9, 'prior': 95}",NC(CCCC(N)C(=O)O)C(=O)O,complete,ok,True
True,,,,,,,,,,,,,,,,no_finite_scores,0,0,0,,CAL-0544,False,no_pool,,N[C@@H](CCC[C@H](N)C(=O)O)C(=O)O,no_pool_in_prefix,ok,True
True,False,False,False,False,False,False,False,False,False,False,False,False,False,True,0.0,ok,256,256,256,0.8376861582546684,CAL-0545,True,ok,"{'uniform': 212, 'massresid': 212, 'predictor': 93, 'prior': 113}",CC1OC(Oc2cc(O)c3c(=O)c(OC4OC(COC5OC(CO)C(O)C(O)C5O)C(O)C(O)C4O)c(-c4ccc(O)cc4)oc3c2)C(O)C(O)C1O,complete,ok,True
True,False,False,False,False,False,False,True,True,True,False,False,False,False,True,0.007680734585503779,ok,211,256,211,0.474980642726783,CAL-0546,True,ok,"{'uniform': 219, 'massresid': 177, 'predictor': 12, 'prior': 1}",NC(Cc1ccc(O)c(Cl)c1)C(=O)O,complete,ok,True
True,False,False,False,False,False,False,False,True,True,False,False,False,False,True,0.004845040643456033,ok,212,256,212,0.4630457472939055,CAL-0547,True,ok,"{'uniform': 79, 'massresid': 63, 'predictor': 27, 'prior': 2}",N[C@@H](Cc1ccc(O)c(Cl)c1)C(=O)O,complete,ok,True
True,False,False,False,False,True,False,False,True,False,False,False,False,False,True,0.12083798046211702,ok,110,256,110,0.6627174107646654,CAL-0548,True,ok,"{'uniform': 219, 'massresid': 94, 'predictor': 10, 'prior': 4}",NCCC(=O)O,complete,ok,True
True,False,False,False,False,False,False,False,False,False,False,False,False,False,True,0.002031042922326809,ok,249,256,249,0.5319860256057246,CAL-0549,True,ok,"{'uniform': 192, 'massresid': 188, 'predictor': 23, 'prior': 184}",CC(C)CC(N)C(=O)NC(C)C(=O)O,complete,ok,True
True,,,,,,,,,,,,,,,,no_finite_scores,0,0,0,,CAL-0550,False,no_pool,,CC(C)C[C@H](N)C(=O)N[C@@H](C)C(=O)O,no_pool_in_prefix,ok,True
True,False,False,False,False,False,False,False,False,False,False,False,False,False,True,0.03194721718666549,ok,249,256,249,0.46261222563457266,CAL-0551,True,ok,"{'uniform': 208, 'massresid': 201, 'predictor': 45, 'prior': 123}",COc1ccc2ccc(=O)oc2c1CC=C(C)C,complete,ok,True
True,False,False,False,True,True,True,False,False,False,True,False,False,False,True,0.026211045815985545,ok,92,256,92,0.5575978221034176,CAL-0552,True,ok,"{'uniform': 79, 'massresid': 28, 'predictor': 1, 'prior': 18}",NC(CS)C(=O)NCC(=O)O,complete,ok,True
True,False,False,False,True,True,True,False,False,False,True,False,False,False,True,0.0004652623119708599,ok,83,256,83,0.7254663317310698,CAL-0553,True,ok,"{'uniform': 118, 'massresid': 38, 'predictor': 1, 'prior': 19}",N[C@@H](CS)C(=O)NCC(=O)O,complete,ok,True
True,False,False,False,False,False,False,False,False,False,False,False,False,False,True,0.010769951383483134,ok,223,256,223,0.5223291037766638,CAL-0554,True,ok,"{'uniform': 171, 'massresid': 148, 'predictor': 220, 'prior': 222}",CCCCCCCCCCCCCCCCCCCCCCCC(=O)O,complete,ok,True
True,False,False,False,False,False,False,False,False,False,False,False,False,False,True,0.01431211899388296,ok,252,256,252,0.7249023520815047,CAL-0555,True,ok,"{'uniform': 236, 'massresid': 232, 'predictor': 93, 'prior': 124}",O=C(/C=C/c1ccc(O)c(O)c1)c1ccc(O[C@@H]2O[C@H](CO)[C@@H](O)[C@H](O)[C@H]2O)c(O)c1O,complete,ok,True
True,False,False,False,False,False,False,False,False,False,False,False,False,False,True,0.0,ok,253,256,253,0.671407631334657,CAL-0556,True,ok,"{'uniform': 147, 'massresid': 145, 'predictor': 103, 'prior': 121}",O=C(C=Cc1ccc(O)c(O)c1)c1ccc(OC2OC(CO)C(O)C(O)C2O)c(O)c1O,complete,ok,True
True,False,False,False,False,False,False,False,False,False,False,False,False,False,True,0.02245465849100503,ok,193,198,193,1.0553800415144337,CAL-0557,True,ok,"{'uniform': 147, 'massresid': 143, 'predictor': 52, 'prior': 113}",COc1ccc([C@@H]2CC(=O)c3c(O)cc(O[C@@H]4O[C@H](CO)[C@@H](O)[C@H](O)[C@H]4O[C@@H]4O[C@@H](C)[C@H](O)[C@@H](O)[C@H]4O)cc3O2)cc1,complete,ok,True
True,False,False,False,False,False,False,False,False,False,False,False,False,False,True,0.016403763708763286,ok,193,198,193,0.9262649781009901,CAL-0558,True,ok,"{'uniform': 134, 'massresid': 131, 'predictor': 55, 'prior': 109}",COc1ccc(C2CC(=O)c3c(O)cc(OC4OC(CO)C(O)C(O)C4OC4OC(C)C(O)C(O)C4O)cc3O2)cc1,complete,ok,True
True,False,False,False,False,False,False,False,False,False,False,False,False,False,True,0.010269477458798026,ok,249,256,249,0.8106902373400964,CAL-0559,True,ok,"{'uniform': 203, 'massresid': 198, 'predictor': 25, 'prior': 125}",CC[C@@H]1CN2CCc3c([nH]c4cccc(OC)c34)[C@@H]2C[C@@H]1/C(=C\OC)C(=O)OC,complete,ok,True
True,False,False,False,False,True,False,False,False,False,False,False,False,False,True,0.01747874868786703,ok,247,256,247,0.5060398301885399,CAL-0560,True,ok,"{'uniform': 256, 'massresid': 247, 'predictor': 6, 'prior': 149}",CCC1CN2CCc3c([nH]c4cccc(OC)c34)C2CC1C(=COC)C(=O)OC,complete,ok,True
True,False,False,False,False,True,False,False,True,False,False,False,False,False,True,0.008123686015713116,ok,168,256,168,0.9949941829820708,CAL-0561,True,ok,"{'uniform': 214, 'massresid': 140, 'predictor': 7, 'prior': 6}",Nc1c(O)cccc1C(=O)CC(N)C(=O)O,complete,ok,True
True,False,False,False,False,True,True,False,False,False,False,False,False,False,True,0.05872665400246235,ok,245,256,245,0.5181019106294265,CAL-0562,True,ok,"{'uniform': 105, 'massresid': 99, 'predictor': 2, 'prior': 144}",C/C=C1/CN2C3Cc4c([nH]c5cc(OC)ccc45)[C@@H]2CC1C3CO,complete,ok,True
True,False,False,False,False,True,False,False,False,False,False,False,False,False,True,0.00018443530909362238,ok,255,256,255,0.640682913535361,CAL-0563,True,ok,"{'uniform': 203, 'massresid': 203, 'predictor': 6, 'prior': 143}",CC=C1CN2C3CC1C(CO)C2Cc1c3[nH]c2cc(OC)ccc12,complete,ok,True
True,False,False,False,False,False,False,False,False,False,False,False,False,False,True,0.004417918342998317,ok,65,65,65,0.24212266996130716,CAL-0564,True,ok,"{'uniform': 35, 'massresid': 35, 'predictor': 33, 'prior': 33}",COc1c(O)cc2oc(-c3ccc(O)c(O)c3)c(OC3OC(COC4OC(CO)C(O)C(O)C4O)C(O)C(O)C3O)c(=O)c2c1O,complete,ok,True
True,False,False,False,False,False,False,False,False,False,False,False,False,False,True,0.009972305764644918,ok,139,250,139,0.896127196822775,CAL-0565,True,ok,"{'uniform': 80, 'massresid': 54, 'predictor': 77, 'prior': 71}",CCCCCCCCCCCCCCC(O)C(O)C(N)CO,complete,ok,True
True,,,,,,,,,,,,,,,,no_finite_scores,0,0,0,,CAL-0566,False,no_pool,,CCCCCCCCCCCCCC[C@@H](O)[C@@H](O)[C@@H](N)CO,no_pool_in_prefix,ok,True
True,False,False,False,False,False,False,False,False,False,False,False,False,False,True,0.00577437090329147,ok,247,256,247,0.4628869570150833,CAL-0567,True,ok,"{'uniform': 110, 'massresid': 105, 'predictor': 146, 'prior': 76}",CC(C)=CCc1c(O)cc2c(c1O)C(=O)CC(c1ccccc1)O2,complete,ok,True
True,False,False,False,False,False,False,False,False,False,False,False,False,False,True,0.015987240090130417,ok,241,256,241,0.6437854038218414,CAL-0568,True,ok,"{'uniform': 88, 'massresid': 85, 'predictor': 97, 'prior': 119}",COc1cc(C=O)cc(OC)c1O,complete,ok,True
True,False,False,False,False,False,False,False,False,False,False,False,False,False,True,0.030982591114667724,ok,249,256,249,0.5595864068383377,CAL-0569,True,ok,"{'uniform': 111, 'massresid': 110, 'predictor': 214, 'prior': 120}",CC(C)=CCc1cc(-c2coc3cc(O)ccc3c2=O)ccc1O,complete,ok,True
True,False,False,False,False,False,False,False,False,False,False,False,False,False,True,0.018019701052737536,ok,218,256,218,0.3654292700822225,CAL-0570,True,ok,"{'uniform': 217, 'massresid': 190, 'predictor': 25, 'prior': 48}",N[C@H](CO)Cc1cnc[nH]1,complete,ok,True
True,False,False,False,False,False,False,False,False,False,False,False,False,False,True,0.012159688963390702,ok,217,256,217,0.3653480771627585,CAL-0571,True,ok,"{'uniform': 173, 'massresid': 146, 'predictor': 16, 'prior': 50}",NC(CO)Cc1cnc[nH]1,complete,ok,True
True,False,False,False,False,True,False,False,False,False,False,False,False,False,True,0.028307124888185764,ok,241,256,241,0.7050975244994759,CAL-0572,True,ok,"{'uniform': 49, 'massresid': 48, 'predictor': 5, 'prior': 38}",NC(CC(=O)O)Cc1ccccc1,complete,ok,True
True,False,False,False,False,True,False,False,False,False,False,False,False,False,True,0.00963986031633568,ok,235,256,235,0.7050868957780781,CAL-0573,True,ok,"{'uniform': 41, 'massresid': 38, 'predictor': 8, 'prior': 37}",N[C@@H](CC(=O)O)Cc1ccccc1,complete,ok,True
True,False,False,False,False,False,False,False,False,False,False,False,False,False,True,0.0,ok,210,228,210,0.6607874813752432,CAL-0574,True,ok,"{'uniform': 35, 'massresid': 33, 'predictor': 36, 'prior': 88}",COc1ccc(-c2cc(=O)c3c(O)cc(OC4OC(C(=O)O)C(O)C(O)C4O)cc3o2)cc1O,complete,ok,True
True,False,False,False,False,False,False,False,False,False,False,False,False,False,True,0.009703326909828225,ok,248,256,248,0.5742287924631185,CAL-0575,True,ok,"{'uniform': 232, 'massresid': 225, 'predictor': 115, 'prior': 67}",C=CCNC(=O)/C=C/c1ccc(O)c(OC)c1,complete,ok,True
True,False,False,False,False,False,False,False,False,False,False,False,False,False,True,0.0,ok,85,85,85,0.4397056285511189,CAL-0576,True,ok,"{'uniform': 19, 'massresid': 19, 'predictor': 14, 'prior': 24}",COc1cc(C=CC(=O)OCC2OC(OC3C(c4c(O)cc5oc(-c6ccc(O)cc6)cc(=O)c5c4O)OC(CO)C(O)C3O)C(O)C(O)C2O)ccc1O,complete,ok,True
True,False,False,False,False,False,False,False,False,False,False,False,False,False,True,0.0,ok,251,256,251,0.5887264526968363,CAL-0577,True,ok,"{'uniform': 188, 'massresid': 184, 'predictor': 99, 'prior': 49}",O=C1C[C@@H](c2ccc(O[C@@H]3O[C@H](CO)[C@@H](O)[C@H](O)[C@H]3O)cc2)Oc2cc(O)ccc21,complete,ok,True
True,False,False,False,False,False,False,False,False,False,False,False,False,False,True,0.0,ok,246,256,246,0.6819890776072045,CAL-0578,True,ok,"{'uniform': 109, 'massresid': 107, 'predictor': 103, 'prior': 42}",O=C1CC(c2ccc(OC3OC(CO)C(O)C(O)C3O)cc2)Oc2cc(O)ccc21,complete,ok,True
True,False,False,False,False,False,False,False,False,False,False,False,False,False,True,0.005477115947255307,ok,249,256,249,0.7464018120251523,CAL-0579,True,ok,"{'uniform': 104, 'massresid': 102, 'predictor': 70, 'prior': 57}",O=C1CC(c2ccc(O[C@@H]3O[C@H](CO)[C@@H](O)[C@H](O)[C@H]3O)cc2)Oc2cc(O)ccc21,complete,ok,True
True,False,False,False,False,False,False,False,False,False,False,False,False,False,True,0.0,ok,256,256,256,0.6855870536288657,CAL-0580,True,ok,"{'uniform': 247, 'massresid': 247, 'predictor': 11, 'prior': 150}",COc1ccc(-c2coc3cc(OC4OC(COC(=O)CC(=O)O)C(O)C(O)C4O)ccc3c2=O)cc1,complete,ok,True
True,,,,,,,,,,,,,,,,no_finite_scores,0,0,0,,CAL-0581,False,no_pool,,COc1ccc(-c2coc3cc(O[C@@H]4O[C@H](COC(=O)CC(=O)O)[C@@H](O)[C@H](O)[C@H]4O)ccc3c2=O)cc1,no_pool_in_prefix,ok,True
True,True,True,True,False,True,False,False,False,False,False,True,True,True,True,0.0036073721920797386,ok,255,256,255,0.7172862750973505,CAL-0582,True,ok,"{'uniform': 1, 'massresid': 1, 'predictor': 7, 'prior': 117}",CC1OC(Oc2cc(O)c3c(=O)c(OC4OC(CO)C(O)C(O)C4O)c(-c4ccc(O)cc4)oc3c2)C(O)C(O)C1O,complete,ok,True
True,False,False,False,False,True,False,False,False,False,False,False,False,False,True,0.002307896759584427,ok,256,256,256,1.0454586838684565,CAL-0583,True,ok,"{'uniform': 140, 'massresid': 140, 'predictor': 7, 'prior': 120}",C[C@@H]1O[C@@H](Oc2cc(O)c3c(=O)c(O[C@@H]4O[C@H](CO)[C@H](O)[C@H](O)[C@H]4O)c(-c4ccc(O)cc4)oc3c2)[C@H](O)[C@H](O)[C@H]1O,complete,ok,True
True,False,False,False,False,True,True,False,False,False,False,False,False,False,True,0.0030859427805758344,ok,256,256,256,0.6823049293180712,CAL-0584,True,ok,"{'uniform': 215, 'massresid': 215, 'predictor': 3, 'prior': 100}",C[C@@H]1O[C@@H](Oc2cc(O)c3c(=O)c(O[C@@H]4O[C@H](CO)[C@@H](O)[C@H](O)[C@H]4O)c(-c4ccc(O)cc4)oc3c2)[C@H](O)[C@H](O)[C@H]1O,complete,ok,True
True,,,,,,,,,,,,,,,,no_finite_scores,0,0,0,,CAL-0585,False,no_pool,,C[C@H]1O[C@@H](Oc2cc(O)c3c(=O)c(O[C@@H]4O[C@H](CO)[C@H](O)[C@H](O)[C@H]4O)c(-c4ccc(O)cc4)oc3c2)[C@H](O)[C@@H](O)[C@H]1O,no_pool_in_prefix,ok,True
True,False,False,False,False,True,False,True,True,True,False,False,False,False,True,0.0,ok,23,26,23,0.7493676457925247,CAL-0586,True,ok,"{'uniform': 26, 'massresid': 23, 'predictor': 5, 'prior': 1}",O=C(O)CC(=O)OCC1OC(Oc2c(-c3ccc(O)cc3)oc3cc(OC4OC(CO)C(O)C(O)C4O)cc(O)c3c2=O)C(O)C(O)C1O,complete,ok,True
True,False,False,False,False,False,False,False,False,False,False,False,False,False,True,0.005618765996096453,ok,255,256,255,0.6158577960758626,CAL-0587,True,ok,"{'uniform': 175, 'massresid': 174, 'predictor': 71, 'prior': 219}",CC(C)CC(N)C(=O)NC(CC(C)C)C(=O)O,complete,ok,True
True,,,,,,,,,,,,,,,,no_finite_scores,0,0,0,,CAL-0588,False,no_pool,,CC(C)C[C@H](NC(=O)[C@@H](N)CC(C)C)C(=O)O,no_pool_in_prefix,ok,True
True,False,False,False,False,False,False,False,False,False,False,False,False,False,True,0.07643815756495764,ok,216,256,216,0.5860222293296098,CAL-0589,True,ok,"{'uniform': 156, 'massresid': 130, 'predictor': 67, 'prior': 31}",O=C(O)C=Cc1cnc[nH]1,complete,ok,True
True,False,False,False,False,False,False,False,False,False,False,False,False,False,True,0.0566601236787192,ok,202,256,202,0.6271208160572324,CAL-0590,True,ok,"{'uniform': 178, 'massresid': 143, 'predictor': 78, 'prior': 26}",O=C(O)/C=C/c1cnc[nH]1,complete,ok,True
True,,,,,,,,,,,,,,,,no_finite_scores,0,0,0,,CAL-0591,False,no_pool,,O=C(O)/C=C\c1cnc[nH]1,no_pool_in_prefix,ok,True
True,False,False,False,False,False,False,False,False,False,False,False,False,False,True,0.0,ok,111,127,111,0.6624767240994505,CAL-0592,True,ok,"{'uniform': 86, 'massresid': 79, 'predictor': 47, 'prior': 21}",Cc1occc(=O)c1OC1OC(COC(=O)CC(C)(O)CC(=O)O)C(O)C(O)C1O,complete,ok,True
True,False,False,False,False,True,False,False,False,False,False,False,False,False,True,0.012873524306488693,ok,111,127,111,1.0400429645017473,CAL-0593,True,ok,"{'uniform': 81, 'massresid': 74, 'predictor': 10, 'prior': 21}",Cc1occc(=O)c1O[C@@H]1O[C@H](COC(=O)CC(C)(O)CC(=O)O)[C@@H](O)[C@H](O)[C@H]1O,complete,ok,True
True,False,False,False,False,False,False,False,False,False,False,False,False,False,True,0.03241602324610404,ok,201,256,201,0.359563509004125,CAL-0594,True,ok,"{'uniform': 182, 'massresid': 148, 'predictor': 160, 'prior': 24}",COc1cc(C=CC(=O)NCCCCN=C(N)N)cc(OC)c1O,complete,ok,True
True,False,False,False,False,True,False,False,False,False,False,False,False,False,True,0.0013010819358271197,ok,238,250,238,0.49163155146512166,CAL-0595,True,ok,"{'uniform': 119, 'massresid': 115, 'predictor': 9, 'prior': 27}",COc1cc(C=CC(=O)OC(CC(=O)O)C(=O)O)cc(OC)c1O,complete,ok,True
True,False,False,False,False,False,False,False,False,False,False,False,False,False,True,0.02691336601126859,ok,230,256,230,0.6025726385108251,CAL-0596,True,ok,"{'uniform': 198, 'massresid': 182, 'predictor': 27, 'prior': 85}",CC(C)CC(N)CC(=O)O,complete,ok,True
True,False,False,False,False,False,False,False,False,False,False,False,False,False,True,0.0014887851871260294,ok,252,256,252,0.6304705776831053,CAL-0597,True,ok,"{'uniform': 128, 'massresid': 128, 'predictor': 227, 'prior': 244}",C[C@@H]1O[C@@H](Oc2c(-c3cc(O)c(O)c(O)c3)oc3cc(O)cc(O)c3c2=O)[C@H](O)[C@H](O)[C@H]1O,complete,ok,True
True,False,False,False,False,False,False,False,False,False,False,False,False,False,True,0.01625776719255989,ok,249,256,249,0.5078678135687384,CAL-0598,True,ok,"{'uniform': 62, 'massresid': 61, 'predictor': 215, 'prior': 240}",CC1OC(Oc2c(-c3cc(O)c(O)c(O)c3)oc3cc(O)cc(O)c3c2=O)C(O)C(O)C1O,complete,ok,True
True,False,False,False,False,False,False,False,False,False,False,False,False,False,True,0.0023807852719965883,ok,243,256,243,0.4665303445170481,CAL-0599,True,ok,"{'uniform': 55, 'massresid': 51, 'predictor': 23, 'prior': 113}",CCC(C)C(N)C(=O)NC(CC(=O)O)C(=O)O,complete,ok,True
True,False,False,False,False,False,False,False,False,False,False,False,False,False,True,0.0,ok,252,256,252,0.5908207233219784,CAL-0600,True,ok,"{'uniform': 155, 'massresid': 153, 'predictor': 135, 'prior': 144}",O=C(C=Cc1ccc(O)cc1)OC1C(Oc2c(-c3ccc(O)cc3)oc3cc(O)cc(O)c3c2=O)OC(CO)C(O)C1O,complete,ok,True
True,False,False,False,False,False,False,False,False,False,False,False,False,False,True,0.047767608619420754,ok,226,256,226,0.4463117132332078,CAL-0601,True,ok,"{'uniform': 80, 'massresid': 67, 'predictor': 41, 'prior': 30}",Cn1cncc1C[C@H](N)C(=O)O,complete,ok,True
True,False,False,False,False,False,False,False,False,False,False,False,False,False,True,0.008364092100258569,ok,134,135,134,0.9990292196313483,CAL-0602,True,ok,"{'uniform': 73, 'massresid': 72, 'predictor': 22, 'prior': 132}",CC1OC(Oc2cc(O)c3c(=O)c(OC4OC(C)C(OC5OC(C)C(O)C(O)C5O)C(O)C4O)c(-c4ccc(O)cc4)oc3c2)C(O)C(O)C1O,complete,ok,True
True,False,False,False,False,True,False,False,False,False,False,False,False,False,True,0.009366414434807013,ok,165,231,165,0.6880468430669394,CAL-0603,True,ok,"{'uniform': 30, 'massresid': 22, 'predictor': 10, 'prior': 33}",c1ccc2[nH]ccc2c1,complete,ok,True
True,False,False,False,False,True,False,False,False,False,False,False,False,False,True,0.0033732899916787407,ok,53,256,53,0.5191579185257389,CAL-0604,True,ok,"{'uniform': 191, 'massresid': 40, 'predictor': 5, 'prior': 16}",C=CCSCC(NC(=O)CCC(N)C(=O)O)C(=O)O,complete,ok,True
True,False,False,False,False,False,False,False,False,False,False,False,False,False,True,0.004105663847544461,ok,231,256,231,0.3309501610937309,CAL-0605,True,ok,"{'uniform': 205, 'massresid': 184, 'predictor': 156, 'prior': 66}",C=CC(C)(O)CCC=C(C)CCC=C(C)C,complete,ok,True
True,False,False,False,False,False,False,False,False,False,False,False,False,False,True,0.0,ok,255,256,255,0.29883872893639973,CAL-0606,True,ok,"{'uniform': 150, 'massresid': 150, 'predictor': 106, 'prior': 103}",O=C(C=Cc1ccc(O)c(O)c1)OC1CC(O)(C(=O)O)CC(OC(=O)C=Cc2ccc(O)c(O)c2)C1O,complete,ok,True
True,,,,,,,,,,,,,,,,no_finite_scores,0,0,0,,CAL-0607,False,no_pool,,O=C(/C=C/c1ccc(O)c(O)c1)O[C@@H]1CC(O)(C(=O)O)C[C@@H](OC(=O)/C=C/c2ccc(O)c(O)c2)C1O,no_pool_in_prefix,ok,True
True,False,False,False,False,False,False,False,False,False,False,False,False,False,True,0.02383535337185283,ok,221,256,221,0.3652919521219639,CAL-0608,True,ok,"{'uniform': 229, 'massresid': 197, 'predictor': 214, 'prior': 73}",NC(C(=O)O)c1ccccc1,complete,ok,True
True,False,False,False,False,True,False,False,False,False,False,False,False,False,True,0.04716633892783362,ok,115,256,115,0.4008682017386721,CAL-0609,True,ok,"{'uniform': 41, 'massresid': 18, 'predictor': 9, 'prior': 11}",CCSCC[C@H](N)C(=O)O,complete,ok,True
True,False,False,False,False,True,False,False,True,False,False,False,False,False,True,0.004160213021922543,ok,122,256,122,0.4007707928430548,CAL-0610,True,ok,"{'uniform': 144, 'massresid': 66, 'predictor': 10, 'prior': 9}",CCSCCC(N)C(=O)O,complete,ok,True
True,False,False,False,False,False,False,False,False,False,False,False,False,False,True,0.039074504043111635,ok,179,256,179,0.62698688285002,CAL-0611,True,ok,"{'uniform': 110, 'massresid': 74, 'predictor': 71, 'prior': 77}",CC(N)(CO)C(=O)O,complete,ok,True
True,False,False,False,False,True,True,False,True,True,False,False,False,False,True,0.011142753855539644,ok,239,256,239,0.40599945769594137,CAL-0612,True,ok,"{'uniform': 161, 'massresid': 147, 'predictor': 3, 'prior': 2}",COc1cc(CCN)ccc1O,complete,ok,True
True,False,True,True,True,True,True,True,True,True,True,False,True,False,True,0.04934559867796251,ok,4,34,4,0.6308145596647491,CAL-0613,True,ok,"{'uniform': 4, 'massresid': 2, 'predictor': 1, 'prior': 1}",CCSSCC(NCC1(O)OCC(O)C(O)C1O)C(=O)NCCC(=O)O,complete,ok,True
True,False,False,False,False,False,False,False,False,False,False,False,False,False,True,0.001732781412921769,ok,241,256,241,0.6221817776566225,CAL-0614,True,ok,"{'uniform': 167, 'massresid': 155, 'predictor': 201, 'prior': 194}",COc1cc(/C=C/C(=O)N/C=C/c2ccc(O)cc2)ccc1O,complete,ok,True
True,False,False,False,False,True,False,False,False,False,False,False,False,False,True,0.0,ok,152,173,152,0.4308868499303974,CAL-0615,True,ok,"{'uniform': 95, 'massresid': 84, 'predictor': 8, 'prior': 15}",COc1ccc(-c2coc3cc(OC4OC(COC(=O)CC5CCNCC5)C(O)C(O)C4O)ccc3c2=O)cc1,complete,ok,True
True,True,True,True,True,True,True,True,True,True,True,True,True,True,True,0.10878265023700551,ok,2,2,2,0.6608334435955916,CAL-0616,True,ok,"{'uniform': 1, 'massresid': 1, 'predictor': 1, 'prior': 1}",O=C(O)CC(=O)OCC1OC(Oc2c(-c3cc(O)c(O)cc3O)oc3cc(O)cc(O)c3c2=O)C(O)C(O)C1O,complete,ok,True
True,False,False,False,False,False,False,False,False,False,False,False,False,False,True,0.029349596538202904,ok,253,256,253,0.4738605393218607,CAL-0617,True,ok,"{'uniform': 150, 'massresid': 148, 'predictor': 85, 'prior': 177}",CC(C)=CCc1cc(C2COc3cc(O)c(CC=C(C)C)c(O)c3C2=O)ccc1O,complete,ok,True
True,False,False,False,False,True,False,False,True,False,False,False,False,False,True,0.004779724311303579,ok,176,256,176,0.7245480487733187,CAL-0618,True,ok,"{'uniform': 225, 'massresid': 152, 'predictor': 9, 'prior': 10}",O=C(O)CC(=O)NC(Cc1c[nH]c2ccccc12)C(=O)O,complete,ok,True
True,False,False,False,False,False,False,False,False,False,False,False,False,False,True,0.05846652870322855,ok,252,256,252,0.7968962150098207,CAL-0619,True,ok,"{'uniform': 241, 'massresid': 237, 'predictor': 36, 'prior': 219}",CC(C)=CCc1c(O)ccc(-c2coc3cc(O)cc(O)c3c2=O)c1O,complete,ok,True
True,False,True,True,True,True,True,True,True,True,True,False,True,True,True,0.0013911244776944054,ok,11,11,11,0.8056941629186997,CAL-0620,True,ok,"{'uniform': 3, 'massresid': 3, 'predictor': 1, 'prior': 1}",COc1cc(C=CC(=O)OC2C(OC3C(Oc4cc(O)c5c(=O)cc(-c6ccc(O)c(OC)c6)oc5c4)OC(C(=O)O)C(O)C3O)OC(C(=O)O)C(O)C2O)ccc1O,complete,ok,True
True,False,False,False,True,True,True,False,True,True,True,False,False,False,True,0.018246294523053264,ok,175,256,175,0.499684363910306,CAL-0621,True,ok,"{'uniform': 174, 'massresid': 123, 'predictor': 1, 'prior': 3}",CC(CN)C(=O)O,complete,ok,True
True,False,False,False,False,False,False,False,True,False,False,False,False,False,True,0.02053094066628658,ok,224,256,224,0.8719778704522735,CAL-0622,True,ok,"{'uniform': 132, 'massresid': 115, 'predictor': 118, 'prior': 6}",CCC1(O)C(=O)OCc2c1cc1n(c2=O)Cc2cc3ccccc3nc2-1,complete,ok,True
True,,,,,,,,,,,,,,,,no_finite_scores,0,0,0,,CAL-0623,False,no_pool,,CC[C@@]1(O)C(=O)OCc2c1cc1n(c2=O)Cc2cc3ccccc3nc2-1,no_pool_in_prefix,ok,True
True,False,False,False,False,False,False,False,False,False,False,False,False,False,True,0.0014887242059387074,ok,254,256,254,0.4725022319132344,CAL-0624,True,ok,"{'uniform': 74, 'massresid': 73, 'predictor': 63, 'prior': 174}",CC(C)=CCc1cc(C(O)=CC(=O)c2cc(CC=C(C)C)c(O)cc2O)ccc1O,complete,ok,True
True,False,False,False,False,True,True,False,True,False,False,False,False,False,True,0.0011582574980788518,ok,149,256,149,0.7695066914737387,CAL-0625,True,ok,"{'uniform': 83, 'massresid': 49, 'predictor': 2, 'prior': 9}",Nc1ccc(C(=O)NC(CCC(=O)O)C(=O)O)cc1,complete,ok,True
True,False,False,False,False,False,False,False,False,False,False,False,False,False,True,0.004647339755717295,ok,249,256,249,0.8287059737529613,CAL-0626,True,ok,"{'uniform': 153, 'massresid': 149, 'predictor': 174, 'prior': 127}",CC(C)=CCc1c(O)ccc(C(=O)C=Cc2ccc(O)cc2)c1O,complete,ok,True
True,,,,,,,,,,,,,,,,no_finite_scores,0,0,0,,CAL-0627,False,no_pool,,CC(C)=CCc1c(O)ccc(C(=O)/C=C/c2ccc(O)cc2)c1O,no_pool_in_prefix,ok,True
True,False,False,False,False,False,False,False,False,False,False,False,False,False,True,0.0025585506455112483,ok,229,256,229,0.8582915389924561,CAL-0628,True,ok,"{'uniform': 97, 'massresid': 89, 'predictor': 195, 'prior': 29}",CC(=CCO)CCCC(C)CCCC(C)CCCC(C)C,complete,ok,True
True,False,False,False,True,True,True,False,True,False,True,False,False,False,True,0.010012355539444462,ok,223,256,223,0.5909744499805556,CAL-0629,True,ok,"{'uniform': 14, 'massresid': 12, 'predictor': 1, 'prior': 6}",O=C1CCC(C(=O)O)N1,complete,ok,True
True,False,False,False,True,True,True,False,True,False,True,False,False,False,True,0.00911069950756882,ok,215,256,215,0.6467920383919363,CAL-0630,True,ok,"{'uniform': 136, 'massresid': 116, 'predictor': 1, 'prior': 4}",O=C1CC[C@@H](C(=O)O)N1,complete,ok,True
True,,,,,,,,,,,,,,,,no_finite_scores,0,0,0,,CAL-0631,False,no_pool,,O=C1CC[C@H](C(=O)O)N1,no_pool_in_prefix,ok,True
True,False,False,False,True,True,True,False,True,False,True,False,False,False,True,0.005976226080658065,ok,73,256,73,0.728302857985854,CAL-0632,True,ok,"{'uniform': 187, 'massresid': 52, 'predictor': 1, 'prior': 9}",N[C@@H](CCSSCC[C@H](N)C(=O)O)C(=O)O,complete,ok,True
True,False,False,False,False,True,False,False,True,False,False,False,False,False,True,0.0,ok,75,256,75,0.7125420210993142,CAL-0633,True,ok,"{'uniform': 149, 'massresid': 45, 'predictor': 6, 'prior': 7}",NC(CCSSCCC(N)C(=O)O)C(=O)O,complete,ok,True
True,False,False,False,False,False,False,False,False,False,False,False,False,False,True,0.001068771987367656,ok,243,256,243,0.49365537523773606,CAL-0634,True,ok,"{'uniform': 177, 'massresid': 168, 'predictor': 70, 'prior': 57}",COc1ccc(CCNC(=O)C=Cc2ccc(O)c(OC)c2)cc1O,complete,ok,True
True,False,False,False,False,False,False,False,False,False,False,False,False,False,True,0.0,ok,97,99,97,0.740520182627842,CAL-0635,True,ok,"{'uniform': 35, 'massresid': 34, 'predictor': 22, 'prior': 28}",COc1ccc(-c2coc3cc(OC4OC(COC(=O)CC(=O)O)C(O)C(O)C4O)cc(O)c3c2=O)cc1,complete,ok,True
True,False,False,False,True,True,True,False,False,False,True,False,False,False,True,0.03128287036426003,ok,64,256,64,0.5812811439441524,CAL-0636,True,ok,"{'uniform': 216, 'massresid': 49, 'predictor': 1, 'prior': 23}",CCCCCCN,complete,ok,True
True,False,False,False,False,False,False,False,False,False,False,False,False,False,True,0.02831259366194394,ok,203,256,203,0.7653164395026173,CAL-0637,True,ok,"{'uniform': 46, 'massresid': 38, 'predictor': 78, 'prior': 104}",Cc1ncc(CO)c(C(=O)O)c1O,complete,ok,True
True,False,False,False,False,True,False,True,True,True,False,False,False,False,True,0.022624873365749032,ok,205,256,205,0.7468991032732851,CAL-0638,True,ok,"{'uniform': 223, 'massresid': 177, 'predictor': 5, 'prior': 1}",CC(=O)OCC[C@H](N)C(=O)O,complete,ok,True
True,False,False,False,False,True,False,False,True,True,False,False,False,False,True,0.0033978163414203344,ok,210,256,210,0.7467396872337889,CAL-0639,True,ok,"{'uniform': 118, 'massresid': 106, 'predictor': 4, 'prior': 3}",CC(=O)OCCC(N)C(=O)O,complete,ok,True
True,False,False,False,False,False,False,False,False,False,False,False,False,False,True,0.0446476227366962,ok,169,253,169,0.42009760508661226,CAL-0640,True,ok,"{'uniform': 248, 'massresid': 165, 'predictor': 15, 'prior': 100}",NC(N)=NCC(=O)O,complete,ok,True
True,False,False,False,False,False,False,False,False,False,False,False,False,False,True,0.007171233585123504,ok,235,256,235,0.388090739118483,CAL-0641,True,ok,"{'uniform': 163, 'massresid': 149, 'predictor': 105, 'prior': 199}",O=C(C=Cc1ccc(O)cc1)NCCCCN(CCCNC(=O)C=Cc1ccc(O)cc1)C(=O)C=Cc1ccc(O)cc1,complete,ok,True
True,True,True,True,False,True,True,True,True,True,False,True,True,True,True,0.015932186945610827,ok,10,11,10,0.47257187488425123,CAL-0642,True,ok,"{'uniform': 1, 'massresid': 1, 'predictor': 3, 'prior': 1}",O=C(O)CC(=O)OCC1OC(Oc2c(-c3ccc(O)c(O)c3)oc3cc(OC4OC(CO)C(O)C(O)C4O)cc(O)c3c2=O)C(O)C(O)C1O,complete,ok,True
True,False,False,False,False,False,False,False,False,False,False,False,False,False,True,0.01573974161836844,ok,236,256,236,0.306237770602656,CAL-0643,True,ok,"{'uniform': 176, 'massresid': 162, 'predictor': 191, 'prior': 152}",CC(C)=CCCC(C)=CCCC(C)=CCO,complete,ok,True
True,False,False,False,False,False,False,False,False,False,False,False,False,False,True,0.002370440715603106,ok,220,256,220,0.4074084383295055,CAL-0644,True,ok,"{'uniform': 96, 'massresid': 84, 'predictor': 158, 'prior': 153}",Cn1cnc(=N)c2[nH]cnc21,complete,ok,True
True,False,False,False,False,False,False,False,False,False,False,False,False,False,True,0.030203971141198327,ok,252,256,252,0.30798714872057004,CAL-0645,True,ok,"{'uniform': 132, 'massresid': 130, 'predictor': 176, 'prior': 189}",COc1cc(-c2cc(=O)c3c(O)cc(OC4OC(CO)C(O)C(O)C4O)cc3o2)cc(OC)c1O,complete,ok,True
True,False,False,False,False,False,False,False,False,False,False,False,False,False,True,0.0,ok,231,256,231,0.20721194028133993,CAL-0646,True,ok,"{'uniform': 33, 'massresid': 26, 'predictor': 14, 'prior': 148}",Cc1ncc(CO)c(CN)c1O,complete,ok,True
True,False,False,False,False,False,False,False,False,False,False,False,False,False,True,0.019192745258831967,ok,251,256,251,0.6424771679172071,CAL-0647,True,ok,"{'uniform': 182, 'massresid': 179, 'predictor': 241, 'prior': 225}",CCC(C)C(NC(=O)C(N)C(C)C)C(=O)O,complete,ok,True
True,,,,,,,,,,,,,,,,no_finite_scores,0,0,0,,CAL-0648,False,no_pool,,CC[C@H](C)[C@H](NC(=O)[C@@H](N)C(C)C)C(=O)O,no_pool_in_prefix,ok,True
True,False,False,False,False,True,False,False,False,False,False,False,False,False,True,0.0,ok,33,34,33,0.570824940145473,CAL-0649,True,ok,"{'uniform': 25, 'massresid': 25, 'predictor': 5, 'prior': 20}",O=C(O)C1OC(OC2C(Oc3cc(O)c4c(=O)cc(-c5ccc(O)cc5)oc4c3)OC(C(=O)O)C(O)C2O)C(O)C(O)C1O,complete,ok,True
True,False,False,False,False,True,True,False,False,False,False,False,False,False,True,0.0029038879020968356,ok,196,256,196,0.4476274113393909,CAL-0650,True,ok,"{'uniform': 83, 'massresid': 67, 'predictor': 2, 'prior': 48}",Nc1ccn([C@H]2C[C@H](O)[C@@H](CO)O2)c(=O)n1,complete,ok,True
True,False,False,False,False,True,False,False,False,False,False,False,False,False,True,0.0107465596198828,ok,187,256,187,0.3783203438538385,CAL-0651,True,ok,"{'uniform': 175, 'massresid': 130, 'predictor': 6, 'prior': 45}",Nc1ccn(C2CC(O)C(CO)O2)c(=O)n1,complete,ok,True
True,,,,,,,,,,,,,,,,no_finite_scores,0,0,0,,CAL-0652,False,no_pool,,Nc1ccn([C@@H]2C[C@@H](O)[C@H](CO)O2)c(=O)n1,no_pool_in_prefix,ok,True
True,False,False,False,False,True,False,False,False,False,False,False,False,False,True,0.001395336970689831,ok,221,256,221,0.4077701898315584,CAL-0653,True,ok,"{'uniform': 251, 'massresid': 218, 'predictor': 8, 'prior': 19}",CC(=O)NCCCCN,complete,ok,True
True,False,False,False,False,True,False,False,False,False,False,False,False,False,True,0.0,ok,192,256,192,0.6246364796775864,CAL-0654,True,ok,"{'uniform': 64, 'massresid': 48, 'predictor': 9, 'prior': 24}",CC(=O)OC[C@H](N)C(=O)O,complete,ok,True
True,False,False,False,False,False,False,False,False,False,False,False,False,False,True,0.009462245160692273,ok,175,256,175,0.6242662714002287,CAL-0655,True,ok,"{'uniform': 246, 'massresid': 167, 'predictor': 12, 'prior': 19}",CC(=O)OCC(N)C(=O)O,complete,ok,True
True,False,False,False,False,False,False,False,False,False,False,False,False,False,True,0.006088134093501285,ok,248,256,248,0.45740853340677995,CAL-0656,True,ok,"{'uniform': 72, 'massresid': 68, 'predictor': 13, 'prior': 141}",CC(C)=CCc1c(O)cc(O)c2c1OCC(c1ccc(O)cc1O)C2=O,complete,ok,True
True,False,False,False,False,False,False,False,False,False,False,False,False,False,True,0.0006280600167002381,ok,253,256,253,1.007126070482924,CAL-0657,True,ok,"{'uniform': 107, 'massresid': 106, 'predictor': 12, 'prior': 141}",COc1cc2oc(-c3ccc(O)cc3)cc(=O)c2c(O)c1C1OC(CO)C(O)C(O)C1O,complete,ok,True
True,False,False,False,False,False,False,False,False,False,False,False,False,False,True,0.0,ok,252,256,252,0.8720988684150656,CAL-0658,True,ok,"{'uniform': 70, 'massresid': 68, 'predictor': 73, 'prior': 69}",O=C(C=Cc1ccc(O)cc1)Oc1cc(O)c2c(=O)c(OC3OC(CO)C(O)C(O)C3O)c(-c3ccc(O)cc3)oc2c1,complete,ok,True
True,False,False,False,False,True,False,False,False,False,False,False,False,False,True,0.03710254672079816,ok,252,256,252,0.7727110049126309,CAL-0659,True,ok,"{'uniform': 236, 'massresid': 232, 'predictor': 6, 'prior': 122}",COc1ccc2c(c1)OC1c3ccc(O)cc3OCC21,complete,ok,True
True,,,,,,,,,,,,,,,,no_finite_scores,0,0,0,,CAL-0660,False,no_pool,,COc1ccc2c(c1)O[C@H]1c3ccc(O)cc3OC[C@@H]21,no_pool_in_prefix,ok,True
True,False,True,False,False,False,False,False,False,False,False,False,True,False,True,0.02409266426461032,ok,161,256,161,0.6349914384951146,CAL-0661,True,ok,"{'uniform': 8, 'massresid': 6, 'predictor': 16, 'prior': 110}",Cc1cc2[nH]c(=O)c(=O)n(CC(O)C(O)C(O)CO)c2cc1C,complete,ok,True
True,False,True,False,False,False,False,False,False,False,False,False,True,False,True,0.0035914835327446326,ok,237,256,237,0.6444354066560145,CAL-0662,True,ok,"{'uniform': 9, 'massresid': 7, 'predictor': 76, 'prior': 116}",CC(C)=CCc1cc(CCc2cc(O)c(CC=C(C)C)c(O)c2)ccc1O,complete,ok,True
True,False,False,False,False,False,False,False,False,False,False,False,False,False,True,0.003010436661242011,ok,254,256,254,0.9195193262378343,CAL-0663,True,ok,"{'uniform': 207, 'massresid': 206, 'predictor': 144, 'prior': 221}",CC1OC(Oc2cc(O)c3c(=O)c(OC4OC(C)C(O)C(O)C4O)c(-c4ccc(O)c(O)c4)oc3c2)C(O)C(O)C1O,complete,ok,True
True,False,False,False,False,False,False,False,False,False,False,False,False,False,True,0.0045009019408469575,ok,256,256,256,0.6812611769492963,CAL-0664,True,ok,"{'uniform': 81, 'massresid': 81, 'predictor': 111, 'prior': 212}",C[C@@H]1O[C@@H](Oc2cc(O)c3c(=O)c(O[C@@H]4O[C@@H](C)[C@H](O)[C@@H](O)[C@H]4O)c(-c4ccc(O)c(O)c4)oc3c2)[C@H](O)[C@H](O)[C@H]1O,complete,ok,True
True,False,False,False,False,False,False,False,False,False,False,False,False,False,True,0.0,ok,250,256,250,0.5390935352871594,CAL-0665,True,ok,"{'uniform': 228, 'massresid': 223, 'predictor': 29, 'prior': 17}",COc1cc(C=CC(=O)OC2CC(O)(C(=O)O)CC(O)C2O)ccc1O,complete,ok,True
True,,,,,,,,,,,,,,,,no_finite_scores,0,0,0,,CAL-0666,False,no_pool,,COc1cc(/C=C/C(=O)O[C@@H]2C[C@@](O)(C(=O)O)C[C@@H](O)[C@@H]2O)ccc1O,no_pool_in_prefix,ok,True
True,False,False,False,False,True,True,False,True,True,False,False,False,False,True,0.0576165001948401,ok,81,120,81,0.4136776532934111,CAL-0667,True,ok,"{'uniform': 105, 'massresid': 72, 'predictor': 2, 'prior': 2}",N#Cc1cccnc1,complete,ok,True
True,False,False,False,False,False,False,False,False,False,False,False,False,False,True,0.06324369972301258,ok,251,256,251,0.6280640837166994,CAL-0668,True,ok,"{'uniform': 223, 'massresid': 218, 'predictor': 68, 'prior': 149}",O=C1CC(c2ccc(O)cc2)Oc2c1c(O)cc(O)c2C1OC(CO)C(O)C(O)C1O,complete,ok,True
True,False,False,False,False,True,True,False,False,False,False,False,False,False,True,0.004076258446431336,ok,164,256,164,0.7906073508341749,CAL-0669,True,ok,"{'uniform': 233, 'massresid': 149, 'predictor': 3, 'prior': 14}",NC(CCC(=O)NC(Cc1ccccc1)C(=O)O)C(=O)O,complete,ok,True
True,,,,,,,,,,,,,,,,no_finite_scores,0,0,0,,CAL-0670,False,no_pool,,N[C@@H](CCC(=O)N[C@@H](Cc1ccccc1)C(=O)O)C(=O)O,no_pool_in_prefix,ok,True
True,False,True,False,False,True,True,False,True,True,False,False,True,False,True,0.029026703812006394,ok,24,24,24,0.23850333675561808,CAL-0671,True,ok,"{'uniform': 10, 'massresid': 10, 'predictor': 2, 'prior': 2}",COc1cc(C(O)C(CO)Oc2c(OC)cc(-c3cc(=O)c4c(O)cc(OC5OC(COC(=O)CC(=O)O)C(O)C(O)C5O)cc4o3)cc2OC)ccc1O,complete,ok,True
True,False,False,False,False,True,False,False,False,False,False,False,False,False,True,0.008766252388585305,ok,210,256,210,0.635217272772023,CAL-0672,True,ok,"{'uniform': 204, 'massresid': 166, 'predictor': 6, 'prior': 74}",O=Cc1c[nH]c2ccccc12,complete,ok,True
True,False,False,False,False,False,False,False,False,False,False,False,False,False,True,0.022856038083762353,ok,248,256,248,0.4653803911794786,CAL-0673,True,ok,"{'uniform': 77, 'massresid': 77, 'predictor': 203, 'prior': 173}",CC(C)CC(NC(=O)C(C)N)C(=O)O,complete,ok,True
True,,,,,,,,,,,,,,,,no_finite_scores,0,0,0,,CAL-0674,False,no_pool,,CC(C)C[C@H](NC(=O)[C@H](C)N)C(=O)O,no_pool_in_prefix,ok,True
True,False,False,False,False,False,False,False,False,False,False,False,False,False,True,0.00629856007453522,ok,226,256,226,0.4347023625886006,CAL-0675,True,ok,"{'uniform': 162, 'massresid': 150, 'predictor': 13, 'prior': 103}",NC1(C(=O)O)CCCC1,complete,ok,True
True,False,False,False,False,False,False,False,False,False,False,False,False,False,True,0.028251340118760418,ok,158,181,158,0.5349029759974189,CAL-0676,True,ok,"{'uniform': 113, 'massresid': 97, 'predictor': 129, 'prior': 116}",O=C(C=Cc1ccc(O)c(O)c1)NCCCCN(CCCNC(=O)C=Cc1ccc(O)cc1)C(=O)C=Cc1ccc(O)c(O)c1,complete,ok,True
True,False,False,False,True,True,True,False,False,False,True,False,False,False,True,0.0037206038949179066,ok,112,113,112,0.7297465081579221,CAL-0677,True,ok,"{'uniform': 56, 'massresid': 56, 'predictor': 1, 'prior': 52}",O=C(O)C1OC(Oc2c(-c3ccc(O)c(O)c3)oc3cc(O)cc(O)c3c2=O)C(O)C(O)C1O,complete,ok,True
True,False,False,False,True,True,True,False,False,False,True,False,False,False,True,0.003052076588947239,ok,112,113,112,0.5477368566211835,CAL-0678,True,ok,"{'uniform': 65, 'massresid': 64, 'predictor': 1, 'prior': 52}",O=C(O)[C@H]1O[C@@H](Oc2c(-c3ccc(O)c(O)c3)oc3cc(O)cc(O)c3c2=O)[C@H](O)[C@@H](O)[C@@H]1O,complete,ok,True
True,False,False,False,False,False,False,False,False,False,False,False,False,False,True,0.001063686215470816,ok,249,256,249,0.760974487214958,CAL-0679,True,ok,"{'uniform': 24, 'massresid': 24, 'predictor': 34, 'prior': 87}",CCC(C)C(NC(=O)C1CCC(=O)N1)C(=O)O,complete,ok,True
True,,,,,,,,,,,,,,,,no_finite_scores,0,0,0,,CAL-0680,False,no_pool,,CC[C@H](C)[C@H](NC(=O)[C@@H]1CCC(=O)N1)C(=O)O,no_pool_in_prefix,ok,True
True,False,False,False,False,True,True,False,False,False,False,False,False,False,True,0.00013761860564154293,ok,247,256,247,0.7553079745539845,CAL-0681,True,ok,"{'uniform': 66, 'massresid': 65, 'predictor': 2, 'prior': 19}",CCC(C)C(N)C(=O)NC(CCC(N)=O)C(=O)O,complete,ok,True
True,True,True,True,False,True,False,False,True,False,False,True,True,True,True,0.0,ok,15,18,15,0.3673300585032179,CAL-0682,True,ok,"{'uniform': 1, 'massresid': 1, 'predictor': 5, 'prior': 4}",CCCCCCCCCCCCC(O)C(O)C(COC1OC(CO)C(O)C(O)C1O)NC(C)=O,complete,ok,True
True,False,False,False,False,True,False,False,False,False,False,False,False,False,True,0.00827024646694463,ok,231,256,231,0.4779876114164223,CAL-0683,True,ok,"{'uniform': 117, 'massresid': 108, 'predictor': 10, 'prior': 61}",NCCCCC(N)CC(=O)O,complete,ok,True
True,False,False,False,False,True,False,False,False,False,False,False,False,False,True,0.010673154516568473,ok,23,25,23,0.5669001680712302,CAL-0684,True,ok,"{'uniform': 22, 'massresid': 21, 'predictor': 5, 'prior': 22}",O=C(O)C1OC(Oc2ccc(-c3oc4cc(O)c(C5OC(CO)C(O)C(O)C5O)c(O)c4c(=O)c3C3OC(CO)C(O)C(O)C3O)cc2)C(O)C(O)C1O,complete,ok,True
True,False,False,False,False,False,False,False,False,False,False,False,False,False,True,0.012477618248954103,ok,242,256,242,0.9380880381299233,CAL-0685,True,ok,"{'uniform': 99, 'massresid': 94, 'predictor': 212, 'prior': 233}",CCCCC/C=C\C/C=C\C/C=C\C/C=C\CCCC(=O)O,complete,ok,True
True,False,False,False,False,False,False,False,False,False,False,False,False,False,True,0.006351592157647135,ok,251,256,251,0.9991562004429205,CAL-0686,True,ok,"{'uniform': 228, 'massresid': 224, 'predictor': 195, 'prior': 235}",CCCCCC=CCC=CCC=CCC=CCCCC(=O)O,complete,ok,True
True,False,False,False,True,True,True,False,False,False,True,False,False,False,True,0.02489903874751942,ok,212,256,212,0.5411028228468672,CAL-0687,True,ok,"{'uniform': 65, 'massresid': 53, 'predictor': 1, 'prior': 52}",Nc1ccc(C(=O)O)cc1,complete,ok,True
True,False,False,False,False,False,False,False,False,False,False,False,False,False,True,0.025816388032179005,ok,251,256,251,0.6030870333642283,CAL-0688,True,ok,"{'uniform': 231, 'massresid': 226, 'predictor': 173, 'prior': 108}",COc1ccc(-c2coc3cc(OC4OC(CO)C(O)C(O)C4O)c(OC)cc3c2=O)cc1,complete,ok,True
True,,,,,,,,,,,,,,,,no_finite_scores,0,0,0,,CAL-0689,False,no_pool,,COc1ccc(-c2coc3cc(O[C@@H]4OC(CO)[C@@H](O)C(O)[C@@H]4O)c(OC)cc3c2=O)cc1,no_pool_in_prefix,ok,True
True,False,False,False,False,False,False,False,False,False,False,False,False,False,True,0.011827811207057115,ok,232,256,232,0.5363091391328711,CAL-0690,True,ok,"{'uniform': 189, 'massresid': 175, 'predictor': 60, 'prior': 97}",CCC(C)C(N)C(=O)NC(CO)C(=O)O,complete,ok,True
True,True,True,True,False,False,False,False,True,False,False,True,True,True,True,0.025617541238196373,ok,19,57,19,0.6977411235851644,CAL-0691,True,ok,"{'uniform': 1, 'massresid': 1, 'predictor': 16, 'prior': 9}",CC(CSCC(NC(=O)CCC(N)C(=O)O)C(=O)O)C(=O)O,complete,ok,True
True,False,True,True,False,False,False,False,False,False,False,False,True,True,True,0.0,ok,250,256,250,0.4656848696176358,CAL-0692,True,ok,"{'uniform': 2, 'massresid': 2, 'predictor': 206, 'prior': 112}",CC(C)=CCc1cc(C2Oc3c(ccc(O)c3CC=C(C)C)C(=O)C2O)ccc1O,complete,ok,True
True,False,False,False,False,False,False,False,False,False,False,False,False,False,True,0.0,ok,252,256,252,0.7096209895789165,CAL-0693,True,ok,"{'uniform': 208, 'massresid': 206, 'predictor': 183, 'prior': 203}",COc1c(-c2ccccc2)oc2c(OC)c(O)cc(O)c2c1=O,complete,ok,True
True,False,False,False,False,False,False,False,False,False,False,False,False,False,True,0.0,ok,219,256,219,0.5658191404301106,CAL-0694,True,ok,"{'uniform': 43, 'massresid': 40, 'predictor': 32, 'prior': 86}",O=CC=Cc1ccccc1,complete,ok,True
True,False,False,False,False,False,False,False,False,False,False,False,False,False,True,0.01280916106824237,ok,222,256,222,0.5653051372406454,CAL-0695,True,ok,"{'uniform': 116, 'massresid': 103, 'predictor': 44, 'prior': 96}",O=C/C=C/c1ccccc1,complete,ok,True
True,False,False,False,False,True,False,False,True,True,False,False,False,False,True,0.0018775940649619072,ok,230,256,230,0.38423136676235486,CAL-0696,True,ok,"{'uniform': 25, 'massresid': 24, 'predictor': 9, 'prior': 3}",COc1cc(C=CC(=O)NCCCCN=C(N)N)ccc1O,complete,ok,True
True,False,False,False,False,True,True,False,False,False,False,False,False,False,True,0.005797924986393754,ok,184,256,184,0.7147017001776438,CAL-0697,True,ok,"{'uniform': 27, 'massresid': 19, 'predictor': 2, 'prior': 151}",OCCN(CCO)CCO,complete,ok,True
True,False,False,False,False,False,False,False,False,False,False,False,False,False,True,0.006880119948749153,ok,245,256,245,0.3140010071023178,CAL-0698,True,ok,"{'uniform': 195, 'massresid': 187, 'predictor': 177, 'prior': 216}",O=C(C=Cc1ccc(O)cc1)NCCCCNCCCNC(=O)C=Cc1ccc(O)cc1,complete,ok,True
True,False,False,False,False,False,False,False,False,False,False,False,False,False,True,0.003244640821485456,ok,249,256,249,0.665760875302796,CAL-0699,True,ok,"{'uniform': 25, 'massresid': 25, 'predictor': 132, 'prior': 222}",CC(C)CC(N)C(=O)NC(C(=O)O)C(C)C,complete,ok,True
True,,,,,,,,,,,,,,,,no_finite_scores,0,0,0,,CAL-0700,False,no_pool,,CC(C)C[C@H](N)C(=O)N[C@H](C(=O)O)C(C)C,no_pool_in_prefix,ok,True
True,False,True,True,False,True,True,False,True,True,False,False,True,True,True,0.0,ok,3,3,3,0.9585188675847675,CAL-0701,True,ok,"{'uniform': 3, 'massresid': 3, 'predictor': 2, 'prior': 2}",COc1cc(C=CC(=O)OC2C(OC3C(Oc4ccc(-c5cc(=O)c6c(O)cc(O)cc6o5)cc4)OC(C(=O)O)C(O)C3O)OC(C(=O)O)C(O)C2O)ccc1O,complete,ok,True
True,False,False,False,False,False,False,False,True,False,False,False,False,False,True,0.0029158640730526653,ok,236,256,236,0.5109049476213524,CAL-0702,True,ok,"{'uniform': 157, 'massresid': 145, 'predictor': 19, 'prior': 9}",NCC(=O)N1CCCC1C(=O)O,complete,ok,True
True,False,False,False,True,True,True,False,False,False,True,False,False,False,True,0.0015696955117326938,ok,235,256,235,0.49345431927573774,CAL-0703,True,ok,"{'uniform': 79, 'massresid': 74, 'predictor': 1, 'prior': 12}",NCC(=O)N1CCC[C@H]1C(=O)O,complete,ok,True
True,False,False,False,False,False,False,False,False,False,False,False,False,False,True,0.009984247885347464,ok,138,222,138,0.46539854148487814,CAL-0704,True,ok,"{'uniform': 44, 'massresid': 30, 'predictor': 115, 'prior': 64}",O=C(O)c1cc(=O)[nH]c(=O)[nH]1,complete,ok,True
True,False,False,False,False,False,False,False,False,False,False,False,False,False,True,0.31120430634499124,ok,202,207,202,0.38762860245989855,CAL-0705,True,ok,"{'uniform': 31, 'massresid': 31, 'predictor': 95, 'prior': 107}",O=c1c(O)c(-c2ccc(O)c(O)c2)oc2cc(OC3OC(CO)C(O)C(O)C3O)c(O)c(O)c12,complete,ok,True
True,,,,,,,,,,,,,,,,no_finite_scores,0,0,0,,CAL-0706,False,no_pool,,O=c1c(O)c(-c2ccc(O)c(O)c2)oc2cc(O[C@@H]3O[C@H](CO)[C@@H](O)[C@H](O)[C@H]3O)c(O)c(O)c12,no_pool_in_prefix,ok,True
True,False,False,False,False,False,False,False,False,False,False,False,False,False,True,0.003132032747845903,ok,252,256,252,0.4936114838802757,CAL-0707,True,ok,"{'uniform': 83, 'massresid': 83, 'predictor': 35, 'prior': 131}",C=CC(C)(C)c1cc(C=CC(=O)c2ccc(O)cc2)c(OC)cc1O,complete,ok,True
True,False,False,False,False,False,False,False,False,False,False,False,False,False,True,0.009767145441573422,ok,241,256,241,0.47165160211737095,CAL-0708,True,ok,"{'uniform': 72, 'massresid': 66, 'predictor': 146, 'prior': 175}",CCCCCC=CC=CC(=O)CCCCCCCC(=O)O,complete,ok,True
True,,,,,,,,,,,,,,,,no_finite_scores,0,0,0,,CAL-0709,False,no_pool,,CCCCC/C=C\C=C\C(=O)CCCCCCCC(=O)O,no_pool_in_prefix,ok,True
True,False,False,False,False,False,False,False,False,False,False,False,False,False,True,0.007628078331820665,ok,171,256,171,0.5514194393795447,CAL-0710,True,ok,"{'uniform': 119, 'massresid': 79, 'predictor': 84, 'prior': 60}",NC(N)=NCCC(=O)O,complete,ok,True
True,False,False,False,False,False,False,False,False,False,False,False,False,False,True,0.009163424241399487,ok,236,256,236,0.7257950037162557,CAL-0711,True,ok,"{'uniform': 181, 'massresid': 169, 'predictor': 21, 'prior': 34}",O=C(O)C=Cc1ccccc1O,complete,ok,True
True,False,False,False,False,True,False,False,False,False,False,False,False,False,True,0.0,ok,176,180,176,0.6229914222344566,CAL-0712,True,ok,"{'uniform': 69, 'massresid': 68, 'predictor': 9, 'prior': 79}",O=C(C=Cc1ccc(O)cc1)OCC1OC(OC2C(c3c(O)cc4oc(-c5ccc(O)c(O)c5)cc(=O)c4c3O)OC(CO)C(O)C2O)C(O)C(O)C1O,complete,ok,True
True,False,False,False,False,False,False,False,False,False,False,False,False,False,True,0.4642644443108974,ok,63,65,63,0.524137528829443,CAL-0713,True,ok,"{'uniform': 49, 'massresid': 48, 'predictor': 35, 'prior': 13}",O=c1c(OC2OC(CO)C(O)C(O)C2O)c(-c2cc(O)c(O)c(OC3OC(CO)C(O)C(O)C3O)c2)oc2cc(O)cc(O)c12,complete,ok,True
True,False,False,False,False,False,False,False,False,False,False,False,False,False,True,0.0,ok,254,256,254,0.6035163830402381,CAL-0714,True,ok,"{'uniform': 57, 'massresid': 56, 'predictor': 15, 'prior': 85}",COc1cc(-c2cc(=O)c3c(O)c(C4OC(CO)C(O)C(O)C4OC4OC(CO)C(O)C(O)C4O)c(O)cc3o2)ccc1O,complete,ok,True
True,False,False,False,False,False,False,False,False,False,False,False,False,False,True,0.0,ok,249,256,249,0.8858174203578054,CAL-0715,True,ok,"{'uniform': 250, 'massresid': 243, 'predictor': 32, 'prior': 132}",O=c1c(OC2OCC(O)C(O)C2O)c(-c2ccc(O)cc2)oc2cc(O)cc(O)c12,complete,ok,True
True,False,False,False,False,False,False,False,False,False,False,False,False,False,True,0.0,ok,249,256,249,1.1283400687156717,CAL-0716,True,ok,"{'uniform': 146, 'massresid': 143, 'predictor': 51, 'prior': 132}",O=c1c(O[C@@H]2OC[C@@H](O)[C@H](O)[C@H]2O)c(-c2ccc(O)cc2)oc2cc(O)cc(O)c12,complete,ok,True
True,False,False,False,False,False,False,False,False,False,False,False,False,False,True,0.0,ok,250,256,250,0.7555723959330903,CAL-0717,True,ok,"{'uniform': 97, 'massresid': 94, 'predictor': 29, 'prior': 133}",O=c1c(O[C@@H]2OC[C@H](O)C(O)C2O)c(-c2ccc(O)cc2)oc2cc(O)cc(O)c12,complete,ok,True
True,,,,,,,,,,,,,,,,no_finite_scores,0,0,0,,CAL-0718,False,no_pool,,O=c1c(O[C@@H]2OC[C@H](O)[C@H](O)[C@H]2O)c(-c2ccc(O)cc2)oc2cc(O)cc(O)c12,no_pool_in_prefix,ok,True
True,False,False,False,False,False,False,False,False,False,False,False,False,False,True,0.012117379613522994,ok,245,256,245,0.3978405709164749,CAL-0719,True,ok,"{'uniform': 39, 'massresid': 39, 'predictor': 29, 'prior': 86}",O=C(O)C1CCCN1C(=O)C1CCCN1,complete,ok,True
True,False,True,False,True,True,True,False,True,True,True,False,True,False,True,0.014967044250286832,ok,14,15,14,0.25981231847265446,CAL-0720,True,ok,"{'uniform': 6, 'massresid': 5, 'predictor': 1, 'prior': 2}",CCCCCCCCCCCCC(O)C(O)C(COC1OC(CC(C(=O)O)C(=O)O)C(O)C(O)C1O)NC(C)=O,complete,ok,True
True,False,False,False,False,False,False,False,False,False,False,False,False,False,True,0.00024158211967140186,ok,246,256,246,1.1544836180898521,CAL-0721,True,ok,"{'uniform': 146, 'massresid': 141, 'predictor': 234, 'prior': 231}",CC=CCC=CCCC(=O)C1OC1C(N)=O,complete,ok,True
True,False,False,False,False,False,False,False,False,False,False,False,False,False,True,0.025009929967169775,ok,244,256,244,0.3776029084599635,CAL-0722,True,ok,"{'uniform': 84, 'massresid': 80, 'predictor': 19, 'prior': 23}",O=C(C=Cc1ccc(O)c(O)c1)OC1CC(O)(C(=O)O)CC(O)C1O,complete,ok,True
True,False,False,False,False,False,False,False,False,False,False,False,False,False,True,0.018334683065796553,ok,244,256,244,0.45861913972928986,CAL-0723,True,ok,"{'uniform': 19, 'massresid': 16, 'predictor': 23, 'prior': 23}",O=C(/C=C/c1ccc(O)c(O)c1)O[C@@H]1C[C@](O)(C(=O)O)C[C@@H](O)[C@H]1O,complete,ok,True
True,,,,,,,,,,,,,,,,no_finite_scores,0,0,0,,CAL-0724,False,no_pool,,O=C(/C=C/c1ccc(O)c(O)c1)O[C@@H]1C[C@@](O)(C(=O)O)C[C@@H](O)[C@@H]1O,no_pool_in_prefix,ok,True
True,,,,,,,,,,,,,,,,no_finite_scores,0,0,0,,CAL-0725,False,no_pool,,O=C(/C=C/c1ccc(O)c(O)c1)OC1CC(O)(C(=O)O)CC(O)C1O,no_pool_in_prefix,ok,True
True,False,False,False,False,False,False,False,False,False,False,False,False,False,True,0.0,ok,162,165,162,0.7326588926154156,CAL-0726,True,ok,"{'uniform': 78, 'massresid': 77, 'predictor': 109, 'prior': 115}",O=C(O)C1OC(Oc2cc3oc(-c4ccccc4)cc(=O)c3c(O)c2O)C(O)C(O)C1O,complete,ok,True
True,False,False,False,False,False,False,False,False,False,False,False,False,False,True,0.0,ok,162,165,162,0.7248768835514602,CAL-0727,True,ok,"{'uniform': 77, 'massresid': 76, 'predictor': 117, 'prior': 115}",O=C(O)[C@H]1O[C@@H](Oc2cc3oc(-c4ccccc4)cc(=O)c3c(O)c2O)[C@H](O)[C@@H](O)[C@@H]1O,complete,ok,True
True,False,True,True,False,False,False,False,False,False,False,False,True,True,True,0.0,ok,254,256,254,0.657279045110355,CAL-0728,True,ok,"{'uniform': 3, 'massresid': 3, 'predictor': 42, 'prior': 131}",CC1OC(Oc2cc(O)c3c(=O)c(OC4OC(CO)C(O)C(O)C4O)c(-c4ccc(O)c(O)c4)oc3c2)C(O)C(O)C1O,complete,ok,True
True,,,,,,,,,,,,,,,,no_finite_scores,0,0,0,,CAL-0729,False,no_pool,,CC1O[C@@H](Oc2cc(O)c3c(=O)c(O[C@@H]4OC(CO)[C@@H](O)C(O)C4O)c(-c4ccc(O)c(O)c4)oc3c2)C(O)[C@@H](O)[C@H]1O,no_pool_in_prefix,ok,True
True,False,False,False,False,False,False,False,False,False,False,False,False,False,True,0.0,ok,136,136,136,0.5500164617943581,CAL-0730,True,ok,"{'uniform': 121, 'massresid': 121, 'predictor': 28, 'prior': 94}",O=c1oc2cc(O)ccc2c2oc3cc(O)ccc3c12,complete,ok,True
True,False,False,False,False,False,False,False,False,False,False,False,False,False,True,0.013824308311639388,ok,255,256,255,0.8322385523751238,CAL-0731,True,ok,"{'uniform': 199, 'massresid': 198, 'predictor': 115, 'prior': 184}",CC1(C)CC(=O)C2(C)CCC3(C)C(=CCC4C5(C)CCC(OC6OC(C(=O)O)C(O)C(O)C6OC6OC(CO)C(O)C(O)C6O)C(C)(CO)C5CCC43C)C2C1,complete,ok,True
True,False,False,False,False,False,False,False,False,False,False,False,False,False,True,0.01402791063240505,ok,151,256,151,0.7925394208160476,CAL-0732,True,ok,"{'uniform': 32, 'massresid': 18, 'predictor': 47, 'prior': 85}",COc1ccc2c(c1)OC(O)C(=O)N2OC,complete,ok,True
True,False,False,False,False,False,False,False,False,False,False,False,False,False,True,0.01087599021600727,ok,239,256,239,0.6091420765581599,CAL-0733,True,ok,"{'uniform': 55, 'massresid': 52, 'predictor': 17, 'prior': 56}",CC(C)C(NC(=O)C(N)Cc1ccccc1)C(=O)O,complete,ok,True
True,False,False,False,False,True,True,False,True,False,False,False,False,False,True,0.018660037071984936,ok,132,256,132,0.7996052528890759,CAL-0734,True,ok,"{'uniform': 232, 'massresid': 120, 'predictor': 2, 'prior': 6}",NC(CCC(=O)NC(Cc1ccc(O)cc1)C(=O)O)C(=O)O,complete,ok,True
True,,,,,,,,,,,,,,,,no_finite_scores,0,0,0,,CAL-0735,False,no_pool,,N[C@@H](CCC(=O)N[C@@H](Cc1ccc(O)cc1)C(=O)O)C(=O)O,no_pool_in_prefix,ok,True
True,False,False,False,False,False,False,False,False,False,False,False,False,False,True,0.004480890677894034,ok,156,256,156,0.36831902544978073,CAL-0736,True,ok,"{'uniform': 69, 'massresid': 38, 'predictor': 62, 'prior': 151}",Cn1c(=O)c2[nH]c(=O)[nH]c2n(C)c1=O,complete,ok,True
True,False,False,False,False,False,False,False,False,False,False,False,False,False,True,0.012483865461402566,ok,109,110,109,0.6290926421460636,CAL-0737,True,ok,"{'uniform': 96, 'massresid': 96, 'predictor': 33, 'prior': 38}",CC1(C(=O)O)CCC2(C)CCC3(C)C(=CCC4C5(C)CCC(OC6OC(C(=O)O)C(O)C(O)C6OC6OC(C(=O)O)C(O)C(O)C6O)C(C)(CO)C5CCC43C)C2C1,complete,ok,True
True,False,False,False,False,True,False,False,False,False,False,False,False,False,True,0.0012884748847579175,ok,214,256,214,0.4200628754365752,CAL-0738,True,ok,"{'uniform': 202, 'massresid': 167, 'predictor': 6, 'prior': 62}",NCC(O)CCC(N)C(=O)O,complete,ok,True
True,,,,,,,,,,,,,,,,no_finite_scores,0,0,0,,CAL-0739,False,no_pool,,NC[C@H](O)CC[C@H](N)C(=O)O,no_pool_in_prefix,ok,True
True,False,True,False,True,True,True,False,True,True,True,False,False,False,True,0.07497894437160812,ok,14,16,14,0.5328164725355606,CAL-0740,True,ok,"{'uniform': 12, 'massresid': 10, 'predictor': 1, 'prior': 2}",CC1(C)CCC2(C(=O)O)CCC3(C)C(=CCC4C5(C)CC(O)C(O)C(C)(C(=O)OC6OC(COC(=O)CC(=O)O)C(O)C(O)C6O)C5CCC43C)C2C1,complete,ok,True
True,False,False,False,False,False,False,False,False,False,False,False,False,False,True,0.029994219199496075,ok,195,256,195,0.4342875798136997,CAL-0741,True,ok,"{'uniform': 150, 'massresid': 115, 'predictor': 154, 'prior': 104}",O=C1CCNC(=O)N1,complete,ok,True
True,True,True,True,True,True,True,False,True,False,True,True,True,True,True,0.007876937034065001,ok,19,19,19,0.30083555090936187,CAL-0742,True,ok,"{'uniform': 1, 'massresid': 1, 'predictor': 1, 'prior': 10}",COc1cc(-c2cc(=O)c3c(O)cc(OC4OC(COC(=O)CC(=O)O)C(O)C(O)C4O)cc3o2)cc(OC)c1O,complete,ok,True
True,False,False,False,False,False,False,False,False,False,False,False,False,False,True,0.0027712668377092298,ok,165,166,165,0.5626594970758574,CAL-0743,True,ok,"{'uniform': 103, 'massresid': 103, 'predictor': 57, 'prior': 88}",CC1(C)CCC2(C(=O)O)CCC3(C)C(=CCC4C5(C)CC(O)C(OC6OC(CO)C(OC7OC(CO)C(O)C(O)C7O)C(O)C6O)C(C)(CO)C5CCC43C)C2C1,complete,ok,True
True,False,False,False,False,True,False,False,False,False,False,False,False,False,True,0.0,ok,57,57,57,0.7816175151483081,CAL-0744,True,ok,"{'uniform': 16, 'massresid': 16, 'predictor': 7, 'prior': 20}",COc1cc(-c2cc(=O)c3c(O)cc(OC4OC(COC(=O)CC(=O)O)C(O)C(O)C4O)cc3o2)ccc1O,complete,ok,True
True,False,False,False,False,True,False,False,False,False,False,False,False,False,True,0.025623199626131132,ok,244,256,244,0.44299449694963716,CAL-0745,True,ok,"{'uniform': 252, 'massresid': 240, 'predictor': 8, 'prior': 176}",O=C(C=Cc1ccc(O)cc1)NCCc1ccc(O)cc1,complete,ok,True
True,,,,,,,,,,,,,,,,no_finite_scores,0,0,0,,CAL-0746,False,no_pool,,O=C(/C=C/c1ccc(O)cc1)NCCc1ccc(O)cc1,no_pool_in_prefix,ok,True
True,False,False,False,False,False,False,False,False,False,False,False,False,False,True,0.02969815305296708,ok,16,19,16,0.7082395697715705,CAL-0747,True,ok,"{'uniform': 16, 'massresid': 15, 'predictor': 13, 'prior': 13}",CC(C)=CCc1c(O)c(-c2cc(-c3cc(=O)c4c(O)cc(O)cc4o3)ccc2O)c2oc(-c3ccc(O)cc3)cc(=O)c2c1O,complete,ok,True
True,False,False,False,False,False,False,False,False,False,False,False,False,False,True,0.009940721391110574,ok,197,256,197,0.5469927603628301,CAL-0748,True,ok,"{'uniform': 32, 'massresid': 21, 'predictor': 35, 'prior': 90}",CC(C)[C@@H](N)CC(=O)O,complete,ok,True
True,False,False,False,False,False,False,False,False,False,False,False,False,False,True,0.010107499625679695,ok,209,256,209,0.5468868518513622,CAL-0749,True,ok,"{'uniform': 51, 'massresid': 40, 'predictor': 40, 'prior': 90}",CC(C)C(N)CC(=O)O,complete,ok,True
True,False,False,False,False,False,False,False,False,False,False,False,False,False,True,0.00048168213994603803,ok,241,256,241,0.5742068806290935,CAL-0750,True,ok,"{'uniform': 66, 'massresid': 59, 'predictor': 41, 'prior': 41}",COc1cc(CNC(=O)CCCCCCC(C)C)ccc1O,complete,ok,True
True,False,False,False,False,False,False,False,True,True,False,False,False,False,True,0.007077372848958596,ok,205,256,205,0.35809445559163994,CAL-0751,True,ok,"{'uniform': 24, 'massresid': 15, 'predictor': 18, 'prior': 3}",Cn1cncc1C[C@H](NC(=O)CCN)C(=O)O,complete,ok,True
True,False,False,False,False,False,False,False,True,False,False,False,False,False,True,0.011409071175018437,ok,197,256,197,0.3579425390770359,CAL-0752,True,ok,"{'uniform': 237, 'massresid': 183, 'predictor': 26, 'prior': 5}",Cn1cncc1CC(NC(=O)CCN)C(=O)O,complete,ok,True
True,False,False,False,False,False,False,False,False,False,False,False,False,False,True,0.001130325753934347,ok,242,256,242,0.9928368168893856,CAL-0753,True,ok,"{'uniform': 192, 'massresid': 182, 'predictor': 115, 'prior': 59}",O=C(O)C(Cc1ccccc1)NC(=O)C1CCCN1,complete,ok,True
True,False,False,False,False,False,False,False,False,False,False,False,False,False,True,0.0,ok,252,256,252,0.4214869198783004,CAL-0754,True,ok,"{'uniform': 89, 'massresid': 86, 'predictor': 105, 'prior': 166}",COc1cc(-c2cc(=O)c3c(O)c(C4OC(CO)C(O)C(O)C4O)c(OC)cc3o2)ccc1O,complete,ok,True
True,False,False,False,False,False,False,False,False,False,False,False,False,False,True,0.009605249150472894,ok,203,256,203,0.4966026554157367,CAL-0755,True,ok,"{'uniform': 37, 'massresid': 32, 'predictor': 17, 'prior': 64}",CC(O)C(N)CC(=O)O,complete,ok,True
True,False,False,False,False,False,False,False,False,False,False,False,False,False,True,0.02079818434580727,ok,245,256,245,1.1806111105193557,CAL-0756,True,ok,"{'uniform': 158, 'massresid': 151, 'predictor': 101, 'prior': 104}",C=C1CCC(O)CC1=CC=C1CCCC2(C)C1CCC2C(C)C=CC(C)C(C)C,complete,ok,True
True,False,False,False,False,False,False,False,False,False,False,False,False,False,True,0.011116699215411252,ok,256,256,256,0.9326886583050683,CAL-0757,True,ok,"{'uniform': 126, 'massresid': 126, 'predictor': 28, 'prior': 182}",O=c1cc(-c2ccc(O)c(O)c2)oc2cc(O)c(C3OC(CO)C(O)C(O)C3OC3OC(CO)C(O)C(O)C3O)c(O)c12,complete,ok,True
True,False,True,True,False,False,False,False,False,False,False,False,True,True,True,0.03317666044575984,ok,64,64,64,0.6204240391159473,CAL-0758,True,ok,"{'uniform': 2, 'massresid': 2, 'predictor': 39, 'prior': 18}",COc1ccc(-c2coc3cc(OC4OC(COC(=O)CC(=O)O)C(O)C(O)C4O)c(OC)cc3c2=O)cc1,complete,ok,True
True,False,False,False,False,False,False,False,False,False,False,False,False,False,True,0.0015958873134575002,ok,256,256,256,0.8621971132460752,CAL-0759,True,ok,"{'uniform': 113, 'massresid': 113, 'predictor': 105, 'prior': 196}",CC1OC(Oc2cc(O)c3c(=O)c(O)c(-c4ccc(O)c(O)c4)oc3c2)C(O)C(O)C1O,complete,ok,True
True,False,False,False,False,True,False,False,False,False,False,False,False,False,True,0.028206094263866832,ok,28,50,28,0.40404434941255996,CAL-0760,True,ok,"{'uniform': 46, 'massresid': 27, 'predictor': 10, 'prior': 21}",Nc1[nH]c(=O)[nH]c(=O)c1OC1OC(CO)C(O)C(O)C1O,complete,ok,True
True,False,False,False,False,False,False,False,False,False,False,False,False,False,True,0.013842719091228028,ok,175,256,175,0.6653956177981398,CAL-0761,True,ok,"{'uniform': 198, 'massresid': 133, 'predictor': 35, 'prior': 11}",O=C1C(O)Oc2ccccc2N1O,complete,ok,True
True,False,False,False,False,False,False,False,False,False,False,False,False,False,True,0.0016653296741341306,ok,247,256,247,0.6040925626861664,CAL-0762,True,ok,"{'uniform': 88, 'massresid': 85, 'predictor': 33, 'prior': 33}",OC[C@H]1O[C@H](OC[C@H]2OC(O)(CO)[C@@H](O)[C@@H]2O)[C@H](O)[C@@H](O)[C@@H]1O,complete,ok,True
True,False,False,False,False,False,False,False,False,False,False,False,False,False,True,0.005545612158653179,ok,232,256,232,0.6041662633260372,CAL-0763,True,ok,"{'uniform': 28, 'massresid': 25, 'predictor': 20, 'prior': 24}",OCC1OC(OCC2OC(O)(CO)C(O)C2O)C(O)C(O)C1O,complete,ok,True
True,False,False,False,False,False,False,False,False,False,False,False,False,False,True,0.001495133497014578,ok,239,256,239,0.4969609743374614,CAL-0764,True,ok,"{'uniform': 63, 'massresid': 60, 'predictor': 210, 'prior': 150}",CNC1(C)C2CCC(C2)C1(C)C,complete,ok,True
True,False,False,False,False,False,False,False,False,False,False,False,False,False,True,0.03978208634423541,ok,208,256,208,0.6538907973567273,CAL-0765,True,ok,"{'uniform': 212, 'massresid': 173, 'predictor': 49, 'prior': 42}",CCC/C=C/C=O,complete,ok,True
True,False,False,False,False,True,True,False,False,False,False,False,False,False,True,0.010560430533227416,ok,199,256,199,0.7013595651015722,CAL-0766,True,ok,"{'uniform': 196, 'massresid': 154, 'predictor': 2, 'prior': 14}",NC(CCCCNC(=O)C=Cc1ccc(O)c(O)c1)C(=O)O,complete,ok,True
True,False,False,False,False,False,False,False,False,False,False,False,False,False,True,0.0031341739189749696,ok,223,256,223,0.4364010817739862,CAL-0767,True,ok,"{'uniform': 99, 'massresid': 84, 'predictor': 126, 'prior': 153}",C[C@](O)(CC(=O)O)C(=O)O,complete,ok,True
True,False,False,False,False,False,False,False,False,False,False,False,False,False,True,0.026029952356680375,ok,224,256,224,0.4363911879089804,CAL-0768,True,ok,"{'uniform': 207, 'massresid': 181, 'predictor': 117, 'prior': 157}",CC(O)(CC(=O)O)C(=O)O,complete,ok,True
True,False,False,False,False,False,False,False,False,False,False,False,False,False,True,0.0,ok,181,234,181,0.4911584653639287,CAL-0769,True,ok,"{'uniform': 146, 'massresid': 111, 'predictor': 173, 'prior': 24}",O=c1cccc[nH]1,complete,ok,True
True,False,False,False,False,True,False,False,False,False,False,False,False,False,True,0.00027587852467020335,ok,178,256,178,0.4631031725154409,CAL-0770,True,ok,"{'uniform': 229, 'massresid': 163, 'predictor': 7, 'prior': 83}",CNC(C)C(=O)O,complete,ok,True
True,False,False,False,False,False,False,False,False,False,False,False,False,False,True,0.01720584021662752,ok,168,256,168,0.4836564138029131,CAL-0771,True,ok,"{'uniform': 75, 'massresid': 46, 'predictor': 63, 'prior': 76}",CN[C@@H](C)C(=O)O,complete,ok,True
True,False,False,False,False,False,False,False,False,False,False,False,False,False,True,0.0,ok,248,256,248,0.6666142178154582,CAL-0772,True,ok,"{'uniform': 76, 'massresid': 73, 'predictor': 181, 'prior': 205}",COc1c(CC=C(C)C)c(O)cc2c1C1Oc3cc(O)c(CC=C(C)C)cc3C1CO2,complete,ok,True
True,False,False,False,False,False,False,False,False,False,False,False,False,False,True,0.009399061918646812,ok,242,256,242,0.6773057951669783,CAL-0773,True,ok,"{'uniform': 231, 'massresid': 218, 'predictor': 35, 'prior': 176}",O=c1c(-c2ccc(O)c(O)c2)coc2cc(O)ccc12,complete,ok,True
True,False,False,False,False,False,False,False,False,False,False,False,False,False,True,0.060923819405898416,ok,205,256,205,0.6126545655249647,CAL-0774,True,ok,"{'uniform': 97, 'massresid': 76, 'predictor': 47, 'prior': 91}",NC1(C(=O)O)CC1,complete,ok,True
True,False,False,False,False,False,False,False,False,False,False,False,False,False,True,0.04259336167807015,ok,256,256,256,0.5221234749852447,CAL-0775,True,ok,"{'uniform': 46, 'massresid': 46, 'predictor': 244, 'prior': 244}",O=c1cc(-c2ccc(O)c(O)c2)oc2c(C3OC(CO)C(O)C(O)C3O)c(O)c(C3OCC(O)C(O)C3O)c(O)c12,complete,ok,True
True,False,False,False,False,False,False,False,False,False,False,False,False,False,True,0.00981905914144443,ok,125,256,125,0.4376588495894467,CAL-0776,True,ok,"{'uniform': 224, 'massresid': 113, 'predictor': 56, 'prior': 15}",CSCCC(N)CC(=O)O,complete,ok,True
True,False,True,False,False,False,False,False,False,False,False,False,True,False,True,0.002898166192607299,ok,171,256,171,0.5008372930923598,CAL-0777,True,ok,"{'uniform': 10, 'massresid': 5, 'predictor': 51, 'prior': 132}",CC(C)(N)C(=O)O,complete,ok,True
True,False,False,False,False,False,False,False,False,False,False,False,False,False,True,0.0020058314885359474,ok,245,256,245,0.598444650161678,CAL-0778,True,ok,"{'uniform': 224, 'massresid': 213, 'predictor': 128, 'prior': 67}",NCCCCNC(=O)C=Cc1ccc(O)cc1,complete,ok,True
True,False,False,False,False,False,False,False,False,False,False,False,False,False,True,0.0051116904667523055,ok,213,256,213,0.4814670038952738,CAL-0779,True,ok,"{'uniform': 15, 'massresid': 12, 'predictor': 182, 'prior': 168}",CC1CCC2C(C)C3C(CC4C5CC=C6CC(O)CCC6(C)C5CCC43C)N2C1,complete,ok,True
True,False,False,False,False,False,False,False,False,False,False,False,False,False,True,0.00045651342401664685,ok,199,256,199,0.4642932777694919,CAL-0780,True,ok,"{'uniform': 155, 'massresid': 121, 'predictor': 14, 'prior': 32}",NCCCCC(=O)O,complete,ok,True
True,False,False,False,False,False,False,False,True,False,False,False,False,False,True,0.0,ok,26,26,26,0.8979909808770833,CAL-0781,True,ok,"{'uniform': 23, 'massresid': 23, 'predictor': 13, 'prior': 7}",CC(O)(CC(=O)O)CC(=O)OCC1OC(Oc2c(-c3ccc(O)cc3)oc3cc(OC4OC(CO)C(O)C(O)C4O)cc(O)c3c2=O)C(O)C(O)C1O,complete,ok,True
True,False,False,False,False,False,False,False,False,False,False,False,False,False,True,0.03513847977194695,ok,254,256,254,0.658293144305801,CAL-0782,True,ok,"{'uniform': 23, 'massresid': 23, 'predictor': 11, 'prior': 100}",CC(C)=CCc1cc(C2CC(=O)c3c(O)cc(O)cc3O2)ccc1O,complete,ok,True
True,False,False,False,False,False,False,False,False,False,False,False,False,False,True,0.09743987768899687,ok,140,142,140,0.4334318343575129,CAL-0783,True,ok,"{'uniform': 21, 'massresid': 21, 'predictor': 54, 'prior': 103}",COc1cc(-c2cc(=O)c3c(O)cc(OC4OC(C(=O)O)C(O)C(O)C4O)cc3o2)cc(OC)c1O,complete,ok,True
True,False,False,False,False,False,False,False,False,False,False,False,False,False,True,0.0,ok,132,169,132,0.3474838057372241,CAL-0784,True,ok,"{'uniform': 113, 'massresid': 90, 'predictor': 36, 'prior': 16}",N[C@@H](Cc1cc(Br)c(O)c(Br)c1)C(=O)O,complete,ok,True
True,False,False,False,False,False,False,False,False,False,False,False,False,False,True,0.0,ok,132,169,132,0.34747459518387896,CAL-0785,True,ok,"{'uniform': 167, 'massresid': 131, 'predictor': 36, 'prior': 16}",NC(Cc1cc(Br)c(O)c(Br)c1)C(=O)O,complete,ok,True
True,False,False,False,False,True,False,False,True,False,False,False,False,False,True,0.003800361496649307,ok,251,256,251,0.5383311433511594,CAL-0786,True,ok,"{'uniform': 210, 'massresid': 207, 'predictor': 6, 'prior': 5}",COc1cc(CNC(=O)CCCC/C=C/C(C)C)ccc1O,complete,ok,True
True,False,False,False,True,True,True,False,True,True,True,False,False,False,True,0.00961928173932225,ok,243,256,243,0.6712281030712322,CAL-0787,True,ok,"{'uniform': 189, 'massresid': 181, 'predictor': 1, 'prior': 3}",COc1cc(CNC(=O)CCCCC=CC(C)C)ccc1O,complete,ok,True
True,,,,,,,,,,,,,,,,no_finite_scores,0,0,0,,CAL-0788,False,no_pool,,COc1cc(CNC(=O)CCCC/C=C\C(C)C)ccc1O,no_pool_in_prefix,ok,True
True,False,False,False,False,True,False,False,False,False,False,False,False,False,True,0.0,ok,228,256,228,0.46123989576547175,CAL-0789,True,ok,"{'uniform': 155, 'massresid': 143, 'predictor': 4, 'prior': 67}",CC(C)CC(N)C(=O)NC(CC(C)C)C(=O)NC(Cc1ccc(O)cc1)C(=O)O,complete,ok,True
True,False,False,False,False,False,False,False,False,False,False,False,False,False,True,0.0,ok,253,256,253,0.2480127469253041,CAL-0790,True,ok,"{'uniform': 113, 'massresid': 112, 'predictor': 168, 'prior': 129}",CC1(C)CCC2(C(=O)O)CCC3(C)C(=CCC4C5(C)CCC(OC6OC(C(=O)O)C(O)C(OC7OC(CO)C(O)C(O)C7O)C6O)C(C)(CO)C5CCC43C)C2C1,complete,ok,True
True,False,True,True,False,True,True,False,True,True,False,False,True,True,True,0.010783723569925185,ok,2,2,2,0.22108965628474836,CAL-0791,True,ok,"{'uniform': 2, 'massresid': 2, 'predictor': 2, 'prior': 2}",COc1cc(-c2oc3cc(OC4OC(CO)C(O)C(O)C4O)cc(O)c3c(=O)c2OC2OC(CO)C(O)C(O)C2O)cc(OC2OC(CO)C(O)C(O)C2O)c1O,complete,ok,True
True,False,False,False,False,True,True,True,True,True,False,False,False,False,True,0.0053920471475790155,ok,208,256,208,0.654644726775291,CAL-0792,True,ok,"{'uniform': 233, 'massresid': 190, 'predictor': 2, 'prior': 1}",COc1cc(/C=C/C(=O)NCCCCC(N)C(=O)O)ccc1O,complete,ok,True
True,False,False,False,False,False,False,False,False,False,False,False,False,False,True,0.0013977540071179462,ok,186,189,186,0.3063589242587694,CAL-0793,True,ok,"{'uniform': 20, 'massresid': 19, 'predictor': 135, 'prior': 37}",COc1c(OC2OC(CO)C(O)C(O)C2O)cc2oc(-c3ccc(O)c(O)c3)c(O)c(=O)c2c1O,complete,ok,True
True,False,False,False,False,False,False,False,False,False,False,False,False,False,True,0.004900554326067841,ok,108,108,108,0.6429120566416419,CAL-0794,True,ok,"{'uniform': 11, 'massresid': 11, 'predictor': 29, 'prior': 81}",CC1OC(OCC2OC(Oc3c(-c4ccc(O)c(O)c4)oc4cc(O)cc(O)c4c3=O)C(OC3OCC(O)C(O)C3O)C(O)C2O)C(O)C(O)C1O,complete,ok,True
True,False,False,False,False,False,False,False,False,False,False,False,False,False,True,0.004977674131528942,ok,245,256,245,0.5551791975874835,CAL-0795,True,ok,"{'uniform': 249, 'massresid': 238, 'predictor': 225, 'prior': 203}",CC(C)=CCc1cc(C2CC(=O)c3c(O)cc(O)c(CC=C(C)C)c3O2)cc(O)c1O,complete,ok,True
True,False,False,False,False,False,False,False,False,False,False,False,False,False,True,0.0045637120318314794,ok,229,256,229,0.46951850314961674,CAL-0796,True,ok,"{'uniform': 177, 'massresid': 158, 'predictor': 40, 'prior': 44}",CC(N)(Cc1cnc[nH]1)C(=O)O,complete,ok,True
True,,,,,,,,,,,,,,,,no_finite_scores,0,0,0,,CAL-0797,False,no_pool,,C[C@](N)(Cc1cnc[nH]1)C(=O)O,no_pool_in_prefix,ok,True
True,False,False,False,False,False,False,False,False,False,False,False,False,False,True,0.020876227344653553,ok,242,256,242,0.5194748809808055,CAL-0798,True,ok,"{'uniform': 28, 'massresid': 27, 'predictor': 30, 'prior': 68}",NCCCCNC(=O)c1ccccc1,complete,ok,True
True,False,False,False,False,False,False,False,False,False,False,False,False,False,True,0.000928304493138743,ok,216,256,216,0.5402918477985863,CAL-0799,True,ok,"{'uniform': 94, 'massresid': 82, 'predictor': 153, 'prior': 156}",NCC(=O)CCC(=O)O,complete,ok,True
True,False,True,False,False,True,False,False,True,False,False,False,True,False,True,0.0098279516769616,ok,9,9,9,0.23227809554561446,CAL-0800,True,ok,"{'uniform': 6, 'massresid': 6, 'predictor': 5, 'prior': 8}",COc1cc(-c2cc(=O)c3c(O)cc(OC4OC(C(=O)O)C(O)C(O)C4OC4OC(C(=O)O)C(O)C(O)C4O)cc3o2)cc(OC)c1O,complete,ok,True
True,False,False,False,False,False,False,False,False,False,False,False,False,False,True,0.0040463675777840935,ok,245,256,245,0.5091137017701144,CAL-0801,True,ok,"{'uniform': 136, 'massresid': 130, 'predictor': 77, 'prior': 156}",CCC=CCC1C(=O)C=CC1CCCCCCCC(=O)O,complete,ok,True
True,,,,,,,,,,,,,,,,no_finite_scores,0,0,0,,CAL-0802,False,no_pool,,CC/C=C\C[C@H]1C(=O)C=C[C@@H]1CCCCCCCC(=O)O,no_pool_in_prefix,ok,True
True,False,True,False,False,False,False,False,False,False,False,False,False,False,True,0.0,ok,162,256,162,0.6019055193240764,CAL-0803,True,ok,"{'uniform': 13, 'massresid': 8, 'predictor': 15, 'prior': 111}",OCCNCCO,complete,ok,True
True,False,False,False,False,False,False,False,False,False,False,False,False,False,True,0.02531146712783483,ok,246,256,246,0.5977662063755905,CAL-0804,True,ok,"{'uniform': 71, 'massresid': 68, 'predictor': 46, 'prior': 76}",O=C(O)CC1CCC(=O)C1CC=CCCO,complete,ok,True
True,,,,,,,,,,,,,,,,no_finite_scores,0,0,0,,CAL-0805,False,no_pool,,O=C(O)C[C@H]1CCC(=O)[C@@H]1C/C=C\CCO,no_pool_in_prefix,ok,True
True,False,False,False,False,False,False,False,False,False,False,False,False,False,True,0.001355961181680243,ok,248,256,248,0.6987966324032081,CAL-0806,True,ok,"{'uniform': 243, 'massresid': 236, 'predictor': 204, 'prior': 200}",COc1cc(/C=C/NC(=O)/C=C/c2ccc(O)c(OC)c2)ccc1O,complete,ok,True
True,False,False,False,False,False,False,False,False,False,False,False,False,False,True,0.0,ok,246,256,246,0.3945697520030526,CAL-0807,True,ok,"{'uniform': 209, 'massresid': 200, 'predictor': 139, 'prior': 148}",C=CC1C(OC2OC(CO)C(O)C(O)C2O)OC=C(C(=O)OC)C1CC=O,complete,ok,True
True,,,,,,,,,,,,,,,,no_finite_scores,0,0,0,,CAL-0808,False,no_pool,,C=C[C@H]1[C@H](O[C@@H]2O[C@H](CO)[C@@H](O)[C@H](O)[C@H]2O)OC=C(C(=O)OC)[C@H]1CC=O,no_pool_in_prefix,ok,True
True,False,False,False,False,False,False,False,False,False,False,False,False,False,True,0.008429696689134514,ok,76,78,76,0.6989503509296037,CAL-0809,True,ok,"{'uniform': 63, 'massresid': 62, 'predictor': 20, 'prior': 12}",CC(O)(CC(=O)O)CC(=O)OCC1OC(Oc2c(-c3ccc(O)cc3)oc3cc(O)cc(O)c3c2=O)C(O)C(O)C1O,complete,ok,True
True,False,False,False,False,False,False,False,True,False,False,False,False,False,True,0.048085209215783076,ok,182,256,182,0.4149321125946408,CAL-0810,True,ok,"{'uniform': 164, 'massresid': 119, 'predictor': 20, 'prior': 8}",NC(Cc1ccc(Oc2cc(CC(N)C(=O)O)ccc2O)cc1)C(=O)O,complete,ok,True
True,False,False,False,False,False,False,False,False,False,False,False,False,False,True,0.00939153540514237,ok,252,256,252,0.883128605407849,CAL-0811,True,ok,"{'uniform': 213, 'massresid': 210, 'predictor': 54, 'prior': 124}",COc1c(C=CC(=O)c2ccc(O)c(O)c2)ccc(O)c1CC=C(C)C,complete,ok,True
True,False,False,False,False,False,False,False,False,False,False,False,False,False,True,0.0,ok,120,120,120,0.7590969488380509,CAL-0812,True,ok,"{'uniform': 17, 'massresid': 17, 'predictor': 49, 'prior': 107}",O=c1cc(-c2ccc(O)cc2)oc2c(C3OCC(O)C(O)C3O)c(O)c(C3OCC(O)C(O)C3O)c(O)c12,complete,ok,True
True,,,,,,,,,,,,,,,,no_finite_scores,0,0,0,,CAL-0813,False,no_pool,,O=c1cc(-c2ccc(O)cc2)oc2c([C@H]3OC[C@H](O)[C@@H](O)[C@H]3O)c(O)c([C@@H]3OC[C@H](O)[C@@H](O)[C@H]3O)c(O)c12,no_pool_in_prefix,ok,True
True,False,False,False,False,False,False,False,False,False,False,False,False,False,True,0.0,ok,217,222,217,0.670446307615032,CAL-0814,True,ok,"{'uniform': 171, 'massresid': 166, 'predictor': 34, 'prior': 43}",CC(=O)OCC1OC(Oc2cc(O)c3c(=O)cc(-c4ccc(O)cc4)oc3c2)C(O)C(O)C1O,complete,ok,True
True,False,False,False,False,False,False,False,False,False,False,False,False,False,True,0.001158816444617905,ok,41,61,41,0.7856063357136344,CAL-0815,True,ok,"{'uniform': 17, 'massresid': 11, 'predictor': 19, 'prior': 15}",CC(CSCC(NC(=O)CCC(N)C(=O)O)C(=O)NCC(=O)O)C(=O)O,complete,ok,True
True,False,False,False,False,False,False,False,False,False,False,False,False,False,True,0.0,ok,256,256,256,0.6038446927150755,CAL-0816,True,ok,"{'uniform': 186, 'massresid': 186, 'predictor': 183, 'prior': 146}",CC1OC(OCC2OC(Oc3c(-c4ccc(O)c(O)c4)oc4cc(OC5OC(CO)C(O)C(O)C5O)cc(O)c4c3=O)C(O)C(O)C2O)C(O)C(O)C1O,complete,ok,True
True,False,False,False,False,False,False,False,False,False,False,False,False,False,True,0.08150480806742799,ok,256,256,256,0.3770124131062588,CAL-0817,True,ok,"{'uniform': 75, 'massresid': 75, 'predictor': 151, 'prior': 251}",O=c1cc(-c2ccc(O)c(O)c2)oc2c(C3OCC(O)C(O)C3O)c(O)c(C3OC(CO)C(O)C(O)C3O)c(O)c12,complete,ok,True
True,False,False,False,True,True,True,False,False,False,True,False,False,False,True,0.02706917383392593,ok,229,256,229,0.4813818090861298,CAL-0818,True,ok,"{'uniform': 56, 'massresid': 51, 'predictor': 1, 'prior': 79}",NC(CCCCNC(CCC(=O)O)C(=O)O)C(=O)O,complete,ok,True
True,False,False,False,True,True,True,False,False,False,True,False,False,False,True,0.014533115455606427,ok,222,256,222,0.37306415145116,CAL-0819,True,ok,"{'uniform': 148, 'massresid': 127, 'predictor': 1, 'prior': 60}",N[C@@H](CCCCN[C@@H](CCC(=O)O)C(=O)O)C(=O)O,complete,ok,True
True,False,False,False,False,True,False,False,False,False,False,False,False,False,True,0.0002620961722205051,ok,217,256,217,0.6629201556682051,CAL-0820,True,ok,"{'uniform': 179, 'massresid': 148, 'predictor': 5, 'prior': 16}",O=C(O)C(Cc1ccccc1)NCC1(O)OC(CO)C(O)C1O,complete,ok,True
True,,,,,,,,,,,,,,,,no_finite_scores,0,0,0,,CAL-0821,False,no_pool,,O=C(O)[C@H](Cc1ccccc1)NCC1(O)O[C@H](CO)[C@@H](O)[C@@H]1O,no_pool_in_prefix,ok,True
True,False,True,False,False,True,False,False,True,False,False,False,True,False,True,0.0033333758641660993,ok,10,15,10,0.7610416307351672,CAL-0822,True,ok,"{'uniform': 9, 'massresid': 6, 'predictor': 9, 'prior': 10}",OCCOCCOCCOCCOCCOCCOCCOCCOCCOCCO,complete,ok,True
True,False,False,False,False,False,False,False,False,False,False,False,False,False,True,0.011396721862864223,ok,242,256,242,0.28159046936000226,CAL-0823,True,ok,"{'uniform': 233, 'massresid': 219, 'predictor': 149, 'prior': 168}",CC(=O)OCC(COC(C)=O)OC(C)=O,complete,ok,True
True,False,False,False,False,True,True,False,False,False,False,False,False,False,True,0.0031858910285751385,ok,210,256,210,1.0007323125637138,CAL-0824,True,ok,"{'uniform': 220, 'massresid': 178, 'predictor': 2, 'prior': 23}",COc1ccccc1OCC(O)COC(N)=O,complete,ok,True
True,False,True,False,False,False,False,False,False,False,False,False,False,False,True,0.010609377282938037,ok,17,27,17,0.4630734063900586,CAL-0825,True,ok,"{'uniform': 17, 'massresid': 10, 'predictor': 15, 'prior': 14}",OCCOCCOCCOCCOCCOCCOCCOCCOCCO,complete,ok,True
True,False,False,False,False,False,False,False,False,False,False,False,False,False,True,0.002854845337517564,ok,247,256,247,0.5750554668388388,CAL-0826,True,ok,"{'uniform': 185, 'massresid': 177, 'predictor': 50, 'prior': 84}",CC(C)Cc1cccc(C(=O)O)c1C(=O)O,complete,ok,True
True,False,True,True,False,True,False,False,True,False,False,False,True,False,True,0.05718927233263138,ok,54,88,54,0.594710642413126,CAL-0827,True,ok,"{'uniform': 7, 'massresid': 3, 'predictor': 4, 'prior': 8}",Nc1ccccc1Br,complete,ok,True
True,False,False,False,False,False,False,False,False,False,False,False,False,False,True,0.007206732900252533,ok,60,96,60,0.4194031070130147,CAL-0828,True,ok,"{'uniform': 76, 'massresid': 48, 'predictor': 42, 'prior': 35}",O=C(O)c1cnc2c(C(=O)O)c(Cl)ccc2c1,complete,ok,True
True,False,False,False,False,True,False,False,False,False,False,False,False,False,True,0.007353208627544516,ok,174,256,174,0.4387755070927632,CAL-0829,True,ok,"{'uniform': 38, 'massresid': 26, 'predictor': 7, 'prior': 141}",COCCOCCOCCO,complete,ok,True
True,False,False,False,False,False,False,False,False,False,False,False,False,False,True,0.2295889145223468,ok,29,50,29,0.46448198440551336,CAL-0830,True,ok,"{'uniform': 28, 'massresid': 16, 'predictor': 25, 'prior': 26}",OCCOCCOCCOCCOCCOCCOCCOCCO,complete,ok,True
True,False,False,False,True,True,True,False,False,False,True,False,False,False,True,0.018278269724646856,ok,247,256,247,0.8018181449893251,CAL-0831,True,ok,"{'uniform': 221, 'massresid': 215, 'predictor': 1, 'prior': 237}",CCCCCCCCCCCC(=O)NCCO,complete,ok,True
True,False,False,False,False,False,False,False,False,False,False,False,False,False,True,0.03992166375747308,ok,120,124,120,0.346794706653874,CAL-0832,True,ok,"{'uniform': 111, 'massresid': 107, 'predictor': 68, 'prior': 33}",O=C1C(=O)c2c(ccc3ccccc23)-c2ccccc21,complete,ok,True
True,False,False,False,False,False,False,False,False,False,False,False,False,False,True,0.0021455086209035135,ok,240,256,240,0.2547614471033862,CAL-0833,True,ok,"{'uniform': 254, 'massresid': 239, 'predictor': 38, 'prior': 145}",CC(C)c1cccc2sc3ccccc3c(=O)c12,complete,ok,True
True,False,True,False,False,False,False,False,False,False,False,False,True,False,True,0.0049300929415593275,ok,244,256,244,0.45562047393366967,CAL-0834,True,ok,"{'uniform': 6, 'massresid': 6, 'predictor': 176, 'prior': 222}",CC/C(=C(/CC)c1ccc(O)cc1)c1ccc(O)cc1,complete,ok,True
True,,,,,,,,,,,,,,,,no_finite_scores,0,0,0,,CAL-0835,False,no_pool,,CCC(=C(CC)c1ccc(O)cc1)c1ccc(O)cc1,no_pool_in_prefix,ok,True
True,False,False,False,True,True,True,False,True,False,True,False,False,False,True,0.09103315436094073,ok,200,256,200,0.3416521812692961,CAL-0836,True,ok,"{'uniform': 228, 'massresid': 175, 'predictor': 1, 'prior': 9}",Cc1ccccc1N,complete,ok,True
True,False,False,False,False,False,False,False,False,False,False,False,False,False,True,0.04333968932890275,ok,185,256,185,0.42285973101589097,CAL-0837,True,ok,"{'uniform': 133, 'massresid': 98, 'predictor': 19, 'prior': 136}",CCCCOCCOCCO,complete,ok,True
True,False,False,False,False,False,False,False,False,False,False,False,False,False,True,0.004606969096138558,ok,88,135,88,0.33461286615641944,CAL-0838,True,ok,"{'uniform': 68, 'massresid': 46, 'predictor': 79, 'prior': 78}",OCCOCCOCCOCCOCCOCCO,complete,ok,True
True,False,False,False,False,False,False,False,False,False,False,False,False,False,True,0.010781737618773435,ok,120,124,120,0.4133278081555623,CAL-0839,True,ok,"{'uniform': 72, 'massresid': 71, 'predictor': 24, 'prior': 36}",O=C1C=CC(=O)c2c1ccc1c2ccc2ccccc21,complete,ok,True
True,False,False,False,False,False,False,False,False,False,False,False,False,False,True,0.0071251794640421195,ok,233,256,233,0.3317902775654086,CAL-0840,True,ok,"{'uniform': 43, 'massresid': 38, 'predictor': 176, 'prior': 209}",Nc1ccc2nc3ccc(N)cc3nc2c1,complete,ok,True
True,False,False,False,False,False,False,False,False,False,False,False,False,False,True,0.0,ok,157,194,157,0.4630826731155233,CAL-0841,True,ok,"{'uniform': 194, 'massresid': 157, 'predictor': 35, 'prior': 111}",c1ccc2c(c1)cnc1ccccc12,complete,ok,True
True,False,False,False,False,False,False,False,False,False,False,False,False,False,True,0.007467188188211404,ok,223,256,223,0.39030820771639796,CAL-0842,True,ok,"{'uniform': 174, 'massresid': 149, 'predictor': 155, 'prior': 177}",c1ccc(-c2ccncc2)cc1,complete,ok,True
True,False,False,False,False,False,False,False,False,False,False,False,False,False,True,0.010993025154768188,ok,135,142,135,0.474404349039599,CAL-0843,True,ok,"{'uniform': 118, 'massresid': 112, 'predictor': 122, 'prior': 114}",Oc1ccc2ccc3cccc4ccc1c2c34,complete,ok,True
True,False,False,False,False,True,True,False,False,False,False,False,False,False,True,0.0027182953736439863,ok,205,256,205,0.4089656052428077,CAL-0844,True,ok,"{'uniform': 247, 'massresid': 198, 'predictor': 3, 'prior': 71}",O=c1[nH]ccc2ccccc12,complete,ok,True
True,False,False,False,False,False,False,False,False,False,False,False,False,False,True,0.011316786797781142,ok,247,256,247,0.4165629596700218,CAL-0845,True,ok,"{'uniform': 178, 'massresid': 172, 'predictor': 150, 'prior': 195}",O=C1c2cccc(O)c2C(=O)c2cccc(O)c21,complete,ok,True
True,False,False,False,False,False,False,False,False,False,False,False,False,False,True,0.0,ok,166,169,166,0.43950973716948993,CAL-0846,True,ok,"{'uniform': 125, 'massresid': 123, 'predictor': 38, 'prior': 117}",O=C1c2ccccc2C(=O)c2cc(O)ccc21,complete,ok,True
True,False,False,False,False,False,False,False,False,False,False,False,False,False,True,0.005103109898730307,ok,161,171,161,0.3477659802440068,CAL-0847,True,ok,"{'uniform': 154, 'massresid': 144, 'predictor': 93, 'prior': 138}",Oc1ccc2ccc3c4ccccc4cc4ccc1c2c43,complete,ok,True
True,False,True,False,False,False,False,False,False,False,False,False,True,False,True,0.05994347396021249,ok,216,256,216,0.38940739332426233,CAL-0848,True,ok,"{'uniform': 10, 'massresid': 8, 'predictor': 62, 'prior': 83}",O=C1NC(=O)c2ccccc21,complete,ok,True
True,False,False,False,False,False,False,False,False,False,False,False,False,False,True,0.0023908473958049736,ok,248,256,248,0.4630048748667023,CAL-0849,True,ok,"{'uniform': 81, 'massresid': 79, 'predictor': 54, 'prior': 237}",CN(C(=O)N(C)c1ccccc1)c1ccccc1,complete,ok,True
True,False,False,False,False,False,False,False,False,False,False,False,False,False,True,0.055111243022848866,ok,129,134,129,0.42399423969945504,CAL-0850,True,ok,"{'uniform': 123, 'massresid': 118, 'predictor': 50, 'prior': 51}",O=C1c2ccccc2-c2ccccc21,complete,ok,True
True,False,False,False,False,False,False,False,False,False,False,False,False,False,True,0.0,ok,166,169,166,0.4411088417828446,CAL-0851,True,ok,"{'uniform': 151, 'massresid': 148, 'predictor': 90, 'prior': 129}",O=C1c2ccccc2C(=O)c2c(O)cccc21,complete,ok,True
True,False,False,False,False,False,False,False,False,False,False,False,False,False,True,0.05356139028936191,ok,28,29,28,0.33266537715046013,CAL-0852,True,ok,"{'uniform': 16, 'massresid': 15, 'predictor': 14, 'prior': 15}",O=c1c2cccc3ccc4cccc1c4c32,complete,ok,True
True,False,False,False,False,True,False,False,False,False,False,False,False,False,True,0.014300976344054805,ok,240,256,240,0.3292544204437848,CAL-0853,True,ok,"{'uniform': 165, 'massresid': 156, 'predictor': 10, 'prior': 233}",Nc1ccc2ccc3ccc(N)c4ccc1c2c34,complete,ok,True
True,False,False,False,False,True,False,False,False,False,False,False,False,False,True,0.0019742592470376463,ok,210,256,210,0.48799237192928324,CAL-0854,True,ok,"{'uniform': 189, 'massresid': 153, 'predictor': 7, 'prior': 96}",Oc1ccc2ncccc2c1,complete,ok,True
True,False,False,False,False,False,False,False,False,False,False,False,False,False,True,0.012571439003931872,ok,239,256,239,0.3244097388292631,CAL-0855,True,ok,"{'uniform': 96, 'massresid': 88, 'predictor': 165, 'prior': 215}",Nc1cc2nc3ccccc3nc2cc1N,complete,ok,True
True,False,False,False,False,False,False,False,False,False,False,False,False,False,True,0.005866296015456518,ok,248,256,248,0.4270836898555973,CAL-0856,True,ok,"{'uniform': 153, 'massresid': 150, 'predictor': 126, 'prior': 170}",Oc1ccc2c(c1)C13CCCCC1(O)C(C2)N(CC1CC(O)C1)CC3,complete,ok,True
True,False,False,False,False,True,False,False,False,False,False,False,False,False,True,0.0030965716569222312,ok,235,256,235,0.6517082124068351,CAL-0857,True,ok,"{'uniform': 158, 'massresid': 142, 'predictor': 7, 'prior': 52}",CCN(CC)CCOC(=O)C(c1ccccc1)C1CCCCC1,complete,ok,True
True,False,False,False,False,False,False,False,False,False,False,False,False,False,True,0.024796585023825868,ok,181,256,181,0.79451641876691,CAL-0858,True,ok,"{'uniform': 82, 'massresid': 51, 'predictor': 97, 'prior': 113}",CCC(=O)N(c1ccccc1)C1(COC)CCN(CCc2cccs2)CC1,complete,ok,True
True,False,False,False,False,False,False,False,False,False,False,False,False,False,True,0.0,ok,236,256,236,0.6738294538936348,CAL-0859,True,ok,"{'uniform': 55, 'massresid': 54, 'predictor': 76, 'prior': 207}",CC1=C(CCC(=O)O)c2cc3nc(cc4[nH]c(cc5[nH]c(cc1n2)c(C)c5C(C)O)c(C)c4C(C)O)C(C)=C3CCC(=O)O,complete,ok,True
True,False,False,False,False,False,False,False,False,False,False,False,False,False,True,0.009533003909445392,ok,216,256,216,0.571083758791118,CAL-0860,True,ok,"{'uniform': 79, 'massresid': 67, 'predictor': 87, 'prior': 212}",CCN(CC)CCn1cnc2c1c(=O)n(C)c(=O)n2C,complete,ok,True
True,False,False,False,False,False,False,False,False,False,False,False,False,False,True,0.026944605653562825,ok,240,256,240,0.4068127874271823,CAL-0861,True,ok,"{'uniform': 243, 'massresid': 227, 'predictor': 201, 'prior': 208}",CCCC(C)(COC(N)=O)COC(N)=O,complete,ok,True
True,False,False,False,False,False,False,False,False,False,False,False,False,False,True,0.018387874921189873,ok,237,256,237,0.6151143005295627,CAL-0862,True,ok,"{'uniform': 103, 'massresid': 95, 'predictor': 213, 'prior': 198}",CCC(=O)N(c1ccccc1)C1(C(=O)OC)CCN(CCC(=O)OC)CC1,complete,ok,True
True,False,False,False,True,True,True,False,False,False,True,False,False,False,True,0.01147160720016438,ok,70,75,70,0.4505388193173653,CAL-0863,True,ok,"{'uniform': 27, 'massresid': 25, 'predictor': 1, 'prior': 54}",CCSc1ccc2c(c1)N(CCCN1CCN(C)CC1)c1ccccc1S2,complete,ok,True
True,False,False,False,False,False,False,False,False,False,False,False,False,False,True,0.002404805432857704,ok,249,256,249,0.4047068932716833,CAL-0864,True,ok,"{'uniform': 185, 'massresid': 181, 'predictor': 175, 'prior': 123}",CCOC(=O)C1(c2ccccc2)CCN(CCc2ccc(N)cc2)CC1,complete,ok,True
True,False,False,False,False,True,True,False,False,False,False,False,False,False,True,0.0027553578274979174,ok,238,256,238,0.7636789168373038,CAL-0865,True,ok,"{'uniform': 79, 'massresid': 73, 'predictor': 2, 'prior': 104}",C=CCCCCCCCCC(=O)OC1CCC2C3CCC4=CC(=O)C=CC4(C)C3CCC12C,complete,ok,True
True,,,,,,,,,,,,,,,,no_finite_scores,0,0,0,,CAL-0866,False,no_pool,,C=CCCCCCCCCC(=O)O[C@H]1CC[C@H]2[C@@H]3CCC4=CC(=O)C=C[C@]4(C)[C@H]3CC[C@]12C,no_pool_in_prefix,ok,True
True,False,True,False,False,False,False,False,True,False,False,False,False,False,True,0.0,ok,61,117,61,0.7840229843134906,CAL-0867,True,ok,"{'uniform': 16, 'massresid': 10, 'predictor': 31, 'prior': 6}",CSCCC(NC(=O)C(Cc1ccccc1)NC(=O)CNC(=O)CNC(=O)C(N)Cc1ccc(O)cc1)C(=O)O,complete,ok,True
True,,,,,,,,,,,,,,,,no_finite_scores,0,0,0,,CAL-0868,False,no_pool,,CSCC[C@H](NC(=O)[C@H](Cc1ccccc1)NC(=O)CNC(=O)CNC(=O)[C@@H](N)Cc1ccc(O)cc1)C(=O)O,no_pool_in_prefix,ok,True
True,False,False,False,False,False,False,False,False,False,False,False,False,False,True,0.011150444198465559,ok,241,256,241,0.3776978709692239,CAL-0869,True,ok,"{'uniform': 177, 'massresid': 168, 'predictor': 13, 'prior': 140}",CCCC(Cc1ccccc1)N1CCCC1,complete,ok,True
True,False,False,False,True,True,True,False,False,False,True,False,False,False,True,0.09704650711438839,ok,252,256,252,0.27076096638583996,CAL-0870,True,ok,"{'uniform': 46, 'massresid': 45, 'predictor': 1, 'prior': 31}",CCC(CO)NC(=O)C1C=C2c3cccc4[nH]cc(c34)CC2N(C)C1,complete,ok,True
True,,,,,,,,,,,,,,,,no_finite_scores,0,0,0,,CAL-0871,False,no_pool,,CC[C@@H](CO)NC(=O)[C@@H]1C=C2c3cccc4[nH]cc(c34)C[C@H]2N(C)C1,no_pool_in_prefix,ok,True
True,False,False,False,False,False,False,False,False,False,False,False,False,False,True,0.09306329679027403,ok,24,24,24,0.432005378138225,CAL-0872,True,ok,"{'uniform': 23, 'massresid': 23, 'predictor': 15, 'prior': 11}",O=C(O)c1cc(=O)c2c(OCC(O)COc3cccc4oc(C(=O)O)cc(=O)c34)cccc2o1,complete,ok,True
True,False,False,False,False,False,False,False,False,False,False,False,False,False,True,0.01027289796028319,ok,221,256,221,0.734970008412579,CAL-0873,True,ok,"{'uniform': 223, 'massresid': 191, 'predictor': 165, 'prior': 198}",CC(=O)c1ccc2c(c1)Sc1ccccc1N2CCCN1CCN(CCO)CC1,complete,ok,True
True,False,False,False,False,False,False,False,False,False,False,False,False,False,True,0.0028917011987478203,ok,18,19,18,1.2137790111810494,CAL-0874,True,ok,"{'uniform': 13, 'massresid': 12, 'predictor': 18, 'prior': 18}",CNC1C(OC2OC(CO)C(N)C(O)C2O)OC2CC(N)C(OC3C(N)CC(N)C(O)C3O)OC2C1O,complete,ok,True
True,,,,,,,,,,,,,,,,no_finite_scores,0,0,0,,CAL-0875,False,no_pool,,CN[C@@H]1[C@@H](O[C@H]2O[C@H](CO)[C@@H](N)[C@H](O)[C@H]2O)O[C@H]2C[C@@H](N)[C@@H](O[C@H]3[C@H](O)[C@@H](O)[C@H](N)C[C@@H]3N)O[C@@H]2[C@@H]1O,no_pool_in_prefix,ok,True
True,False,False,False,False,False,False,False,False,False,False,False,False,False,True,0.0065324405878491865,ok,249,256,249,0.5413886807618832,CAL-0876,True,ok,"{'uniform': 162, 'massresid': 157, 'predictor': 18, 'prior': 149}",CCC(=O)OC(Cc1ccccc1)(c1ccccc1)C(C)CNC,complete,ok,True
True,False,False,False,False,False,False,False,False,False,False,False,False,False,True,0.0,ok,249,256,249,0.37043269254124855,CAL-0877,True,ok,"{'uniform': 51, 'massresid': 49, 'predictor': 216, 'prior': 205}",O=C(O)CCc1nc(-c2ccccc2)c(-c2ccccc2)o1,complete,ok,True
True,False,False,False,False,False,False,False,False,False,False,False,False,False,True,0.11637799501645119,ok,244,256,244,0.5571595615791796,CAL-0878,True,ok,"{'uniform': 244, 'massresid': 233, 'predictor': 83, 'prior': 213}",CC(Cc1ccc(O)cc1)NCC(O)c1cc(O)cc(O)c1,complete,ok,True
True,False,False,False,False,False,False,False,False,False,False,False,False,False,True,0.016381653352096404,ok,248,256,248,0.536007884398229,CAL-0879,True,ok,"{'uniform': 244, 'massresid': 237, 'predictor': 45, 'prior': 215}",CCN(CC)CCOC(=O)C(c1ccccc1)c1ccccc1,complete,ok,True
True,False,False,False,False,False,False,False,False,False,False,False,False,False,True,0.03059691062054104,ok,232,256,232,1.0267564791117256,CAL-0880,True,ok,"{'uniform': 67, 'massresid': 61, 'predictor': 199, 'prior': 202}",COc1cc(C)c(Cc2cnc(N)nc2N)cc1OC,complete,ok,True
True,False,False,False,False,True,True,False,False,False,False,False,False,False,True,0.003294433062915103,ok,247,256,247,0.5615967925189098,CAL-0881,True,ok,"{'uniform': 12, 'massresid': 12, 'predictor': 2, 'prior': 120}",CC(CCc1ccc(O)cc1)NCCc1ccc(O)c(O)c1,complete,ok,True
True,False,False,False,False,False,False,False,False,False,False,False,False,False,True,0.019102303165561385,ok,238,256,238,0.7372699267782548,CAL-0882,True,ok,"{'uniform': 89, 'massresid': 81, 'predictor': 16, 'prior': 73}",Nc1c(CC(=O)O)cccc1C(=O)c1ccccc1,complete,ok,True
True,False,False,False,False,False,False,False,False,False,False,False,False,False,True,0.005955826404235864,ok,239,256,239,0.5680686743552293,CAL-0883,True,ok,"{'uniform': 35, 'massresid': 31, 'predictor': 141, 'prior': 64}",CC(C)CCCC(C)C1CCC2C3CC=C4CC(O)CCC4(C)C3CCC12C,complete,ok,True
True,,,,,,,,,,,,,,,,no_finite_scores,0,0,0,,CAL-0884,False,no_pool,,CC(C)CCC[C@@H](C)[C@H]1CC[C@H]2[C@@H]3CC=C4C[C@@H](O)CC[C@]4(C)[C@H]3CC[C@]12C,no_pool_in_prefix,ok,True
True,False,False,False,False,False,False,False,False,False,False,False,False,False,True,0.016964342094207052,ok,238,256,238,0.6531652221103154,CAL-0885,True,ok,"{'uniform': 124, 'massresid': 115, 'predictor': 200, 'prior': 35}",CC(NC(CCc1ccccc1)C(=O)O)C(=O)N1CCCC1C(=O)O,complete,ok,True
True,,,,,,,,,,,,,,,,no_finite_scores,0,0,0,,CAL-0886,False,no_pool,,C[C@H](N[C@@H](CCc1ccccc1)C(=O)O)C(=O)N1CCC[C@H]1C(=O)O,no_pool_in_prefix,ok,True
True,False,False,False,False,False,False,False,False,False,False,False,False,False,True,0.0,ok,191,252,191,1.2846741451350197,CAL-0887,True,ok,"{'uniform': 157, 'massresid': 122, 'predictor': 169, 'prior': 184}",CNC1C(O)C(NC)C2OC3(O)C(=O)CC(C)OC3OC2C1O,complete,ok,True
True,,,,,,,,,,,,,,,,no_finite_scores,0,0,0,,CAL-0888,False,no_pool,,CN[C@@H]1[C@H](O)[C@H](NC)[C@H]2O[C@@]3(O)C(=O)C[C@@H](C)O[C@H]3O[C@@H]2[C@H]1O,no_pool_in_prefix,ok,True
True,False,False,False,False,False,False,False,False,False,False,False,False,False,True,0.004801751110863006,ok,252,256,252,0.5660431578699686,CAL-0889,True,ok,"{'uniform': 115, 'massresid': 111, 'predictor': 187, 'prior': 223}",COc1ccc2c(=O)c(C)c(-c3ccccc3)oc2c1CN(C)C,complete,ok,True
True,False,False,False,False,False,False,False,False,False,False,False,False,False,True,0.0028464565026035116,ok,227,256,227,0.8414675620795578,CAL-0890,True,ok,"{'uniform': 84, 'massresid': 76, 'predictor': 83, 'prior': 39}",CC(C)CC(NC(=O)C(Cc1ccccc1)NC(=O)CNC(=O)CNC(=O)C(N)Cc1ccc(O)cc1)C(=O)O,complete,ok,True
True,,,,,,,,,,,,,,,,no_finite_scores,0,0,0,,CAL-0891,False,no_pool,,CC(C)C[C@H](NC(=O)[C@H](Cc1ccccc1)NC(=O)CNC(=O)CNC(=O)[C@@H](N)Cc1ccc(O)cc1)C(=O)O,no_pool_in_prefix,ok,True
True,False,False,False,False,False,False,False,False,False,False,False,False,False,True,0.0,ok,237,256,237,0.8392119926747501,CAL-0892,True,ok,"{'uniform': 175, 'massresid': 159, 'predictor': 18, 'prior': 153}",CC(C)(C)CC(=O)OCC(=O)C1(O)CCC2C3CCC4=CC(=O)C=CC4(C)C3C(O)CC21C,complete,ok,True
True,,,,,,,,,,,,,,,,no_finite_scores,0,0,0,,CAL-0893,False,no_pool,,CC(C)(C)CC(=O)OCC(=O)[C@@]1(O)CC[C@H]2[C@@H]3CCC4=CC(=O)C=C[C@]4(C)[C@H]3[C@@H](O)C[C@@]21C,no_pool_in_prefix,ok,True
True,False,False,False,False,True,False,False,False,False,False,False,False,False,True,0.003137002643999076,ok,234,256,234,0.6908619139659274,CAL-0894,True,ok,"{'uniform': 134, 'massresid': 122, 'predictor': 7, 'prior': 74}",OCc1cc(C(O)CNCCCCCCOCCCCc2ccccc2)ccc1O,complete,ok,True
True,False,False,False,False,False,False,False,False,False,False,False,False,False,True,0.005763562175871706,ok,216,256,216,0.43779750387782895,CAL-0895,True,ok,"{'uniform': 186, 'massresid': 155, 'predictor': 54, 'prior': 114}",CC(=O)c1ccc2c(c1)N(CCCN1CCC(CCO)CC1)c1ccccc1S2,complete,ok,True
True,False,False,False,False,False,False,False,False,False,False,False,False,False,True,0.005135648774967305,ok,244,256,244,0.6740877675615703,CAL-0896,True,ok,"{'uniform': 17, 'massresid': 17, 'predictor': 15, 'prior': 128}",CC(=O)c1ccc2c(c1)N(CCCN(C)C)c1ccccc1S2,complete,ok,True
True,False,False,False,False,False,False,False,False,False,False,False,False,False,True,0.01193335949105856,ok,251,256,251,0.5176486475893379,CAL-0897,True,ok,"{'uniform': 87, 'massresid': 86, 'predictor': 202, 'prior': 171}",CC(COc1ccccc1)NC(C)C(O)c1ccc(O)cc1,complete,ok,True
True,False,False,False,False,False,False,False,False,False,False,False,False,False,True,0.005764846188187733,ok,249,256,249,0.5628254269291759,CAL-0898,True,ok,"{'uniform': 25, 'massresid': 24, 'predictor': 27, 'prior': 174}",CN(C)CCN(Cc1ccccc1)c1ccccn1,complete,ok,True
True,False,False,False,False,False,False,False,False,False,False,False,False,False,True,0.0,ok,244,256,244,0.8437233869863967,CAL-0899,True,ok,"{'uniform': 197, 'massresid': 189, 'predictor': 95, 'prior': 62}",COC1CC(OC2CCC3(C=O)C4CCC5(C)C(C6=CC(=O)OC6)CCC5(O)C4CCC3(O)C2)OC(C)C1O,complete,ok,True
True,False,False,False,False,False,False,False,False,False,False,False,False,False,True,0.0,ok,246,256,246,0.79691744870963,CAL-0900,True,ok,"{'uniform': 191, 'massresid': 184, 'predictor': 15, 'prior': 60}",CO[C@H]1C[C@H](O[C@H]2CC[C@]3(C=O)[C@H]4CC[C@]5(C)[C@@H](C6=CC(=O)OC6)CC[C@]5(O)[C@@H]4CC[C@]3(O)C2)O[C@H](C)[C@H]1O,complete,ok,True
True,False,False,False,False,False,False,False,False,False,False,False,False,False,True,0.008477915438091621,ok,47,59,47,0.49901463479099245,CAL-0901,True,ok,"{'uniform': 12, 'massresid': 11, 'predictor': 14, 'prior': 18}",O=C1c2c(O)cc(O)cc2OC(c2ccc(O)cc2)C1c1c(O)cc(O)c2c(=O)cc(-c3ccc(O)c(O)c3)oc12,complete,ok,True
True,False,False,False,False,False,False,False,False,False,False,False,False,False,True,0.0,ok,134,141,134,0.450808289519864,CAL-0902,True,ok,"{'uniform': 20, 'massresid': 20, 'predictor': 112, 'prior': 83}",COc1c(OC(C)=O)cc2oc(-c3ccc(OC(C)=O)cc3)cc(=O)c2c1OC(C)=O,complete,ok,True
True,False,False,False,False,False,False,False,False,False,False,False,False,False,True,0.004561052808646049,ok,253,256,253,0.7764470993150249,CAL-0903,True,ok,"{'uniform': 120, 'massresid': 119, 'predictor': 78, 'prior': 88}",COc1cc2oc(-c3ccc(O[C@@H]4O[C@H](CO)[C@@H](O)[C@H](O)[C@H]4O)cc3)cc(=O)c2c(O)c1OC,complete,ok,True
True,False,False,False,False,False,False,False,False,False,False,False,False,False,True,0.02479688384158263,ok,254,256,254,0.7946296891990108,CAL-0904,True,ok,"{'uniform': 231, 'massresid': 229, 'predictor': 17, 'prior': 29}",COc1ccc(-c2cc(=O)c3c(O)cc(OC4OC(COC5OC(CO)C(O)C5O)C(O)C(O)C4O)cc3o2)cc1O,complete,ok,True
True,False,False,False,False,False,False,False,False,False,False,False,False,False,True,0.11056632731017457,ok,235,256,235,0.4164636060957775,CAL-0905,True,ok,"{'uniform': 185, 'massresid': 167, 'predictor': 214, 'prior': 186}",CCN(CC)CCNC(=O)c1c(C)[nH]c(C=C2C(=O)Nc3ccc(O)cc32)c1C,complete,ok,True
True,False,False,False,False,False,False,False,False,False,False,False,False,False,True,0.015559039075755954,ok,237,256,237,0.46435805138442215,CAL-0906,True,ok,"{'uniform': 164, 'massresid': 154, 'predictor': 35, 'prior': 17}",CC(C)NCC(O)COc1ccc(OCCOC(C)C)cc1,complete,ok,True
True,False,False,False,True,True,True,False,False,False,True,False,False,False,True,0.005710040395064286,ok,26,33,26,1.0170728950739139,CAL-0907,True,ok,"{'uniform': 30, 'massresid': 24, 'predictor': 1, 'prior': 13}",O=C(O)C1OC(Nc2ccc(-c3cccc4c(=O)cc(N5CCOCC5)oc34)c3sc4ccccc4c23)C(O)C(O)C1O,complete,ok,True
True,False,False,False,True,True,True,False,False,False,True,False,False,False,True,0.00933573235264784,ok,249,256,249,0.41210367687856875,CAL-0908,True,ok,"{'uniform': 240, 'massresid': 233, 'predictor': 1, 'prior': 227}",CCNCCNC(=O)c1c(C)[nH]c(C=C2C(=O)Nc3ccc(F)cc32)c1C,complete,ok,True
True,,,,,,,,,,,,,,,,no_finite_scores,0,0,0,,CAL-0909,False,no_pool,,CCNCCNC(=O)c1c(C)[nH]c(/C=C2\C(=O)Nc3ccc(F)cc32)c1C,no_pool_in_prefix,ok,True
True,False,False,False,False,False,False,False,False,False,False,False,False,False,True,0.0016472165450055476,ok,243,256,243,0.5778182319542886,CAL-0910,True,ok,"{'uniform': 59, 'massresid': 57, 'predictor': 24, 'prior': 225}",CCNC(=O)CNC(=O)c1c(C)[nH]c(C=C2C(=O)Nc3ccc(F)cc32)c1C,complete,ok,True
True,False,False,False,False,False,False,False,False,False,False,False,False,False,True,0.00279810708884376,ok,229,256,229,1.0225737658797176,CAL-0911,True,ok,"{'uniform': 69, 'massresid': 59, 'predictor': 88, 'prior': 203}",Nc1ccc(-c2cccc3c(=O)cc(N4CCOCC4)oc23)c2sc3ccccc3c12,complete,ok,True
True,False,False,False,False,False,False,False,False,False,False,False,False,False,True,0.002925961541370925,ok,252,256,252,0.7890671645316684,CAL-0912,True,ok,"{'uniform': 11, 'massresid': 11, 'predictor': 166, 'prior': 250}",CCN(CC)CCNC(=O)c1c(C)[nH]c(Cc2c(O)[nH]c3ccc(F)cc23)c1C,complete,ok,True
True,False,False,False,False,False,False,False,False,False,False,False,False,False,True,0.0042266399252604,ok,233,256,233,0.43360557170428987,CAL-0913,True,ok,"{'uniform': 129, 'massresid': 115, 'predictor': 12, 'prior': 199}",CCNCC(O)NC(=O)c1c(C)[nH]c(C=C2C(=O)Nc3ccc(F)cc32)c1C,complete,ok,True
True,False,False,False,False,False,False,False,False,False,False,False,False,False,True,0.012911591931645094,ok,240,256,240,0.42113088759927536,CAL-0914,True,ok,"{'uniform': 139, 'massresid': 128, 'predictor': 37, 'prior': 142}",Cc1c(OCC(F)(F)F)ccnc1CO,complete,ok,True
True,False,False,False,False,False,False,False,False,False,False,False,False,False,True,0.0,ok,188,193,188,0.48101522731912394,CAL-0915,True,ok,"{'uniform': 159, 'massresid': 155, 'predictor': 59, 'prior': 112}",CC(C)c1c(C(=O)Nc2ccccc2)c(-c2ccccc2)c(-c2ccc(F)cc2)n1CCC1CC(O)CC(=O)O1,complete,ok,True
True,False,False,False,False,True,False,False,False,False,False,False,False,False,True,0.041359648379246994,ok,193,256,193,0.38996677313662037,CAL-0916,True,ok,"{'uniform': 129, 'massresid': 91, 'predictor': 8, 'prior': 165}",Cc1[nH]c(C=C2C(=O)Nc3ccc(F)cc32)c(C)c1C(=O)NCC(=O)O,complete,ok,True
True,False,False,False,False,False,False,False,False,False,False,False,False,False,True,0.012179962442643633,ok,246,256,246,0.6553139241919507,CAL-0917,True,ok,"{'uniform': 75, 'massresid': 73, 'predictor': 238, 'prior': 236}",C[C@@H]1C[C@@H]([C@H](O)CC2CC(=O)NC(=O)C2)C(=O)[C@@H](C)C1,complete,ok,True
True,False,False,False,False,False,False,False,False,False,False,False,False,False,True,0.01085504013546601,ok,248,256,248,1.0005584530161857,CAL-0918,True,ok,"{'uniform': 248, 'massresid': 240, 'predictor': 231, 'prior': 237}",CC1CC(C)C(=O)C(C(O)CC2CC(=O)NC(=O)C2)C1,complete,ok,True
True,,,,,,,,,,,,,,,,no_finite_scores,0,0,0,,CAL-0919,False,no_pool,,C[C@H]1C[C@@H](C)C(=O)[C@@H]([C@H](O)CC2CC(=O)NC(=O)C2)C1,no_pool_in_prefix,ok,True
True,False,False,False,False,False,False,False,False,False,False,False,False,False,True,0.011000079467942903,ok,254,256,254,0.8995283959049153,CAL-0920,True,ok,"{'uniform': 28, 'massresid': 28, 'predictor': 94, 'prior': 186}",Cc1ccc2oc(=O)c(-c3ccc(Cl)cc3)c(C)c2c1,complete,ok,True
True,False,False,False,False,True,False,False,False,False,False,False,False,False,True,0.036629068653065255,ok,222,256,222,0.8040185662802689,CAL-0921,True,ok,"{'uniform': 245, 'massresid': 215, 'predictor': 10, 'prior': 56}",N[C@@H](Cc1c[nH]c2ccc(O)cc12)C(=O)O,complete,ok,True
True,False,False,False,False,False,False,False,False,False,False,False,False,False,True,0.008062789823756078,ok,214,256,214,0.3336279114900713,CAL-0922,True,ok,"{'uniform': 18, 'massresid': 16, 'predictor': 27, 'prior': 51}",NC(Cc1c[nH]c2ccc(O)cc12)C(=O)O,complete,ok,True
True,False,False,False,False,False,False,False,False,False,False,False,False,False,True,0.025018817388415382,ok,96,98,96,0.5340816718715828,CAL-0923,True,ok,"{'uniform': 81, 'massresid': 79, 'predictor': 59, 'prior': 53}",COc1cc2cc(Oc3ccc4ccc(=O)oc4c3)c(=O)oc2cc1O,complete,ok,True
True,False,False,False,False,False,False,False,False,False,False,False,False,False,True,0.0,ok,188,256,188,0.2977418864607656,CAL-0924,True,ok,"{'uniform': 108, 'massresid': 75, 'predictor': 33, 'prior': 176}",OCC1OC(n2cnc3cc(Cl)c(Cl)cc32)C(O)C1O,complete,ok,True
True,False,False,False,False,False,False,False,False,False,False,False,False,False,True,0.030878155436687815,ok,212,256,212,0.36234145032072257,CAL-0925,True,ok,"{'uniform': 143, 'massresid': 112, 'predictor': 47, 'prior': 148}",N=C(N=C(N)N)N1CCOCC1,complete,ok,True
True,False,False,False,False,False,False,False,False,False,False,False,False,False,True,0.014179845582788064,ok,215,256,215,0.8255532339328303,CAL-0926,True,ok,"{'uniform': 194, 'massresid': 165, 'predictor': 75, 'prior': 153}",N=C(N)N=C(N)N1CCOCC1,complete,ok,True
True,False,True,False,False,False,False,False,False,False,False,False,True,False,True,0.00761011156187652,ok,253,256,253,0.4414670633175188,CAL-0927,True,ok,"{'uniform': 4, 'massresid': 4, 'predictor': 49, 'prior': 158}",COc1cccc(-c2oc3ccccc3c(=O)c2O)c1,complete,ok,True
True,False,False,False,False,False,False,False,False,False,False,False,False,False,True,0.011213946237003891,ok,250,256,250,0.7119399945752578,CAL-0928,True,ok,"{'uniform': 244, 'massresid': 238, 'predictor': 210, 'prior': 162}",COc1ccc(-c2oc3cc(O)ccc3c(=O)c2O)cc1OC,complete,ok,True
True,False,False,False,True,True,True,False,False,False,True,False,False,False,True,0.008271166383206685,ok,252,256,252,0.4479857518793885,CAL-0929,True,ok,"{'uniform': 115, 'massresid': 112, 'predictor': 1, 'prior': 28}",O=C1CC(c2ccc(O)cc2)Oc2ccccc21,complete,ok,True
True,False,False,False,False,False,False,False,False,False,False,False,False,False,True,0.0020053226132532576,ok,250,256,250,0.33376453569192843,CAL-0930,True,ok,"{'uniform': 161, 'massresid': 156, 'predictor': 192, 'prior': 79}",CC[C@H]1CN2CC[C@H]1C[C@@H]2[C@@H](O)c1ccnc2ccc(OC)cc12,complete,ok,True
True,,,,,,,,,,,,,,,,no_finite_scores,0,0,0,,CAL-0931,False,no_pool,,CC[C@H]1CN2CC[C@H]1C[C@H]2[C@H](O)c1ccnc2ccc(OC)cc12,no_pool_in_prefix,ok,True
True,,,,,,,,,,,,,,,,no_finite_scores,0,0,0,,CAL-0932,False,no_pool,,CCC1CN2CCC1CC2C(O)c1ccnc2ccc(OC)cc12,no_pool_in_prefix,ok,True
True,,,,,,,,,,,,,,,,no_finite_scores,0,0,0,,CAL-0933,False,no_pool,,CC[C@H]1CN2CCC1C[C@@H]2[C@H](O)c1ccnc2ccc(OC)cc12,no_pool_in_prefix,ok,True
True,,,,,,,,,,,,,,,,no_finite_scores,0,0,0,,CAL-0934,False,no_pool,,CC[C@H]1CN2CCC1C[C@@H]2[C@@H](O)c1ccnc2ccc(OC)cc12,no_pool_in_prefix,ok,True
True,,,,,,,,,,,,,,,,no_finite_scores,0,0,0,,CAL-0935,False,no_pool,,CC[C@H]1CN2CCC1C[C@H]2[C@H](O)c1ccnc2ccc(OC)cc12,no_pool_in_prefix,ok,True
True,False,False,False,False,False,False,False,False,False,False,False,False,False,True,0.03976598573376289,ok,246,256,246,0.3842885062398896,CAL-0936,True,ok,"{'uniform': 174, 'massresid': 166, 'predictor': 177, 'prior': 208}",CCC(=O)Oc1cc2c(C)cc(=O)oc2cc1Cl,complete,ok,True
True,True,True,True,False,False,False,False,False,False,False,True,True,True,True,0.0003039131111602922,ok,251,256,251,1.0066199448843522,CAL-0937,True,ok,"{'uniform': 1, 'massresid': 1, 'predictor': 249, 'prior': 250}",O=c1oc2c3c4c(cc2c2c1CCC2)CCCN4CCC3,complete,ok,True
True,False,False,False,False,False,False,False,False,False,False,False,False,False,True,0.15597010978177864,ok,250,256,250,0.14222706671535568,CAL-0938,True,ok,"{'uniform': 147, 'massresid': 145, 'predictor': 18, 'prior': 159}",COC12CC(COC(=O)c3cncc(Br)c3)CN(C)C1Cc1cn(C)c3cccc2c13,complete,ok,True
True,,,,,,,,,,,,,,,,no_finite_scores,0,0,0,,CAL-0939,False,no_pool,,CO[C@]12C[C@@H](COC(=O)c3cncc(Br)c3)CN(C)[C@@H]1Cc1cn(C)c3cccc2c13,no_pool_in_prefix,ok,True
True,False,False,False,False,False,False,False,True,False,False,False,False,False,True,0.006226783469472086,ok,151,256,151,0.36164658383390014,CAL-0940,True,ok,"{'uniform': 79, 'massresid': 47, 'predictor': 131, 'prior': 10}",COc1ccc(C(=O)Nc2ccn(C3C[C@@H](O)[C@H](CO)O3)c(=O)n2)cc1,complete,ok,True
True,,,,,,,,,,,,,,,,no_finite_scores,0,0,0,,CAL-0941,False,no_pool,,COc1ccc(C(=O)Nc2ccn(C3CC(O)C(CO)O3)c(=O)n2)cc1,no_pool_in_prefix,ok,True
True,False,True,False,False,True,False,False,True,False,False,False,True,False,True,0.1368347414049679,ok,9,11,9,0.2430557712096822,CAL-0942,True,ok,"{'uniform': 8, 'massresid': 7, 'predictor': 9, 'prior': 5}",COc1cc2ccc(=O)oc2cc1OC1OC(COC2OC(C)C(O)C(O)C2O)C(O)C(O)C1OC1OC(C)C(O)C(O)C1O,complete,ok,True
True,False,True,False,False,True,False,False,True,False,False,False,True,False,True,0.01774915085536856,ok,9,11,9,0.21698086972117894,CAL-0943,True,ok,"{'uniform': 6, 'massresid': 5, 'predictor': 9, 'prior': 5}",COc1cc2ccc(=O)oc2cc1O[C@@H]1O[C@H](CO[C@@H]2O[C@@H](C)[C@H](O)[C@@H](O)[C@H]2O)[C@@H](O)[C@H](O)[C@H]1O[C@@H]1O[C@@H](C)[C@H](O)[C@@H](O)[C@H]1O,complete,ok,True
True,False,False,False,False,False,False,False,False,False,False,False,False,False,True,0.09555293902121048,ok,246,256,246,0.4068495401948525,CAL-0944,True,ok,"{'uniform': 96, 'massresid': 93, 'predictor': 103, 'prior': 61}",Cc1ccc(CC(Cc2nc3ccccc3[nH]2)c2nc3ccccc3[nH]2)cc1,complete,ok,True
True,False,False,False,False,False,False,False,False,False,False,False,False,False,True,0.0020152422686315896,ok,256,256,256,0.6392685756325363,CAL-0945,True,ok,"{'uniform': 109, 'massresid': 109, 'predictor': 149, 'prior': 183}",COc1ccc2c(=O)c(-c3ccccc3)coc2c1,complete,ok,True
True,False,False,False,False,False,False,False,False,False,False,False,False,False,True,0.010358771968255964,ok,251,256,251,0.4608677188970689,CAL-0946,True,ok,"{'uniform': 111, 'massresid': 110, 'predictor': 51, 'prior': 73}",O=C(/C=C/c1ccc(O)cc1)c1ccccc1O,complete,ok,True
True,False,False,False,False,True,True,False,False,False,False,False,False,False,True,0.008111456989251864,ok,251,256,251,0.6092379699224328,CAL-0947,True,ok,"{'uniform': 171, 'massresid': 167, 'predictor': 3, 'prior': 101}",O=C(C=Cc1ccc(O)cc1)c1ccccc1O,complete,ok,True
True,False,False,False,False,False,False,False,False,False,False,False,False,False,True,0.02901966051299454,ok,222,256,222,0.4926950372216359,CAL-0948,True,ok,"{'uniform': 238, 'massresid': 206, 'predictor': 111, 'prior': 49}",CCc1cn(C2CC(O)C(CO)O2)c(=O)[nH]c1=O,complete,ok,True
True,False,False,False,False,False,False,False,False,False,False,False,False,False,True,0.008524378378983233,ok,96,256,96,0.5499095234527465,CAL-0949,True,ok,"{'uniform': 60, 'massresid': 22, 'predictor': 17, 'prior': 61}",OC[C@H]1O[C@@H](n2cnc3c(NCc4ccco4)ncnc32)[C@H](O)[C@@H]1O,complete,ok,True
True,False,False,False,False,False,False,False,False,False,False,False,False,False,True,0.013886890139854335,ok,109,256,109,0.6113614266209841,CAL-0950,True,ok,"{'uniform': 160, 'massresid': 69, 'predictor': 76, 'prior': 82}",OCC1OC(n2cnc3c(NCc4ccco4)ncnc32)C(O)C1O,complete,ok,True
True,False,False,False,False,True,False,False,False,False,False,False,False,False,True,0.00022257825802807218,ok,245,256,245,0.7566885466268831,CAL-0951,True,ok,"{'uniform': 218, 'massresid': 212, 'predictor': 6, 'prior': 135}",CC(=O)OC1CC2(C)C(C(C)=O)CCC2C2CCC3=CC(=O)CCC3(C)C12,complete,ok,True
True,False,False,False,False,False,False,False,False,False,False,False,False,False,True,0.006248552989911782,ok,242,256,242,0.6849516342996205,CAL-0952,True,ok,"{'uniform': 68, 'massresid': 61, 'predictor': 103, 'prior': 56}",NC(Cc1c[nH]c2cc(F)ccc12)C(=O)O,complete,ok,True
True,False,False,False,False,False,False,False,False,False,False,False,False,False,True,0.02772627141527273,ok,249,256,249,0.49822738058370253,CAL-0953,True,ok,"{'uniform': 218, 'massresid': 212, 'predictor': 83, 'prior': 200}",COc1cc(O)c(C(=O)C=Cc2cc(OC)c(OC)cc2OC)c(OC)c1,complete,ok,True
True,False,False,False,False,False,False,False,False,False,False,False,False,False,True,0.006716489784656443,ok,190,256,190,0.6092464017650565,CAL-0954,True,ok,"{'uniform': 114, 'massresid': 85, 'predictor': 84, 'prior': 115}",CCN(CC)c1ncnc2c1ncn2C1OC(CO)C(O)C1O,complete,ok,True
True,False,False,False,False,False,False,False,False,False,False,False,False,False,True,0.0,ok,91,94,91,0.2352463926285345,CAL-0955,True,ok,"{'uniform': 58, 'massresid': 57, 'predictor': 80, 'prior': 75}",COc1cc2ccc(=O)oc2cc1OC1OC(COC2OC(C)C(O)C(O)C2O)C(O)C(O)C1O,complete,ok,True
True,False,False,False,False,False,False,False,False,False,False,False,False,False,True,0.001210475745892392,ok,227,256,227,0.3945461514792422,CAL-0956,True,ok,"{'uniform': 177, 'massresid': 155, 'predictor': 21, 'prior': 60}",COc1ccc2c(CN(C)CCC#N)cc(=O)oc2c1,complete,ok,True
True,False,False,False,False,False,False,False,False,False,False,False,False,False,True,0.03342636477282768,ok,252,256,252,0.5229928745822447,CAL-0957,True,ok,"{'uniform': 74, 'massresid': 73, 'predictor': 250, 'prior': 251}",COc1cc2c(C(=O)c3ccccc3)c3c4c(cc(OC)c(OC)c4c2cc1OC)CCN3C,complete,ok,True
True,False,False,False,False,False,False,False,False,False,False,False,False,False,True,0.009095366579623454,ok,58,60,58,0.2376827910960091,CAL-0958,True,ok,"{'uniform': 23, 'massresid': 22, 'predictor': 44, 'prior': 35}",COc1cc2ccc(=O)oc2cc1OC1OC(COC2OC(C)C(O)C(O)C2O)C(O)C(O)C1OC(C)=O,complete,ok,True
True,,,,,,,,,,,,,,,,no_finite_scores,0,0,0,,CAL-0959,False,no_pool,,COc1cc2ccc(=O)oc2cc1O[C@@H]1O[C@H](CO[C@@H]2O[C@@H](C)[C@H](O)[C@@H](O)[C@H]2O)[C@@H](O)[C@H](O)[C@H]1OC(C)=O,no_pool_in_prefix,ok,True
True,False,False,False,False,True,False,False,False,False,False,False,False,False,True,0.009840551780755158,ok,241,256,241,0.6026728830009379,CAL-0960,True,ok,"{'uniform': 221, 'massresid': 206, 'predictor': 5, 'prior': 23}",CNC(Cc1c[nH]c2ccccc12)C(=O)O,complete,ok,True
True,,,,,,,,,,,,,,,,no_finite_scores,0,0,0,,CAL-0961,False,no_pool,,CN[C@@H](Cc1c[nH]c2ccccc12)C(=O)O,no_pool_in_prefix,ok,True
True,False,False,False,False,True,True,False,False,False,False,False,False,False,True,0.019940758626199484,ok,215,256,215,0.4118434598739586,CAL-0962,True,ok,"{'uniform': 135, 'massresid': 115, 'predictor': 3, 'prior': 75}",CC(C)(C)OC(=O)NC(Cc1cnc[nH]1)C(=O)O,complete,ok,True
True,,,,,,,,,,,,,,,,no_finite_scores,0,0,0,,CAL-0963,False,no_pool,,CC(C)(C)OC(=O)N[C@@H](Cc1cnc[nH]1)C(=O)O,no_pool_in_prefix,ok,True
True,False,False,False,False,False,False,False,False,False,False,False,False,False,True,0.008906706029959133,ok,249,256,249,0.8869872957685603,CAL-0964,True,ok,"{'uniform': 231, 'massresid': 225, 'predictor': 216, 'prior': 237}",COc1ccc2c3c1OC1C(O)C=CC(C=C2)C31CCN(C)C,complete,ok,True
True,False,False,False,False,False,False,False,False,False,False,False,False,False,True,0.11326735444426633,ok,142,143,142,0.15436725639574275,CAL-0965,True,ok,"{'uniform': 65, 'massresid': 64, 'predictor': 47, 'prior': 117}",COc1cc(-c2cc(=O)c3c(O)c(OC)c(OC4OC(COC5OC(C)C(O)C(O)C5O)C(O)C(O)C4O)cc3o2)ccc1O,complete,ok,True
True,False,False,False,False,False,False,False,False,False,False,False,False,False,True,0.007074831075440713,ok,48,55,48,0.452881480175557,CAL-0966,True,ok,"{'uniform': 14, 'massresid': 12, 'predictor': 24, 'prior': 39}",CC(=O)Oc1cc(OC(C)=O)c2c(=O)cc(-c3ccc(OC(C)=O)c(OC(C)=O)c3)oc2c1,complete,ok,True
True,False,False,False,False,False,False,False,False,False,False,False,False,False,True,0.026129532404899458,ok,252,256,252,0.3622775486347501,CAL-0967,True,ok,"{'uniform': 66, 'massresid': 66, 'predictor': 172, 'prior': 219}",Cc1cccc(-c2cc(=O)c3cc(C)ccc3o2)c1,complete,ok,True
True,True,True,True,False,True,False,False,True,False,False,True,True,True,True,0.1019352894936093,ok,24,26,24,0.5735776670985737,CAL-0968,True,ok,"{'uniform': 1, 'massresid': 1, 'predictor': 5, 'prior': 10}",CC(=O)Oc1cc(OC(C)=O)c2c(=O)c(OC(C)=O)c(-c3ccc(OC(C)=O)c(OC(C)=O)c3)oc2c1,complete,ok,True
True,False,False,False,False,False,False,False,False,False,False,False,False,False,True,0.0,ok,62,63,62,0.4478895885845671,CAL-0969,True,ok,"{'uniform': 60, 'massresid': 59, 'predictor': 37, 'prior': 47}",COc1ccc(-c2coc3ccc(OC4OC(COC(C)=O)C(OC(C)=O)C(OC(C)=O)C4OC(C)=O)c(OC(C)=O)c3c2=O)cc1,complete,ok,True
True,False,False,False,False,False,False,False,False,False,False,False,False,False,True,0.017271300172093107,ok,241,256,241,0.535838844368257,CAL-0970,True,ok,"{'uniform': 102, 'massresid': 96, 'predictor': 100, 'prior': 211}",O=C(c1ccccc1)N1CC2CC(C1)c1cccc(=O)n1C2,complete,ok,True
True,False,False,False,False,False,False,False,False,False,False,False,False,False,True,0.0011980403520722716,ok,247,256,247,0.5605852560919534,CAL-0971,True,ok,"{'uniform': 81, 'massresid': 78, 'predictor': 163, 'prior': 132}",Cc1cc(=O)oc2ccc(O)cc12,complete,ok,True
True,False,False,False,False,False,False,False,False,False,False,False,False,False,True,0.011536285914181654,ok,241,256,241,0.7954169495121758,CAL-0972,True,ok,"{'uniform': 202, 'massresid': 191, 'predictor': 119, 'prior': 241}",COc1cc2c(C=O)c3c4c(cc(OC)c(OC)c4c2cc1OC)CCN3C,complete,ok,True
True,False,False,False,False,False,False,False,False,False,False,False,False,False,True,0.03089662252360814,ok,194,256,194,0.5455047750535187,CAL-0973,True,ok,"{'uniform': 111, 'massresid': 81, 'predictor': 187, 'prior': 150}",C=CCNc1ncnc2c1ncn2C1OC(CO)C(O)C1O,complete,ok,True
True,False,False,False,False,False,False,False,False,False,False,False,False,False,True,0.005964555546835282,ok,239,256,239,0.4701761549023161,CAL-0974,True,ok,"{'uniform': 42, 'massresid': 38, 'predictor': 229, 'prior': 236}",COc1cc2c(cc1OC)-c1c(OC)c(OC)cc3ccnc(c13)C2=O,complete,ok,True
True,False,False,False,False,False,False,False,False,False,False,False,False,False,True,0.007137320467183739,ok,252,256,252,0.7187418908125386,CAL-0975,True,ok,"{'uniform': 90, 'massresid': 88, 'predictor': 159, 'prior': 208}",COc1ccc2oc(-c3cccc(OC)c3OC)cc(=O)c2c1,complete,ok,True
True,False,False,False,False,False,False,False,False,False,False,False,False,False,True,0.004147400069107077,ok,182,183,182,0.33446723452214694,CAL-0976,True,ok,"{'uniform': 132, 'massresid': 131, 'predictor': 80, 'prior': 125}",COc1ccc(-c2cc(=O)c3c(O)c(OC)c(OC4OC(COC5OC(C)C(O)C(O)C5O)C(O)C(O)C4O)cc3o2)cc1,complete,ok,True
True,False,False,False,False,False,False,False,False,False,False,False,False,False,True,0.022429385416081526,ok,182,183,182,0.6229951411614066,CAL-0977,True,ok,"{'uniform': 115, 'massresid': 114, 'predictor': 116, 'prior': 124}",COc1ccc(-c2cc(=O)c3c(O)c(OC)c(O[C@@H]4O[C@H](CO[C@@H]5O[C@@H](C)[C@H](O)[C@@H](O)[C@H]5O)[C@@H](O)[C@H](O)[C@H]4O)cc3o2)cc1,complete,ok,True
True,False,True,False,False,False,False,False,False,False,False,False,True,False,True,0.004814312847780777,ok,253,256,253,0.6433664598352443,CAL-0978,True,ok,"{'uniform': 7, 'massresid': 7, 'predictor': 240, 'prior': 199}",CCOC(=O)C1=CC2(CC)CCCN3CCc4c(n1c1ccccc41)C32,complete,ok,True
True,,,,,,,,,,,,,,,,no_finite_scores,0,0,0,,CAL-0979,False,no_pool,,CCOC(=O)C1=C[C@]2(CC)CCCN3CCc4c(n1c1ccccc41)[C@@H]32,no_pool_in_prefix,ok,True
True,False,False,False,False,False,False,False,False,False,False,False,False,False,True,0.0028048285040418452,ok,251,256,251,0.422736887257523,CAL-0980,True,ok,"{'uniform': 175, 'massresid': 173, 'predictor': 175, 'prior': 186}",O=c1cc(-c2ccccc2)oc2cccc(O)c12,complete,ok,True
True,False,False,False,False,False,False,False,False,False,False,False,False,False,True,0.002669423917526448,ok,254,256,254,0.530680841967673,CAL-0981,True,ok,"{'uniform': 208, 'massresid': 206, 'predictor': 169, 'prior': 133}",O=c1cc(-c2ccccc2)oc2c1ccc1ccccc12,complete,ok,True
True,False,False,False,False,False,False,False,False,False,False,False,False,False,True,0.0014984549448645579,ok,249,256,249,0.47565342710163205,CAL-0982,True,ok,"{'uniform': 13, 'massresid': 13, 'predictor': 114, 'prior': 159}",CCOc1ccc2oc(=O)c(-c3ccc(O)cc3)c(C)c2c1,complete,ok,True
True,False,False,False,False,True,False,False,False,False,False,False,False,False,True,0.0016714780873169355,ok,253,256,253,0.9460026017841153,CAL-0983,True,ok,"{'uniform': 153, 'massresid': 151, 'predictor': 5, 'prior': 32}",O=C1CC(c2ccccc2)Oc2cc(O)cc(O)c21,complete,ok,True
True,False,False,False,False,False,False,False,False,False,False,False,False,False,True,0.00034826031926249446,ok,251,256,251,0.7378485400759767,CAL-0984,True,ok,"{'uniform': 132, 'massresid': 131, 'predictor': 163, 'prior': 163}",COc1ccc(-c2oc3ccccc3c(=O)c2O)cc1OC,complete,ok,True
True,False,False,False,False,False,False,False,False,False,False,False,False,False,True,0.01375993934625308,ok,243,256,243,0.3753533586615399,CAL-0985,True,ok,"{'uniform': 42, 'massresid': 40, 'predictor': 13, 'prior': 233}",CC(=O)N1CC2CC(C1)c1cccc(=O)n1C2,complete,ok,True
True,False,False,False,False,True,False,False,False,False,False,False,False,False,True,0.001771064980241932,ok,252,256,252,0.4698050495962667,CAL-0986,True,ok,"{'uniform': 39, 'massresid': 38, 'predictor': 5, 'prior': 18}",O=C1CC(c2ccccc2O)Oc2ccc(O)cc21,complete,ok,True
True,False,False,False,False,False,False,False,False,False,False,False,False,False,True,0.0023911939777998548,ok,254,256,254,0.4176552148330352,CAL-0987,True,ok,"{'uniform': 245, 'massresid': 243, 'predictor': 26, 'prior': 117}",COc1cc(OC)c2c(c1)OC(c1ccc(O)cc1)CC2=O,complete,ok,True
True,False,False,False,False,False,False,False,False,False,False,False,False,False,True,0.002380168660786608,ok,240,256,240,0.32941665980188595,CAL-0988,True,ok,"{'uniform': 256, 'massresid': 240, 'predictor': 238, 'prior': 236}",O=c1cccc2n1CC1CC2CN(c2nc(N3CCCC3)nc(N3CCCC3)n2)C1,complete,ok,True
True,False,False,False,False,False,False,False,False,False,False,False,False,False,True,0.0045102174882574175,ok,241,256,241,0.6164346683861857,CAL-0989,True,ok,"{'uniform': 68, 'massresid': 65, 'predictor': 24, 'prior': 166}",O=c1c(O)c(-c2ccc(O)cc2)oc2cc(O)ccc12,complete,ok,True
True,False,False,False,False,True,False,False,False,False,False,False,False,False,True,0.0005534669258394631,ok,159,256,159,0.6548815197807751,CAL-0990,True,ok,"{'uniform': 172, 'massresid': 109, 'predictor': 4, 'prior': 132}",OCC1OC(n2cnc3cncnc32)C(O)C1O,complete,ok,True
True,False,True,False,False,False,False,False,False,False,False,False,True,False,True,0.031926758988648496,ok,247,256,247,0.5209855632014324,CAL-0991,True,ok,"{'uniform': 4, 'massresid': 4, 'predictor': 214, 'prior': 198}",COc1cc(OC)c(C(=O)/C=C/c2ccc(OC)c(OC)c2)c(OC)c1,complete,ok,True
True,False,False,False,False,False,False,False,False,False,False,False,False,False,True,0.011591604921005194,ok,222,256,222,0.3567200672823953,CAL-0992,True,ok,"{'uniform': 235, 'massresid': 204, 'predictor': 110, 'prior': 140}",COc1ccc(CCNc2nc(Cl)nc(N3CC4CC(C3)c3cccc(=O)n3C4)n2)cc1OC,complete,ok,True
True,False,False,False,False,False,False,False,False,False,False,False,False,False,True,0.00473910933125854,ok,246,256,246,0.6315848427963864,CAL-0993,True,ok,"{'uniform': 179, 'massresid': 174, 'predictor': 142, 'prior': 72}",CC(C)=CCc1c(O)cc(O)c2c1OC(c1ccccc1)CC2=O,complete,ok,True
True,False,False,False,False,False,False,False,False,False,False,False,False,False,True,0.0002371451076346176,ok,243,256,243,0.9026476076506001,CAL-0994,True,ok,"{'uniform': 49, 'massresid': 46, 'predictor': 12, 'prior': 50}",CCCN1C[C@H](CSC)C[C@@H]2c3cccc4[nH]cc(c34)C[C@H]21,complete,ok,True
True,False,False,False,False,False,False,False,False,False,False,False,False,False,True,0.015637317473962242,ok,241,256,241,0.8850332431397957,CAL-0995,True,ok,"{'uniform': 160, 'massresid': 153, 'predictor': 11, 'prior': 51}",CCCN1CC(CSC)CC2c3cccc4[nH]cc(c34)CC21,complete,ok,True
True,,,,,,,,,,,,,,,,no_finite_scores,0,0,0,,CAL-0996,False,no_pool,,CCCN1C[C@@H](CSC)C[C@@H]2c3cccc4[nH]cc(c34)C[C@H]21,no_pool_in_prefix,ok,True
True,False,False,False,False,False,False,False,False,False,False,False,False,False,True,0.009261155463344495,ok,246,256,246,0.38761795172737784,CAL-0997,True,ok,"{'uniform': 18, 'massresid': 18, 'predictor': 116, 'prior': 54}",COc1cccc2c1C(=O)CC(c1ccccc1)O2,complete,ok,True
True,False,False,False,False,False,False,False,False,False,False,False,False,False,True,0.01572080166508283,ok,251,256,251,0.5833451302880049,CAL-0998,True,ok,"{'uniform': 247, 'massresid': 242, 'predictor': 183, 'prior': 162}",COc1ccc2c(C)cc(=O)oc2c1,complete,ok,True
True,False,True,False,False,False,False,False,False,False,False,False,True,False,True,0.0,ok,54,58,54,0.2698586884191194,CAL-0999,True,ok,"{'uniform': 10, 'massresid': 10, 'predictor': 37, 'prior': 47}",COc1cc(-c2oc3c(O)c(OC4OC(COC(C)=O)C(O)C(O)C4OC4OC(C)C(O)C(O)C4O)cc(O)c3c(=O)c2O)ccc1O,complete,ok,True
True,False,False,False,False,False,False,False,False,False,False,False,False,False,True,0.0031364681269558936,ok,243,256,243,0.703585665567566,CAL-1000,True,ok,"{'uniform': 22, 'massresid': 22, 'predictor': 134, 'prior': 180}",COc1cc(=O)n(C)c2c(OCC(O)C(C)(C)O)cccc12,complete,ok,True
True,False,False,False,False,False,False,False,False,False,False,False,False,False,True,0.018752263943085046,ok,252,256,252,0.5257181160707156,CAL-1001,True,ok,"{'uniform': 66, 'massresid': 66, 'predictor': 111, 'prior': 145}",COc1ccccc1CC(Cc1nc2ccccc2[nH]1)c1nc2ccccc2[nH]1,complete,ok,True
True,False,False,False,False,False,False,False,False,False,False,False,False,False,True,0.005519448945509597,ok,234,256,234,0.22307743451003417,CAL-1002,True,ok,"{'uniform': 34, 'massresid': 32, 'predictor': 127, 'prior': 216}",CC1OC(=O)C2CC3CCCCC3C(C=CC3CCCC(C)N3C)C12,complete,ok,True
True,False,False,False,False,False,False,False,False,False,False,False,False,False,True,0.05896489393404947,ok,184,190,184,0.8823870875185899,CAL-1003,True,ok,"{'uniform': 148, 'massresid': 142, 'predictor': 169, 'prior': 168}",COc1ccc(-c2oc3cc(OC)c(OC(C)=O)c(OC)c3c(=O)c2OC)cc1OC(C)=O,complete,ok,True
True,False,False,False,False,False,False,False,False,False,False,False,False,False,True,0.009756845086917765,ok,252,256,252,0.7792599708642776,CAL-1004,True,ok,"{'uniform': 85, 'massresid': 83, 'predictor': 208, 'prior': 219}",COc1cc(OC)c2c(C)cc(=O)oc2c1,complete,ok,True
True,False,False,False,False,True,True,False,False,False,False,False,False,False,True,0.005105939632329637,ok,246,256,246,0.5191292976518006,CAL-1005,True,ok,"{'uniform': 122, 'massresid': 117, 'predictor': 3, 'prior': 211}",O=c1cc(-c2cccc(O)c2)oc2cc(O)ccc12,complete,ok,True
True,False,False,False,False,False,False,False,False,False,False,False,False,False,True,0.008410589624706977,ok,252,256,252,0.6660525358480724,CAL-1006,True,ok,"{'uniform': 180, 'massresid': 176, 'predictor': 108, 'prior': 202}",COc1cccc(-c2cc(=O)c3ccc(O)cc3o2)c1,complete,ok,True
True,False,False,False,False,False,False,False,False,False,False,False,False,False,True,0.0017241962893588259,ok,252,256,252,0.7555106150762362,CAL-1007,True,ok,"{'uniform': 200, 'massresid': 197, 'predictor': 97, 'prior': 169}",COc1cc(O)c2c(=O)cc(-c3ccccc3)oc2c1,complete,ok,True
True,False,True,True,False,True,False,False,True,False,False,False,True,True,True,0.027369919765368733,ok,9,9,9,0.36419086238689913,CAL-1008,True,ok,"{'uniform': 2, 'massresid': 2, 'predictor': 6, 'prior': 6}",CC(=O)Oc1ccc(-c2coc3cc(OC4OC(COC5OCC(OC(C)=O)C(OC(C)=O)C5OC(C)=O)C(OC(C)=O)C(OC(C)=O)C4OC(C)=O)cc(OC(C)=O)c3c2=O)cc1,complete,ok,True
True,False,False,False,False,False,False,False,False,False,False,False,False,False,True,0.004326032897029375,ok,247,256,247,0.3850756287305983,CAL-1009,True,ok,"{'uniform': 34, 'massresid': 33, 'predictor': 55, 'prior': 22}",NC(Cc1ccc2ccccc2c1)C(=O)O,complete,ok,True
True,False,False,False,False,False,False,False,False,False,False,False,False,False,True,0.02559168773067899,ok,250,256,250,0.7064157776160422,CAL-1010,True,ok,"{'uniform': 152, 'massresid': 148, 'predictor': 77, 'prior': 133}",C=C(CO)[C@H]1Cc2c(ccc3c2O[C@@H]2COc4cc(OC)c(OC)cc4[C@@H]2C3=O)O1,complete,ok,True
True,,,,,,,,,,,,,,,,no_finite_scores,0,0,0,,CAL-1011,False,no_pool,,C=C(CO)C1Cc2c(ccc3c2OC2COc4cc(OC)c(OC)cc4C2C3=O)O1,no_pool_in_prefix,ok,True
True,False,False,False,False,False,False,False,False,False,False,False,False,False,True,0.01100245134677269,ok,251,256,251,0.4823267152369526,CAL-1012,True,ok,"{'uniform': 104, 'massresid': 102, 'predictor': 203, 'prior': 181}",COc1c(-c2ccccc2)oc2c(ccc3occc32)c1=O,complete,ok,True
True,False,False,False,False,False,False,False,False,False,False,False,False,False,True,0.02180444845410534,ok,253,256,253,0.6118682179186287,CAL-1013,True,ok,"{'uniform': 123, 'massresid': 122, 'predictor': 218, 'prior': 219}",COc1ccc(-c2oc3cc(OC)ccc3c(=O)c2O)cc1,complete,ok,True
True,False,False,False,False,False,False,False,False,False,False,False,False,False,True,0.01905962498928815,ok,250,256,250,1.0025642801375223,CAL-1014,True,ok,"{'uniform': 196, 'massresid': 191, 'predictor': 109, 'prior': 189}",COc1cc(-c2oc3ccccc3c(=O)c2O)cc(OC)c1OC,complete,ok,True
True,False,False,False,False,False,False,False,False,False,False,False,False,False,True,0.0023121745339034216,ok,254,256,254,0.49079822879527113,CAL-1015,True,ok,"{'uniform': 88, 'massresid': 88, 'predictor': 11, 'prior': 104}",COc1cc(OC)c2c(c1)OC(c1ccccc1)CC2=O,complete,ok,True
True,False,False,False,True,True,True,False,False,False,True,False,False,False,True,0.0,ok,166,256,166,0.4206800965377045,CAL-1016,True,ok,"{'uniform': 182, 'massresid': 119, 'predictor': 1, 'prior': 34}",NC(Cc1cnc[nH]1)C(=O)NC(CO)C(=O)O,complete,ok,True
True,False,False,False,False,True,True,False,False,False,False,False,False,False,True,0.00506730647894571,ok,211,214,211,0.5864007384436639,CAL-1017,True,ok,"{'uniform': 167, 'massresid': 165, 'predictor': 3, 'prior': 150}",C/C=C/C(=O)OCC1OC(Oc2cc(O)c3c(=O)cc(-c4ccc(O)c(OC)c4)oc3c2)C(O)C(O)C1O,complete,ok,True
True,False,False,False,False,False,False,False,False,False,False,False,False,False,True,0.015170363015971966,ok,249,256,249,0.4623768813017033,CAL-1018,True,ok,"{'uniform': 162, 'massresid': 158, 'predictor': 227, 'prior': 231}",COc1cc2c(cc1OC)C(=O)Cc1ccc3c(c1CN(C)CC2)OCO3,complete,ok,True
True,False,False,False,False,True,False,False,False,False,False,False,False,False,True,0.0015407339206492399,ok,248,256,248,0.5654844206426292,CAL-1019,True,ok,"{'uniform': 108, 'massresid': 105, 'predictor': 6, 'prior': 158}",O=c1c(O)c(-c2cccc(O)c2)oc2ccccc12,complete,ok,True
True,False,False,False,False,False,False,False,False,False,False,False,False,False,True,0.0023097117722897798,ok,251,256,251,0.2982121683605091,CAL-1020,True,ok,"{'uniform': 153, 'massresid': 150, 'predictor': 198, 'prior': 11}",C/C(=C\COc1cc(=O)[nH]c2ccccc12)CCC(O)C(C)(C)O,complete,ok,True
True,False,False,False,False,False,False,False,False,False,False,False,False,False,True,0.014789464167961563,ok,247,256,247,0.39460962309196673,CAL-1021,True,ok,"{'uniform': 149, 'massresid': 143, 'predictor': 196, 'prior': 14}",CC(=CCOc1cc(=O)[nH]c2ccccc12)CCC(O)C(C)(C)O,complete,ok,True
True,False,False,False,False,False,False,False,False,False,False,False,False,False,True,0.004614810937808134,ok,252,256,252,0.7584569787728973,CAL-1022,True,ok,"{'uniform': 236, 'massresid': 232, 'predictor': 146, 'prior': 191}",COc1ccccc1-c1cc(=O)c2c(OC)cccc2o1,complete,ok,True
True,False,False,False,False,False,False,False,False,False,False,False,False,False,True,0.0003074560085272182,ok,235,256,235,0.8587016892017342,CAL-1023,True,ok,"{'uniform': 161, 'massresid': 148, 'predictor': 191, 'prior': 189}",COc1cc2c(cc1OC)C(=O)N(C)CC2,complete,ok,True
True,False,False,False,False,False,False,False,False,False,False,False,False,False,True,0.01947553171676819,ok,252,256,252,0.39704225667996423,CAL-1024,True,ok,"{'uniform': 190, 'massresid': 186, 'predictor': 207, 'prior': 186}",CC(C)Oc1ccc2c(=O)c(-c3ccccc3)coc2c1,complete,ok,True
True,False,False,False,False,False,False,False,False,False,False,False,False,False,True,0.018524382155110097,ok,225,256,225,0.7783046606454536,CAL-1025,True,ok,"{'uniform': 159, 'massresid': 139, 'predictor': 207, 'prior': 221}",COc1ccc2c(OC)c3ccoc3nc2c1OC,complete,ok,True
True,False,False,False,False,False,False,False,False,False,False,False,False,False,True,0.018391652003132752,ok,246,256,246,0.5507084023958962,CAL-1026,True,ok,"{'uniform': 153, 'massresid': 149, 'predictor': 46, 'prior': 204}",CN[C@@H]1[C@H]2C3CCN2C[C@H]1O3,complete,ok,True
True,False,False,False,False,False,False,False,False,False,False,False,False,False,True,0.011195712370810629,ok,245,256,245,0.9530961497713297,CAL-1027,True,ok,"{'uniform': 140, 'massresid': 133, 'predictor': 57, 'prior': 244}",COc1cc2c(cc1OC)-c1c(OC)c(OC)c(C=O)c3c1[C@H](C2)N(C)CC3,complete,ok,True
True,False,False,False,False,False,False,False,False,False,False,False,False,False,True,0.04960580212022647,ok,247,256,247,0.8567249530972589,CAL-1028,True,ok,"{'uniform': 120, 'massresid': 117, 'predictor': 72, 'prior': 246}",COc1cc2c(cc1OC)-c1c(OC)c(OC)c(C=O)c3c1C(C2)N(C)CC3,complete,ok,True
True,False,True,False,False,False,False,False,False,False,False,False,True,False,True,0.026192848547804015,ok,252,256,252,0.28536806839917156,CAL-1029,True,ok,"{'uniform': 4, 'massresid': 4, 'predictor': 78, 'prior': 162}",O=c1cc(-c2ccccc2O)oc2c1ccc1ccccc12,complete,ok,True
True,False,False,False,False,False,False,False,False,False,False,False,False,False,True,0.002315978292633969,ok,251,256,251,0.4933061212128101,CAL-1030,True,ok,"{'uniform': 179, 'massresid': 175, 'predictor': 172, 'prior': 184}",OCC1OC(Oc2ccc3c(c2)OCC2c4cc5c(cc4OC32)OCO5)C(O)C(O)C1O,complete,ok,True
True,False,False,False,False,False,False,False,False,False,False,False,False,False,True,0.0,ok,251,256,251,1.121777890062925,CAL-1031,True,ok,"{'uniform': 123, 'massresid': 122, 'predictor': 198, 'prior': 189}",OC[C@H]1O[C@@H](Oc2ccc3c(c2)OC[C@H]2c4cc5c(cc4O[C@@H]32)OCO5)[C@H](O)[C@@H](O)[C@@H]1O,complete,ok,True
True,False,False,False,False,False,False,False,False,False,False,False,False,False,True,0.0035592013508238818,ok,246,256,246,0.6629511842257052,CAL-1032,True,ok,"{'uniform': 31, 'massresid': 29, 'predictor': 13, 'prior': 156}",O=c1cc(-c2ccccc2O)oc2ccc(O)cc12,complete,ok,True
True,False,False,False,False,False,False,False,False,False,False,False,False,False,True,0.0028857526642566134,ok,248,256,248,0.6625454553330618,CAL-1033,True,ok,"{'uniform': 247, 'massresid': 239, 'predictor': 59, 'prior': 146}",COc1cccc(-c2cc(=O)c3c(O)cccc3o2)c1,complete,ok,True
True,False,False,False,False,False,False,False,False,False,False,False,False,False,True,0.07075606137775148,ok,246,256,246,0.19604434490646808,CAL-1034,True,ok,"{'uniform': 151, 'massresid': 144, 'predictor': 21, 'prior': 166}",CCC12CCCN3CCC4(c5ccc(OC)c(O)c5N(C(C)=O)C4CC1)C32,complete,ok,True
True,False,False,False,False,False,False,False,False,False,False,False,False,False,True,0.00017895332742046133,ok,252,256,252,0.7221672294815789,CAL-1035,True,ok,"{'uniform': 143, 'massresid': 142, 'predictor': 140, 'prior': 219}",COc1cc2oc(=O)cc(C)c2cc1OC,complete,ok,True
