smiles,split,status,reason,group,adduct,instrument
COc1cc([C@H](Cc2ccccc2)NC(C)=O)oc(=O)c1,fit,candidate,,VFMQMACUYWGDOJ,[M+H]+,Orbitrap
C[C@H]1CCCC(=O)CCC/C=C/c2cc(O)cc(O)c2C(=O)O1,fit,candidate,,MBMQEIFVQACCCH,[M+H]+,Orbitrap
CC1CCCC(=O)CCCC=Cc2cc(O)cc(O)c2C(=O)O1,fit,candidate,,MBMQEIFVQACCCH,[M+H]+,missing
C=CC(C)(C)C1(CC2NC(=O)/C(=C\c3cnc[nH]3)NC2=O)C(=O)N(O)c2ccccc21,fit,candidate,,GIYROBMIPLLHQE,[M+H]+,Orbitrap
C[C@@H]1C[C@@H]2O[C@@H]2/C=C\C(=O)CC(=O)O1,fit,candidate,,MXRJZFNJVFPSQN,[M+H]+,Orbitrap
COC1=CC(=O)c2c(O)c3c(c(O)c2C1=O)CC1(C)OC3C[C@H](C(=O)O)O1,fit,candidate,,HNMWDXUKPJZOQD,[M+H]+,Orbitrap
CC(=O)O[C@H]1[C@@H]2c3cccc4[nH]cc(c34)C[C@H]2N(C)C[C@@H]1C,fit,candidate,,GJSSYQDXZLZOLR,[M+H]+,Orbitrap
CC[C@H](C)[C@H]1C(=O)O[C@H](C(C)C)C(=O)N(C)[C@@H](C(C)C)C(=O)O[C@H](C(C)C)C(=O)N(C)[C@@H](C(C)C)C(=O)O[C@H](C(C)C)C(=O)N1C,fit,candidate,,UQCSETXJXJTMKO,[M+Na]+,Orbitrap
CCC(C)C1C(=O)OC(C(C)C)C(=O)N(C)C(C(C)C)C(=O)OC(C(C)C)C(=O)N(C)C(C(C)C)C(=O)OC(C(C)C)C(=O)N1C,fit,candidate,,UQCSETXJXJTMKO,[M+Na]+,missing
CC(=O)O[C@@H]1[C@@H](O)[C@H]2O[C@@H]3C=C(C)C(=O)[C@@H](O)[C@]3(CO)[C@]1(C)[C@]21CO1,fit,candidate,,XGCUCFKWVIWWNW,[M+H]+,Orbitrap
CC(=O)OC1C(O)C2OC3C=C(C)C(=O)C(O)C3(CO)C1(C)C21CO1,fit,candidate,,XGCUCFKWVIWWNW,[M+H]+,missing
COc1cc(O)c2c(O)c3c(=O)cc(C)oc3cc2c1,fit,candidate,,FPNKCZKRICBAKG,[M+H]+,Orbitrap
CC1=C[C@H]2O[C@@H]3C[C@H]4OC(=O)/C=C\C=C\[C@@H]([C@H](C)O)OCC/C(C)=C/C(=O)OC[C@@]2(CC1)[C@]4(C)[C@]31CO1,fit,candidate,,KEEQQEKLEZRLDS,[M+H]+,Orbitrap
COc1cc2c(c3oc(=O)c4c(c13)CCOC4=O)[C@@H]1CCO[C@@H]1O2,fit,candidate,,WPCVRWVBBXIRMA,[M+H]+,Orbitrap
C[C@@H]1NC(=O)[C@@H](Cc2c[nH]c3ccccc23)n2c1nc1ccccc1c2=O,fit,candidate,,SUVZUTHVKIBYOH,[M+H]+,Orbitrap
C=CC(C)(C)[C@@]12C[C@@H]3C(=O)N/C(=C\c4cn(C(C)(C)CC(C)=O)cn4)C(=O)N3[C@@H]1Nc1ccccc12,fit,candidate,,IOMOQUZQAXSJJI,[M+H]+,Orbitrap
CC(C)[C@H]1C(=O)O[C@H](C(C)C)C(=O)N(C)[C@@H](C(C)C)C(=O)O[C@H](C(C)C)C(=O)N(C)[C@@H](C(C)C)C(=O)O[C@H](C(C)C)C(=O)N1C,fit,candidate,,MIZMDSVSLSIMSC,[M+Na]+,Orbitrap
CC(C)C1OC(=O)C(C(C)C)N(C)C(=O)C(C(C)C)OC(=O)C(C(C)C)N(C)C(=O)C(C(C)C)OC(=O)C(C(C)C)N(C)C1=O,fit,candidate,,MIZMDSVSLSIMSC,[M+Na]+,Orbitrap
CC(=O)C12/C=C\C=C/C(=O)OC3CC4OC5C=C(C)CCC5(COC(=O)C5OC5(CCO1)C2O)C3(C)C41CO1,fit,candidate,,SJCPVUVBUQDGKN,[M+Na]+,Orbitrap
CCCCCC[C@@H]1O[C@]23O[C@H]1CC[C@H]2[C@@H](O)CC[C@H]3O,fit,candidate,,GBDGOAVPCDIMFE,[M+H]+,Orbitrap
CC(=O)OC[C@]12CCC(C)=C[C@H]1O[C@@H]1[C@H](O)[C@@H](OC(C)=O)[C@@]2(C)[C@@]12CO2,fit,candidate,,AUGQEEXBDZWUJY,[M+H]+,Orbitrap
CC(=O)OCC12CCC(C)=CC1OC1C(O)C(OC(C)=O)C2(C)C12CO2,fit,candidate,,AUGQEEXBDZWUJY,[M+Na]+,missing
O=c1[nH]c2ccccc2c(-c2ccccc2)c1O,fit,candidate,,QSRVMXWVVMILDI,[M+H]+,Orbitrap
CC(=O)OC[C@]12C[C@H](O)C(C)=C[C@H]1O[C@@H]1[C@H](O)[C@@H](OC(C)=O)[C@@]2(C)[C@]12CO2,fit,candidate,,TVZHDVCTOCZDNE,[M+H]+,Orbitrap
CC(=O)OCC12CC(O)C(C)=CC1OC1C(O)C(OC(C)=O)C2(C)C12CO2,fit,candidate,,TVZHDVCTOCZDNE,[M+H]+,missing
OCc1cc(O)ccc1O,fit,candidate,,PUZSUVGRVHEUQO,[M+H]+,Orbitrap
C=C1C[C@@H](O)[C@@H](O)[C@H](C)C(=O)C[C@@H]2[C@H]1CC2(C)C,fit,candidate,,NGQXJSTYWWTPOG,[M+H]+,Orbitrap
CN1C(=O)c2ccccc2NC(=O)C12O[C@@H]2c1ccccc1,fit,candidate,,APLKWZASYUZSBL,[M+H]+,Orbitrap
CC[C@H](C)[C@H]1C(=O)O[C@H](C(C)C)C(=O)N(C)[C@@H]([C@@H](C)CC)C(=O)O[C@H](C(C)C)C(=O)N(C)[C@@H]([C@@H](C)CC)C(=O)O[C@H](C(C)C)C(=O)N1C,fit,candidate,,TWHBYJSVDCWICV,[M+H]+,Orbitrap
CCC(C)C1C(=O)OC(C(C)C)C(=O)N(C)C(C(C)CC)C(=O)OC(C(C)C)C(=O)N(C)C(C(C)CC)C(=O)OC(C(C)C)C(=O)N1C,fit,candidate,,TWHBYJSVDCWICV,[M+Na]+,missing
CCOC(=O)C(Cc1ccccc1)NC(=O)c1ccc2c(c1O)C(=O)OC(C)C2,fit,candidate,,XXAVUHHKDMGGBR,[M+H]+,Orbitrap
CC1=CC2OC3CC4OC(=O)/C=C\C=C\C5(C(C)O)OCCC6(OC6C(=O)OCC2(CC1)C4(C)C31CO1)C5O,fit,candidate,,GTONGKBINDTWOM,[M+Na]+,Orbitrap
CC[C@H](C)[C@@H]1NC(=O)C(C(C)=O)=C1O,fit,candidate,,CEIZFXOZIQNICU,[M+H]+,Orbitrap
CC1=C[C@H]2O[C@@H]3C[C@H]4OC(=O)/C=C/C=C/C(=O)OCC/C(C)=C/C(=O)OC[C@@]2(CC1)[C@]4(C)[C@]31CO1,fit,candidate,,GXCGYHWSYNQVHU,[M+Na]+,Orbitrap
COc1cc(O)c2c(=O)oc3cc(O)cc(C)c3c2c1,fit,candidate,,LCSDQFNUYFTXMT,[M+H]+,Orbitrap
C[C@@H]1Cc2c(Cl)cc(C(=O)N[C@@H](Cc3ccccc3)C(=O)O)c(O)c2C(=O)O1,fit,candidate,,RWQKHEORZBHNRI,[M+Na]+,Orbitrap
CC1Cc2c(Cl)cc(C(=O)NC(Cc3ccccc3)C(=O)O)c(O)c2C(=O)O1,fit,candidate,,RWQKHEORZBHNRI,[M+H]+,QTOF
CC1=C2C(=CO[C@H](C)[C@H]2C)C(=O)C(C(=O)O)=C1O,fit,candidate,,CBGDIJWINPWWJW,[M+H]+,Orbitrap
CC1=C2C(=COC(C)C2C)C(=O)C(C(=O)O)=C1O,fit,candidate,,CBGDIJWINPWWJW,[M+H]+,missing
C=CC(C)(C)[C@@]12C[C@H]3C(=O)N/C(=C/c4cnc[nH]4)C(=O)N3[C@@H]1Nc1ccccc12,fit,candidate,,SPWSUFUPTSJWNG,[M+H]+,Orbitrap
CC[C@H](C)[C@H]1C(=O)O[C@H](C(C)C)C(=O)N(C)[C@@H]([C@@H](C)CC)C(=O)O[C@H](C(C)C)C(=O)N(C)[C@@H](C(C)C)C(=O)O[C@H](C(C)C)C(=O)N1C,fit,candidate,,OWUREPXBPJFMOK,[M+H]+,Orbitrap
CCC(C)C1C(=O)OC(C(C)C)C(=O)N(C)C(C(C)CC)C(=O)OC(C(C)C)C(=O)N(C)C(C(C)C)C(=O)OC(C(C)C)C(=O)N1C,fit,candidate,,OWUREPXBPJFMOK,[M+Na]+,missing
CS[C@@H]1NC(=O)[C@](Cc2ccc(O)cc2)(SC)NC1=O,fit,candidate,,ALVTZOKFXMRGEB,[M+H]+,Orbitrap
C=CC(C)(C)[C@@]12C=C(OC)C(=O)N3/C(=C/c4cnc[nH]4)C(=O)N[C@]31N(OC)c1ccccc12,fit,candidate,,SOHAVULMGIITDH,[M+H]+,Orbitrap
CC[C@H](C)C(=O)O[C@H]1CCC=C2C=C[C@H](C)[C@H](CC[C@@H]3C[C@@H](O)CC(=O)O3)[C@H]21,fit,candidate,,AJLFOPYRIVGYMJ,[M+H]+,Orbitrap
CCC(C)C(=O)OC1CCC=C2C=CC(C)C(CCC3CC(O)CC(=O)O3)C21,fit,candidate,,AJLFOPYRIVGYMJ,[M+Na]+,Orbitrap
CC1=C[C@H]2O[C@@H]3[C@H](O)C[C@](C)([C@@]2(CO)[C@H](O)C1=O)[C@]31CO1,fit,candidate,,LINOMUASTDIRTM,[M+H]+,Orbitrap
C=CC(C)(C)[C@@]12C[C@H](O)C(=O)N3/C(=C/c4cnc[nH]4)C(=O)N[C@]31N(OC)c1ccccc12,fit,candidate,,HHLNXXASUKFCCX,[M+H]+,Orbitrap
CC(C)=CCc1[nH]c2ccccc2c1C[C@@H]1NC(=O)[C@@H]2CCCN2C1=O,fit,candidate,,GLWYBXPXOSKQAW,[M+H]+,Orbitrap
CC(=O)OC[C@]12C(O)C(=O)C(C)=C[C@H]1O[C@@H]1[C@H](OC(C)=O)C[C@@]2(C)[C@]12CO2,fit,candidate,,RANGFOQREJPKIH,[M+H]+,Orbitrap
COc1cc2c(c3oc(=O)c4c(c13)CCC4=O)[C@@H]1CCO[C@@H]1O2,fit,candidate,,WWSYXEZEXMQWHT,[M+H]+,Orbitrap
C=CC(C)(C)C12CC3C(=O)N/C(=C/c4cnc[nH]4)C(=O)N3C1N(O)c1ccccc12,fit,candidate,,NNCYWYKIMLRIRQ,[M+H]+,Orbitrap
C[C@]12CCC[C@H](O1)c1c(cc3c(c1O)C(=O)c1c(O)cc(O)cc1C3=O)O2,fit,candidate,,RYFFZJHGQCKWMV,[M+H]+,Orbitrap
CC(C)[C@@H]1NC(=O)[C@@H](C[C@@]2(O)c3ccccc3N3C(=O)C(C)(C)N[C@H]32)n2c1nc1ccccc1c2=O,fit,candidate,,VHQZIMAMLQIPDR,[M+H]+,Orbitrap
O=C(N[C@@H](Cc1ccccc1)C(=O)N[C@H](CO)Cc1ccccc1)c1ccccc1,fit,candidate,,KSVKECXWDNCRTM,[M+H]+,Orbitrap
COc1ccc2cc(NC(=O)C3=NO[C@H]4[C@H](O)C=C[C@@H](O)[C@@]4(O)C3)c(=O)oc2c1OC,fit,candidate,,ZQOKLOPATOTAEE,[M+H]+,Orbitrap
O=C(O)c1cc(O)c(O)cc(=O)c1,fit,candidate,,ZGKNMKBZOSTFCB,[M+H]+,Orbitrap
CC1=C[C@H]2O[C@@H]3C[C@H]4OC(=O)/C=C\C=C\[C@H]([C@@H](C)O)OCC[C@@H](C)[C@H](O)C(=O)OC[C@@]2(CC1)[C@]4(C)[C@]31CO1,fit,candidate,,NSFWWJIQIKBZMJ,[M+H]+,Orbitrap
CC(=O)OC[C@]12C[C@H](OC(=O)CC(C)C)C(C)=C[C@H]1O[C@@H]1[C@H](O)[C@@H](O)[C@@]2(C)[C@]12CO2,fit,candidate,,PNKLMTPXERFKEN,[M+Na]+,Orbitrap
CC(=O)OCC12CC(OC(=O)CC(C)C)C(C)=CC1OC1C(O)C(O)C2(C)C12CO2,fit,candidate,,PNKLMTPXERFKEN,[M+H]+,missing
COc1cc(O)c2c(c1)C(=O)C1=C(C2=O)[C@H](O)[C@@H](O)[C@@](C)(O)[C@@H]1O,fit,candidate,,VSMBLBOUQJNJIL,[M+H]+,Orbitrap
CC(C)C[C@@H]1NC(=O)[C@H](C)N(C)C(=O)CNC(=O)/C(=C/c2ccccc2)N(C)C1=O,fit,candidate,,SIIRBDOFKDACOK,[M+H]+,Orbitrap
CC(=O)OC[C@]12C[C@H](OC(=O)CC(C)C)C(C)=C[C@H]1O[C@@H]1[C@H](O)[C@@H](OC(C)=O)[C@@]2(C)[C@]12CO2,fit,candidate,,BXFOFFBJRFZBQZ,[M+Na]+,Orbitrap
CC(=O)OCC12CC(OC(=O)CC(C)C)C(C)=CC1OC1C(O)C(OC(C)=O)C2(C)C12CO2,fit,candidate,,BXFOFFBJRFZBQZ,[M+Na]+,missing
Cc1cc(O)c2c(c1)C(=O)c1cc(O)cc(O)c1C2=O,fit,candidate,,RHMXXJGYXNZAPX,[M+H]+,Orbitrap
CC1=C[C@]23O[C@@H]4[C@@H](O)C[C@](C)([C@@]2(C)CC1)[C@]4(CO)O3,fit,candidate,,GFLMBFRNOPTZDK,[M+H]+,Orbitrap
COC1=CC(=O)c2c(O)c3c(c(O)c2C1=O)C[C@](C)(O)[C@H](O)[C@@H]3O,fit,candidate,,ZQNOLGRKZRDRQO,[M+H]+,Orbitrap
CSC1C(=O)N(C)/C(=C\c2ccc(OCC=C(C)C)cc2)C(=O)N1C,fit,candidate,,QXYMNBLAEDQYLV,[M+H]+,Orbitrap
CC1(C)[C@@H]2C[C@@]34CCCN3C(=O)[C@]2(C[C@@]12Nc1ccccc1C2=O)NC4=O,fit,candidate,,MWOFPQAPILIIPR,[M+H]+,Orbitrap
COc1c(O)c(O)c2c3c(c(O)c4c2c1C(=O)C=C4C)C(C)(C)C(C)O3,fit,candidate,,RFUGLBPILINWDW,[M+H]+,Orbitrap
O=c1cc(CO)occ1O,fit,candidate,,BEJNERDRQOWKJM,[M+H]+,Orbitrap
CC1=C[C@H]2O[C@@H]3[C@H](O)[C@@H](O)[C@](C)([C@@]2(CO)[C@H](O)C1=O)[C@]31CO1,fit,candidate,,UKOTXHQERFPCBU,[M+H]+,Orbitrap
CC1=CC2OC3C(O)C(O)C(C)(C34CO4)C2(CO)C(O)C1=O,fit,candidate,,UKOTXHQERFPCBU,[M+H]+,missing
C=C1[C@]23C(=O)O[C@@H](C)[C@]2(O)C(=O)O[C@@]1(C)[C@H](OC(C)=O)C1=C(C)[C@@]2(C=CC(=O)OC2(C)C)CC[C@]13C,fit,candidate,,DEMDOYQPCDXCEB,[M+H]+,Orbitrap
COc1cc2c(c3oc(=O)c4c(c13)CCC4=O)[C@@H]1C=CO[C@@H]1O2,fit,candidate,,OQIQSTLJSLGHID,[M+H]+,Orbitrap
COC1=CC(=O)C[C@@H](C)[C@]12Oc1c(Cl)c(OC)cc(OC)c1C2=O,fit,candidate,,DDUHZTYCFQRHIY,[M+H]+,Orbitrap
COC1=CC(=O)CC(C)C12Oc1c(Cl)c(OC)cc(OC)c1C2=O,fit,candidate,,DDUHZTYCFQRHIY,[M+H]+,Orbitrap
C[C@@H](CO)NC(=O)[C@@H]1C=C2c3cccc4[nH]cc(c34)C[C@H]2N(C)C1,fit,candidate,,WVVSZNPYNCNODU,[M+H]+,Orbitrap
CCCCc1ccc(C(=O)O)nc1,fit,candidate,,DGMPVYSXXIOGJY,[M+H]+,Orbitrap
C=C(C)C(=O)/C(=C/C(=O)O)OC,fit,candidate,,VOUGEZYPVGAPBB,[M+H]+,Orbitrap
COc1ccc2cc(N(C)C(=O)C3=NO[C@H]4[C@H](O)C=C[C@@H](O)[C@@]4(O)C3)c(=O)oc2c1OC,fit,candidate,,PCMUPOUDXMFDRE,[M+H]+,Orbitrap
C[C@@H]1Cc2ccc(C(=O)N[C@@H](Cc3ccccc3)C(=O)O)c(O)c2C(=O)O1,fit,candidate,,DAEYIVCTQUFNTM,[M+H]+,Orbitrap
CC1Cc2ccc(C(=O)NC(Cc3ccccc3)C(=O)O)c(O)c2C(=O)O1,fit,candidate,,DAEYIVCTQUFNTM,[M+H]+,QTOF
COc1cc2c(c3oc(=O)c4c(c13)CCC4=O)[C@]1(O)C=CO[C@@H]1O2,fit,candidate,,MJBWDEQAUQTVKK,[M+H]+,Orbitrap
CC[C@@H](C)[C@@H](O)[C@H](C[C@@H](C)CCCCCC[C@@H](O)C[C@H](O)CN)OC(=O)CC(CC(=O)O)C(=O)O,fit,candidate,,CTXQVLLVFBNZKL,[M+H]+,Orbitrap
COc1cc2c(c3oc(=O)c4c(c13)CCOC4=O)[C@@H]1C=CO[C@@H]1O2,fit,candidate,,XWIYFDMXXLINPU,[M+H]+,Orbitrap
CCC/C=C/C=C/[C@@H]1C[C@@H](O)[C@@H](O)C(=O)[C@H]1C=O,fit,candidate,,MHZVWXOKIRZLCJ,[M+H]+,Orbitrap
CC1=C[C@H]2O[C@@H]3CC4OC(=O)/C=C/C=C/[C@@]5([C@H](C)O)OCC/C(=C\C(=O)OC[C@@]2(CC1)[C@]4(C)[C@]31CO1)[C@H]5O,fit,candidate,,MUACSCLQRGEGOE,[M+H]+,Orbitrap
CC1=C[C@H]2O[C@@H]3[C@H](O)[C@@H](O)[C@@](C)(C34CO4)[C@@]2(CO)C[C@@H]1O,fit,candidate,,ZAXZBJSXSOISTF,[M+H]+,Orbitrap
CC1=CC2OC3C(O)C(O)C(C)(C2(CO)CC1O)C31CO1,fit,candidate,,ZAXZBJSXSOISTF,[M+Na]+,missing
O=C1c2cccc(O)c2C(=O)c2c1cc1c(c2O)[C@]2(O)CCO[C@@H]2O1,fit,candidate,,MFMARNFPIVNIHS,[M+H]+,Orbitrap
CCCCCCCCC(=O)c1c(OC)oc(C=O)cc1=O,fit,candidate,,YTVPBUCDNKECDB,[M+H]+,Orbitrap
CCCCCC[C@H](O)[C@@H]1CCC2=C(O1)[C@H](O)CCC2=O,fit,candidate,,INHVGPIPHZJQOP,[M+H]+,Orbitrap
CC1Cc2cccc(O)c2C(=O)O1,fit,candidate,,KWILGNNWGSNMPA,[M+H]+,Orbitrap
COc1cc(O)c2c(c1)C(=O)c1cc(C)c(O)cc1C2=O,fit,candidate,,FKTPLNFTYJEAAB,[M+H]+,Orbitrap
CC1(C)CCC[C@]2(C)[C@H]3[C@H](O)C[C@]2(C)C(O)[C@H]31,fit,candidate,,VWMGBHVRRNKOAE,[M+H]+,Orbitrap
C=CC(C)(C)C12CC3C(=O)NC(Cc4cnc[nH]4)C(=O)N3C1Nc1ccccc12,fit,candidate,,IQVNREJWRXOHEO,[M+H]+,Orbitrap
C=CC(C)(C)[C@@]12C=C(O)C(=O)N3/C(=C/c4cnc[nH]4)C(=O)N[C@]31N(OC)c1ccccc12,fit,candidate,,JTJJJLSLKZFEPJ,[M+H]+,Orbitrap
C=CC(C)(C)[C@@]12C=C(O)C(=O)N3/C(=C/c4cnc[nH]4)C(=O)N[C@]31N(O)c1ccccc12,fit,candidate,,YEVSOYBNHBOQJZ,[M+H]+,Orbitrap
O=C1NC(Cc2c[nH]c3ccccc23)C(=O)N/C1=C/c1cnc[nH]1,fit,candidate,,ITXQTTPWGBFRNK,[M+H]+,Orbitrap
Cc1cc(O)cc2oc(=O)c3c(O)cc(O)cc3c12,fit,candidate,,CEBXXEKPIIDJHL,[M+H]+,missing
C[C@@]12NC(=O)[C@@H](C[C@]13C(=O)Nc1ccccc13)n1c2nc2ccccc2c1=O,fit,candidate,,COXWNIZQNAMTQL,[M+Na]+,Orbitrap
CC(C)C[C@@H]1NC2N(C1=O)c1ccccc1[C@]21C[C@@H]2C(=O)N[C@](C)(O1)c1nc3ccccc3c(=O)n12,fit,candidate,,SJNRYASCJOVKHZ,[M+Na]+,Orbitrap
COc1cc(O)c2c(c1)C1=C[C@H](O)[C@@H](O)C[C@]1(C)OC2=O,fit,candidate,,MMHTXEATDNFMMY,[M+H]+,Orbitrap
COC1=CC(=O)c2c(O)c3c(c(O)c2C1=O)CC1(C)OC(C(=O)O)CC3O1,fit,candidate,,HNMWDXUKPJZOQD,[M+H]+,Orbitrap
CC1=C[C@H]2O[C@@H]3C[C@@H](O)[C@](C)([C@@]2(CO)CC1)[C@]31CO1,fit,candidate,,ZSRVBNXAPSQDFY,[M+H]+,Orbitrap
C=CC(C)(C)C12CC3C(=O)N/C(=C/c4cnc[nH]4)C(=O)N3C1=[N+]([O-])c1ccccc12,fit,excluded,chem:unsupported_charge,JKXUAFUJOVITSU,[M+H]+,Orbitrap
COc1c(C)c2c(c(O)c1C/C=C(\C)CCC(=O)O)C(=O)OC2,fit,candidate,,HPNSFSBZBAHARI,[M+Na]+,Orbitrap
COc1c(C)c2c(c(O)c1CC=C(C)CCC(=O)O)C(=O)OC2,fit,candidate,,HPNSFSBZBAHARI,[M+H]+,QTOF
COc1cc2c(c3oc4cccc(O)c4c(=O)c13)[C@@H]1C=CO[C@@H]1O2,fit,candidate,,UTSVPXMQSFGQTM,[M+H]+,Orbitrap
COc1cc(C)c2c(OC)cc(=O)oc2c1-c1c(OC)cc(C)c2c(OC)cc(=O)oc12,fit,candidate,,CSJOUDOXDHMIAH,[M+H]+,Orbitrap
COC1=C(C(C)C)[C@@H]2C/C=C(/C)[C@@H]3O[C@](C)(O)[C@@H]4C(=O)OC(=C(C)CC[C@@]2(C)OC1=O)[C@@H]43,fit,candidate,,BDGOANHBKYFDGC,[M+H]+,Orbitrap
CN[C@@H]1Cc2c[nH]c3cccc(c23)[C@H]1/C=C(\C)CO,fit,candidate,,SAHHMCVYMGARBT,[M+H]+,Orbitrap
O=c1[nH]c2ccccc2c(-c2cccc(O)c2)c1O,fit,candidate,,QIJIOTTYIGBOQA,[M+H]+,Orbitrap
CC(=O)OC[C@H](Cc1ccccc1)NC(=O)C(Cc1ccccc1)NC(=O)c1ccccc1,fit,candidate,,VZPAURMDJZOGHU,[M+H]+,Orbitrap
C[C@@H](CO)NC(=O)[C@H]1C=C2c3cccc4[nH]cc(c34)C[C@H]2N(C)C1,fit,candidate,,WVVSZNPYNCNODU,[M+H]+,Orbitrap
CCNc1nc(Cl)nc(NC(C)C)n1,fit,candidate,,MXWJVTOOROXGIU,[M+H]+,QTOF
COc1ccc(NC(=O)N(C)C)cc1Cl,fit,candidate,,DSRNRYQBBJQVCW,[M+H]+,QTOF
O=C(NC(=O)c1c(F)cccc1F)Nc1cc(Cl)c(OC(F)(F)C(F)F)c(Cl)c1,fit,candidate,,RGNPBRKPHBKNKX,[M+H]+,QTOF
CCOP(=S)(OCC)Oc1cc(C)nc(C(C)C)n1,fit,excluded,chem:unsupported_element:P,FHIVAFMUCKRCQO,[M+H]+,QTOF
CNC(=O)Oc1ccc(N(C)C)c(C)c1,fit,candidate,,IMIDOCRTMDIQIJ,[M+H]+,QTOF
CNC(=O)CSP(=S)(OC)OC,fit,excluded,chem:unsupported_element:P,MCWXGJITAZMZEV,[M+H]+,QTOF
Cc1cccc(C)c1N(Cn1cccn1)C(=O)CCl,fit,candidate,,STEPQTYSZVCJPV,[M+H]+,QTOF
CNC(=O)Oc1cccc2c1OC(C)(C)C2,fit,candidate,,DUEPRVBVGDRKAG,[M+H]+,QTOF
CCSC(=O)N1CCCCCC1,fit,candidate,,DEDOPGXGGQYYMW,[M+H]+,QTOF
CCOC(=O)CC(SP(=S)(OC)OC)C(=O)OCC,fit,excluded,chem:unsupported_element:P,JXSJBGJIGXNWCI,[M+H]+,QTOF
c1ccc2[nH]c(-c3cscn3)nc2c1,fit,candidate,,WJCNZQLZVWNLKY,[M+H]+,QTOF
C=CCOC(Cn1ccnc1)c1ccc(Cl)cc1Cl,fit,candidate,,PZBPKYOVPCNPJY,[M+H]+,QTOF
CC(C)C1(C)N=C(c2ncccc2C(=O)O)NC1=O,fit,candidate,,CLQMBPJKHLGMQK,[M+H]+,QTOF
O=P(Oc1ccccc1)(Oc1ccccc1)Oc1cccc(O)c1,fit,excluded,chem:unsupported_element:P,AWYVETCHVQGXMB,[M+H]+,QTOF
CC(C)COP(=O)(OCC(C)C)OCC(C)C,fit,excluded,chem:unsupported_element:P,HRKAMJBPFPHCSD,[M+H]+,QTOF
CCCCCCOC(=O)CC(CC(=O)OCCCCCC)(OC(=O)CCC)C(=O)OCCCCCC,fit,candidate,,GWVUTNGDMGTPFE,[M+H]+,QTOF
CC(C)(C)c1ccccc1OP(=O)(Oc1ccccc1C(C)(C)C)Oc1ccccc1C(C)(C)C,fit,excluded,chem:unsupported_element:P,SPUXJWDKFVXXBI,[M+H]+,QTOF
CCCCOCCOP(=O)(OCCOCCCC)OCCOCCC(C)O,fit,excluded,chem:unsupported_element:P,ZYWDPVGRFHQPGL,[M+H]+,QTOF
C[C@]1(O)CCOC(=O)C1,fit,candidate,,JYVXNLLUYHCIIH,[M+H]+,QTOF
CCCCC(CC)COP(=O)(Oc1ccccc1)Oc1ccccc1,fit,excluded,chem:unsupported_element:P,CGSLYBDCEGBZCG,[M+Na]+,QTOF
CC(=O)N[C@@H](CC(C)C)C(=O)O,fit,candidate,,WXNXCEHXYPACJF,[M+H]+,QTOF
CC(=O)NC(CC(C)C)C(=O)O,fit,candidate,,WXNXCEHXYPACJF,[M+H]+,Orbitrap
C=CC1CN2CCC1CC2C(O)c1ccnc2ccc(OC)cc12,fit,candidate,,LOUPRKONTZGTKE,[M+H]+,QTOF
Cc1cc2nc3c(=O)[nH]c(=O)nc-3n(C[C@H](O)[C@H](O)[C@H](O)CO)c2cc1C,fit,candidate,,AUNGANRZJHBGPY,[M+H]+,QTOF
Cc1cc2nc3c(=O)[nH]c(=O)nc-3n(CC(O)C(O)C(O)CO)c2cc1C,fit,candidate,,AUNGANRZJHBGPY,[M+H]+,QTOF
CCCCC(CC)COC(=O)c1ccccc1C(=O)OCC(CC)CCCC,fit,candidate,,BJQHLKABXJIVAM,[M+H]+,QTOF
CCCCC/C=C/C(=O)OC(CC(=O)[O-])C[N+](C)(C)C,fit,excluded,chem:unsupported_charge,LOSHAHDSFZXVCT,[M+H]+,QTOF
CCOP(=O)(OCC)OCC,fit,excluded,chem:unsupported_element:P,DQWPFSLDHJDLRL,[M+H]+,QTOF
NCCC[C@H](N)C(=O)O,fit,candidate,,AHLPHDHHMVZTML,[M+H]+,QTOF
O=P(Oc1ccccc1)(Oc1ccccc1)Oc1ccc(O)cc1,fit,excluded,chem:unsupported_element:P,NOPNBQOZUKISRP,[M+H]+,QTOF
CC(=O)NC1C(OP(=O)(O)OP(=O)(O)OCC2OC(n3ccc(=O)[nH]c3=O)C(O)C2O)OC(CO)C(O)C1O,fit,excluded,chem:unsupported_element:P,LFTYTUAZOPRMMI,[M+H]+,QTOF
Nc1nc2c(ncn2[C@H]2C[C@H](O)[C@@H](CO)O2)c(=O)[nH]1,fit,candidate,,YKBGVTZYEHREMT,[M+H]+,QTOF
Nc1nc2c(ncn2C2CC(O)C(CO)O2)c(=O)[nH]1,fit,candidate,,YKBGVTZYEHREMT,[M+Na]+,Orbitrap
Clc1ccc2n[nH]nc2c1,fit,candidate,,PZBQVZFITSVHAW,[M+H]+,QTOF
CCCCC(CC)COP(=O)(OCC(CC)CCCC)OCC(CC)CCCC,fit,excluded,chem:unsupported_element:P,GTVWRXDRKAHEAD,[M+Na]+,QTOF
CCCCCCCC/C=C\CCCCCCCC(=O)OC[C@H](COP(=O)([O-])OCC[N+](C)(C)C)OC(=O)CCCCCCCCCCCCCCC,fit,excluded,chem:unsupported_element:P,RRVPPYNAZJRZFR,[M+H]+,QTOF
CCCCCCCCCCCCC(=O)OC[C@@H](O)COP(=O)(O)OCCN,fit,excluded,chem:unsupported_element:P,IJTWJFQIBBDJJI,[M+H]+,QTOF
CC(CCOP(=O)(O)OCCC(C)CC(C)(C)C)CC(C)(C)C,fit,excluded,chem:unsupported_element:P,LPOAIFBVIQAMFA,[M+H]+,QTOF
CCCCOCCOP(=O)(OCCOCCCC)OCCOCCCC,fit,excluded,chem:unsupported_element:P,WTLBZVNBAKMVDP,[M+H]+,QTOF
O=c1[nH]cnc2c1ncn2[C@@H]1O[C@H](CO)[C@@H](O)[C@H]1O,fit,candidate,,UGQMRVRMYYASKQ,[M+H]+,QTOF
O=c1[nH]cnc2c1ncn2C1OC(CO)C(O)C1O,fit,candidate,,UGQMRVRMYYASKQ,[M+H]+,missing
CCCCCCCC/C=C\CCCCCCCC(=O)OC[C@H](COP(=O)([O-])OCC[N+](C)(C)C)OC(=O)CCCCCCC/C=C\CCCCCCCC,fit,excluded,chem:unsupported_element:P,SNKAWJBJQDLSFF,[M+Na]+,QTOF
O=P(Oc1ccccc1)(Oc1ccccc1)Oc1ccccc1,fit,excluded,chem:unsupported_element:P,XZZNDPSIHUTMOC,[M+H]+,QTOF
Nc1nc2c(ncn2[C@@H]2O[C@H](COP(=O)(O)OP(=O)(O)O[C@H]3O[C@H](CO)[C@@H](O)[C@H](O)[C@@H]3O)[C@@H](O)[C@H]2O)c(=O)[nH]1,fit,excluded,chem:unsupported_element:P,MVMSCBBUIHUTGJ,[M+H]+,QTOF
Cc1c[nH]c(=O)[nH]c1=O,fit,candidate,,RWQNBRDOKXIBIV,[M+H]+,QTOF
CC(C)CCCCCCOC(=O)c1ccccc1C(=O)OCCCCCCC(C)C,fit,candidate,,HBGGXOJOCNVPFY,[M+H]+,QTOF
CCCCOC(=O)CCCCCCCCC(=O)OCCCC,fit,candidate,,PYGXAGIECVVIOZ,[M+H]+,QTOF
NCCc1ccc(O)cc1,fit,candidate,,DZGWFCGJZKJUFP,[M+H]+,QTOF
Cc1ccccc1OP(=O)(Oc1ccccc1C)Oc1ccccc1C,fit,excluded,chem:unsupported_element:P,YSMRWXYRXBRSND,[M+H]+,QTOF
CC12CCC(=O)C=C1CCC1C2CCC2(C)C1CCC2(O)C(=O)CO,fit,candidate,,WHBHBVVOGNECLV,[M+H]+,QTOF
NC(COP(=O)(O)O)C(=O)O,fit,excluded,chem:unsupported_element:P,BZQFBWGGLXLEPQ,[M+H]+,QTOF
CCCCCCCCCCCCCCC[C@@H](O)[C@@H](N)CO,fit,candidate,,OTKJDMGTUTTYMP,[M+H]+,QTOF
CCCCCCCCCCCCCCCC(O)C(N)CO,fit,candidate,,OTKJDMGTUTTYMP,[M+H]+,Orbitrap
CCCCCCCCCCCCCC(=O)OC(CC(=O)[O-])C[N+](C)(C)C,fit,excluded,chem:unsupported_charge,PSHXNVGSVNEJBD,[M+H]+,QTOF
C[C@H](O)[C@@]1(O)CC[C@H]2[C@@H]3CC[C@@H]4C[C@H](O)CC[C@]4(C)[C@H]3CC[C@@]21C,fit,candidate,,SCPADBBISMMJAW,[M+Na]+,QTOF
CC(C)CCCCCCCOP(=O)(Oc1ccccc1)Oc1ccccc1,fit,excluded,chem:unsupported_element:P,RYUJRXVZSJCHDZ,[M+Na]+,QTOF
N[C@H](Cc1c[nH]c2ccccc12)C(=O)O,fit,candidate,,QIVBCDIJIAJPQS,[M+H]+,QTOF
NC(Cc1c[nH]c2ccccc12)C(=O)O,fit,candidate,,QIVBCDIJIAJPQS,[M+H]+,Orbitrap
CCCCCCCC/C=C\CCCCCCCC(=O)OC[C@@H](O)COP(=O)([O-])OCC[NH3+],fit,excluded,chem:unsupported_element:P,PYVRVRFVLRNJLY,[M+Na]+,QTOF
CCCCCCCC/C=C\CCCCCCCC(=O)OC[C@@H](O)COP(=O)(O)OCCN,fit,excluded,chem:unsupported_element:P,PYVRVRFVLRNJLY,[M+H]+,Orbitrap
CSc1nc2ccccc2s1,fit,candidate,,UTBVIMLZIRIFFR,[M+H]+,QTOF
CCCCCCCCCCCCCCCC(=O)OC[C@H](COP(=O)(O)OCCN)OC(=O)CCCCCCCCCCCCCCC,fit,excluded,chem:unsupported_element:P,SLKDGVPOSSLUAI,[M+Na]+,QTOF
Nc1ncnc2c1ncn2C1OC(CO)C(O)C1O,fit,candidate,,OIRDTQYFTABQOQ,[M+H]+,QTOF
Cc1ccc(OP(=O)(Oc2ccc(C)cc2)Oc2ccc(C)cc2)cc1,fit,excluded,chem:unsupported_element:P,BOSMZFBHAYFUBJ,[M+H]+,QTOF
CC(=O)N[C@@H](Cc1ccccc1)C(=O)O,fit,candidate,,CBQJSKKFNMDLON,[M+H]+,QTOF
CC(=O)NC(Cc1ccccc1)C(=O)O,fit,candidate,,CBQJSKKFNMDLON,[M+H]+,Orbitrap
CCC(CCC(C)O)COP(=O)(Oc1ccccc1)Oc1ccccc1,fit,excluded,chem:unsupported_element:P,PZMFWNXABLTZRN,[M+H]+,QTOF
CCCCCCCC/C=C\CCCCCCCC(=O)O[C@H](COC(=O)CCCCCCCCCCCCCCC)COP(=O)([O-])OCC[N+](C)(C)C,fit,excluded,chem:unsupported_element:P,WTJKGGKOPKCXLL,[M+H]+,QTOF
Nc1nc2c(ncn2[C@@H]2O[C@H](COP(=O)(O)O)[C@@H](O)[C@H]2O)c(=O)[nH]1,fit,excluded,chem:unsupported_element:P,RQFCJASXJCIDSX,[M+H]+,QTOF
Nc1nc2c(ncn2C2OC(COP(=O)(O)O)C(O)C2O)c(=O)[nH]1,fit,excluded,chem:unsupported_element:P,RQFCJASXJCIDSX,[M+H]+,QTOF
C[N+](C)(C)[O-],fit,excluded,chem:unsupported_charge,UYPYRKYUKCHHIB,[M+H]+,QTOF
CCCCCCCC/C=C\CCCCCCCC(=O)N[C@@H](CO)[C@H](O)/C=C/CCCCCCCCCCCCC,fit,candidate,,OBFSLMQLPNKVRW,[M+Na]+,QTOF
CSC[C@H]1O[C@@H](n2cnc3c(N)ncnc32)[C@H](O)[C@@H]1O,fit,candidate,,WUUGFSXJNOTRMR,[M+H]+,QTOF
CSCC1OC(n2cnc3c(N)ncnc32)C(O)C1O,fit,candidate,,WUUGFSXJNOTRMR,[M+H]+,Orbitrap
CC(=O)N1CCC[C@H]1C(=O)O,fit,candidate,,GNMSLDIYJOSUSW,[M+H]+,QTOF
Cc1ccccc1OP(=O)(Oc1ccccc1)Oc1ccccc1,fit,excluded,chem:unsupported_element:P,XMNDMAQKWSQVOV,[M+H]+,QTOF
C[C@H](CCC(=O)O)[C@H]1CC[C@H]2[C@@H]3[C@H](O)C[C@@H]4C[C@H](O)CC[C@]4(C)[C@H]3CC[C@]12C,fit,candidate,,RUDATBOHQWOJDD,[M+H]+,QTOF
CCCCOC(=O)CC(CC(=O)OCCCC)(OC(C)=O)C(=O)OCCCC,fit,candidate,,QZCLKYGREBVARF,[M+Na]+,QTOF
Nc1nc2nc[nH]c2c(=O)[nH]1,fit,candidate,,UYTPUPDQBNUYGX,[M+H]+,QTOF
CCCCC(CC)COC(=O)c1ccc(C(=O)OCC(CC)CCCC)c(C(=O)OCC(CC)CCCC)c1,fit,candidate,,KRADHMIOFJQKEZ,[M+Na]+,QTOF
CC(C)[C@H](N)C(=O)O,fit,candidate,,KZSNJWFQEVHDMF,[M+H]+,QTOF
CC(C)C(N)C(=O)O,fit,candidate,,KZSNJWFQEVHDMF,[M+H]+,QTOF
CCCCCCCCCCCCCCCCC(=O)OC[C@H](COP(=O)([O-])OCC[N+](C)(C)C)OC(=O)CCCCCCCCCCCCCCCC,fit,excluded,chem:unsupported_element:P,RTWAYAIMWLNAJW,[M+H]+,QTOF
C[C@]12C[C@H](O)[C@H]3[C@@H](CCC4=CC(=O)CC[C@@]43C)[C@@H]1CC[C@@H]2C(=O)CO,fit,candidate,,OMFXVFTZEKFJBZ,[M+H]+,QTOF
CC12CCC(=O)C=C1CCC1C2C(O)CC2(C)C(C(=O)CO)CCC12,fit,candidate,,OMFXVFTZEKFJBZ,[M+H]+,Orbitrap
CCCCCCCCCCCCC/C=C/[C@@H](O)[C@H](CO)NC(=O)CCCCCCCCCCCCCCCC,fit,candidate,,ICWGMOFDULMCFL,[M+H]+,QTOF
CCCCC(CC)COC(=O)CCCCC(=O)OCC(CC)CCCC,fit,candidate,,SAOKZLXYCUGLFA,[M+H]+,QTOF
CCCCOP(=O)(OCCCC)OCCCC,fit,excluded,chem:unsupported_element:P,STCOOQWBFONSKY,[M+H]+,QTOF
CC(C)(C)c1cc(C=O)cc(C(C)(C)C)c1O,fit,candidate,,DOZRDZLFLOODMB,[M+H]+,QTOF
CCCCCCOC(=O)c1ccc(C(=O)OCCCCCC)c(C(=O)OCCCCCC)c1,fit,candidate,,MXHBQKVKHGQWRB,[M+H]+,QTOF
CCCCC/C=C\C/C=C\C/C=C\C/C=C\CCCC(=O)O[C@H](COC(=O)CCCCCCCCCCCCCCC)COP(=O)([O-])OCC[N+](C)(C)C,fit,excluded,chem:unsupported_element:P,IIZPXYDJLKNOIY,[M+H]+,QTOF
CCCCOCCOP(=O)(O)OCCOCCCC,fit,excluded,chem:unsupported_element:P,NNXWIPHZHATIFE,[M+H]+,QTOF
Cc1cc2nc[nH]c2cc1C,fit,candidate,,LJUQGASMPRMWIW,[M+H]+,QTOF
O=P(O)(OC(CCl)CCl)OC(CCl)CCl,fit,excluded,chem:unsupported_element:P,NNKRUBFJSSBFSS,[M+H]+,QTOF
O=P(O)(OCCCl)OCCCl,fit,excluded,chem:unsupported_element:P,PMGHIGLOERPWGC,[M+H]+,QTOF
NC(CCOC(=O)CCC(=O)O)C(=O)O,fit,candidate,,GNISQJGXJIDKDJ,[M+Na]+,QTOF
CCCCCCCCCCCCCCCC(=O)N[C@@H](CO)[C@H](O)CCCCCCCCCCCCCCC,fit,candidate,,GCGTXOVNNFGTPQ,[M+Na]+,QTOF
C[C@]12CCC(=O)C=C1CC[C@@H]1[C@@H]2[C@@H](O)C[C@]2(C=O)[C@@H](C(=O)CO)CC[C@@H]12,fit,candidate,,PQSUYGKTWSAVDQ,[M+H]+,QTOF
CCCCCCCCCCCCCCCC(=O)OC[C@H](CO)OC(=O)CCCCCCCCCCCCCCC,fit,candidate,,JEJLGIQLPYYGEE,[M+Na]+,QTOF
CCCCCCCCCCCCC/C=C/[C@@H](O)[C@H](CO)NC(=O)CCCCCCCCCCCCCCC,fit,candidate,,YDNKGFDKKRUKPY,[M+H]+,QTOF
CCCCCCCCCCCCCC=CC(O)C(CO)NC(=O)CCCCCCCCCCCCCCC,fit,candidate,,YDNKGFDKKRUKPY,[M+H]+,QTOF
Cc1cnc(=O)[nH]c1N,fit,candidate,,LRSASMSXMSNRBT,[M+H]+,QTOF
O=C(O)CNC(=O)c1ccccc1,fit,candidate,,QIAFMBKCNZACKA,[M+H]+,QTOF
CCCCCCCC/C=C\CCCCCCCC(=O)OC[C@@H](O)COP(=O)(O)OC[C@H](N)C(=O)O,fit,excluded,chem:unsupported_element:P,JZWNYZVVZXZRRH,[M+H]+,QTOF
O=P(OCCCl)(OCCCl)OCCCl,fit,excluded,chem:unsupported_element:P,HQUQLFOMPYWACS,[M+H]+,QTOF
CN=C(N)N,fit,candidate,,CHJJGSNFBQVOTG,[M+H]+,QTOF
CCCCCCCCCCCCC/C=C/[C@@H](O)[C@H](CO[C@@H]1O[C@H](CO)[C@@H](O[C@@H]2O[C@H](CO)[C@H](O)C(O)C2O)C(O)C1O)NC(=O)CCCCCCC,fit,candidate,,JUCWRRXMPGRQOG,[M+Na]+,QTOF
C[C@]12C=CC(=O)C=C1CC[C@@H]1[C@@H]2CC[C@@]2(C)[C@H]1CC[C@]2(C)O,fit,candidate,,XWALNWXLMVGSFR,[M+H]+,QTOF
Cn1c(=O)c2[nH]cnc2n(C)c1=O,fit,candidate,,ZFXYFBGIUFBOJW,[M+H]+,QTOF
O=c1ccn([C@@H]2O[C@H](COP(=O)(O)O)[C@@H](O)[C@H]2O)c(=O)[nH]1,fit,excluded,chem:unsupported_element:P,DJJCXFVJDGTHFX,[M+H]+,Orbitrap
CCCCCCCCCCCCCCCCCC(=O)OCC(O)CO,fit,candidate,,VBICKXHEKHSIBG,[M+Na]+,Orbitrap
NCCc1c[nH]c2ccc(O)cc12,fit,candidate,,QZAYGJVTTNCVMB,[M+H]+,QTOF
CS(=N)(=O)CCC(N)C(=O)O,fit,excluded,chem:hypervalent,SXTAYKAGBXMACB,[M+H]+,QTOF
C[C@]12CC[C@H]3[C@@H](CCC4=CC(=O)C=C[C@@]43C)[C@@H]1CC[C@@H]2O,fit,candidate,,RSIHSRDYCUFFLA,[M+H]+,QTOF
CCCCCOP(=O)(OCCCCC)OCCCCC,fit,excluded,chem:unsupported_element:P,QJAVUVZBMMXBRO,[M+H]+,QTOF
C[C@H](CCC(=O)NCCS(=O)(=O)O)[C@H]1CC[C@H]2[C@@H]3[C@H](O)C[C@@H]4C[C@H](O)CC[C@]4(C)[C@H]3C[C@H](O)[C@]12C,fit,excluded,chem:hypervalent,WBWWGRHZICKQGZ,[M+Na]+,QTOF
CC(CCC(=O)NCCS(=O)(=O)O)C1CCC2C3C(O)CC4CC(O)CCC4(C)C3CC(O)C12C,fit,excluded,chem:hypervalent,WBWWGRHZICKQGZ,[M+H]+,Orbitrap
CCCCCCCC/C=C\CCCCCCCC(=O)O[C@H]1CC[C@@]2(C)C(=CC[C@H]3[C@@H]4CC[C@H]([C@H](C)CCCC(C)C)[C@@]4(C)CC[C@@H]32)C1,fit,candidate,,RJECHNNFRHZQKU,[M+Na]+,QTOF
NC(CSCC(=O)O)C(=O)O,fit,candidate,,GBFLZEXEOZUWRN,[M+H]+,QTOF
N[C@@H](CSSC[C@H](N)C(=O)O)C(=O)O,fit,candidate,,LEVWYRKDKASIDU,[M+H]+,QTOF
Nc1ncnc2c1ncn2[C@@H]1O[C@H](CO)[C@@H](O)[C@H]1O,fit,candidate,,OIRDTQYFTABQOQ,[M+H]+,QTOF
CCCCCC=CCC=CCCCCCCCC(=O)OC(CC(=O)[O-])C[N+](C)(C)C,fit,excluded,chem:unsupported_charge,MJLXQSQYKZWZCB,[M+H]+,QTOF
Cc1ncc(CO)c(C=O)c1O,fit,candidate,,RADKZDMFGJYCBB,[M+H]+,QTOF
O=c1ccn([C@@H]2O[C@H](COP(=O)(O)OP(=O)(O)O)[C@@H](O)[C@H]2O)c(=O)[nH]1,fit,excluded,chem:unsupported_element:P,XCCTYIAWTASOJW,[M+H]+,QTOF
CCCCCCCC(=O)OCC(CO)OC(=O)CCCCCCC,fit,candidate,,ZQBULZYTDGUSSK,[M+Na]+,QTOF
Cc1cc2n[nH]nc2cc1C,fit,candidate,,MVPKIPGHRNIOPT,[M+H]+,QTOF
CC(=O)N[C@@H](C)C(=O)O,fit,candidate,,KTHDTJVBEPMMGL,[M+H]+,QTOF
CC(=O)NC(C)C(=O)O,fit,candidate,,KTHDTJVBEPMMGL,[M+H]+,Orbitrap
NCCOP(=O)(O)O,fit,excluded,chem:unsupported_element:P,SUHOOTKUPISOBE,[M+H]+,QTOF
Cc1cccc2n[nH]nc12,fit,candidate,,CMGDVUCDZOBDNL,[M+H]+,QTOF
Nc1ncnc2c1ncn2C1OC(COP(=O)(O)OP(=O)(O)OCC2OC(O)C(O)C2O)C(O)C1O,fit,excluded,chem:unsupported_element:P,SRNWOUGRCWSEMX,[M+H]+,QTOF
CCOC(=O)CC(CC(=O)OCC)(OC(C)=O)C(=O)OCC,fit,candidate,,WEAPVABOECTMGR,[M+Na]+,QTOF
NC(N)=NCCC[C@H](N)C(=O)O,fit,candidate,,ODKSFYDXXFIFQN,[M+H]+,QTOF
NC(N)=[NH+]CCC[C@H](N)C(=O)[O-],fit,excluded,chem:unsupported_charge,ODKSFYDXXFIFQN,[M+H]+,Orbitrap
CC(COCC(C)OC(=O)c1ccccc1)OC(=O)c1ccccc1,fit,candidate,,IZYUWBATGXUSIK,[M+H]+,QTOF
CC(=O)N[C@@H](CO)C(=O)O,fit,candidate,,JJIHLJJYMXLCOY,[M+H]+,QTOF
COC(=O)CCCN,fit,candidate,,KVQGGLZHHFGHPU,[M+H]+,QTOF
Nc1ncnc2c1ncn2[C@@H]1O[C@H](COP(=O)(O)O)[C@@H](O)[C@H]1O,fit,excluded,chem:unsupported_element:P,UDMBCSSLTHHNCD,[M+H]+,QTOF
Nc1ncnc2c1ncn2C1OC(COP(=O)(O)O)C(O)C1O,fit,excluded,chem:unsupported_element:P,UDMBCSSLTHHNCD,[M+H]+,QTOF
Nc1ncnc2c1ncn2[C@@H]1O[C@H](CSCC[C@H](N)C(=O)O)[C@@H](O)[C@H]1O,fit,candidate,,ZJUKTBDSGOFHSH,[M+H]+,QTOF
Nc1ncnc2c1ncn2C1OC(CSCCC(N)C(=O)O)C(O)C1O,fit,candidate,,ZJUKTBDSGOFHSH,[M+H]+,QTOF
NCCCNCCCCNCCCN,fit,candidate,,PFNFFQXMRSDOHW,[M+H]+,QTOF
CC(C)CCCCCCOC(=O)C1CCCCC1C(=O)OCCCCCCC(C)C,fit,candidate,,HORIEOQXBKUKGQ,[M+H]+,QTOF
O=C(O)[C@@H]1C[C@@H](O)CN1,fit,candidate,,PMMYEEVYMWASQN,[M+H]+,QTOF
O=C(O)C1CC(O)CN1,fit,candidate,,PMMYEEVYMWASQN,[M+H]+,QTOF
CCCCCCCCCCCCCCCCCC(=O)OC[C@@H](O)COP(=O)([O-])OCC[N+](C)(C)C,fit,excluded,chem:unsupported_element:P,IHNKQIMGVNPMTC,[M+H]+,QTOF
CCCCCC=CC(=O)OC(CC(=O)[O-])C[N+](C)(C)C,fit,excluded,chem:unsupported_charge,LOSHAHDSFZXVCT,[M+H]+,QTOF
C[C@]12CC[C@H]3[C@@H](CCC4=CC(=O)CC[C@@]43C)[C@@H]1CC[C@H]2O,fit,candidate,,MUMGGOZAMZWBJJ,[M+H]+,QTOF
Nc1nc2nccnc2c(=O)[nH]1,fit,candidate,,HNXQXTQTPAJEJL,[M+H]+,QTOF
CC(=O)[C@H]1CC[C@H]2[C@@H]3CCC4=CC(=O)CC[C@]4(C)[C@H]3CC[C@]12C,fit,candidate,,RJKFOVLPORLFTN,[M+H]+,QTOF
CC(=O)C1CCC2C3CCC4=CC(=O)CCC4(C)C3CCC12C,fit,candidate,,RJKFOVLPORLFTN,[M+H]+,Orbitrap
O=P(OC(CCl)CCl)(OC(CCl)CCl)OC(CCl)CCl,fit,excluded,chem:unsupported_element:P,ASLWPAWFJZFCKF,[M+H]+,QTOF
CC(=O)[C@@]1(O)CC[C@H]2[C@@H]3CC(C)C4=CC(=O)CC[C@]4(C)[C@H]3CC[C@@]21C,fit,candidate,,FRQMUZJSZHZSGN,[M+H]+,QTOF
Cc1cccc(OP(=O)(Oc2cccc(C)c2)Oc2cccc(C)c2)c1,fit,excluded,chem:unsupported_element:P,RMLPZKRPSQVRAB,[M+H]+,QTOF
Nc1ccnc(=O)[nH]1,fit,candidate,,OPTASPLRGRRNAP,[M+H]+,QTOF
c1ncc2[nH]cnc2n1,fit,candidate,,KDCGOANMDULRCW,[M+H]+,QTOF
N[C@@H](Cc1cc(I)c(Oc2ccc(O)c(I)c2)c(I)c1)C(=O)O,fit,candidate,,AUYYCJSJGJYCDS,[M+H]+,QTOF
CC(C)CCCCCCCOC(=O)c1ccccc1C(=O)OCCCCCCCC(C)C,fit,candidate,,ZVFDTKUVRCTHQE,[M+H]+,QTOF
CSCC[C@H](N)C(=O)O,fit,candidate,,FFEARJCKVFRZRR,[M+H]+,QTOF
C[C@]12CC[C@H]3[C@@H](CCC4=CC(=O)CC[C@@H]43)[C@@H]1CC[C@@H]2O,fit,candidate,,NPAGDVCDWIYMMC,[M+H]+,QTOF
CC12CCC3C4CCC(=O)C=C4CCC3C1CCC2O,fit,candidate,,NPAGDVCDWIYMMC,[M+H]+,QTOF
NCCS(=O)(=O)O,fit,excluded,chem:hypervalent,XOAAWQZATWQOTB,[M+H]+,Orbitrap
NC(=O)C[C@H](N)C(=O)O,fit,candidate,,DCXYFEDJOCDNAF,[M+H]+,QTOF
C[N+](C)(C)C[C@H](O)CC(=O)[O-],fit,excluded,chem:unsupported_charge,PHIQHXFUZVPYII,[M+H]+,QTOF
C[N+](C)(C)C[C@@H](O)CC(=O)[O-],fit,excluded,chem:unsupported_charge,PHIQHXFUZVPYII,[M+H]+,QTOF
C[N+](C)(C)CC(O)CC(=O)[O-],fit,excluded,chem:unsupported_charge,PHIQHXFUZVPYII,[M+H]+,Orbitrap
Nc1nc2ccccc2s1,fit,candidate,,UHGULLIUJBCTEF,[M+H]+,QTOF
NCC[Se][Se]CCN,fit,excluded,chem:unsupported_element:Se,QNGIKJLVQNCRRC,[M+H]+,Orbitrap
N[C@@H](Cc1c[nH]c2ccccc12)C(=O)O,fit,candidate,,QIVBCDIJIAJPQS,[M+H]+,QTOF
CC(=O)N[C@H]1[C@@H](O)[C@H](O)[C@@H](CO)O[C@H]1O,fit,candidate,,OVRNDRQMDRJTHS,[M+H]+,QTOF
CC12CCC(=O)C=C1CCC1C2CCC2(C)C1CCC2(C)O,fit,candidate,,GCKMFJBGXUYNAG,[M+H]+,QTOF
CCCCCCCCCCCCC/C=C/[C@@H](O)[C@H](COP(=O)([O-])OCC[N+](C)(C)C)NC(=O)CCCCCCCCCCCCCCCCC,fit,excluded,chem:unsupported_element:P,LKQLRGMMMAHREN,[M+H]+,QTOF
NCCc1ccc(O)c(O)c1,fit,candidate,,VYFYYTLLBUKUHU,[M+H]+,Orbitrap
N[C@@H](CCC(=O)O)C(=O)O,fit,candidate,,WHUUTDBJXJRKMK,[M+H]+,QTOF
NC(CCC(=O)O)C(=O)O,fit,candidate,,WHUUTDBJXJRKMK,[M+H]+,QTOF
Nc1ncnc2c1ncn2[C@H]1C[C@H](O)[C@@H](CO)O1,fit,candidate,,OLXZPDWKRNYJJZ,[M+H]+,QTOF
Nc1ncnc2c1ncn2C1CC(O)C(CO)O1,fit,candidate,,OLXZPDWKRNYJJZ,[M+H]+,Orbitrap
N[C@@H](Cc1ccc(O)cc1)C(=O)O,fit,candidate,,OUYCCCASQSFEME,[M+H]+,QTOF
NC(Cc1ccc(O)cc1)C(=O)O,fit,candidate,,OUYCCCASQSFEME,[M+H]+,Orbitrap
Cc1cn([C@H]2C[C@H](O)[C@@H](CO)O2)c(=O)[nH]c1=O,fit,candidate,,IQFYYKKMVGJFEH,[M+H]+,QTOF
Cc1cn(C2CC(O)C(CO)O2)c(=O)[nH]c1=O,fit,candidate,,IQFYYKKMVGJFEH,[M+Na]+,Orbitrap
C[C@]12CCC(=O)C=C1CC[C@@H]1[C@@H]2[C@@H](O)C[C@@]2(C)[C@H]1CC[C@]2(O)C(=O)CO,fit,candidate,,JYGXADMDTFJGBT,[M+H]+,QTOF
CC12CCC(=O)C=C1CCC1C2C(O)CC2(C)C1CCC2(O)C(=O)CO,fit,candidate,,JYGXADMDTFJGBT,[M+H]+,Orbitrap
CCCCCCCCCCCCCC(=O)O[C@H]1CC[C@@]2(C)C(=CC[C@H]3[C@@H]4CC[C@H]([C@H](C)CCCC(C)C)[C@@]4(C)CC[C@@H]32)C1,fit,candidate,,SJDMTGSQPOFVLR,[M+Na]+,QTOF
C[C@H](CCC(=O)O)[C@H]1CC[C@H]2[C@@H]3[C@@H](O)C[C@@H]4C[C@H](O)CC[C@]4(C)[C@H]3CC[C@]12C,fit,candidate,,RUDATBOHQWOJDD,[M+Na]+,QTOF
CCCCCCCC/C=C\CCCCCCCC(=O)OCC(O)CO,fit,candidate,,RZRNAYUHWVFMIP,[M+H]+,QTOF
CCCCCCCCC=CCCCCCCCC(=O)OCC(O)CO,fit,candidate,,RZRNAYUHWVFMIP,[M+H]+,Orbitrap
Nc1nc2c(ncn2[C@@H]2O[C@H](CO)[C@@H](O)[C@H]2O)c(=O)[nH]1,fit,candidate,,NYHBQMYGNKIUIF,[M+H]+,QTOF
Nc1nc2c(ncn2C2OC(CO)C(O)C2O)c(=O)[nH]1,fit,candidate,,NYHBQMYGNKIUIF,[M+H]+,Orbitrap
COc1cc(C(O)CN)ccc1O,fit,candidate,,YNYAYWLBAHXHLL,[M+H]+,Orbitrap
CSc1ncnc2nc[nH]c12,fit,candidate,,UIJIQXGRFSPYQW,[M+H]+,QTOF
CC(=O)N[C@@H](CC(N)=O)C(=O)O,fit,candidate,,HXFOXFJUNFFYMO,[M+H]+,QTOF
Cn1cnc2c(ncn2[C@@H]2O[C@H](CO)[C@@H](O)[C@H]2O)c1=N,fit,candidate,,GFYLSDSUCHVORB,[M+H]+,QTOF
Cn1cnc2c(ncn2C2OC(CO)C(O)C2O)c1=N,fit,candidate,,GFYLSDSUCHVORB,[M+H]+,Orbitrap
CNCC(=O)O,fit,candidate,,FSYKKLYZXJSNPZ,[M+H]+,QTOF
CCCCC[C@H](O)/C=C/[C@H]1C=CC(=O)[C@@H]1CCCCCCC(=O)O,fit,candidate,,BGKHCLZFGPIKKU,[M+Na]+,QTOF
CCCCCC(O)C=CC1C=CC(=O)C1CCCCCCC(=O)O,fit,candidate,,BGKHCLZFGPIKKU,[M+Na]+,Orbitrap
O=C(O)c1cc(=O)c2ccccc2[nH]1,fit,candidate,,HCZHHEIFKROPDY,[M+H]+,Orbitrap
O=c1[nH]c(=O)c2ncn([C@@H]3O[C@H](CO)[C@@H](O)[C@H]3O)c2[nH]1,fit,candidate,,UBORTCNDUKBEOP,[M+H]+,QTOF
O=c1[nH]c(=O)c2ncn(C3OC(CO)C(O)C3O)c2[nH]1,fit,candidate,,UBORTCNDUKBEOP,[M+H]+,Orbitrap
NC1CCSC1=O,fit,candidate,,KIWQWJKWBHZMDT,[M+H]+,QTOF
NCCCCNCCCN,fit,candidate,,ATHGHQPFGPMSJY,[M+H]+,QTOF
O=C(O)CCCC[C@@H]1SC[C@@H]2NC(=O)N[C@@H]21,fit,candidate,,YBJHBAHKTGYVGT,[M+H]+,QTOF
O=C(O)CCCCC1SCC2NC(=O)NC21,fit,candidate,,YBJHBAHKTGYVGT,[M+H]+,Orbitrap
OC[C@H]1O[C@@H](O[C@H]2[C@H](O)[C@@H](O)[C@@H](O)O[C@@H]2CO)[C@H](O)[C@@H](O)[C@H]1O,fit,candidate,,GUBGYTABKSRVRQ,[M+Na]+,QTOF
C[C@]12CC[C@H]3[C@@H](CCC4=CC(=O)CC[C@@]43C)[C@@H]1CC[C@@H]2O,fit,candidate,,MUMGGOZAMZWBJJ,[M+H]+,QTOF
CC(CCl)OP(=O)(OC(C)CCl)OC(C)CCl,fit,excluded,chem:unsupported_element:P,KVMPUXDNESXNOH,[M+Na]+,QTOF
CCCCC/C=C\C/C=C\CCCCCCCC(=O)O[C@H]1CC[C@@]2(C)C(=CC[C@H]3[C@@H]4CC[C@H]([C@H](C)CCCC(C)C)[C@@]4(C)CC[C@@H]32)C1,fit,candidate,,NAACPBBQTFFYQB,[M+Na]+,QTOF
CCC[C@@H](N)C(=O)O,fit,candidate,,SNDPXSYFESPGGJ,[M+H]+,Orbitrap
CC(=O)OCC(=O)C1CCC2C3CCC4=CC(=O)CCC4(C)C3CCC12C,fit,candidate,,VPGRYOFKCNULNK,[M+H]+,QTOF
CC(=O)N[C@H]1C(O)O[C@H](CO)[C@@H](O)[C@@H]1O,fit,candidate,,OVRNDRQMDRJTHS,[M+H]+,QTOF
CCCCCCCCCCCCCCCC(=O)OCC(O)CO,fit,candidate,,QHZLMUACJMDIAE,[M+H]+,missing
CCCCC[C@H](O)/C=C/[C@H]1[C@H](O)CC(=O)[C@@H]1C/C=C\CCCC(=O)O,fit,candidate,,XEYBRNLFEZDVAW,[M+Na]+,QTOF
CCCCCC(O)C=CC1C(O)CC(=O)C1CC=CCCCC(=O)O,fit,candidate,,XEYBRNLFEZDVAW,[M+Na]+,Orbitrap
CC(=O)N[C@@H](CC(=O)O)C(=O)O,fit,candidate,,OTCCIMWXFLJLIA,[M+H]+,QTOF
CC(=O)NC(CC(=O)O)C(=O)O,fit,candidate,,OTCCIMWXFLJLIA,[M+H]+,QTOF
CCOC(=O)c1ccc(N(C)C)cc1,fit,candidate,,FZUGPQWGEGAKET,[M+H]+,QTOF
NC(CCS)C(=O)O,fit,candidate,,FFFHZYDWPBMWHY,[M+H]+,QTOF
C[C@]12CCC(=O)C=C1CC[C@@H]1[C@@H]2C(=O)C[C@@]2(C)[C@H]1CC[C@]2(O)C(=O)CO,fit,candidate,,MFYSYFVPBJMHGN,[M+H]+,QTOF
CC12CCC(=O)C=C1CCC1C2C(=O)CC2(C)C1CCC2(O)C(=O)CO,fit,candidate,,MFYSYFVPBJMHGN,[M+H]+,Orbitrap
c1ccc2n[nH]nc2c1,fit,candidate,,QRUDEWIWKLJBPS,[M+H]+,QTOF
Nc1nc2ncc(CNc3ccc(C(=O)N[C@@H](CCC(=O)O)C(=O)O)cc3)nc2c(=O)[nH]1,fit,candidate,,OVBPIULPVIDEAO,[M+H]+,QTOF
Nc1nc2ncc(CNc3ccc(C(=O)NC(CCC(=O)O)C(=O)O)cc3)nc2c(=O)[nH]1,fit,candidate,,OVBPIULPVIDEAO,[M+H]+,Orbitrap
CN(CC(=O)O)C(=N)N,fit,candidate,,CVSVTCORWBXHQV,[M+H]+,QTOF
CC(=O)N[C@H]1[C@H]([C@H](O)[C@H](O)CO)O[C@](O)(C(=O)O)C[C@@H]1O,fit,candidate,,SQVRNKJHWKZAKO,[M+H]+,QTOF
O=c1[nH]cnc2nc[nH]c12,fit,candidate,,FDGQSTZJBFJUBT,[M+H]+,QTOF
CC(=O)NC(CCC(=O)O)C(=O)O,fit,candidate,,RFMMMVDNIPUKGG,[M+H]+,QTOF
NCCC[C@@H](N)C(=O)O,fit,candidate,,AHLPHDHHMVZTML,[M+H]+,QTOF
CC(=O)N[C@@H](Cc1c[nH]c2ccccc12)C(=O)O,fit,candidate,,DZTHIGRZJZPRDV,[M+H]+,QTOF
CC(=O)NC(Cc1c[nH]c2ccccc12)C(=O)O,fit,candidate,,DZTHIGRZJZPRDV,[M+H]+,Orbitrap
NCCCCN,fit,candidate,,KIDHWZJUCRJVML,[M+H]+,QTOF
CCCCC[C@H](O)/C=C/[C@H]1[C@H](O)CC(=O)[C@@H]1CCCCCCC(=O)O,fit,candidate,,GMVPRGQOIOIIMI,[M+Na]+,QTOF
CCCCCC(O)C=CC1C(O)CC(=O)C1CCCCCCC(=O)O,fit,candidate,,GMVPRGQOIOIIMI,[M+Na]+,Orbitrap
O=P(O)(O)OC[C@H]1OC(O)[C@H](O)[C@@H](O)[C@@H]1O,fit,excluded,chem:unsupported_element:P,NBSCHQHZLSJFNQ,[M+H]+,QTOF
CCCCCCCCCCCCCCCC(=O)O[C@H]1CC[C@@]2(C)C(=CC[C@H]3[C@@H]4CC[C@H]([C@H](C)CCCC(C)C)[C@@]4(C)CC[C@@H]32)C1,fit,candidate,,BBJQPKLGPMQWBU,[M+Na]+,QTOF
NCCc1c[nH]c2ccccc12,fit,candidate,,APJYDQYYACXCRM,[M+H]+,QTOF
Nc1nc2c(ncn2[C@H]2C[C@H](O)[C@@H](COP(=O)(O)O)O2)c(=O)[nH]1,fit,excluded,chem:unsupported_element:P,LTFMZDNNPPEQNG,[M+H]+,QTOF
Nc1nc2c(ncn2C2CC(O)C(COP(=O)(O)O)O2)c(=O)[nH]1,fit,excluded,chem:unsupported_element:P,LTFMZDNNPPEQNG,[M+H]+,QTOF
NC(=O)CC[C@H](N)C(=O)O,fit,candidate,,ZDXPYRJPNDTMRX,[M+Na]+,QTOF
NC(=O)CCC(N)C(=O)O,fit,candidate,,ZDXPYRJPNDTMRX,[M+H]+,QTOF
O=c1[nH]c(=O)c2[nH]cnc2[nH]1,fit,candidate,,LRFVTYWOQMYALW,[M+H]+,QTOF
C[C@H](CCC(=O)O)[C@H]1CC[C@H]2[C@@H]3CC[C@@H]4C[C@H](O)CC[C@]4(C)[C@H]3C[C@H](O)[C@]12C,fit,candidate,,KXGVEGMKQFWNSR,[M+Na]+,Orbitrap
N[C@@H](COP(=O)(O)O)C(=O)O,fit,excluded,chem:unsupported_element:P,BZQFBWGGLXLEPQ,[M+H]+,Orbitrap
Nc1ncnc2c1ncn2C1OC(CO)C2OP(=O)(O)OC21,fit,excluded,chem:unsupported_element:P,KMYWVDDIPVNLME,[M+H]+,QTOF
CCCCCCCCCCCCCCCC(=O)O[C@H](CC(=O)[O-])C[N+](C)(C)C,fit,excluded,chem:unsupported_charge,XOMRRQXKHMYMOC,[M+H]+,QTOF
CCCCCCCCCCCCCCCC(=O)OC(CC(=O)[O-])C[N+](C)(C)C,fit,excluded,chem:unsupported_charge,XOMRRQXKHMYMOC,[M+Na]+,Orbitrap
C[N+](C)(C)C[C@H](CC(=O)[O-])OC(=O)CCCC(=O)O,fit,excluded,chem:unsupported_charge,NXJAXUYOQLTISD,[M+H]+,QTOF
C[N+](C)(C)C[C@@H](CC(=O)[O-])OC(=O)CCCC(=O)O,fit,excluded,chem:unsupported_charge,NXJAXUYOQLTISD,[M+H]+,QTOF
CCCCCCCCCCCC(=O)O[C@H](CC(=O)[O-])C[N+](C)(C)C,fit,excluded,chem:unsupported_charge,FUJLYHJROOYKRA,[M+H]+,QTOF
CCCCCCCCCCCC(=O)OC(CC(=O)[O-])C[N+](C)(C)C,fit,excluded,chem:unsupported_charge,FUJLYHJROOYKRA,[M+H]+,Orbitrap
CC[C@H](C)[C@H](N)C(=O)O,fit,candidate,,AGPKZVBTJJNPAG,[M+H]+,QTOF
CCC(C)C(N)C(=O)O,fit,candidate,,AGPKZVBTJJNPAG,[M+H]+,Orbitrap
NCCCC[C@H](N)C(=O)O,fit,candidate,,KDXKERNSBIXSRK,[M+H]+,QTOF
NCCCCC(N)C(=O)O,fit,candidate,,KDXKERNSBIXSRK,[M+H]+,QTOF
c1ccc2scnc2c1,fit,candidate,,IOJUPLGTWVMSFF,[M+H]+,QTOF
NC1C(O)OC(CO)C(O)C1O,fit,candidate,,MSWZFWKMSRAUBD,[M+H]+,QTOF
N[C@H]1C(O)O[C@H](CO)[C@@H](O)[C@@H]1O,fit,candidate,,MSWZFWKMSRAUBD,[M+H]+,Orbitrap
O=C(O)[C@@H]1CCCN1,fit,candidate,,ONIBWKKTOPOVIA,[M+H]+,QTOF
O=C(O)C1CCCN1,fit,candidate,,ONIBWKKTOPOVIA,[M+H]+,QTOF
CC(=O)N[C@H]1[C@@H](OP(=O)(O)OP(=O)(O)OC[C@H]2O[C@@H](n3ccc(=O)[nH]c3=O)[C@H](O)[C@@H]2O)O[C@H](CO)[C@@H](O)[C@@H]1O,fit,excluded,chem:unsupported_element:P,LFTYTUAZOPRMMI,[M+H]+,QTOF
N[C@@H](CCO)C(=O)O,fit,candidate,,UKAUYVFTDYCKQA,[M+H]+,QTOF
NC(CCO)C(=O)O,fit,candidate,,UKAUYVFTDYCKQA,[M+H]+,QTOF
COc1ccc2[nH]cc(CCNC(C)=O)c2c1,fit,candidate,,DRLFMBDRBRZALE,[M+H]+,QTOF
CC(=O)N[C@@H]1[C@@H](O)[C@@H](O)[C@@H](CO)O[C@H]1O,fit,candidate,,OVRNDRQMDRJTHS,[M+H]+,QTOF
NC(=O)C1CCCN1C(=O)C(Cc1cnc[nH]1)NC(=O)C1CCC(=O)N1,fit,candidate,,XNSAINXGIQZQOO,[M+H]+,QTOF
N[C@@H](Cc1cnc[nH]1)C(=O)O,fit,candidate,,HNDVDQJCIGZPNO,[M+H]+,QTOF
NC(Cc1cnc[nH]1)C(=O)O,fit,candidate,,HNDVDQJCIGZPNO,[M+H]+,QTOF
Cc1nnc(-c2ccccc2)c(=O)n1N,fit,candidate,,VHCNQEUWZYOAEV,[M+H]+,QTOF
CCC(C(N)=O)(C(N)=O)c1ccccc1,fit,candidate,,JFZHPFOXAAIUMB,[M+H]+,QTOF
c1ccc(N=Nc2ccccc2)cc1,fit,candidate,,DMLAVOWQYNRWNQ,[M+H]+,QTOF
Nc1nc(N)nc(NC2CC2)n1,fit,candidate,,LVQDKIWDGQRHTE,[M+H]+,QTOF
CCCOC(=O)c1ccc(O)cc1,fit,candidate,,QELSKZZBTMNZEB,[M+H]+,QTOF
Cc1ccc(NC=O)c(C)c1,fit,candidate,,JOFDPSBOUCXJCC,[M+H]+,QTOF
Nc1ccc(Sc2ccc(N)cc2)cc1,fit,candidate,,ICNFHJVPAJKPHW,[M+H]+,QTOF
c1ccc(Nc2cccc3ccccc23)cc1,fit,candidate,,XQVWYOYUZDUNRW,[M+H]+,QTOF
C#CCN(C)[C@H](C)Cc1ccccc1,fit,candidate,,MEZLKOACVSPNER,[M+H]+,QTOF
Nc1nc2c(ncn2COCCO)c(=O)[nH]1,fit,candidate,,MKUXAQIIEYXACX,[M+H]+,QTOF
CC(C)(C)NCC(O)c1ccc(O)c(CO)c1,fit,candidate,,NDAUXUAQIAJITI,[M+H]+,QTOF
C[N+]1([O-])CCOCC1,fit,excluded,chem:unsupported_charge,LFTLOKWAGJYHHR,[M+H]+,QTOF
CCOC(=O)CC(O)(CC(=O)OCC)C(=O)OCC,fit,candidate,,DOOTYTYQINUNNV,[M+H]+,QTOF
CC(C)NCC(O)COc1cccc2[nH]ccc12,fit,candidate,,JZQKKSLKJUAGIC,[M+H]+,QTOF
CN(C)C(=O)Nc1ccc(Cl)c(Cl)c1,fit,candidate,,XMTQQYYKAHVGBJ,[M+H]+,QTOF
O=c1[nH]c2c(c(=O)n1C1CCCCC1)CCC2,fit,candidate,,ZTMKADLOSYKWCA,[M+H]+,QTOF
CC[C@H]1CCC[C@H](O[C@H]2CC[C@H](N(C)C)[C@@H](C)O2)[C@@H](C)C(=O)C2=C[C@@H]3[C@@H](C=C[C@@H]4C[C@@H](O[C@@H]5O[C@@H](C)[C@H](OC)[C@@H](OC)[C@H]5OC)C[C@@H]34)[C@@H]2CC(=O)O1,fit,candidate,,SRJQTHAZUNRMPR,[M+H]+,QTOF
CCc1cccc(C)c1N(C(=O)C(=O)O)C(C)COC,fit,candidate,,LNOOSYCKMKZOJB,[M+H]+,QTOF
CNC(=O)/C(=N\OC)c1ccccc1COc1cc(C)ccc1C,fit,candidate,,WXUZAHCNPWONDH,[M+H]+,QTOF
CNC(=O)C(=NOC)c1ccccc1COc1cc(C)ccc1C,fit,candidate,,WXUZAHCNPWONDH,[M+H]+,Orbitrap
CC(C)NCC(O)COc1cccc2ccccc12,fit,candidate,,AQHHHDLHHXJYJD,[M+H]+,QTOF
CCCN(CC)CC1COC2(CCC(C(C)(C)C)CC2)O1,fit,candidate,,PUYXTUJWRLOUCW,[M+H]+,QTOF
CC(=O)[C@@]1(O)CC[C@H]2[C@@H]3C[C@H](C)C4=CC(=O)CC[C@]4(C)[C@H]3CC[C@@]21C,fit,candidate,,FRQMUZJSZHZSGN,[M+H]+,QTOF
CC(=O)C1(O)CCC2C3CC(C)C4=CC(=O)CCC4(C)C3CCC21C,fit,candidate,,FRQMUZJSZHZSGN,[M+H]+,Orbitrap
CNC1=C(c2cccc(C(F)(F)F)c2)C(=O)C(c2ccccc2)O1,fit,candidate,,NYRMIJKDBAQCHC,[M+H]+,QTOF
Cn1c([N+](=O)[O-])cnc1COC(N)=O,fit,excluded,chem:unsupported_charge,PQFRTXSWDXZRRS,[M+H]+,QTOF
CN(C)CCCN1c2ccccc2CCc2ccccc21,fit,candidate,,BCGWQEUPMDMJNV,[M+H]+,QTOF
CCCCc1nc(Cl)c(CO)n1Cc1ccc(-c2ccccc2-c2nn[nH]n2)cc1,fit,candidate,,PSIFNNKUMBGKDQ,[M+H]+,QTOF
CN(C)CCOC(c1ccccc1)c1ccccc1,fit,candidate,,ZZVUWRFHKOJYTH,[M+H]+,QTOF
CN1CC[C@]23c4c5ccc(O)c4O[C@H]2[C@@H](O)C=C[C@H]3[C@H]1C5,fit,candidate,,BQJCRHHNABKAKU,[M+H]+,QTOF
C[C@]12C=CC(=O)C=C1CC[C@@H]1[C@@H]2C(=O)C[C@@]2(C)[C@H]1CC[C@]2(O)C(=O)CO,fit,candidate,,XOFYZVNMUHMLCC,[M+H]+,QTOF
NC(=O)N1c2ccccc2CC(O)c2ccccc21,fit,candidate,,BMPDWHIDQYTSHX,[M+H]+,QTOF
c1ccc2c(c1)[nH]c1cnccc12,fit,candidate,,AIFRHYZBTHREPW,[M+H]+,QTOF
CC[C@H](C(N)=O)N1CCCC1=O,fit,candidate,,HPHUVLMMVZITSG,[M+H]+,QTOF
CC(C)C[C@H](CN)CC(=O)O,fit,candidate,,AYXYPKUFHZROOJ,[M+H]+,QTOF
Cc1c(NC=O)c(=O)n(-c2ccccc2)n1C,fit,candidate,,WSJBSKRPKADYRQ,[M+H]+,QTOF
CN(C)C(=O)Nc1ccc(Oc2ccc(Cl)cc2)cc1,fit,candidate,,IVUXTESCPZUGJC,[M+H]+,QTOF
CCCS(=O)c1ccc2nc(NC(=O)OC)[nH]c2c1,fit,excluded,chem:hypervalent,VXTGHWHFYNYFFV,[M+H]+,QTOF
NS(=O)(=O)c1cc(C(=O)O)c(NCc2ccco2)cc1Cl,fit,excluded,chem:hypervalent,ZZUFCTLCJUWOSV,[M+H]+,QTOF
CC1CCc2cc(F)cc3c(=O)c(C(=O)O)cn1c23,fit,candidate,,DPSPPJIUMHPXMA,[M+H]+,QTOF
C#CC(C)(C)NC(=O)c1cc(Cl)cc(Cl)c1,fit,candidate,,PHNUZKMIPFFYSO,[M+H]+,QTOF
O=C(O)c1cn(C2CC2)c2cc(N3CCNCC3)c(F)cc2c1=O,fit,candidate,,MYSWGUAQZAJSOK,[M+H]+,QTOF
CC1(C)O[C@@H]2C[C@H]3[C@@H]4C[C@H](F)C5=CC(=O)C=C[C@]5(C)[C@@]4(F)[C@@H](O)C[C@]3(C)[C@]2(C(=O)CO)O1,fit,candidate,,FEBLZLNTKCEFIT,[M+H]+,QTOF
CCC(CC)O[C@@H]1C=C(C(=O)O)C[C@H](N)[C@H]1NC(C)=O,fit,candidate,,NENPYTRHICXVCS,[M+H]+,QTOF
CCOCN(C(=O)CS(=O)(=O)O)c1c(C)cccc1CC,fit,excluded,chem:hypervalent,HXAIQOCRALNGKB,[M+H]+,QTOF
CNC1(c2ccccc2Cl)CCCCC1=O,fit,candidate,,YQEZLKZALYSWHR,[M+H]+,QTOF
O=C(Nc1ccccc1-c1ccc(Cl)cc1)c1cccnc1Cl,fit,candidate,,WYEMLYFITZORAB,[M+H]+,QTOF
CC(=O)Nc1ccc(S(=O)(=O)Nc2cc(C)on2)cc1,fit,excluded,chem:hypervalent,GXPIUNZCALHVBA,[M+H]+,QTOF
CCC(=O)Nc1ccc(Cl)c(Cl)c1,fit,candidate,,LFULEKSKNZEWOE,[M+H]+,QTOF
CCCc1cc(=O)[nH]c(=S)[nH]1,fit,candidate,,KNAHARQHSZJURB,[M+H]+,QTOF
CC(C)N(C(=O)SCC(Cl)=C(Cl)Cl)C(C)C,fit,candidate,,MWBPRDONLNQCFV,[M+H]+,QTOF
Cc1cc(=O)n(-c2ccccc2)n1C,fit,candidate,,VEQOALNAAJBPNY,[M+H]+,QTOF
Cc1c(C(C)C)c(=O)n(-c2ccccc2)n1C,fit,candidate,,PXWLVJLKJGVOKE,[M+H]+,QTOF
CC(=O)Nc1ccc(N)cc1,fit,candidate,,CHMBIJAOCISYEW,[M+H]+,QTOF
COc1ccc2c3c1O[C@H]1[C@@H](O)CC[C@H]4[C@@H](C2)N(C)CC[C@@]341,fit,candidate,,RBOXVHNMENFORY,[M+H]+,QTOF
O=P(c1ccccc1)(c1ccccc1)c1ccccc1,fit,excluded,chem:unsupported_element:P,FIQMHBFVRAXMOP,[M+H]+,QTOF
CCOP(=S)(OCC)SCSP(=S)(OCC)OCC,fit,excluded,chem:unsupported_element:P,RIZMRRKBZQXFOY,[M+H]+,QTOF
C[C@@H]1C[C@H]2[C@@H]3C[C@H](F)C4=CC(=O)C=C[C@]4(C)[C@@]3(F)[C@@H](O)C[C@]2(C)[C@@]1(O)C(=O)CO,fit,candidate,,WXURHACBFYSXBI,[M+H]+,QTOF
Nc1cn[nH]c(=O)c1Cl,fit,candidate,,FEWPCPCEGBPTAL,[M+H]+,QTOF
CC(C)NCC(O)COc1ccc(COCCOC(C)C)cc1,fit,candidate,,VHYCDWMUTMEGQY,[M+H]+,QTOF
CN(C)c1ccncc1,fit,candidate,,VHYFNPMBLIVWCW,[M+H]+,QTOF
CCCCCCCCCCCCCC[N+](C)(C)[O-],fit,excluded,chem:unsupported_charge,ONHFWHCMZAJCFB,[M+H]+,QTOF
CC1(C)CC(N)CC(C)(CN)C1,fit,candidate,,RNLHGQLZWXBQNY,[M+H]+,QTOF
Cc1ccc2n[nH]nc2c1,fit,candidate,,LRUDIIUSNGCQKF,[M+H]+,QTOF
CC1(C)C[C@@H]1C(=O)N/C(=C\CCCCSC[C@H](N)C(=O)O)C(=O)O,fit,candidate,,DHSUYTOATWAVLW,[M+H]+,QTOF
CC1(C)CON(Cc2ccccc2Cl)C1=O,fit,candidate,,KIEDNEWSYUYDSN,[M+H]+,QTOF
CCN(CC)c1nc(C)cc(OP(=S)(OC)OC)n1,fit,excluded,chem:unsupported_element:P,QHOQHJPRIBSPCY,[M+H]+,QTOF
COc1ccc2c(c1)c(CC(=O)OCC(=O)O)c(C)n2C(=O)c1ccc(Cl)cc1,fit,candidate,,FSQKKOOTNAMONP,[M+H]+,QTOF
Cc1nccn1CC1CCc2c(c3ccccc3n2C)C1=O,fit,candidate,,FELGMEQIXOGIFQ,[M+H]+,QTOF
CCNCC(=O)Nc1c(C)cccc1C,fit,candidate,,WRMRXPASUROZGT,[M+H]+,QTOF
COCCN(C(=O)C(=O)O)c1c(C)cccc1C,fit,candidate,,MHGMSAFPNAKIRZ,[M+H]+,QTOF
O=c1cc[nH]c2ccccc12,fit,candidate,,PMZDQRJGMBOQBF,[M+H]+,QTOF
C1=Cc2ccccc2Nc2ccccc21,fit,candidate,,LCGTWRLJTMHIQZ,[M+H]+,QTOF
CNC(=O)Oc1cccc2c1OC(C)(C)O2,fit,candidate,,XEGGRYVFLWGFHI,[M+H]+,QTOF
O=c1ccc2ccccc2[nH]1,fit,candidate,,LISFMEBWQUVKPJ,[M+H]+,QTOF
CCN(CC)C(=O)C1C=C2c3cccc4[nH]cc(c34)CC2N(C)C1,fit,candidate,,VAYOSLLFUXYJDT,[M+H]+,QTOF
CCCCNc1ccc(C(=O)OCCN(C)C)cc1,fit,candidate,,GKCBAIGFKIBETG,[M+H]+,QTOF
NCCc1ccccc1,fit,candidate,,BHHGXPLMPWCGHP,[M+H]+,QTOF
CCC(=C(c1ccc(O)cc1)c1ccc(OCCN(C)C)cc1)c1ccccc1,fit,candidate,,TXUZVZSFRXZGTL,[M+H]+,QTOF
COc1cc2c(c(OC)c1OC)-c1ccc(OC)c(=O)cc1[C@@H](NC(C)=O)CC2,fit,candidate,,IAKHMKGGTNLKSZ,[M+H]+,QTOF
COc1cc2c(c(OC)c1OC)-c1ccc(OC)c(=O)cc1C(NC(C)=O)CC2,fit,candidate,,IAKHMKGGTNLKSZ,[M+H]+,QTOF
Cc1[nH]c(C)c(Cl)c(=O)c1Cl,fit,candidate,,ZDPIZLCVJAAHHR,[M+H]+,QTOF
CC(=O)OCC(=O)[C@@]1(O)[C@@H](C)C[C@H]2[C@@H]3CCC4=CC(=O)C=C[C@]4(C)[C@@]3(F)[C@@H](O)C[C@@]21C,fit,candidate,,AKUJBENLRBOFTD,[M+H]+,QTOF
CC1CCN(CCCC(=O)c2ccc(F)cc2)CC1,fit,candidate,,DKMFBWQBDIGMHM,[M+H]+,QTOF
Cn1cc[nH]c1=S,fit,candidate,,PMRYVIKBURPHAH,[M+H]+,QTOF
CO/N=C(\C1=NOCCO1)c1ccccc1Oc1ncnc(Oc2ccccc2Cl)c1F,fit,candidate,,UFEODZBUAFNAEU,[M+H]+,QTOF
CON=C(C1=NOCCO1)c1ccccc1Oc1ncnc(Oc2ccccc2Cl)c1F,fit,candidate,,UFEODZBUAFNAEU,[M+H]+,Orbitrap
C[Si](Cn1cncn1)(c1ccc(F)cc1)c1ccc(F)cc1,fit,excluded,chem:unsupported_element:Si,FQKUGOMFVDPBIZ,[M+H]+,QTOF
CCNc1nc(NCC)[nH]c(=O)n1,fit,candidate,,YQIXRXMOJFQVBV,[M+H]+,QTOF
CC1COCc2cc3c(cc21)C(C)(C)C(C)C3(C)C,fit,candidate,,ONKNPOPIGWHAQC,[M+H]+,QTOF
C[C@]12CC[C@@H]3c4ccc(O)cc4CC[C@H]3[C@@H]1C[C@@H](O)[C@@H]2O,fit,candidate,,PROQIPRRNZUXQM,[M+H]+,Orbitrap
CCCCN(CCCC)CCCC,fit,candidate,,IMFACGCPASFAPR,[M+H]+,QTOF
Cn1c(N)nc2ncc(-c3ccccc3)cc21,fit,candidate,,UQVKZNNCIHJZLS,[M+H]+,QTOF
NC(=O)Nc1ccc(Cl)c(Cl)c1,fit,candidate,,CYESCLHCWJKRKM,[M+H]+,QTOF
Cc1cc(=O)oc2cc(N)ccc12,fit,candidate,,GLNDAGDHSLMOKX,[M+H]+,QTOF
N[C@H]1CC[C@@H](c2ccc(Cl)c(Cl)c2)c2ccccc21,fit,candidate,,SRPXSILJHWNFMK,[M+H]+,QTOF
C[C@]12C=CC(=O)C=C1CC[C@@H]1[C@@H]2[C@@H](O)C[C@@]2(C)[C@H]1CC[C@]2(O)C(=O)CO,fit,candidate,,OIGNJSKKLXVSLS,[M+H]+,QTOF
Cc1cnc2c(C(=O)O)c(Cl)ccc2c1,fit,candidate,,ALZOLUNSQWINIR,[M+H]+,QTOF
CCCCNC(=O)OCC#CI,fit,candidate,,WYVVKGNFXHOCQV,[M+H]+,QTOF
O=C1NCCN1Cc1ccc(Cl)nc1,fit,candidate,,ADWTYURAFSWNSU,[M+H]+,QTOF
O=C(CCCCC(=O)N(CCO)CCO)N(CCO)CCO,fit,candidate,,OKRNLSUTBJUVKA,[M+H]+,QTOF
CC(C)Nc1nc(N)nc(Cl)n1,fit,candidate,,DFWFIQKMSFGDCQ,[M+H]+,QTOF
COCCc1ccc(OCC(O)CNC(C)C)cc1,fit,candidate,,IUBSYMUCCVWXPE,[M+H]+,QTOF
CC(C)N1C(=O)c2ccccc2NS1(=O)=O,fit,excluded,chem:hypervalent,ZOMSMJKLGFBRBS,[M+H]+,QTOF
Nc1ncnc2c1ncn2Cc1c(F)cccc1Cl,fit,candidate,,NAPNOSFRRMHNBJ,[M+H]+,QTOF
CCCN(CCOc1c(Cl)cc(Cl)cc1Cl)C(=O)NC=O,fit,candidate,,RHDVQZWCBQXOJW,[M+H]+,QTOF
NC(=O)N1c2ccccc2C2OC2c2ccccc21,fit,candidate,,ZRWWEEVEIOGMMT,[M+H]+,QTOF
CC(=O)Nc1c(C)n(C)n(-c2ccccc2)c1=O,fit,candidate,,OIAGWXKSCXPNNZ,[M+H]+,QTOF
CO/N=C(\C(=O)OC)c1ccccc1CO/N=C(/C)c1cccc(C(F)(F)F)c1,fit,candidate,,ONCZDRURRATYFI,[M+H]+,QTOF
CCCCc1oc2ccc(NS(C)(=O)=O)cc2c1C(=O)c1ccc(OCCCN(CCCC)CCCC)cc1,fit,excluded,chem:hypervalent,ZQTNQVWKHCQYLQ,[M+H]+,QTOF
CON(C)C(=O)Nc1ccc(Cl)c(Cl)c1,fit,candidate,,XKJMBINCVNINCA,[M+H]+,QTOF
COP(=S)(OC)SCn1nnc2ccccc2c1=O,fit,excluded,chem:unsupported_element:P,CJJOSEISRRTUQB,[M+H]+,QTOF
COC(=O)c1ccc(O)cc1,fit,candidate,,LXCFILQKKLGQFO,[M+H]+,QTOF
Cc1ncc2n1-c1ccc(Cl)cc1C(c1ccccc1F)=NC2,fit,candidate,,DDLIGBOFAVUZHB,[M+H]+,QTOF
CO[C@@H]1[C@@H](OC(N)=O)[C@@H](O)[C@H](Oc2ccc3c(O)c(NC(=O)c4ccc(O)c(CC=C(C)C)c4)c(=O)oc3c2C)OC1(C)C,fit,candidate,,YJQPYGGHQPGBLI,[M+H]+,QTOF
CCCCCn1cc(C(=O)c2cccc3ccccc23)c2ccccc21,fit,candidate,,JDNLPKCAXICMBW,[M+H]+,QTOF
CCN1CCCC1CNC(=O)c1cc(S(=O)(=O)CC)c(N)cc1OC,fit,excluded,chem:hypervalent,NTJOBXMMWNYJFB,[M+H]+,QTOF
CC(=O)Nc1ccc(S(=O)(=O)Nc2ncccn2)cc1,fit,excluded,chem:hypervalent,NJIZUWGMNCUKGU,[M+H]+,QTOF
CCC(=O)N(c1ccccc1)C1CCNCC1,fit,candidate,,PMCBDBWCQQBSRJ,[M+H]+,QTOF
CC(=O)NCCCS(=O)(=O)O,fit,excluded,chem:hypervalent,AFCGFAGUEYAMAO,[M+H]+,QTOF
C#CC[N+](C)([O-])C(C)Cc1ccccc1,fit,excluded,chem:unsupported_charge,IVFPCTFUZXEDKP,[M+H]+,QTOF
C[C@]12CC[C@@H]3c4ccc(O)cc4CC[C@H]3[C@@H]1CC[C@@H]2O,fit,candidate,,VOXZDWNPVJITMN,[M+H]+,QTOF
CC(=O)Nc1ccc(O)cc1,fit,candidate,,RZVAJINKPMORJF,[M+H]+,QTOF
Cc1cccc(C)c1N(Cn1cccn1)C(=O)CS(C)=O,fit,excluded,chem:hypervalent,GFGYMDAFJMPNCC,[M+H]+,QTOF
C[C@]12C=CC(=O)C=C1CC[C@H]1[C@@H]3C[C@@H](O)[C@](O)(C(=O)CO)[C@@]3(C)C[C@H](O)[C@@]12F,fit,candidate,,GFNANZIMVAIWHM,[M+H]+,QTOF
CCOC1Oc2ccc(OS(C)(=O)=O)cc2C1(C)C,fit,excluded,chem:hypervalent,IRCMYGHHKLLGHV,[M+H]+,QTOF
CC(C)c1nc(CN(C)C(=O)N[C@H](C(=O)N[C@@H](Cc2ccccc2)C[C@H](O)[C@H](Cc2ccccc2)NC(=O)OCc2cncs2)C(C)C)cs1,fit,candidate,,NCDNCNXCDXHOMX,[M+H]+,QTOF
CCCCCCCCn1sccc1=O,fit,candidate,,JPMIIZHYYWMHDT,[M+H]+,QTOF
CN1CCN(C2=Nc3cc(Cl)ccc3Nc3ccccc32)CC1,fit,candidate,,QZUDBNBUXVUHMW,[M+H]+,QTOF
CC(C)c1ccc(NC(=O)N(C)C)cc1,fit,candidate,,PUIYMUZLKQOUOZ,[M+H]+,QTOF
CC(=O)OCC(=O)[C@@]1(O)CC[C@H]2[C@@H]3CCC4=CC(=O)CC[C@]4(C)[C@@]3(F)[C@@H](O)C[C@@]21C,fit,candidate,,SYWHXTATXSMDSB,[M+H]+,QTOF
CN(C)c1ccc(C(=O)c2ccc(N(C)C)cc2)cc1,fit,candidate,,VVBLNCFGVYUYGU,[M+H]+,QTOF
COC(=O)NC(=S)Nc1ccccc1NC(=S)NC(=O)OC,fit,candidate,,QGHREAKMXXNCOA,[M+H]+,QTOF
CNCCCC(C#N)(c1ccc(OC)c(OC)c1)C(C)C,fit,candidate,,WLOBUUJURNEQCL,[M+H]+,QTOF
O=[N+]([O-])NC1=NCCN1Cc1ccc(Cl)nc1,fit,excluded,chem:unsupported_charge,YWTYJOPNNQFBPC,[M+H]+,QTOF
O=[N+]([O-])/N=C1/NCCN1Cc1ccc(Cl)nc1,fit,excluded,chem:unsupported_charge,YWTYJOPNNQFBPC,[M+H]+,QTOF
O=[N+]([O-])N=C1NCCN1Cc1ccc(Cl)nc1,fit,excluded,chem:unsupported_charge,YWTYJOPNNQFBPC,[M+H]+,Orbitrap
CCNc1nc(Cl)nc(NCC)n1,fit,candidate,,ODCWYMIRDDJXKW,[M+H]+,QTOF
CCCCC(C#N)(Cn1cncn1)c1ccc(Cl)cc1,fit,candidate,,HZJKXKUJVSEEFU,[M+H]+,QTOF
O=[P+](c1ccccc1)c1ccccc1,fit,excluded,chem:unsupported_charge,ASUOLLHGALPRFK,[M+H]+,QTOF
CCCCCCCCCCCCOCCOCCOCCOCCO,fit,candidate,,WPMWEFXCIYCJSA,[M+H]+,QTOF
CO[C@H]1/C=C/O[C@@]2(C)Oc3c(C)c(O)c4c(O)c(c5c(nc6cc(C)ccn65)c4c3C2=O)NC(=O)/C(C)=C\C=C\[C@H](C)[C@H](O)[C@@H](C)[C@@H](O)[C@@H](C)[C@H](OC(C)=O)[C@@H]1C,fit,candidate,,NZCRJKRKKOLAOJ,[M+H]+,QTOF
O=C1CC2(CCCCC2)CN1,fit,candidate,,JAWPQJDOQPSNIQ,[M+H]+,QTOF
C=CCC1=C(C)C(OC(=O)C2C(C=C(C)C)C2(C)C)CC1=O,fit,candidate,,ZCVAOQKBXKSDMS,[M+H]+,QTOF
Nc1ccc(Cl)c(Cl)c1,fit,candidate,,SDYWXFYBZPNOFX,[M+H]+,QTOF
Cc1cnc2ccc3c(nc(N)n3C)c2n1,fit,candidate,,DVCCCQNKIYNAKB,[M+H]+,QTOF
COC(=O)N[C@H](C(=O)N[C@@H](Cc1ccccc1)[C@@H](O)CN(Cc1ccc(-c2ccccn2)cc1)NC(=O)[C@@H](NC(=O)OC)C(C)(C)C)C(C)(C)C,fit,candidate,,AXRYRYVKAWYZBR,[M+Na]+,QTOF
COC(=O)NC(C(=O)NC(Cc1ccccc1)C(O)CN(Cc1ccc(-c2ccccn2)cc1)NC(=O)C(NC(=O)OC)C(C)(C)C)C(C)(C)C,fit,candidate,,AXRYRYVKAWYZBR,[M+H]+,Orbitrap
CCNc1nc(NC(C)(C)C)[nH]c(=O)n1,fit,candidate,,OYTCZOJKXCTBHG,[M+H]+,QTOF
CC(C)N(C(=O)CS(=O)(=O)O)c1ccc(F)cc1,fit,excluded,chem:hypervalent,SZCMHDLOUVZYST,[M+H]+,QTOF
CCOC(=O)[C@H](CCc1ccccc1)N[C@@H](C)C(=O)N1CCC[C@H]1C(=O)O,fit,candidate,,GBXSMTUPTTWBMN,[M+H]+,QTOF
CCCCC(=O)N(Cc1ccc(-c2ccccc2-c2nn[nH]n2)cc1)[C@H](C(=O)O)C(C)C,fit,candidate,,ACWBQPMHZXGDFX,[M+H]+,QTOF
CC[C@H](C)C(=O)O[C@H]1C[C@@H](C)C=C2C=C[C@H](C)[C@H](CC[C@@H]3C[C@@H](O)CC(=O)O3)[C@H]21,fit,candidate,,PCZOHLXUXFIOCF,[M+H]+,QTOF
CCOC(=O)c1ccc(O)cc1,fit,candidate,,NUVBSKCKDOMJSU,[M+H]+,QTOF
O=P(O)(Oc1ccccc1)Oc1ccccc1,fit,excluded,chem:unsupported_element:P,ASMQGLCHMVWBQR,[M+H]+,QTOF
CN1C(=O)CC[C@H]1c1cccnc1,fit,candidate,,UIKROCXWUNQSPJ,[M+H]+,Orbitrap
CN1C(=O)CCC1c1cccnc1,fit,candidate,,UIKROCXWUNQSPJ,[M+H]+,Orbitrap
Cc1cccc(C)c1N(Cn1cccn1)C(=O)CS(=O)CC(=O)O,fit,excluded,chem:hypervalent,DYCHUHSHQIYFAI,[M+H]+,QTOF
O=C1Nc2ccc(Cl)cc2C(C#CC2CC2)(C(F)(F)F)O1,fit,candidate,,XPOQHMRABVBWPR,[M+H]+,QTOF
CC(C)C(=O)Nc1ccc([N+](=O)[O-])c(C(F)(F)F)c1,fit,excluded,chem:unsupported_charge,MKXKFYHWDHIYRV,[M+H]+,QTOF
CN(C)c1nc(=O)n(C2CCCCC2)c(=O)n1C,fit,candidate,,CAWXEEYDBZRFPE,[M+H]+,QTOF
CC12CC3CC(C)(C1)CC(N)(C3)C2,fit,candidate,,BUGYDGFZZOZRHP,[M+H]+,QTOF
COP(=S)(OC)Oc1ccc(SC)c(C)c1,fit,excluded,chem:unsupported_element:P,PNVJTZOFSHSLTO,[M+H]+,QTOF
Nc1nc(N)nc(N)n1,fit,candidate,,JDSHMPZPIAZGSV,[M+H]+,QTOF
CCOC(=O)Nc1cccc(OC(=O)Nc2ccccc2)c1,fit,candidate,,WZJZMXBKUWKXTQ,[M+H]+,QTOF
CCCC1COC(Cn2cncn2)(c2ccc(Cl)cc2Cl)O1,fit,candidate,,STJLVHWMYQXCPB,[M+H]+,QTOF
CCCCCCCCOC(=O)CCc1cc(C(C)(C)C)c(O)c(C(C)(C)C)c1,fit,candidate,,CFXCGWWYIDZIMU,[M+H]+,QTOF
Cc1cnc(NC(=O)C2=C(O)c3ccccc3S(=O)(=O)N2C)s1,fit,excluded,chem:hypervalent,ZRVUJXDFFKFLMG,[M+H]+,QTOF
CCNc1nc(NCC)nc(SC)n1,fit,candidate,,MGLWZSOBALDPEK,[M+H]+,QTOF
O=C(NC(=O)c1c(F)cccc1F)Nc1ccc(Oc2ccc(C(F)(F)F)cc2Cl)cc1F,fit,candidate,,RYLHNOVXKPXDIP,[M+H]+,QTOF
O=C(Nc1ccc(Cl)cc1)Nc1ccc(Cl)c(Cl)c1,fit,candidate,,ICUTUKXCWQYESQ,[M+H]+,QTOF
COc1cc(-c2ccc(N)c(OC)c2)ccc1N,fit,candidate,,JRBJSXQPQWSCCF,[M+H]+,QTOF
Nc1nnc(-c2cccc(Cl)c2Cl)c(N)n1,fit,candidate,,PYZRQGJRPPTADH,[M+H]+,QTOF
Cc1nnc(SCC2=C(C(=O)O)N3C(=O)[C@@H](NC(=O)Cn4cnnn4)[C@H]3SC2)s1,fit,candidate,,MLYYVTUWGNIJIB,[M+H]+,QTOF
CCCCCCCCn1sc(Cl)c(Cl)c1=O,fit,candidate,,PORQOHRXAJJKGK,[M+H]+,QTOF
C[C@]12CC[C@@H](O)C[C@@H]1CC[C@@H]1[C@@H]2CC[C@]2(C)C(=O)CC[C@@H]12,fit,candidate,,QGXBDMJGAMFCBF,[M+H]+,QTOF
CC1(C)CC(=O)CC(C)(C)N1,fit,candidate,,JWUXJYZVKZKLTJ,[M+H]+,QTOF
COc1ccc2c3c1O[C@H]1C(=O)CC[C@@]4(O)[C@@H](C2)N(C)CC[C@]314,fit,candidate,,BRUQQQPBMZOVGD,[M+H]+,QTOF
COc1ccc2c3c1OC1C(=O)CCC4(O)C(C2)N(C)CCC314,fit,candidate,,BRUQQQPBMZOVGD,[M+H]+,QTOF
Nc1ccc(S(=O)(=O)O)c(N)c1,fit,excluded,chem:hypervalent,JVMSQRAXNZPDHF,[M+H]+,QTOF
CN(C)CC(c1ccc(O)cc1)C1(O)CCCCC1,fit,candidate,,KYYIDSXMWOZKMP,[M+H]+,QTOF
CCc1cccc(C)c1N(C(=O)CS(=O)(=O)O)[C@@H](C)C(=O)O,fit,excluded,chem:hypervalent,WOXWIWNBIJDJHI,[M+H]+,QTOF
CC(N)Cc1cccc(C(F)(F)F)c1,fit,candidate,,MLBHFBKZUPLWBD,[M+H]+,QTOF
CC(C)c1c(C(=O)Nc2ccccc2)c(-c2ccccc2)c(-c2ccc(F)cc2)n1CC[C@@H](O)C[C@@H](O)CC(=O)O,fit,candidate,,XUKUURHRXDUEBC,[M+H]+,QTOF
COc1ccc2cc(C(C)C(=O)O)ccc2c1,fit,candidate,,CMWTZPSULFXXJA,[M+H]+,QTOF
COc1cc(Cc2cnc(N)nc2N)cc(OC)c1OC,fit,candidate,,IEDVJHCEMCRBQM,[M+H]+,QTOF
NC(=O)N1c2ccccc2[C@H](O)[C@@H](O)c2ccccc21,fit,candidate,,PRGQOPPDPVELEG,[M+H]+,QTOF
COC(=O)[C@H](c1ccccc1Cl)N1CCc2sccc2C1,fit,candidate,,GKTWGGQPFAXNFI,[M+H]+,QTOF
C[C@]12CC[C@@H]3c4ccc(O)cc4CC[C@H]3[C@@H]1CC[C@H]2O,fit,candidate,,VOXZDWNPVJITMN,[M+H]+,QTOF
C[C@H]1C[C@@H]2[C@H]([C@@H](O)C[C@@]3(C)[C@H]2CC[C@]3(O)C(=O)CO)[C@@]2(C)C=CC(=O)C=C12,fit,candidate,,VHRSUDSXCMQTMA,[M+H]+,QTOF
CC(C)OC(=O)C(C)(C)Oc1ccc(C(=O)c2ccc(Cl)cc2)cc1,fit,candidate,,YMTINGFKWWXKFG,[M+H]+,QTOF
Cc1cccc(C)c1N(Cn1cccn1)C(=O)CS(=O)(=O)O,fit,excluded,chem:hypervalent,IPVCSECPEVHQOV,[M+H]+,QTOF
CSc1nnc(C(C)(C)C)c(=O)[nH]1,fit,candidate,,MIWRSUQXSCLDNV,[M+H]+,QTOF
CNCCC(c1ccccc1)c1ccccn1,fit,candidate,,GDCVFNAQLOMGMS,[M+H]+,QTOF
Cc1cc(NS(=O)(=O)c2ccc(N)cc2)no1,fit,excluded,chem:hypervalent,JLKIGFTWXXRPMT,[M+H]+,QTOF
CCC(=O)O[C@]1(C(=O)CCl)[C@@H](C)C[C@H]2[C@@H]3CCC4=CC(=O)C=C[C@]4(C)[C@@]3(F)[C@@H](O)C[C@@]21C,fit,candidate,,CBGUOGMQLZIXBE,[M+H]+,QTOF
C[C@]12CCC(=O)C=C1[C@H](O)C[C@@H]1[C@@H]2[C@@H](O)C[C@@]2(C)[C@H]1CC[C@]2(O)C(=O)CO,fit,candidate,,GNFTWPCIRXSCQF,[M+H]+,QTOF
CNC(=O)CSP(=O)(OC)OC,fit,excluded,chem:unsupported_element:P,PZXOQEXFMJCDPG,[M+H]+,QTOF
COc1cc(OC)nc(NC(=O)NS(=O)(=O)c2ncccc2C(=O)N(C)C)n1,fit,excluded,chem:hypervalent,RTCOGUMHFFWOJV,[M+H]+,QTOF
COP(=S)(OC)Oc1ccc([N+](=O)[O-])cc1,fit,excluded,chem:unsupported_element:P,RLBIQVVOMOPOHC,[M+H]+,QTOF
CC(=O)C1(O)CCC2C3CCC4=CC(=O)CCC4(C)C3CCC21C,fit,candidate,,DBPWSSGDRRHUNT,[M+H]+,QTOF
C#C[C@]1(O)C=C[C@H]2[C@@H]3CCC4=CC(=O)CC[C@@H]4[C@H]3CC[C@@]21CC,fit,candidate,,SIGSPDASOTUPFS,[M+H]+,QTOF
NC(=O)N1c2ccccc2C(O)C(O)c2ccccc21,fit,candidate,,PRGQOPPDPVELEG,[M+H]+,QTOF
O=c1[nH]sc2ccccc12,fit,candidate,,DMSMPAJRVJJAGA,[M+H]+,QTOF
CC(=O)Nc1ccc(S(=O)(=O)Nc2nc(C)cc(C)n2)cc1,fit,excluded,chem:hypervalent,LJKAKWDUZRJNPJ,[M+H]+,QTOF
Cc1cc(C)nc(NS(=O)(=O)c2ccc(N)cc2)n1,fit,excluded,chem:hypervalent,ASWVTGNCAZCNNR,[M+H]+,QTOF
CCOCN(C(=O)C(=O)O)c1c(C)cccc1CC,fit,candidate,,OTKTUNJJKYTOFF,[M+H]+,QTOF
CN(C)S(=O)(=O)c1ccc(N)cc1,fit,excluded,chem:hypervalent,BABGMPQXLCJMSK,[M+H]+,QTOF
O=C1Nc2ccc(Cl)cc2C(c2ccccc2Cl)=NC1O,fit,candidate,,DIWRORZWFLOCLC,[M+H]+,QTOF
CNCCC(Oc1cccc2ccccc12)c1cccs1,fit,candidate,,ZEUITGRIYCTCEM,[M+H]+,QTOF
CCCc1nc2c(C)cc(-c3nc4ccccc4n3C)cc2n1Cc1ccc(-c2ccccc2C(=O)O)cc1,fit,candidate,,RMMXLENWKUUMAY,[M+H]+,QTOF
Cn1c(N)nc2c3cccnc3ccc21,fit,candidate,,ARZWATDYIYAUTA,[M+H]+,QTOF
CCC[C@@H]1O[C@@H]2C[C@H]3[C@@H]4CCC5=CC(=O)C=C[C@]5(C)[C@H]4[C@@H](O)C[C@]3(C)[C@]2(C(=O)CO)O1,fit,candidate,,VOVIALXJUBGFJZ,[M+H]+,QTOF
Cc1cc(C2CC2)nc(Nc2ccccc2)n1,fit,candidate,,HAORKNGNJCEJBX,[M+H]+,QTOF
CC(=NC#N)N(C)Cc1ccc(Cl)nc1,fit,candidate,,WCXDHFDTOYPNIE,[M+H]+,QTOF
O=C(C1CCCCC1)N1CC(=O)N2CCc3ccccc3C2C1,fit,candidate,,FSVJFNAIGNNGKK,[M+H]+,QTOF
COc1ccc(C(=O)c2ccccc2)c(O)c1,fit,candidate,,DXGLGDHPHMLXJC,[M+H]+,QTOF
CC/C(=C(\c1ccccc1)c1ccc(OCCN(C)C)cc1)c1ccccc1,fit,candidate,,NKANXQFJJICGDU,[M+H]+,QTOF
CNCCC(Oc1ccc(C(F)(F)F)cc1)c1ccccc1,fit,candidate,,RTHCYVBBDHJXIQ,[M+H]+,QTOF
CC(C)(C)C(O)C(Oc1ccc(Cl)cc1)n1cncn1,fit,candidate,,BAZVSMNPJJMILC,[M+H]+,QTOF
CC(Cc1ccc(C(C)(C)C)cc1)CN1C[C@@H](C)O[C@@H](C)C1,fit,candidate,,RYAUSSKQMZRMAI,[M+H]+,QTOF
CC(Cc1ccc(C(C)(C)C)cc1)CN1CC(C)OC(C)C1,fit,candidate,,RYAUSSKQMZRMAI,[M+H]+,Orbitrap
COc1cc2c(c3oc(=O)c4c(c13)CCOC4=O)C1C=COC1O2,fit,candidate,,XWIYFDMXXLINPU,[M+H]+,QTOF
CC(=O)O[C@]1(C(C)=O)CC[C@H]2[C@@H]3C[C@H](C)C4=CC(=O)CC[C@]4(C)[C@H]3CC[C@@]21C,fit,candidate,,PSGAAPLEWMOORI,[M+H]+,QTOF
NC(=O)C1(N2CCCCC2)CCN(CCCC(=O)c2ccc(F)cc2)CC1,fit,candidate,,AXKPFOAXAHJUAG,[M+H]+,QTOF
CCNc1nc(N)nc(Cl)n1,fit,candidate,,IVENSCMCQBJAKW,[M+H]+,QTOF
COc1nc(NC(C)C)nc(NC(C)C)n1,fit,candidate,,ISEUFVQQFVOBCY,[M+H]+,QTOF
CC(=O)c1cccc(N)c1,fit,candidate,,CKQHAYFOPRIUOM,[M+H]+,QTOF
Cc1cccc(C)c1N(Cn1cccn1)C(=O)C(=O)O,fit,candidate,,PHMHHVKFXZNTKU,[M+H]+,QTOF
C[C@H]1C[C@H]2[C@@H]3CCC4=CC(=O)C=C[C@]4(C)[C@@]3(F)[C@@H](O)C[C@]2(C)[C@@]1(O)C(=O)CCl,fit,candidate,,FCSHDIVRCWTZOX,[M+H]+,QTOF
CCN1CCN(C(=O)N[C@H](C(=O)N[C@@H]2C(=O)N3C(C(=O)O)=C(CSc4nnnn4C)CS[C@H]23)c2ccc(O)cc2)C(=O)C1=O,fit,candidate,,GCFBRXLSHGKWDP,[M+H]+,QTOF
CCC(C)(C)C(=O)O[C@H]1C[C@@H](C)C=C2C=C[C@H](C)[C@H](CC[C@@H]3C[C@@H](O)CC(=O)O3)[C@H]21,fit,candidate,,RYMZZMVNJRMUDD,[M+H]+,QTOF
CCNc1nc(NC(C)C)[nH]c(=O)n1,fit,candidate,,NFMIMWNQWAWNDW,[M+H]+,QTOF
C[C@]12CCC(=O)C=C1CC[C@@H]1[C@@H]2CC[C@@]2(C)[C@H]1CC[C@]2(C)O,fit,candidate,,GCKMFJBGXUYNAG,[M+H]+,QTOF
N=C(N)c1ccccc1,fit,candidate,,PXXJHWLDUBFPOL,[M+H]+,QTOF
CCc1cccc(C)c1NC(=O)CS(=O)(=O)O,fit,excluded,chem:hypervalent,QPVPJECIHVSBLZ,[M+H]+,QTOF
CCCCCc1cc(O)c2c(c1)OC(C)(C)C1CCC(C)=CC21,fit,candidate,,CYQFCXCEBYINGO,[M+H]+,QTOF
CO/N=C(/C(=O)OC)c1ccccc1CO/N=C(/C)c1cccc(C(F)(F)F)c1,fit,candidate,,ONCZDRURRATYFI,[M+H]+,QTOF
c1ccc2sc(SN3CCOCC3)nc2c1,fit,candidate,,MHKLKWCYGIBEQF,[M+H]+,QTOF
CCN(CCCCOC(=O)c1ccc(OC)c(OC)c1)C(C)Cc1ccc(OC)cc1,fit,candidate,,VYVKHNNGDFVQGA,[M+H]+,QTOF
CNC(=O)Nc1ccc(Cl)c(Cl)c1,fit,candidate,,IDQHRQQSSQDLTR,[M+H]+,QTOF
O=C(NCCN1CCOCC1)c1ccc(Cl)cc1,fit,candidate,,YHXISWVBGDMDLQ,[M+H]+,QTOF
On1nnc2ccccc21,fit,candidate,,ASOKPJOREAFHNY,[M+H]+,QTOF
CN1CCN(C)C1=O,fit,candidate,,CYSGHNMQYZDMIA,[M+H]+,QTOF
CC(C)(Oc1ccc(CCNC(=O)c2ccc(Cl)cc2)cc1)C(=O)O,fit,candidate,,IIBYAHWJQTYFKB,[M+H]+,QTOF
CN(C)S(=O)(=O)Nc1ccccc1,fit,excluded,chem:hypervalent,QCDQDISRALTLNQ,[M+H]+,QTOF
O=c1c(-c2ccc(O)cc2)coc2cc(O)cc(O)c12,fit,candidate,,TZBJGXHYKVUXJN,[M+H]+,QTOF
CCC(=O)OCC(=O)C1(OC(=O)CC)C(C)CC2C3CCC4=CC(=O)C=CC4(C)C3(F)C(O)CC21C,fit,candidate,,CIWBQSYVNNPZIQ,[M+H]+,QTOF
O=C(CCCN1CC=C(n2c(=O)[nH]c3ccccc32)CC1)c1ccc(F)cc1,fit,candidate,,RMEDXOLNCUSCGS,[M+H]+,QTOF
Clc1ccc2c(c1)N=C(N1CCNCC1)c1ccccc1N2,fit,candidate,,JNNOSTQEZICQQP,[M+H]+,QTOF
S=c1nc[nH]c2nc[nH]c12,fit,candidate,,GLVAUDGFNGKCSF,[M+H]+,QTOF
Cn1nnc2ccccc21,fit,candidate,,HXQHRUJXQJEGER,[M+H]+,QTOF
O=C(O)COCCN1CCN(C(c2ccccc2)c2ccc(Cl)cc2)CC1,fit,candidate,,ZKLPARSLTMPFCP,[M+H]+,QTOF
C#CC1(O)CC[C@H]2[C@@H]3CCC4=CC(=O)CC[C@@H]4[C@H]3CC[C@@]21CC,fit,candidate,,WWYNJERNGUHSAO,[M+H]+,QTOF
COCCOCCOCCOC,fit,candidate,,YFNKIDBQEZZDLK,[M+H]+,Orbitrap
C=C1C[C@@H]2[C@H](CC[C@]3(C)C(=O)CC[C@@H]23)[C@@]2(C)C=CC(=O)C=C12,fit,candidate,,BFYIZQONLCFLEV,[M+H]+,QTOF
C=C1CC2C(CCC3(C)C(=O)CCC23)C2(C)C=CC(=O)C=C12,fit,candidate,,BFYIZQONLCFLEV,[M+H]+,Orbitrap
NC(=O)c1c(Cl)cccc1Cl,fit,candidate,,JHSPCUHPSIUQRB,[M+H]+,QTOF
COC(=O)Nc1nc2ccc(Sc3ccccc3)cc2[nH]1,fit,candidate,,HDDSHPAODJUKPD,[M+H]+,QTOF
O=S(=O)(O)c1ccc2nc(-c3ccccc3)[nH]c2c1,fit,excluded,chem:hypervalent,UVCJGUGAGLDPAA,[M+H]+,QTOF
CCOCN(C(=O)CCl)c1c(C)cccc1CC,fit,candidate,,VTNQPKFIQCLBDU,[M+H]+,QTOF
CN1C(=O)CN=C(c2ccccc2F)c2cc(N)ccc21,fit,candidate,,LTCDLGUFORGHGY,[M+H]+,QTOF
CC(CCc1ccccc1)NCC(O)c1ccc(O)c(C(N)=O)c1,fit,candidate,,SGUAFYQXFOLMHL,[M+H]+,QTOF
OC(Cc1ccccc1Cl)(Cn1cncn1)C1(Cl)CC1,fit,candidate,,HHUQPWODPBDTLI,[M+H]+,QTOF
CN(C)CCC=C1c2ccccc2CCc2ccccc21,fit,candidate,,KRMDCWKBEZIMAB,[M+H]+,QTOF
CCN(CC)CC(=O)Nc1c(C)cccc1C,fit,candidate,,NNJVILVZKWQKPM,[M+H]+,QTOF
CCN(CC)CCNC(=O)c1cc(S(C)(=O)=O)ccc1OC,fit,excluded,chem:hypervalent,JTVPZMFULRWINT,[M+H]+,QTOF
CN1COCN(Cc2cnc(Cl)s2)/C1=N\[N+](=O)[O-],fit,excluded,chem:unsupported_charge,NWWZPOKUUAIXIW,[M+H]+,QTOF
CN1COCN(Cc2cnc(Cl)s2)C1=N[N+](=O)[O-],fit,excluded,chem:unsupported_charge,NWWZPOKUUAIXIW,[M+H]+,Orbitrap
CC(C)(C)Nc1nc(N)[nH]c(=O)n1,fit,candidate,,NUISVCFZNCYUIM,[M+H]+,QTOF
CC1=CC(=O)CC(C)(C)C1,fit,candidate,,HJOVHMDZYOCNQW,[M+H]+,QTOF
CNC(=O)/C=C(\C)OP(=O)(OC)OC,fit,excluded,chem:unsupported_element:P,KRTSDMXIXPKRQR,[M+H]+,QTOF
CNC(=O)C=C(C)OP(=O)(OC)OC,fit,excluded,chem:unsupported_element:P,KRTSDMXIXPKRQR,[M+Na]+,missing
CCCCC(CC)COC(=O)/C=C/c1ccc(OC)cc1,fit,candidate,,YBGZDTIWKVFICR,[M+H]+,QTOF
CCCCC(CC)COC(=O)C=Cc1ccc(OC)cc1,fit,candidate,,YBGZDTIWKVFICR,[M+H]+,missing
NC12CC3CC(CC(C3)C1)C2,fit,candidate,,DKNWSYNQZKUICI,[M+H]+,QTOF
CCN(N=O)C(C)Cc1cccc(C(F)(F)F)c1,fit,candidate,,JVGWNJLSTCQSCZ,[M+H]+,QTOF
C[C@]12CCC(=O)C=C1CC[C@@H]1[C@@H]2[C@@H](O)C[C@]2(C)C(=O)CC[C@@H]12,fit,candidate,,WSCUHXPGYUMQEX,[M+H]+,QTOF
CC(C)(C)C(=O)C(Oc1ccc(Cl)cc1)n1ccnc1,fit,candidate,,OWEGWHBOCFMBLP,[M+H]+,QTOF
CN1CCN2c3ncccc3Cc3ccccc3C2C1,fit,candidate,,RONZAEMNMFQXRA,[M+H]+,QTOF
CN1CCN2c3ncc(O)cc3Cc3ccccc3C2C1,fit,candidate,,DAWYIZBOUQIVNX,[M+H]+,QTOF
Cn1c(=O)c2c(ncn2C)n(C)c1=O,fit,candidate,,RYYVLZVUVIJVGH,[M+H]+,QTOF
CC(=O)OCC(=O)[C@@]1(O)CC[C@H]2[C@@H]3CCC4=CC(=O)CC[C@]4(C)[C@H]3[C@@H](O)C[C@@]21C,fit,candidate,,ALEXXDVDDISNDU,[M+H]+,QTOF
CC(=O)OCC(=O)C1(O)CCC2C3CCC4=CC(=O)CCC4(C)C3C(O)CC21C,fit,candidate,,ALEXXDVDDISNDU,[M+H]+,Orbitrap
CCCCCCCCCCCC(=O)NCC(C)O,fit,candidate,,MMBILEWCGWTAOV,[M+H]+,QTOF
Clc1cccc(Cl)c1NC1=NCCN1,fit,candidate,,GJSURZIOUXUGAL,[M+H]+,QTOF
Oc1cccc2n[nH]nc12,fit,candidate,,JMTMSDXUXJISAY,[M+H]+,QTOF
CC(C)(C)c1ccc(S(N)(=O)=O)cc1,fit,excluded,chem:hypervalent,KYDZEZNYRFJCSA,[M+H]+,Orbitrap
CCOP(=S)(OCC)SCn1nnc2ccccc2c1=O,fit,excluded,chem:unsupported_element:P,RQVGAIADHNPSME,[M+H]+,QTOF
CSc1nc(NC2CC2)nc(NC(C)(C)C)n1,fit,candidate,,HDHLIWCXDDZUFH,[M+H]+,QTOF
NCC(O)COc1ccc(CC(N)=O)cc1,fit,candidate,,UWMXVJVTKRSOPW,[M+H]+,QTOF
Nc1ccc2c(n1)[nH]c1ccccc12,fit,candidate,,FJTNLJLPLJDTRM,[M+H]+,QTOF
c1ccc2ncccc2c1,fit,candidate,,SMWDFEZZVXVKRB,[M+H]+,QTOF
Nc1nc2ccccc2[nH]1,fit,candidate,,JWYUFVNJZUSCSM,[M+H]+,QTOF
O=C1Nc2ccc(Cl)cc2C(c2ccccc2)=NC1O,fit,candidate,,ADIMAYPTOBDMTL,[M+H]+,QTOF
N#CN=C1SCCN1Cc1ccc(Cl)nc1,fit,candidate,,HOKKPVIRMVDYPB,[M+H]+,QTOF
COc1ccc([C@@H]2Sc3ccccc3N(CCN(C)C)C(=O)[C@@H]2O)cc1,fit,candidate,,NZHUXMZTSSZXSB,[M+H]+,QTOF
Cc1cc(-c2ccc(N)c(C)c2)ccc1N,fit,candidate,,NUIURNJTPRWVAP,[M+H]+,QTOF
Nc1ccn([C@@H]2O[C@H](CO)[C@@H](O)C2(F)F)c(=O)n1,fit,candidate,,SDUQYLNIPVEERB,[M+H]+,QTOF
CC(Cc1ccc(C(C)(C)C)cc1)CN1CCCCC1,fit,candidate,,MGNFYQILYYYUBS,[M+H]+,QTOF
CC(C(=O)O)c1cccc(C(=O)c2ccccc2)c1,fit,candidate,,DKYWVDODHFEZIM,[M+H]+,QTOF
COC(=O)Nc1nc2ccccc2[nH]1,fit,candidate,,TWFZGCMQGLPBSX,[M+H]+,QTOF
CCNC(=O)[C@@H](C)OC(=O)Nc1ccccc1,fit,candidate,,AMRQXHFXNZFDCH,[M+H]+,QTOF
COP(=S)(OC)Oc1ccc(S(C)=O)c(C)c1,fit,excluded,chem:unsupported_element:P,DLAPIMGBBDILHJ,[M+H]+,QTOF
COc1cc2c(c3oc(=O)c4c(c13)CCC4=O)C1CCOC1O2,fit,candidate,,WWSYXEZEXMQWHT,[M+H]+,QTOF
CC1(C)O[C@@H]2C[C@H]3[C@@H]4CCC5=CC(=O)C=C[C@]5(C)[C@H]4[C@@H](O)C[C@]3(C)[C@]2(C(=O)CO)O1,fit,candidate,,WBGKWQHBNHJJPZ,[M+H]+,QTOF
Cn1ncc(N)c(Cl)c1=O,fit,candidate,,XNSGCNYTNLWRKM,[M+H]+,QTOF
CSc1nc2cc(Oc3cccc(Cl)c3Cl)c(Cl)cc2[nH]1,fit,candidate,,NQPDXQQQCQDHHW,[M+H]+,QTOF
CC(NC(C)(C)C)C(=O)c1cccc(Cl)c1,fit,candidate,,SNPPWIUOZRMYNY,[M+H]+,QTOF
CNCCCC12CCC(c3ccccc31)c1ccccc12,fit,candidate,,QSLMDECMDJKHMQ,[M+H]+,QTOF
C/C=C/C(=O)N(CC)c1ccccc1C,fit,candidate,,DNTGGZPQPQTDQF,[M+H]+,QTOF
CCOC(=O)N1CCC(=C2c3ccc(Cl)cc3CCc3cccnc32)CC1,fit,candidate,,JCCNYMKQOSZNPW,[M+H]+,QTOF
Clc1ccc2c(c1)CCc1cccnc1C2=C1CCNCC1,fit,candidate,,JAUOIFJMECXRGI,[M+H]+,QTOF
Nc1ccc(-c2ccc(N)cc2)cc1,fit,candidate,,HFACYLZERDEVSX,[M+H]+,QTOF
CN(C)CCCC1(c2ccc(F)cc2)OCc2cc(C#N)ccc21,fit,candidate,,WSEQXVZVJXJVFP,[M+H]+,QTOF
COP(=O)(OC)OC=C(Cl)Cl,fit,excluded,chem:unsupported_element:P,OEBRKCOSUFCWJD,[M+H]+,QTOF
CCCCCCCCCCCCN(C)C,fit,candidate,,YWFWDNVOPHGWMX,[M+H]+,QTOF
CCCCCCCCCCCC[N+](C)(C)[O-],fit,excluded,chem:unsupported_charge,SYELZBGXAIXKHU,[M+H]+,QTOF
O=C1CCCC=CCCCCCCCCCC1,fit,candidate,,ABRIMXGLNHCLIP,[M+H]+,QTOF
O=C(O)COCC[N+]1([O-])CCN(C(c2ccccc2)c2ccc(Cl)cc2)CC1,fit,excluded,chem:unsupported_charge,IVDOUUOLLFEMJQ,[M+H]+,QTOF
NC(=O)N1c2ccccc2C=Cc2ccccc21,fit,candidate,,FFGPTBGBLSHEPO,[M+H]+,QTOF
CN(C)C1CSSSC1,fit,candidate,,DNVLJEWNNDHELH,[M+H]+,QTOF
CN(Cc1cnc2nc(N)nc(N)c2n1)c1ccc(C(=O)N[C@@H](CCC(=O)O)C(=O)O)cc1,fit,candidate,,FBOZXECLQNJBKD,[M+H]+,QTOF
COc1cc(OC)nc(NS(=O)(=O)c2ccc(NC(C)=O)cc2)n1,fit,excluded,chem:hypervalent,DQWIIKBKAIPUPY,[M+H]+,QTOF
CCc1cccc(C)c1N(C(=O)CCl)C(C)COC,fit,candidate,,WVQBLGZPHOPPFO,[M+H]+,QTOF
CNCCC=C1c2ccccc2CCc2ccccc21,fit,candidate,,PHVGLTMQBUFIQQ,[M+H]+,QTOF
CC(CN1c2ccccc2Sc2ccccc21)N(C)C,fit,candidate,,PWWVAXIEGOYWEE,[M+H]+,QTOF
c1ccc2c(c1)[nH]c1ncccc12,fit,candidate,,BPMFPOGUJAAYHL,[M+H]+,QTOF
CCCC(=O)Nc1ccc(OCC(O)CNC(C)C)c(C(C)=O)c1,fit,candidate,,GOEMGAFJFRBGGG,[M+H]+,QTOF
CCc1cccc(C)c1N1C(=O)COCC1C,fit,candidate,,DVBDYPDVNRJKNJ,[M+H]+,QTOF
O=c1cc(O)c2ccccc2o1,fit,candidate,,VXIXUWQIVKSKSA,[M+H]+,QTOF
CCOC(=O)C(C)(C)Oc1ccc(Cl)cc1,fit,candidate,,KNHUKKLJHYUCFP,[M+H]+,QTOF
C[C@]12CCC(=O)C=C1[C@@H]1C[C@@H]1[C@H]1[C@@H]3[C@@H]4C[C@@H]4[C@@]4(CCC(=O)O4)[C@@]3(C)CC[C@@H]12,fit,candidate,,METQSPRSQINEEU,[M+H]+,QTOF
Cc1cccc(Nc2ccncc2S(=O)(=O)NC(=O)NC(C)C)c1,fit,excluded,chem:hypervalent,NGBFQHCMQULJNZ,[M+H]+,QTOF
CCC1(c2ccccc2)C(=O)NCNC1=O,fit,candidate,,DQMZLTXERSFNPB,[M+H]+,QTOF
O=C(O)CCC(=O)c1ccc(F)cc1,fit,candidate,,WUYWHIAAQYQKPP,[M+H]+,QTOF
Cc1c(Nc2ncccc2C(=O)O)cccc1C(F)(F)F,fit,candidate,,NOOCSNJCXJYGPE,[M+H]+,QTOF
COCC(=O)N(c1c(C)cccc1C)C(C)C(=O)OC,fit,candidate,,ZQEIXNIJLIKNTD,[M+H]+,QTOF
CC(=O)Oc1ccc2c3c1O[C@H]1[C@@H](OC(C)=O)C=C[C@H]4[C@@H](C2)N(C)CC[C@@]341,fit,candidate,,GVGLGOZIDCSQPN,[M+H]+,QTOF
C[C@]12CC[C@H](O)C[C@@H]1CC[C@@H]1[C@@H]2CC[C@]2(C)C(=O)CC[C@@H]12,fit,candidate,,QGXBDMJGAMFCBF,[M+H]+,QTOF
CC12CCC3C(CCC4CC(O)CCC43C)C1CCC2=O,fit,candidate,,QGXBDMJGAMFCBF,[M+H]+,Orbitrap
CC1Cc2ccccc2N1NC(=O)c1ccc(Cl)c(S(N)(=O)=O)c1,fit,excluded,chem:hypervalent,NDDAHWYSQHTHNT,[M+H]+,QTOF
C[N+](C)([O-])CCC(c1ccccc1)c1ccccn1,fit,excluded,chem:unsupported_charge,OBBDJQMNZLQVAZ,[M+H]+,QTOF
CCOC(=O)NCCOc1ccc(Oc2ccccc2)cc1,fit,candidate,,HJUFTIJOISQSKQ,[M+H]+,QTOF
CCNc1nc(NC(C)(C)C)nc(SC)n1,fit,candidate,,IROINLKCQGIITA,[M+H]+,QTOF
CCCCCCCCCCCC(=O)N(CCO)CCO,fit,candidate,,AOMUHOFOVNGZAN,[M+H]+,QTOF
NCCN1CCNCC1,fit,candidate,,IMUDHTPIFIBORV,[M+H]+,QTOF
Cc1ccc(N(C)C=N)c(C)c1,fit,candidate,,UBLNTZNUSGCINZ,[M+H]+,QTOF
CC1=CC2OC3C(O)CC(C)(C34CO4)C2(CO)C(O)C1=O,fit,candidate,,LINOMUASTDIRTM,[M+H]+,QTOF
Nc1ccc(S(=O)(=O)c2ccc(N)cc2)cc1,fit,excluded,chem:hypervalent,MQJKPEGWNLWLTK,[M+H]+,QTOF
CN(C)C[C@H]1CCCC[C@]1(O)c1cccc(O)c1,fit,candidate,,UWJUQVWARXYRCG,[M+H]+,QTOF
COc1ccc2c(c1)[nH]c1c(C)nccc12,fit,candidate,,BXNJHAXVSOCGBA,[M+H]+,QTOF
CN1C(=O)[C@H](O)C[C@H]1c1cccnc1,fit,candidate,,XOKCJXZZNAUIQN,[M+H]+,QTOF
Nc1cnn(-c2ccccc2)c(=O)c1Cl,fit,candidate,,WYKYKTKDBLFHCY,[M+H]+,QTOF
Fc1ccc(C2(Cn3cncn3)OC2c2ccccc2Cl)cc1,fit,candidate,,ZMYFCFLJBGAQRS,[M+H]+,QTOF
O=c1c(-c2ccc(O)cc2)coc2cc(O)ccc12,fit,candidate,,ZQSIJRDFPHDXIC,[M+H]+,QTOF
O=P1(NCCCl)OCCCN1CCCl,fit,excluded,chem:unsupported_element:P,HOMGKSMUEGBAAB,[M+H]+,QTOF
Cc1cc(C(C)(C)C)c(O)c(C(C)(C)C)c1,fit,candidate,,NLZUEZXRPGMBCV,[M+H]+,QTOF
CN[C@H]1CC[C@@H](c2ccc(Cl)c(Cl)c2)c2ccccc21,fit,candidate,,VGKDLMBJGBXTGI,[M+H]+,QTOF
CNC1CCC(c2ccc(Cl)c(Cl)c2)c2ccccc21,fit,candidate,,VGKDLMBJGBXTGI,[M+H]+,QTOF
COCN(COC)c1nc(N(COC)COC)nc(N(COC)COC)n1,fit,candidate,,BNCADMBVWNPPIZ,[M+H]+,QTOF
CCCCn1cc(C(=O)c2cccc3ccccc23)c2ccccc21,fit,candidate,,VCHHHSMPMLNVGS,[M+H]+,QTOF
N[C@@H](Cc1cc(I)c(Oc2cc(I)c(O)c(I)c2)c(I)c1)C(=O)O,fit,candidate,,XUIIKFGFIJCVMT,[M+H]+,QTOF
NC(Cc1cc(I)c(Oc2cc(I)c(O)c(I)c2)c(I)c1)C(=O)O,fit,candidate,,XUIIKFGFIJCVMT,[M+H]+,Orbitrap
CN(C)CC/C=C1/c2ccccc2COc2ccc(CC(=O)O)cc21,fit,candidate,,JBIMVDZLSHOPLA,[M+H]+,QTOF
CCCN(CCC)C(=O)SCc1ccccc1,fit,candidate,,NQLVQOSNDJXLKG,[M+H]+,QTOF
CCCCOCCOCCOCc1cc2c(cc1CCC)OCO2,fit,candidate,,FIPWRIJSWJWJAI,[M+H]+,QTOF
CCCCCOC(=O)Nc1nc(=O)n([C@@H]2O[C@H](C)[C@@H](O)[C@H]2O)cc1F,fit,candidate,,GAGWJHPBXLXJQN,[M+H]+,QTOF
CCCCCOC(=O)Nc1nc(=O)n(C2OC(C)C(O)C2O)cc1F,fit,candidate,,GAGWJHPBXLXJQN,[M+H]+,Orbitrap
CSc1nc(N)nc(NC(C)(C)C)n1,fit,candidate,,MWWBDLRPMWTLRX,[M+H]+,QTOF
CN(C)C[C@@H]1CCCC(O)[C@H]1c1cccc(O)c1,fit,candidate,,RSMYYINTIXFRCJ,[M+H]+,QTOF
c1ccc2nc3ccccc3cc2c1,fit,candidate,,DZBUGLKDJFMEHC,[M+H]+,QTOF
COCCCCC(=NOCCN)c1ccc(C(F)(F)F)cc1,fit,candidate,,CJOFXWAVKWHTFT,[M+H]+,QTOF
Cc1cccc(Nc2ccccc2C(=O)O)c1C,fit,candidate,,HYYBABOKPJLUIN,[M+H]+,QTOF
COc1cccc([C@@]2(O)CCCC[C@@H]2CN(C)C)c1,fit,candidate,,TVYLLZQTGLZFBW,[M+H]+,QTOF
CC(C)NCC(O)c1ccc(NS(C)(=O)=O)cc1,fit,excluded,chem:hypervalent,ZBMZVLHSJCTVON,[M+H]+,QTOF
Cc1c(N(C)C)c(=O)n(-c2ccccc2)n1C,fit,candidate,,RMMXTBMQSGEXHJ,[M+H]+,QTOF
NC(=Nc1ccccc1)Nc1ccccc1,fit,candidate,,OWRCNXZUPFZXOS,[M+H]+,QTOF
O=C(c1ccc(OCCN2CCCCC2)cc1)c1c(-c2ccc(O)cc2)sc2cc(O)ccc12,fit,candidate,,GZUITABIAKMVPG,[M+H]+,QTOF
CN1CCN(C(=O)OC2c3nccnc3C(=O)N2c2ccc(Cl)cn2)CC1,fit,candidate,,GBBSUAFBMRNDJC,[M+H]+,QTOF
NC(=O)N=C1SCCN1Cc1ccc(Cl)nc1,fit,candidate,,LEZHOZPJYAQQNU,[M+H]+,QTOF
c1ccc(-c2ccc(C(c3ccccc3)n3ccnc3)cc2)cc1,fit,candidate,,OCAPBUJLXMYKEJ,[M+H]+,QTOF
CCOP(=O)(OCC)OC(=CCl)c1ccc(Cl)cc1Cl,fit,excluded,chem:unsupported_element:P,FSAVDKDHPDSCTO,[M+H]+,QTOF
C[C@]12CCC(=O)C=C1CC[C@@H]1[C@@H]2CC[C@]2(C)C(=O)CC[C@@H]12,fit,candidate,,AEMFNILZOJDQLW,[M+H]+,QTOF
Cc1cccc(C)c1NC(=O)CS(=O)(=O)O,fit,excluded,chem:hypervalent,ZNKNVJGSYJFDHT,[M+H]+,QTOF
COc1cccc(C2(O)CCCCC2CN)c1,fit,candidate,,QNPPIKMBCJUUTG,[M+H]+,QTOF
CN(C)S(=O)(=O)N(SC(F)(Cl)Cl)c1ccccc1,fit,excluded,chem:hypervalent,WURGXGVFSMYFCG,[M+H]+,QTOF
CC1(C)CCC(Cc2ccc(Cl)cc2)C1(O)Cn1cncn1,fit,candidate,,XWPZUHJBOLQNMN,[M+H]+,QTOF
CC[N+]([O-])(CC)CC(=O)Nc1c(C)cccc1C,fit,excluded,chem:unsupported_charge,YDVXPJXUHRROBA,[M+H]+,QTOF
CO/N=C(\C(=O)O)c1ccccc1CO/N=C(/C)c1cccc(C(F)(F)F)c1,fit,candidate,,ISZQNKFXNXQTTF,[M+H]+,QTOF
O=S(=O)(O)c1nc2ccccc2s1,fit,excluded,chem:hypervalent,ZCXGMSGCBDSEOY,[M+H]+,QTOF
CCN(CC)CC#CCOC(=O)C(O)(c1ccccc1)C1CCCCC1,fit,candidate,,XIQVNETUBQGFHX,[M+H]+,QTOF
CC(=O)[C@H]1CC[C@H]2[C@@H]3C=CC4=CC(=O)CC[C@@]4(C)[C@@H]3CC[C@]12C,fit,candidate,,JGMOKGBVKVMRFX,[M+H]+,QTOF
C[C@@H]1C[C@H]2[C@@H]3CCC4=CC(=O)C=C[C@]4(C)[C@@]3(Cl)[C@@H](O)C[C@]2(C)[C@@]1(OC(=O)c1ccco1)C(=O)CCl,fit,candidate,,WOFMFGQZHJDGCX,[M+H]+,QTOF
CN1C(=O)C(O)N=C(c2ccccc2)c2cc(Cl)ccc21,fit,candidate,,SEQDDYPDSLOBDC,[M+H]+,QTOF
CN1C[C@@H]2C[C@H]1CN2c1cc2c(cc1F)c(=O)c(C(=O)O)cn2C1CC1,fit,candidate,,QMLVECGLEOSESV,[M+H]+,QTOF
Nc1ccc(N=Nc2ccccc2)cc1,fit,candidate,,QPQKUYVSJWQSDY,[M+H]+,QTOF
CCc1cccc(C)c1N(C(=O)CS(=O)(=O)O)C(C)COC,fit,excluded,chem:hypervalent,CIGKZVUEZXGYSV,[M+H]+,QTOF
CC(=O)[C@@]1(O)CC[C@H]2[C@@H]3C=C(Cl)C4=CC(=O)[C@@H]5C[C@@H]5[C@]4(C)[C@H]3CC[C@@]21C,fit,candidate,,DUSHUSLJJMDGTE,[M+H]+,QTOF
CC(=O)O[C@]1(C(C)=O)CC[C@H]2[C@@H]3C=C(C)C4=CC(=O)CC[C@]4(C)[C@H]3CC[C@@]21C,fit,candidate,,RQZAXGRLVPAYTJ,[M+H]+,QTOF
COc1cc2c(c3oc(=O)c4c(c13)CCOC4=O)C1CCOC1O2,fit,candidate,,WPCVRWVBBXIRMA,[M+H]+,QTOF
OCc1ncc2n1-c1ccc(Cl)cc1C(c1ccccc1F)=NC2,fit,candidate,,QHSMEGADRFZVNE,[M+H]+,QTOF
Cc1nc2n(c(=O)c1CCN1CCC(c3noc4cc(F)ccc34)CC1)CCCC2,fit,candidate,,RAPZEAPATHNIPO,[M+H]+,QTOF
CC(=O)CC(c1ccccc1)c1c(O)c2ccccc2oc1=O,fit,candidate,,PJVWKTKQMONHTI,[M+H]+,QTOF
CC(C)Nc1nc(N)[nH]c(=O)n1,fit,candidate,,GCKLGRUZDXSATG,[M+H]+,Orbitrap
COc1ccc(C(CN(C)C)C2(O)CCCCC2)cc1,fit,candidate,,PNVNVHUZROJLTJ,[M+H]+,QTOF
CCNc1ccc2c(C)cc(=O)oc2c1,fit,candidate,,OTNIKUTWXUODJZ,[M+H]+,QTOF
CCN(CC)CCN1C(=O)CN=C(c2ccccc2F)c2cc(Cl)ccc21,fit,candidate,,SAADBVWGJQAEFS,[M+H]+,QTOF
O=c1[nH]c2ccccc2n1CCCN1CCC(n2c(=O)[nH]c3cc(Cl)ccc32)CC1,fit,candidate,,FGXWKSZFVQUSTL,[M+H]+,QTOF
Cc1cc(=O)[nH]c(C(C)C)n1,fit,candidate,,AJPIUNPJBFBUKK,[M+H]+,QTOF
CC(C)NCC(O)COc1ccc(CC(N)=O)cc1,fit,candidate,,METKIMKYRPQLGS,[M+H]+,QTOF
CC(C)N(C(=O)C(=O)O)c1ccccc1,fit,candidate,,HYHJOUPYTUBFIX,[M+H]+,QTOF
Nc1cccc2cc(S(=O)(=O)O)ccc12,fit,excluded,chem:hypervalent,UWPJYQYRSWYIGZ,[M+H]+,QTOF
CCCCCCCCCCN(C)C,fit,candidate,,YWWNNLPSZSEZNZ,[M+H]+,QTOF
CCCNCC(O)COc1ccccc1C(=O)CCc1ccccc1,fit,candidate,,JWHAUXFOSRPERK,[M+H]+,QTOF
CCC(C)(CC)c1cc(NC(=O)c2c(OC)cccc2OC)on1,fit,candidate,,PMHURSZHKKJGBM,[M+H]+,QTOF
O=P1(N(CCCl)CCCl)NCCCO1,fit,excluded,chem:unsupported_element:P,CMSMOCZEIVJLDB,[M+H]+,QTOF
CC(C)Nc1ccc(Nc2ccccc2)cc1,fit,candidate,,OUBMGJOQLXMSNT,[M+H]+,QTOF
COC(=O)NN=Cc1c[n+]([O-])c2ccccc2[n+]1[O-],fit,excluded,chem:unsupported_charge,OVGGLBAWFMIPPY,[M+H]+,QTOF
CCCCCCCCCCC[C@@H](C[C@@H]1OC(=O)[C@H]1CCCCCC)OC(=O)[C@H](CC(C)C)NC=O,fit,candidate,,AHLBNYSZXLDEJQ,[M+H]+,QTOF
O=C1C=C2C(=CCOC2O)O1,fit,candidate,,ZRWPUFFVAOMMNM,[M+H]+,Orbitrap
CCc1cccc(CC)c1N(COC)C(=O)CCl,fit,candidate,,XCSGPAVHZFQHGE,[M+H]+,QTOF
COc1ccc(C(CN)C2(O)CCCCC2)cc1,fit,candidate,,SUQHIQRIIBKNOR,[M+H]+,QTOF
C[C@]12CC(=O)[C@H]3[C@@H](CCC4=CC(=O)CC[C@@]43C)[C@@H]1CC[C@@H]2O,fit,candidate,,WTPMRQZHJLJSBO,[M+H]+,QTOF
COc1ccc2c3c1O[C@H]1[C@@H](O)C=C[C@H]4[C@@H](C2)N(C)CC[C@@]341,fit,candidate,,OROGSEYTTFOCAN,[M+H]+,QTOF
COc1ccc2c3c1OC1C(O)C=CC4C(C2)N(C)CCC341,fit,candidate,,OROGSEYTTFOCAN,[M+H]+,QTOF
O=c1[nH]cnc2[nH]ncc12,fit,candidate,,OFCNXPDARWKPPY,[M+H]+,QTOF
O=c1[nH]c2ccccc2s1,fit,candidate,,YEDUAINPPJYDJZ,[M+H]+,QTOF
Cc1cccc(C(=O)O)c1N(Cn1cccn1)C(=O)C(=O)O,fit,candidate,,DFJUHFNLKWOTIZ,[M+H]+,QTOF
CCOC(=O)C1=C(C)NC(C)=C(C(=O)OC)C1c1cccc([N+](=O)[O-])c1,fit,excluded,chem:unsupported_charge,PVHUJELLJLJGLN,[M+H]+,QTOF
NCCC(Oc1ccc(C(F)(F)F)cc1)c1ccccc1,fit,candidate,,WIQRCHMSJFFONW,[M+H]+,QTOF
CN(Cc1nc2c(N)nc(N)nc2[nH]c1=O)c1ccc(C(=O)N[C@@H](CCC(=O)O)C(=O)O)cc1,fit,candidate,,HODZDDDNGRLGSI,[M+H]+,QTOF
CCOc1cc(NC(C)=O)ccc1C(=O)OC,fit,candidate,,GOVWOKSKFSBNGD,[M+H]+,QTOF
COc1ccc2c(c1)c(CC(=O)O)c(C)n2C(=O)c1ccc(Cl)cc1,fit,candidate,,CGIGDMFJXJATDK,[M+H]+,QTOF
Fc1ccc(Oc2ccnc3cc(Cl)cc(Cl)c23)cc1,fit,candidate,,WRPIRSINYZBGPK,[M+H]+,QTOF
CCC(C)OC(=O)N1CCCCC1CCO,fit,candidate,,QLHULAHOXSSASE,[M+H]+,QTOF
CN1C(=O)CN=C(c2ccccc2)c2cc(Cl)ccc21,fit,candidate,,AAOVKJBEBIDNHE,[M+H]+,QTOF
O=c1c2ccccc2[nH]c2ccccc12,fit,candidate,,FZEYVTFCMJSGMP,[M+H]+,QTOF
CCC(CC)Nc1c([N+](=O)[O-])cc(C)c(C)c1[N+](=O)[O-],fit,excluded,chem:unsupported_charge,CHIFOSRWCNZCFN,[M+H]+,QTOF
CC(C)(C)NCC(O)c1cc(O)cc(O)c1,fit,candidate,,XWTYSIMOBUGWOL,[M+H]+,QTOF
C#C[C@]1(OC(C)=O)CC[C@H]2[C@@H]3CCC4=C/C(=N\O)CC[C@@H]4[C@H]3CC[C@@]21CC,fit,candidate,,KIQQMECNKUGGKA,[M+H]+,QTOF
Cc1nnc(-c2ccccc2)c(=O)[nH]1,fit,candidate,,OUSYWCQYMPDAEO,[M+H]+,QTOF
c1nc[nH]n1,fit,candidate,,NSPMIYGKQJPBQR,[M+H]+,QTOF
CCn1cc(C(=O)O)c(=O)c2cc3c(cc21)OCO3,fit,candidate,,KYGZCKSPAKDVKC,[M+H]+,QTOF
Cln1nnc2ccccc21,fit,candidate,,INOGLHRUEYDAHX,[M+H]+,QTOF
O=C(O)Cc1c[nH]c2ccccc12,fit,candidate,,SEOVTRFCIGRIMH,[M+H]+,QTOF
NCC1(CC(=O)O)CCCCC1,fit,candidate,,UGJMXCAKCUNAIE,[M+H]+,QTOF
Nc1ccc(S(=O)(=O)Nc2ccccn2)cc1,fit,excluded,chem:hypervalent,GECHUMIMRBOMGK,[M+H]+,QTOF
CC1(C)O[C@@H]2C[C@H]3[C@@H]4C[C@H](F)C5=CC(=O)C=C[C@]5(C)[C@H]4[C@@H](O)C[C@]3(C)[C@]2(C(=O)CO)O1,fit,candidate,,XSFJVAJPIHIPKU,[M+H]+,QTOF
CN1CC(=O)NC1=N,fit,candidate,,DDRJAANPRJIHGJ,[M+H]+,Orbitrap
CO/N=C1/C[C@]2(C[C@@H]3C[C@@H](C/C=C(\C)C[C@@H](C)/C=C/C=C4\CO[C@@H]5[C@H](O)C(C)=C[C@@H](C(=O)O3)[C@]45O)O2)O[C@H](/C(C)=C/C(C)C)[C@H]1C,fit,candidate,,YZBLFMPOMVTDJY,[M+H]+,QTOF
NC(=O)c1ccc(N)cc1,fit,candidate,,QIKYZXDTTPVVAC,[M+H]+,QTOF
O=C(CC(C(=O)OC1CCCCC1)S(=O)(=O)O)OC1CCCCC1,fit,excluded,chem:hypervalent,QPSVFNQMURAADJ,[M+H]+,QTOF
CCNS(=O)(=O)c1ccccc1C,fit,excluded,chem:hypervalent,NATWUQFQFMZVMT,[M+H]+,QTOF
C#C[C@]1(O)CC[C@H]2[C@@H]3CCC4=CC(=O)CC[C@@H]4[C@H]3CC[C@@]21C,fit,candidate,,VIKNJXKGJWUCNN,[M+H]+,QTOF
CC(=O)OCC(=O)[C@@]12OC3(CCCC3)O[C@@H]1C[C@H]1[C@@H]3CCC4=CC(=O)C=C[C@]4(C)[C@@]3(F)[C@@H](O)C[C@@]12C,fit,candidate,,ILKJAFIWWBXGDU,[M+H]+,QTOF
O=C1CN=C(c2ccccc2F)c2cc(Cl)ccc2N1,fit,candidate,,UVCOILFBWYKHHB,[M+H]+,QTOF
COC(=O)[C@H](Cc1ccccc1)NC(=O)[C@@H](N)CC(=O)O,fit,candidate,,IAOZJIPTCAWIRG,[M+H]+,QTOF
COC(=O)C(Cc1ccccc1)NC(=O)C(N)CC(=O)O,fit,candidate,,IAOZJIPTCAWIRG,[M+H]+,Orbitrap
C[C@H](CS)C(=O)N1CCC[C@H]1C(=O)O,fit,candidate,,FAKRSMQSSFJEIM,[M+H]+,QTOF
CON(C)C(=O)Nc1ccc(Br)cc1,fit,candidate,,WLFDQEVORAMCIM,[M+H]+,QTOF
CN1CCN(c2cc3c(cc2F)c(=O)c(C(=O)O)cn3-c2ccc(F)cc2)CC1,fit,candidate,,NOCJXYPHIIZEHN,[M+H]+,QTOF
CCCCC(CC)COC(=O)C(C#N)=C(c1ccccc1)c1ccccc1,fit,candidate,,FMJSMJQBSVNSBF,[M+H]+,QTOF
C[C@]12CCC(=O)C[C@@H]1CC[C@@H]1[C@@H]2CC[C@]2(C)[C@@H](O)CC[C@@H]12,fit,candidate,,NVKAWKQGWWIWPM,[M+H]+,QTOF
COC(=O)[C@@H]1C2CCC(C[C@@H]1O)N2C,fit,candidate,,QIQNNBXHAYSQRY,[M+H]+,QTOF
CC(=O)c1cc(C(C)(C)C)cc2c1CCC2(C)C,fit,candidate,,IKTHMQYJOWTSJO,[M+H]+,QTOF
CCOCCN(C(=O)CCl)C(=C(C)C)c1ccccc1,fit,candidate,,CSWIKHNSBZVWNQ,[M+H]+,QTOF
CO/C=C(/C(=O)OC)c1ccccc1COc1cccc(C(F)(F)F)n1,fit,candidate,,IBSNKSODLGJUMQ,[M+H]+,QTOF
COC=C(C(=O)OC)c1ccccc1COc1cccc(C(F)(F)F)n1,fit,candidate,,IBSNKSODLGJUMQ,[M+H]+,Orbitrap
COC(=O)N(C(=O)N1CO[C@@]2(C(=O)OC)Cc3cc(Cl)ccc3C2=N1)c1ccc(OC(F)(F)F)cc1,fit,candidate,,VBCVPMMZEGZULK,[M+H]+,QTOF
COC(=O)N(C(=O)N1COC2(C(=O)OC)Cc3cc(Cl)ccc3C2=N1)c1ccc(OC(F)(F)F)cc1,fit,candidate,,VBCVPMMZEGZULK,[M+H]+,missing
Cc1ccc(S(N)(=O)=O)cc1,fit,excluded,chem:hypervalent,LMYRWZFENFIFIT,[M+H]+,QTOF
Cc1cc2c(s1)Nc1ccccc1N=C2N1CCN(C)CC1,fit,candidate,,KVWDHTXUZHCGIO,[M+H]+,QTOF
C[C@@H]1C[C@H]2[C@@H]3C[C@H](F)C4=CC(=O)C=C[C@]4(C)[C@H]3[C@@H](O)C[C@]2(C)[C@@]1(O)C(=O)CO,fit,candidate,,MKPDWECBUAZOHP,[M+H]+,QTOF
CN(C)CC/C=C1/c2ccccc2COc2ccccc21,fit,candidate,,ODQWQRRAPPTVAG,[M+H]+,QTOF
CC(C)c1ccc2sc3ccccc3c(=O)c2c1,fit,candidate,,KTALPKYXQZGAEG,[M+H]+,QTOF
CC1COc2c(N3CCN(C)CC3)c(F)cc3c(=O)c(C(=O)O)cn1c23,fit,candidate,,GSDSWSVVBLHKDQ,[M+H]+,QTOF
COC(=O)Nc1cccc(OC(=O)Nc2cccc(C)c2)c1,fit,candidate,,IDOWTHOLJBTAFI,[M+H]+,QTOF
NC(=O)C1CCNCC1,fit,candidate,,DPBWFNDFMCCGGJ,[M+H]+,QTOF
O=C(/C=C/C=C/c1ccc2c(c1)OCO2)N1CCCCC1,fit,candidate,,MXXWOMGUGJBKIW,[M+H]+,QTOF
O=C(C=CC=Cc1ccc2c(c1)OCO2)N1CCCCC1,fit,candidate,,MXXWOMGUGJBKIW,[M+H]+,Orbitrap
O=C(NC(=O)c1c(F)cccc1F)Nc1ccc(Cl)cc1,fit,candidate,,QQQYTWIFVNKMRW,[M+H]+,QTOF
Nc1ccc(S(=O)(=O)Nc2nccs2)cc1,fit,excluded,chem:hypervalent,JNMRHUJNCSQMMB,[M+H]+,QTOF
c1ccc2sc(N3CCOCC3)nc2c1,fit,candidate,,VVUVJGRVEYHIHC,[M+H]+,QTOF
O=C(O)COCCN1CCN([C@H](c2ccccc2)c2ccc(Cl)cc2)CC1,fit,candidate,,ZKLPARSLTMPFCP,[M+H]+,QTOF
CC(=O)Nc1ccc(O)c(C(=O)O)c1,fit,candidate,,GEFDRROBUCULOD,[M+H]+,QTOF
CCC(=O)C(CC(C)N(C)C)(c1ccccc1)c1ccccc1,fit,candidate,,USSIQXCVUWKGNF,[M+H]+,QTOF
CC(N)Cc1ccccc1,fit,candidate,,KWTSXDURSIMDCE,[M+H]+,Orbitrap
Cc1ccc(-c2cc(C(F)(F)F)nn2-c2ccc(S(N)(=O)=O)cc2)cc1,fit,excluded,chem:hypervalent,RZEKVGVHFLEQIL,[M+H]+,QTOF
CC(C)Oc1cc(-n2nc(C(C)(C)C)oc2=O)c(Cl)cc1Cl,fit,candidate,,CHNUNORXWHYHNE,[M+H]+,QTOF
N#C[C@@H]1CCCN1C(=O)CNC12CC3CC(CC(O)(C3)C1)C2,fit,candidate,,SYOKIDBDQMKNDQ,[M+H]+,QTOF
Cc1ccc(C)c(OCCCC(C)(C)C(=O)O)c1,fit,candidate,,HEMJJKBWTPKOJG,[M+H]+,QTOF
COC(=O)Nc1nc2ccc(C(=O)c3ccccc3)cc2[nH]1,fit,candidate,,OPXLLQIJSORQAM,[M+H]+,QTOF
COc1ccnc(CS(=O)c2nc3ccc(OC(F)F)cc3[nH]2)c1OC,fit,excluded,chem:hypervalent,IQPSEEYGBUAQFF,[M+H]+,QTOF
CCCN(CCC)CCc1cccc2c1CC(=O)N2,fit,candidate,,UHSKFQJFRQCDBE,[M+H]+,QTOF
O=C1Cc2ccccc2N1,fit,candidate,,JYGFTBXVXVMTGB,[M+H]+,QTOF
O=C(O)Cc1ccccc1Nc1c(Cl)cccc1Cl,fit,candidate,,DCOPUUMXTXDBNB,[M+H]+,QTOF
Cc1nccc2c1[nH]c1ccccc12,fit,candidate,,PSFDQSOCUJVVGF,[M+H]+,QTOF
CN(C)C(=O)C(CCN1CCC(O)(c2ccc(Cl)cc2)CC1)(c1ccccc1)c1ccccc1,fit,candidate,,RDOIQAHITMMDAJ,[M+H]+,QTOF
CC(=O)Nc1ccc(S(=O)(=O)Nc2nccs2)cc1,fit,excluded,chem:hypervalent,KXNXWINFSDKMHD,[M+H]+,QTOF
CC(C)(C)Nc1nc(N)nc(Cl)n1,fit,candidate,,LMKQNTMFZLAJDV,[M+H]+,QTOF
O=C(O)COC(=O)Cc1ccccc1Nc1c(Cl)cccc1Cl,fit,candidate,,MNIPYSSQXLZQLJ,[M+H]+,Orbitrap
COCCN(C(=O)CS(=O)(=O)O)c1c(C)cccc1C,fit,excluded,chem:hypervalent,RVSCDWJKJDBFRS,[M+H]+,QTOF
CC(=O)C1(C)CC2=C(CCCC2(C)C)CC1C,fit,candidate,,FVUGZKDGWGKCFE,[M+H]+,Orbitrap
Cc1ncc([N+](=O)[O-])n1CCCO,fit,excluded,chem:unsupported_charge,DUOHVNSMLSPTMI,[M+H]+,QTOF
O=C(NC(CO)C(O)c1ccc([N+](=O)[O-])cc1)C(Cl)Cl,fit,excluded,chem:unsupported_charge,WIIZWVCIJKGZOK,[M+H]+,QTOF
CC(C)N(C(=O)C(=O)O)c1ccc(F)cc1,fit,candidate,,FFKNXXCOXIZLJD,[M+H]+,QTOF
CC(C)(C)C(O)(CCc1ccc(Cl)cc1)Cn1cncn1,fit,candidate,,PXMNMQRDXWABCY,[M+H]+,QTOF
COc1ccc(C(C[N+](C)(C)[O-])C2(O)CCCCC2)cc1,fit,excluded,chem:unsupported_charge,LASJEFFANGIOGZ,[M+H]+,QTOF
COc1cccc(C2(O)CCCCC2C[N+](C)(C)[O-])c1,fit,excluded,chem:unsupported_charge,HBXKSXMNNGHBEA,[M+H]+,QTOF
CNC(=O)O/N=C(/C)SC,fit,candidate,,UHXUZOCRWCRNSJ,[M+H]+,QTOF
O=Cc1ccccc1Nc1ccccc1Cl,fit,candidate,,DAAHPDZFLSFYPJ,[M+H]+,QTOF
Cc1ccc(NC(=O)N(C)C)cc1Cl,fit,candidate,,JXCGFZXSOMJFOA,[M+H]+,QTOF
Fc1ccc(C2CCNCC2COc2ccc3c(c2)OCO3)cc1,fit,candidate,,AHOUBRCZNHFOSL,[M+H]+,QTOF
CCN1CCCC1CNC(=O)c1cc(S(N)(=O)=O)ccc1OC,fit,excluded,chem:hypervalent,BGRJTUBHPOOWDU,[M+H]+,QTOF
Clc1ccc(COC(Cn2ccnc2)c2ccc(Cl)cc2Cl)c(Cl)c1,fit,candidate,,BYBLEWFAAKGYCD,[M+H]+,QTOF
CC(=O)[C@@]1(O)CC[C@H]2[C@@H]3C[C@H](C)C4=CC(=O)C=C[C@]4(C)[C@@]3(F)[C@@H](O)C[C@@]21C,fit,candidate,,FAOZLTXFLGPHNG,[M+H]+,QTOF
CCC(=O)O[C@]1(C(=O)SCF)[C@H](C)C[C@H]2[C@@H]3C[C@H](F)C4=CC(=O)C=C[C@]4(C)[C@@]3(F)[C@@H](O)C[C@@]21C,fit,candidate,,WMWTYOKRWGGJOA,[M+H]+,QTOF
CCCOc1nn(C(=O)NS(=O)(=O)c2ccccc2C(=O)OC)c(=O)n1C,fit,excluded,chem:hypervalent,JTHMVYBOQLDDIY,[M+H]+,QTOF
CCOC(=O)C1=C[C@@H](OC(CC)CC)[C@H](NC(C)=O)[C@@H](N)C1,fit,candidate,,VSZGPKBBMSAYNT,[M+H]+,QTOF
CCOC(=O)C1=CC(OC(CC)CC)C(NC(C)=O)C(N)C1,fit,candidate,,VSZGPKBBMSAYNT,[M+H]+,Orbitrap
CN(C/C=C/C#CC(C)(C)C)Cc1cccc2ccccc12,fit,candidate,,DOMXUEMWDBAQBQ,[M+H]+,QTOF
CCOc1cc(CC(=O)N[C@@H](CC(C)C)c2ccccc2N2CCCCC2)ccc1C(=O)O,fit,candidate,,FAEKWTJYAYMJKF,[M+H]+,QTOF
CCCCNS(=O)(=O)c1ccccc1,fit,excluded,chem:hypervalent,IPRJXAGUEGOFGG,[M+H]+,QTOF
COC(=O)Nc1nc2ccc(C(=O)c3ccc(F)cc3)cc2[nH]1,fit,candidate,,CPEUVMUXAHMANV,[M+H]+,QTOF
O=[N+]([O-])c1cc[n+]([O-])c2ccccc12,fit,excluded,chem:unsupported_charge,YHQDZJICGQWFHK,[M+H]+,QTOF
CCC(=O)N(c1ccccc1)C1CCN(CCc2ccccc2)CC1,fit,candidate,,PJMPHNIQZUBGLI,[M+H]+,QTOF
CN(C)C(=O)Nc1ccccc1,fit,candidate,,XXOYNJXVWVNOOJ,[M+H]+,QTOF
COc1ccc(NS(=O)(=O)c2ccc(N)cc2)nn1,fit,excluded,chem:hypervalent,VLYWMPOKSSWJAL,[M+H]+,QTOF
NC(N)=NS(=O)(=O)c1ccc(N)cc1,fit,excluded,chem:hypervalent,BRBKOPJOKNSWSG,[M+H]+,QTOF
CC1(C)CC(O)CC(C)(C)N1CCO,fit,candidate,,STEYNUVPFMIUOY,[M+H]+,QTOF
CCCCCCCCCCOc1cc2c(=O)c(C(=O)OCC)c[nH]c2cc1OCC,fit,candidate,,JHAYEQICABJSTP,[M+H]+,QTOF
COc1cc2c(c3oc(=O)c4c(c13)CCC4=O)C1C=COC1O2,fit,candidate,,OQIQSTLJSLGHID,[M+H]+,QTOF
[O-][n+]1cccc2ccccc21,fit,excluded,chem:unsupported_charge,GIIWGCBLYNDKBO,[M+H]+,QTOF
COP(=O)(NC(C)=O)SC,fit,excluded,chem:unsupported_element:P,YASYVMFAVPKPKE,[M+H]+,QTOF
CC(=O)N(CC(O)CO)c1c(I)c(C(=O)NCC(O)CO)c(I)c(C(=O)NCC(O)CO)c1I,fit,candidate,,NTHXOOBQLCIOLC,[M+H]+,QTOF
Cc1ccc(C=C2C(=O)C3(C)CCC2C3(C)C)cc1,fit,candidate,,HEOCBCNFKCOKBX,[M+H]+,QTOF
CC1COC(=O)c2cc3c(cc21)C(C)(C)C(C)C3(C)C,fit,candidate,,PGMHPYRIXBRRQD,[M+H]+,QTOF
Cc1ccc(C(=O)C(C)N2CCCC2)cc1,fit,candidate,,APSJUNFBAXIXLK,[M+H]+,QTOF
Cc1ccc(N=CN(C)C=Nc2ccc(C)cc2C)c(C)c1,fit,candidate,,QXAITBQSYVNQDR,[M+H]+,QTOF
c1ccc2c(c1)[nH]c1ccncc12,fit,excluded,fit_content_duplicate,RDMFHRSPDKWERA,[M+H]+,QTOF
CO/N=C(/C(=O)OC)c1ccccc1COc1ccccc1C,fit,candidate,,ZOTBXTZVPHCKPN,[M+H]+,QTOF
CN/C(=N/[N+](=O)[O-])NCc1cnc(Cl)s1,fit,excluded,chem:unsupported_charge,PGOOBECODWQEAB,[M+H]+,QTOF
CN=C(NCc1cnc(Cl)s1)N[N+](=O)[O-],fit,excluded,chem:unsupported_charge,PGOOBECODWQEAB,[M+H]+,QTOF
O=C1CN=C(c2ccccc2)c2cc(Cl)ccc2N1,fit,candidate,,AKPLHCDWDRPJGD,[M+H]+,QTOF
CCCN(CCOc1c(Cl)cc(Cl)cc1Cl)C(=O)n1ccnc1,fit,candidate,,TVLSRXXIMLFWEO,[M+H]+,QTOF
NCCc1cnc[nH]1,fit,candidate,,NTYJJOPFIAHURM,[M+H]+,QTOF
Nc1c(Br)cc(Br)cc1CNC1CCC(O)CC1,fit,candidate,,JBDGDEWWOUBZPM,[M+H]+,QTOF
CCc1cccc(C)c1N(C(=O)C(=O)O)C(C)C(=O)O,fit,candidate,,IMFSUYMDPTXKCC,[M+H]+,QTOF
CCN(CC)c1ccc2c(C)cc(=O)oc2c1,fit,candidate,,AFYCEAFSNDLKSX,[M+H]+,QTOF
Nc1ncn[nH]1,fit,candidate,,KLSJWNVTNUYHDU,[M+H]+,QTOF
CC(C1CC1)C(O)(Cn1cncn1)c1ccc(Cl)cc1,fit,candidate,,UFNOUKDBUJZYDE,[M+H]+,QTOF
CN1C(=O)CC(=O)N(c2ccccc2)c2cc(Cl)ccc21,fit,candidate,,CXOXHMZGEKVPMT,[M+H]+,QTOF
C=CCN(CC=C)C(=O)C(Cl)Cl,fit,candidate,,YRMLFORXOOIJDR,[M+H]+,QTOF
CCCSc1ccc2nc(NC(=O)OC)[nH]c2c1,fit,candidate,,HXHWSAZORRCQMX,[M+H]+,QTOF
CNC(=O)Oc1cc(C)c(SC)c(C)c1,fit,candidate,,YFBPRJGDJKVWAH,[M+H]+,QTOF
COC(=O)Nc1nc2ccc(S(=O)c3ccccc3)cc2[nH]1,fit,excluded,chem:hypervalent,BEZZFPOZAYTVHN,[M+H]+,QTOF
O=C(O)c1cn(-c2ccc(F)cc2)c2cc(N3CCNCC3)c(F)cc2c1=O,fit,candidate,,XBHBWNFJWIASRO,[M+H]+,QTOF
CN(C)C(=N)N=C(N)N,fit,candidate,,XZWYZXLIPXDOLR,[M+H]+,QTOF
CO/N=C(/C(=O)N[C@@H]1C(=O)N2C(C(=O)O)=C(CSC(=O)c3ccco3)CS[C@H]12)c1csc(N)n1,fit,candidate,,ZBHXIWJRIFEVQY,[M+H]+,QTOF
CCCCOC(=O)c1ccc(O)cc1,fit,candidate,,QFOHBWFCKVYLES,[M+H]+,QTOF
Clc1ccccc1C(c1ccccc1)(c1ccccc1)n1ccnc1,fit,candidate,,VNFPBHJOKIVQEB,[M+H]+,QTOF
CCOC(=O)c1ccc(N)cc1,fit,candidate,,BLFLLBZGZJTVJG,[M+H]+,QTOF
CCN(CC)CCNC(=O)c1cc(Cl)c(N)cc1OC,fit,candidate,,TTWJBBZEZQICBI,[M+H]+,QTOF
CCc1cccc(CC)c1N(COC)C(=O)C(=O)O,fit,candidate,,MHCYOELBTPOBIU,[M+H]+,QTOF
COc1ncnc(NS(=O)(=O)c2ccc(N)cc2)c1OC,fit,excluded,chem:hypervalent,PJSFRIWCGOHTNF,[M+H]+,QTOF
C[C@]12C=CC3=C4CCC(=O)C=C4CCC3C1CC[C@@H]2O,fit,candidate,,MEHHPFQKXOUFFV,[M+H]+,QTOF
CC(C)(C)c1ccc(CSc2cnn(C(C)(C)C)c(=O)c2Cl)cc1,fit,candidate,,DWFZBUWUXWZWKD,[M+H]+,QTOF
CNC(=O)Oc1cccc2ccccc12,fit,candidate,,CVXBEEMKQHEXEN,[M+H]+,QTOF
COCC(C)N(C(=O)C(=O)O)c1c(C)csc1C,fit,candidate,,HOYCASTVMCEOTP,[M+H]+,QTOF
CN1CCCC1=O,fit,candidate,,SECXISVLQFMRJM,[M+H]+,QTOF
Cc1nc(N(C)C)nc(OC(=O)N(C)C)c1C,fit,candidate,,YFGYUFNIOHWBOB,[M+H]+,QTOF
CC1COC(Cn2cncn2)(c2ccc(Oc3ccc(Cl)cc3)cc2Cl)O1,fit,candidate,,BQYJATMQXGBDHF,[M+H]+,QTOF
CNC(C)C(=O)c1ccc(C)cc1,fit,candidate,,YELGFTGWJGBAQU,[M+H]+,QTOF
O=c1n(CCCN2CCN(c3cccc(Cl)c3)CC2)nc2ccccn12,fit,candidate,,PHLBKPHSAVXXEF,[M+H]+,QTOF
Cc1cc(O)cc(C)c1S(C)=O,fit,excluded,chem:hypervalent,ZHBBDQFXEDCQFI,[M+H]+,QTOF
CC1(C)O[C@@H]2C[C@H]3[C@@H]4CCC5=CC(=O)C=C[C@]5(C)[C@@]4(F)[C@@H](O)C[C@]3(C)[C@]2(C(=O)CO)O1,fit,excluded,fit_content_duplicate,YNDXUCZADRHECN,[M+H]+,QTOF
COCC(C)N(C(=O)CCl)c1c(C)csc1C,fit,candidate,,JLYFCTQDENRSOL,[M+H]+,QTOF
NC1=NCCN1Cc1ccc(Cl)nc1,fit,candidate,,UEQZFAGVRGWPDK,[M+H]+,QTOF
Nc1nc(N)nc(Cl)n1,fit,candidate,,FVFVNNKYKYZTJU,[M+H]+,Orbitrap
Nc1ccc(S(=O)(=O)Nc2ncccn2)cc1,fit,excluded,chem:hypervalent,SEEPANYCNGTZFQ,[M+H]+,QTOF
COCC(C)N(C(=O)CS(=O)(=O)O)c1c(C)csc1C,fit,excluded,chem:hypervalent,YMYKMSAZEZQEER,[M+H]+,QTOF
CCCNCCOc1c(Cl)cc(Cl)cc1Cl,fit,candidate,,CLFQSOIBYICELN,[M+H]+,QTOF
CCN(CC)C(=O)C(C)Oc1cccc2ccccc12,fit,candidate,,WXZVAROIGSFCFJ,[M+H]+,QTOF
CS(=O)(=O)CCNCc1ccc(-c2ccc3ncnc(Nc4ccc(OCc5cccc(F)c5)c(Cl)c4)c3c2)o1,fit,excluded,chem:hypervalent,BCFGMOOMADDAQU,[M+H]+,QTOF
CN(Cc1cc(Br)cc(Br)c1N)C1CCCCC1,fit,candidate,,OJGDCBLYJGHCIH,[M+H]+,Orbitrap
CC(=O)OCC(=O)[C@@]1(O)[C@H](C)C[C@H]2[C@@H]3CCC4=CC(=O)C=C[C@]4(C)[C@@]3(F)[C@@H](O)C[C@@]21C,fit,candidate,,AKUJBENLRBOFTD,[M+H]+,QTOF
CC(=O)OCC(=O)C1(O)C(C)CC2C3CCC4=CC(=O)C=CC4(C)C3(F)C(O)CC21C,fit,candidate,,AKUJBENLRBOFTD,[M+H]+,Orbitrap
CCNc1nc(NC(C)C)nc(SC)n1,fit,candidate,,RQVYBGPQFYCBGX,[M+H]+,QTOF
Cc1nnc(NS(=O)(=O)c2ccc(N)cc2)s1,fit,excluded,chem:hypervalent,VACCAVUAMIDAGB,[M+H]+,QTOF
Nc1ccc(-c2ccc(N)c(Cl)c2)cc1Cl,fit,candidate,,HUWXDEQWWKGHRV,[M+H]+,QTOF
c1ccc2sc(NC3CCCCC3)nc2c1,fit,candidate,,UPWPIFMHSFSVLE,[M+H]+,QTOF
COc1cc(NS(=O)(=O)c2ccc(N)cc2)nc(OC)n1,fit,excluded,chem:hypervalent,ZZORFUFYDOWNEF,[M+H]+,QTOF
CC12CCC(=O)C=C1C=CC1[C@@H]2CCC2(C)[C@H]1CCC21CCC(=O)O1,fit,candidate,,UJVLDDZCTMKXJK,[M+H]+,QTOF
NCCCCN=C(N)N,fit,candidate,,QYPPJABKJHAVHS,[M+H]+,QTOF
Cc1nc2n(c(=O)c1CCN1CCC(c3noc4cc(F)ccc34)CC1)CCCC2O,fit,candidate,,PMXMIIMHBWHSKN,[M+H]+,QTOF
c1ccc2c(c1)Cc1ccccc1N1CCNCC21,fit,candidate,,ZBILSSSEXRZGKS,[M+H]+,QTOF
COc1ccc2nc(S(=O)Cc3ncc(C)c(OC)c3C)[nH]c2c1,fit,excluded,chem:hypervalent,SUBDBMMJDZJVOS,[M+H]+,QTOF
COC(=O)[C@H](C)N(C(=O)Cc1ccccc1)c1c(C)cccc1C,fit,candidate,,CJPQIRJHIZUAQP,[M+H]+,QTOF
CN(C)NC(=O)CCC(=O)O,fit,candidate,,NOQGZXFMHARMLW,[M+H]+,QTOF
CNCC(c1ccc(O)cc1)C1(O)CCCCC1,fit,candidate,,MMSWXJSQCAEDLK,[M+H]+,QTOF
CC(C)c1ccc(N)cc1,fit,candidate,,LRTFPLFDLJYEKT,[M+H]+,QTOF
O=C(NCC1CCCCN1)c1cc(OCC(F)(F)F)ccc1OCC(F)(F)F,fit,candidate,,DJBNUMBKLMJRSA,[M+H]+,QTOF
Cn1cnc2c1c(=O)n(CCCC(=O)O)c(=O)n2C,fit,candidate,,WKASGTGXOGALBG,[M+H]+,QTOF
C/C=C1\N(C)C(C)CC1(c1ccccc1)c1ccccc1,fit,candidate,,AJRJPORIQGYFMT,[M+H]+,QTOF
CC[N+]1([O-])CCCC1CNC(=O)c1cc(S(=O)(=O)CC)c(N)cc1OC,fit,excluded,chem:unsupported_charge,LLIKIPAUZJTRGB,[M+H]+,QTOF
CC(=O)c1ccc2ccccc2c1,fit,candidate,,XSAYZAUNJMRRIR,[M+H]+,Orbitrap
CC(C)(Oc1ccc(C(=O)c2ccc(Cl)cc2)cc1)C(=O)O,fit,candidate,,MQOBSOSZFYZQOK,[M+H]+,QTOF
CCOC(=O)C1=C(COCCN)NC(C)=C(C(=O)OC)C1c1ccccc1Cl,fit,candidate,,HTIQEAQVCYTUBX,[M+H]+,QTOF
O=S(=O)(c1ccc(O)cc1)c1ccc(O)cc1,fit,excluded,chem:hypervalent,VPWNQTHUCYMVMZ,[M+H]+,QTOF
CC(=O)c1cc2c(cc1C)C(C)(C)C(C)C2(C)C,fit,candidate,,VDBHOHJWUDKDRW,[M+H]+,QTOF
COCCOCCOCCOCCOC,fit,candidate,,ZUHZGEOKBKGPSW,[M+H]+,QTOF
CCNC(C)Cc1cccc(C(F)(F)F)c1,fit,candidate,,DBGIVFWFUFKIQN,[M+H]+,QTOF
CCCc1nc(C)c2c(=O)[nH]c(-c3cc(S(=O)(=O)N4CCN(CC)CC4)ccc3OCC)nn12,fit,excluded,chem:hypervalent,SECKRCOLJRRGGV,[M+H]+,QTOF
CCN(CC)C(=O)c1cccc(C)c1,fit,candidate,,MMOXZBCLCQITDF,[M+H]+,QTOF
C#CCNC(C)Cc1ccccc1,fit,candidate,,UUFAJPMQSFXDFR,[M+H]+,QTOF
Cn1sc(Cl)cc1=O,fit,candidate,,DHNRXBZYEKSXIM,[M+H]+,QTOF
CCCCCCCCCCCCCCN(C)C,fit,candidate,,SFBHPFQSSDCYSL,[M+H]+,QTOF
CCN(CCO)CCCC(C)Nc1ccnc2cc(Cl)ccc12,fit,candidate,,XXSMGPRMXLTPCZ,[M+H]+,QTOF
CC(C)Nc1nc(NC(C)C)[nH]c(=O)n1,fit,candidate,,RUOTUMSRCIMLJK,[M+H]+,QTOF
NC(=O)c1ccccc1C(=O)O,fit,candidate,,CYMRPDYINXWJFU,[M+H]+,QTOF
c1ccc([C@H]2CN3CCSC3=N2)cc1,fit,candidate,,HLFSDGLLUJUHTE,[M+H]+,QTOF
c1ccc(C2CN3CCSC3=N2)cc1,fit,candidate,,HLFSDGLLUJUHTE,[M+H]+,QTOF
NC1CCCCC1,fit,candidate,,PAFZNILMFXTMIY,[M+H]+,QTOF
Cc1c(C=O)c(=O)n(-c2ccccc2)n1C,fit,candidate,,QFYZFYDOEJZMDX,[M+H]+,QTOF
CC1CN(C2CCCCCCCCCCC2)CC(C)O1,fit,candidate,,JMXKCYUTURMERF,[M+H]+,QTOF
c1ccc(CN2CCNCC2)cc1,fit,candidate,,IQXXEPZFOOTTBA,[M+H]+,QTOF
CCOP(=S)(OCC)Oc1ccc2c(C)c(Cl)c(=O)oc2c1,fit,excluded,chem:unsupported_element:P,BXNANOICGRISHX,[M+H]+,QTOF
COCCOCCOC,fit,candidate,,SBZXBUIDTXKZTM,[M+H]+,Orbitrap
NC(=O)N1c2ccccc2C=Cc2cc(O)ccc21,fit,candidate,,VPZIYMMSJFWLSP,[M+H]+,QTOF
COCCN(C(=O)CCl)c1c(C)cccc1C,fit,candidate,,SCCDDNKJYDZXMM,[M+H]+,QTOF
CN1C2CCC1[C@@H](C(=O)O)[C@@H](OC(=O)c1ccccc1)C2,fit,candidate,,GVGYEFKIHJTNQZ,[M+H]+,QTOF
CNC(=O)Oc1cc(C)c(S(C)=O)c(C)c1,fit,excluded,chem:hypervalent,FNCMBMZOZQAWJA,[M+H]+,QTOF
O=C(O)c1cccnc1Nc1cccc(C(F)(F)F)c1,fit,candidate,,JZFPYUNJRRFVQU,[M+H]+,Orbitrap
CN1C(=O)CN=C(c2ccccc2F)c2cc([N+](=O)[O-])ccc21,fit,excluded,chem:unsupported_charge,PPTYJKAXVCCBDU,[M+H]+,QTOF
O=C(CCCN1CCC(O)(c2ccc(Cl)cc2)CC1)c1ccc(F)cc1,fit,candidate,,LNEPOXFFQSENCJ,[M+H]+,QTOF
CC(C)NCC(O)COc1ccc(CC(=O)O)cc1,fit,candidate,,PUQIRTNPJRFRCZ,[M+H]+,QTOF
CSc1nnc(C(C)(C)C)c(=O)n1N,fit,candidate,,FOXFZRUHNHCZPX,[M+H]+,QTOF
O=C(OC1CCCCC1)c1ccccc1C(=O)OC1CCCCC1,fit,candidate,,VOWAEIGWURALJQ,[M+H]+,QTOF
COc1ccc(Cc2cnc(N)nc2N)cc1OC,fit,candidate,,LDBTVAXGKYIFHO,[M+H]+,QTOF
Cc1c(Nc2ncc(O)cc2C(=O)O)cccc1C(F)(F)F,fit,candidate,,JSXNJGKWSWRIGA,[M+H]+,QTOF
COc1cc(O)c(C(=O)c2ccccc2)cc1S(=O)(=O)O,fit,excluded,chem:hypervalent,CXVGEDCSTKKODG,[M+H]+,QTOF
c1cncc(C2CCCN2)c1,fit,candidate,,MYKUKUCHPMASKF,[M+H]+,QTOF
CN(C)CCCN1c2ccccc2Sc2ccc(Cl)cc21,fit,candidate,,ZPEIMTDSQAKGNT,[M+H]+,QTOF
CCCCC1C(=O)N(c2ccccc2)N(c2ccccc2)C1=O,fit,candidate,,VYMDGNCVAMGZFE,[M+H]+,QTOF
Cc1nc(NS(=O)(=O)c2ccc(N)cc2)oc1C,fit,excluded,chem:hypervalent,CYFLXLSBHQBMFT,[M+H]+,QTOF
CCN1CCN(c2cc3c(cc2F)c(=O)c(C(=O)O)cn3C2CC2)CC1,fit,candidate,,SPFYMRJSYKOXGV,[M+H]+,QTOF
CC(C)N(C(=O)CCl)c1ccccc1,fit,candidate,,MFOUDYKPLGXPGO,[M+H]+,QTOF
CC(=O)CCCCn1c(=O)c2c(ncn2C)n(C)c1=O,fit,candidate,,BYPFEZZEUUWMEJ,[M+H]+,QTOF
CCCOC(=O)NCCCN(C)C,fit,candidate,,WZZLDXDUQPOXNW,[M+H]+,QTOF
CC(C)(C)NCC(O)c1cc(Cl)c(N)c(C(F)(F)F)c1,fit,candidate,,JSJCTEKTBOKRST,[M+H]+,QTOF
CCCCC(=O)OC1(C(=O)CO)C(C)CC2C3CCC4=CC(=O)C=CC4(C)C3(F)C(O)CC21C,fit,candidate,,SNHRLVCMMWUAJD,[M+H]+,QTOF
CC(C)OC(=O)Nc1cccc(Cl)c1,fit,candidate,,CWJSHJJYOPWUGX,[M+H]+,QTOF
C[C@@H](N)[C@@H](O)c1ccccc1,fit,candidate,,DLNKOYKMWOXYQA,[M+H]+,QTOF
C=C(C)C(N)=O,fit,candidate,,FQPSGWSUVKBHSU,[M+H]+,QTOF
O=c1c(CCN2CCC(c3noc4cc(F)ccc34)CC2)cnc2n1CCCC2O,fit,candidate,,CSQXUYGPAMNXJT,[M+H]+,QTOF
CCCCc1c(C)nc(NCC)nc1OS(=O)(=O)N(C)C,fit,excluded,chem:hypervalent,DSKJPMWIHSOYEA,[M+H]+,QTOF
CCCCCCCCCCCCNC,fit,candidate,,OMEMQVZNTDHENJ,[M+H]+,QTOF
Nc1ccc(S(=O)(=O)Nc2cncc(Cl)n2)cc1,fit,excluded,chem:hypervalent,QKLPUVXBJHRFQZ,[M+H]+,QTOF
CN(C)S(N)(=O)=O,fit,excluded,chem:hypervalent,QMHAHUAQAJVBIW,[M+H]+,QTOF
CCCS(=O)(=O)c1ccc2nc(NC(=O)OC)[nH]c2c1,fit,excluded,chem:hypervalent,CLSJYOLYMZNKJB,[M+H]+,QTOF
O=C(O)Cc1c[nH]c2ccc(O)cc12,fit,candidate,,DUUGKQCEGZLZNO,[M+H]+,QTOF
COc1nc(C)nc(N)n1,fit,candidate,,NXFQWRWXEYTOTK,[M+H]+,Orbitrap
CCCOP(=O)(OCCC)OCCC,fit,excluded,chem:unsupported_element:P,RXPQRKFMDQNODS,[M+H]+,QTOF
CCCCC(CC)COP(=O)(O)OCC(CC)CCCC,fit,excluded,chem:unsupported_element:P,SEGLCEQVOFDUPX,[M+H]+,Orbitrap
Cc1nnc2n1-c1ccc(Cl)cc1C(c1ccccc1)=NC2,fit,candidate,,VREFGVBLTWBCJP,[M+H]+,QTOF
C[C@@H]1C[C@H]2[C@@H]3CCC4=CC(=O)C=C[C@]4(C)[C@@]3(F)[C@@H](O)C[C@]2(C)[C@@]1(O)C(=O)CO,fit,candidate,,UREBDLICKHMUKA,[M+H]+,QTOF
CC1CC2C3CCC4=CC(=O)C=CC4(C)C3(F)C(O)CC2(C)C1(O)C(=O)CO,fit,candidate,,UREBDLICKHMUKA,[M+H]+,QTOF
CCn1cc(C(=O)O)c(=O)c2cc(F)c(N3CCNCC3)cc21,fit,candidate,,OGJPXUAPXNRGGI,[M+H]+,QTOF
Cc1cc(=O)[nH]c(=S)[nH]1,fit,candidate,,HWGBHCRJGXAGEU,[M+H]+,QTOF
Fc1ccc([C@@H]2CCNC[C@H]2COc2ccc3c(c2)OCO3)cc1,fit,candidate,,AHOUBRCZNHFOSL,[M+H]+,QTOF
Nc1ccc(S(N)(=O)=O)cc1,fit,excluded,chem:hypervalent,FDDDEECHVMSUSB,[M+H]+,QTOF
CC(C)N(C(=O)CS(=O)(=O)O)c1ccccc1,fit,excluded,chem:hypervalent,BFSZJLBDHMMCAH,[M+H]+,QTOF
CC(C)(C)c1cccc(C(C)(C)C)c1O,fit,candidate,,DKCPKDPYUFEZCP,[M+H]+,QTOF
C[C@]12CC[C@@H]3c4ccc(O)cc4CC[C@H]3[C@@H]1CCC2=O,fit,candidate,,DNXHEGUUPJUMQT,[M+H]+,QTOF
O=C1CN=C(c2ccccn2)c2cc(Br)ccc2N1,fit,candidate,,VMIYHDSEFNYJSL,[M+H]+,QTOF
CC(CCc1ccc(O)cc1)NCC(O)c1ccc(O)cc1,fit,candidate,,YJQZYXCXBBCEAQ,[M+H]+,QTOF
CNC(C)Cc1ccccc1,fit,candidate,,MYWUZJCMWCOHBA,[M+H]+,QTOF
CN(C)c1ccc(C(c2ccccc2)c2ccc(N(C)C)cc2)cc1,fit,candidate,,WZKXBGJNNCGHIC,[M+H]+,QTOF
COC(=O)[C@H]1[C@@H](OC(=O)c2ccccc2)C[C@@H]2CC[C@H]1N2C,fit,candidate,,ZPUCINDJVBIVPJ,[M+H]+,QTOF
COC(=O)C1C(OC(=O)c2ccccc2)CC2CCC1N2C,fit,candidate,,ZPUCINDJVBIVPJ,[M+H]+,Orbitrap
CC1C(C)(C)C2=C(C(=O)CCC2)C1(C)C,fit,candidate,,MIZGSAALSYARKU,[M+H]+,QTOF
Nc1[nH]c(=O)ncc1F,fit,candidate,,XRECTZIEBJDKEO,[M+H]+,QTOF
CC[C@H]1OC(=O)C[C@@H](O)[C@H](C)[C@@H](O[C@@H]2O[C@H](C)[C@@H](O)[C@H](N(C)C)[C@H]2O)[C@@H](CCN2C[C@H](C)C[C@H](C)C2)C[C@@H](C)C(=O)/C=C/C(C)=C/[C@@H]1CO[C@@H]1O[C@H](C)[C@@H](O)[C@@H](OC)[C@H]1OC,fit,candidate,,JTSDBFGMPLKDCD,[M+H]+,QTOF
CN=C1CN(O)C(c2ccccc2)=c2cc(Cl)ccc2=N1,fit,candidate,,BUCORZSTKDOEKQ,[M+H]+,QTOF
Oc1ccc2ccccc2c1N=Nc1ccccc1,fit,candidate,,MRQIXHXHHPWVIL,[M+H]+,QTOF
Cc1ccnc(NS(=O)(=O)c2ccc(N)cc2)n1,fit,excluded,chem:hypervalent,QPPBRPIAZZHUNT,[M+H]+,QTOF
Nc1nc(N)c2nc(-c3ccccc3)c(N)nc2n1,fit,candidate,,FNYLWPVRPXGIIP,[M+H]+,QTOF
CNC(C)Cc1ccc2c(c1)OCO2,fit,candidate,,SHXWCVYOXRDMCX,[M+H]+,QTOF
CC1=C(C(=O)O)N2C(=O)[C@@H](NC(=O)[C@H](N)c3ccccc3)[C@H]2SC1,fit,candidate,,ZAIPMKNFIOOWCQ,[M+H]+,QTOF
CC1=C(C(=O)O)N2C(=O)C(NC(=O)C(N)c3ccccc3)C2SC1,fit,candidate,,ZAIPMKNFIOOWCQ,[M+H]+,Orbitrap
O=C1CN=C(c2ccccc2)c2cc([N+](=O)[O-])ccc2N1,fit,excluded,chem:unsupported_charge,KJONHKAYOJNZEC,[M+H]+,QTOF
NC1(c2ccccc2Cl)CCCCC1=O,fit,candidate,,BEQZHFIKTBVCAU,[M+H]+,QTOF
CN1CCN(c2c(F)cc3c(=O)c(C(=O)O)cn4c3c2OCN4C)CC1,fit,candidate,,BPFYOAJNDMUVBL,[M+H]+,QTOF
Nc1ccc(S(=O)(=O)Nc2ccc(Cl)nn2)cc1,fit,excluded,chem:hypervalent,XOXHILFPRYWFOD,[M+H]+,QTOF
C=CCOc1ccccc1OCC(O)CNC(C)C,fit,candidate,,CEMAWMOMDPGJMB,[M+H]+,Orbitrap
CC(=O)OC1C=CC2C3Cc4ccc(O)c5c4C2(CCN3C)C1O5,fit,candidate,,JJGYGPZNTOPXGV,[M+H]+,QTOF
CCNc1nc(Cl)nc(NC(C)(C)C)n1,fit,candidate,,FZXISNSWEXTPMF,[M+H]+,QTOF
NC(=O)C1CCCN1,fit,candidate,,VLJNHYLEOZPXFW,[M+H]+,Orbitrap
NC(=O)N=C(N)N,fit,candidate,,SQSPRWMERUQXNE,[M+H]+,QTOF
O=P(O)(O)Oc1ccccc1,fit,excluded,chem:unsupported_element:P,CMPQUABWPXYYSH,[M+H]+,QTOF
CCNC(C)Cc1ccc2c(c1)OOC2,fit,candidate,,SKPIISDJIUTQMZ,[M+H]+,QTOF
O=C1CCCCC/C=C\CCCCCCCCO1,fit,candidate,,NVIPUOMWGQAOIT,[M+H]+,QTOF
CCCCOP(=O)(O)OCCCC,fit,excluded,chem:unsupported_element:P,JYFHYPJRHGVZDY,[M+H]+,QTOF
Cc1ccsc1/C=C/C1=NCCCN1C,fit,candidate,,NVEPPWDVLBMNMB,[M+H]+,QTOF
Cc1noc(NS(=O)(=O)c2ccc(N)cc2)c1C,fit,excluded,chem:hypervalent,NHUHCSRWZMLRLA,[M+H]+,QTOF
COc1cnc(NS(=O)(=O)c2ccc(N)cc2)nc1,fit,excluded,chem:hypervalent,GPTONYMQFTZPKC,[M+H]+,QTOF
CC(C)(C)NCC(O)c1cc(Cl)c(N)c(Cl)c1,fit,candidate,,STJMRWALKKWQGH,[M+H]+,QTOF
Cc1ncc([N+](=O)[O-])n1CCO,fit,excluded,chem:unsupported_charge,VAOCPAMSLUNLGC,[M+H]+,QTOF
Nc1ccccn1,fit,candidate,,ICSNLGPSRYBMBD,[M+H]+,Orbitrap
CN(C)CCCN1c2ccccc2CCc2ccc(Cl)cc21,fit,candidate,,GDLIGKIOYRNHDA,[M+H]+,QTOF
Cc1ccc(C(=O)c2cc(O)c(O)c([N+](=O)[O-])c2)cc1,fit,excluded,chem:unsupported_charge,MIQPIUSUKVNLNT,[M+H]+,QTOF
Cc1cc(C(C)(C)C)c(O)c(C)c1CC1=NCCN1,fit,candidate,,WYWIFABBXFUGLM,[M+H]+,QTOF
COc1ccc2nc(SCc3ncc(C(=O)O)c(OC)c3C)[nH]c2c1,fit,candidate,,BNOSHBGSJBEMGC,[M+H]+,QTOF
Nc1nc(=O)n([C@@H]2CS[C@H](CO)O2)cc1F,fit,candidate,,XQSPYNMVSIKCOC,[M+H]+,QTOF
Cc1ccc(-c2c(Cl)nc(C#N)n2S(=O)(=O)N(C)C)cc1,fit,excluded,chem:hypervalent,YXKMMRDKEKCERS,[M+H]+,QTOF
CC(=O)Nc1c(I)c(NC(C)=O)c(I)c(C(=O)O)c1I,fit,candidate,,YVPYQUNUQOZFHG,[M+H]+,QTOF
CSc1ccc2c(c1)N(CCC1CCCCN1C)c1ccccc1S2,fit,candidate,,KLBQZWRITKRQQV,[M+H]+,QTOF
c1cncc(-c2nc3ccccc3[nH]2)c1,fit,candidate,,BOUOQESVDURNSB,[M+H]+,QTOF
NS(=O)(=O)c1cc2c(cc1Cl)NC=NS2(=O)=O,fit,excluded,chem:hypervalent,JBMKAUGHUNFTOL,[M+H]+,QTOF
O=P(Cc1ccccc1)(c1ccccc1)c1ccccc1,fit,excluded,chem:unsupported_element:P,NXGAOFONOFYCNG,[M+H]+,QTOF
COC(=O)Nc1cccc(N)c1C,fit,candidate,,VYRAHTPNSYEFTK,[M+H]+,QTOF
CC(=O)Nc1cc(NC(C)=O)cc(C(=O)O)c1,fit,candidate,,GEDTXYBZWNEYAB,[M+H]+,QTOF
O=C(O)CCCOc1ccc(Cl)cc1Cl,fit,candidate,,YIVXMZJTEQBPQO,[M+H]+,QTOF
CCCCCCCCCCCCCC(=O)OCC(O)COP(=O)([O-])OCC[N+](C)(C)C,fit,excluded,chem:unsupported_element:P,VXUOFDJKYGDUJI,[M+H]+,QTOF
O=C(NCC1CCCCN1)c1cc(O)ccc1OCC(F)(F)F,fit,candidate,,FVJPPEWHZCSTAC,[M+H]+,QTOF
NC(=O)N1c2ccccc2C=Cc2ccc(O)cc21,fit,candidate,,QQCFBZCATDIWTH,[M+H]+,QTOF
O=c1c2cc(F)ccc2nc(-n2cncn2)n1-c1ccc(Cl)cc1Cl,fit,candidate,,IJJVMEJXYNJXOJ,[M+H]+,QTOF
Nc1nc(NC2CC2)c2ncn(C3C=CC(C(=O)O)C3)c2n1,fit,candidate,,OCSMNHMMTKMVCP,[M+H]+,QTOF
CCCCCCCCP(=O)(CCCCCCCC)CCCCCCCC,fit,excluded,chem:unsupported_element:P,ZMBHCYHQLYEYDV,[M+H]+,QTOF
O=C(c1ccccc1)c1ccc(O)cc1O,fit,candidate,,ZXDDPOHVAMWLBH,[M+H]+,QTOF
Cc1ccccc1N=C(N)N=C(N)N,fit,candidate,,SQZCAOHYQSOZCE,[M+H]+,QTOF
CNNCc1ccc(C(=O)NC(C)C)cc1,fit,candidate,,CPTBDICYNRMXFX,[M+H]+,QTOF
N#Cc1ccc2c(c1)COC2(CCCN)c1ccc(F)cc1,fit,candidate,,RKUKMUWCRLRPEJ,[M+H]+,QTOF
CC1NC(C(=O)O)Cc2c1[nH]c1ccccc21,fit,candidate,,ZUPHXNBLQCSEIA,[M+H]+,QTOF
CCC(C)n1c(=O)[nH]c(C)c(Br)c1=O,fit,candidate,,CTSLUCNDVMMDHG,[M+H]+,QTOF
COc1cc(C)c(C(=O)c2c(OC)ccc(Br)c2C)c(OC)c1OC,fit,candidate,,AMSPWOYQQAWRRM,[M+H]+,QTOF
CSc1ccc(O)cc1C,fit,candidate,,VKALYYFVKBXHTF,[M+H]+,QTOF
CN(C)Cc1ccccc1C#N,fit,candidate,,LCBWEMRQKBKAEN,[M+H]+,QTOF
CNC(=O)ON=CC(C)(C)SC,fit,candidate,,QGLZXHRNAYXIBU,[M+Na]+,QTOF
COc1cc(Cc2c(N)nc(N)[nH]c2=O)cc(OC)c1OC,fit,candidate,,FYJKTYLNKCUCLP,[M+H]+,QTOF
COC(=O)C1C2CC3c4[nH]c5cc(OC)ccc5c4CCN3CC2CC(OC(=O)c2cc(OC)c(OC)c(OC)c2)C1OC,fit,candidate,,QEVHRUUCFGRFIF,[M+H]+,QTOF
Cn1nc(-c2cccc(Cl)c2Cl)c(N)nc1=N,fit,candidate,,ODYWNHAUROHCSD,[M+H]+,QTOF
C=C(c1ccc(C(=O)O)cc1)c1cc2c(cc1C)C(C)(C)CCC2(C)C,fit,candidate,,NAVMQTYZDKMPEU,[M+H]+,QTOF
C[C@]12CC[C@@H]3c4cc(O)c(O)cc4CC[C@H]3[C@@H]1CCC2=O,fit,candidate,,SWINWPBPEKHUOD,[M+H]+,QTOF
CCCCc1nc(Cl)c(C(=O)O)n1Cc1ccc(-c2ccccc2-c2nn[nH]n2)cc1,fit,candidate,,ZEUXAIYYDDCIRX,[M+H]+,QTOF
CC(C)(Oc1ccc(Cl)cc1)C(=O)OCCOC(=O)c1cccnc1,fit,candidate,,XXRVYAFBUDSLJX,[M+H]+,QTOF
Cc1ccccc1NC(=O)NC1CCCCC1,fit,candidate,,JYBQTDHFCBQLHP,[M+H]+,QTOF
O=C1CC2(CCCCC2)C(=O)N1,fit,candidate,,BBZBYWMNNPPFKA,[M+H]+,QTOF
NC(Cc1cc(I)c(Oc2ccc(O)cc2)c(I)c1)C(=O)O,fit,candidate,,ZHSOTLOTTDYIIK,[M+H]+,QTOF
CCN(CC)C(=O)c1cccc(C(=O)O)c1,fit,candidate,,PXXLQQDIFVPNMP,[M+H]+,QTOF
O=C1OC2(c3ccc(O)cc3Oc3cc(O)ccc32)c2ccccc21,fit,candidate,,GNBHRKFJIUUOQI,[M+H]+,QTOF
Cc1cc(Cl)ccc1OCCCC(=O)O,fit,candidate,,LLWADFLAOKUBDR,[M+H]+,QTOF
C#Cc1cccc(Nc2ncnc3cc(OCCOC)c(OCCOC)cc23)c1,fit,candidate,,AAKJLRGGTJKAMG,[M+H]+,QTOF
O=C(NCc1ccccc1)NC1CCCCC1,fit,candidate,,OOAFBZIRZNUNQV,[M+H]+,QTOF
CCOC(=O)C1C(O)CC2CCC1N2C,fit,candidate,,ABDMBNAKYBUEEX,[M+H]+,QTOF
CC(NC(C)(C)C)C(O)c1cccc(Cl)c1,fit,candidate,,NDPTTXIBLSWNSF,[M+H]+,QTOF
CC(O)CN(CC(C)O)CC(C)O,fit,candidate,,SLINHMUFWFWBMU,[M+H]+,QTOF
CCN(CCC#N)c1ccc(N=Nc2c(Br)cc([N+](=O)[O-])cc2Br)cc1,fit,excluded,chem:unsupported_charge,MWMJPPMTXZJLIK,[M+H]+,QTOF
CCN(Cc1ccc(Cl)nc1)/C(=C/[N+](=O)[O-])NC,fit,excluded,chem:unsupported_charge,CFRPSFYHXJZSBI,[M+H]+,QTOF
CSc1nc(NC(C)C)nc(NC(C)C)n1,fit,candidate,,AAEVYOVXGOFMJO,[M+H]+,QTOF
CC(=O)NCC1CN(c2ccc(N3CCOCC3)c(F)c2)C(=O)O1,fit,candidate,,TYZROVQLWOKYKF,[M+H]+,QTOF
CCOP(=S)(OCC)Oc1nc(Cl)c(Cl)cc1Cl,fit,excluded,chem:unsupported_element:P,SBPBAQFWLVIOKP,[M+H]+,QTOF
CCN(CC)CCNC(=O)c1c(C)[nH]c(C=C2C(=O)Nc3ccc(F)cc32)c1C,fit,candidate,,WINHZLLDWRZWRT,[M+H]+,QTOF
CC1(C)CC(O)CC(C)(C)N1O,fit,candidate,,UZFMOKQJFYMBGY,[M+H]+,QTOF
COc1ccc2c3c1OC1C(=O)C=C[C@@]4(O)[C@@H](C2)N(C)CC[C@]314,fit,candidate,,YYCRAERBSFHMPL,[M+H]+,QTOF
C#CCC1=C(C)C(OC(=O)C2C(C=C(C)C)C2(C)C)CC1=O,fit,candidate,,SMKRKQBMYOFFMU,[M+H]+,QTOF
Nc1ccc(O)c(C(=O)O)c1,fit,candidate,,KBOPZPXVLCULAV,[M+H]+,QTOF
CCOC(=O)c1cnc(N)nc1N,fit,candidate,,MANFWSKJPOXKJZ,[M+H]+,QTOF
CCNC(=O)c1cccc(C)c1,fit,candidate,,FPINATACRXASTP,[M+H]+,QTOF
Cc1ccnc2c1NC(=O)c1cccnc1N2C1CC1,fit,candidate,,NQDJXKOVJZTUJA,[M+H]+,QTOF
Nc1nc(F)nc2c1ncn2C1OC(CO)C(O)C1O,fit,candidate,,HBUBKKRHXORPQB,[M+H]+,QTOF
Cc1c(N)c(=O)n(-c2ccccc2)n1C,fit,candidate,,RLFWWDJHLFCNIJ,[M+H]+,QTOF
O=C(O)CC(O)(CC(=O)O)C(=O)O,fit,candidate,,KRKNYBCHXYNGOX,[M+H]+,QTOF
Fc1ccc([C@@]2(Cn3cncn3)O[C@H]2c2ccccc2Cl)cc1,fit,candidate,,ZMYFCFLJBGAQRS,[M+H]+,QTOF
Oc1ccccc1-c1nc2ccccc2[nH]1,fit,candidate,,XWXMGTIHBYFTIE,[M+H]+,QTOF
CC(C)C1C2CCC1c1c(NC(=O)c3cn(C)nc3C(F)F)cccc12,fit,candidate,,XTDZGXBTXBEZDN,[M+H]+,QTOF
CCNC(=O)NC1CCCCC1,fit,candidate,,BBUVNFZPAAVCSX,[M+H]+,QTOF
CC(C)c1nc(CN(C)C(=O)NC(C(=O)NC(Cc2ccccc2)CC(O)C(Cc2ccccc2)NC(=O)OCc2cncs2)C(C)C)cs1,fit,candidate,,NCDNCNXCDXHOMX,[M+H]+,QTOF
Clc1ccc(C(Cn2ccnc2)OCc2csc3c(Cl)cccc23)c(Cl)c1,fit,candidate,,JLGKQTAYUIMGRK,[M+H]+,QTOF
O=C(O)C(c1ccccc1Cl)N1CCc2sccc2C1,fit,candidate,,DCASRSISIKYPDD,[M+H]+,QTOF
Cc1cn([C@H]2C[C@H](N=[N+]=[N-])[C@@H](CO)O2)c(=O)[nH]c1=O,fit,excluded,chem:unsupported_charge,HBOMLICNUCNMMY,[M+H]+,QTOF
OC(Cn1cncn1)(c1ccc(F)cc1)c1ccccc1F,fit,candidate,,JWUCHKBSVLQQCO,[M+H]+,QTOF
Cc1cn(-c2cc(NC(=O)c3ccc(C)c(Nc4nccc(-c5cccnc5)n4)c3)cc(C(F)(F)F)c2)cn1,fit,candidate,,HHZIURLSWUIHRB,[M+H]+,QTOF
Cc1cnc(C)c(C)n1,fit,candidate,,IAEGWXHKWJGQAZ,[M+H]+,QTOF
O=C1CN2Cc3c(ccc(Cl)c3Cl)N=C2N1,fit,candidate,,OTBXOEAOVRKTNQ,[M+H]+,QTOF
O=C(O)CCNC(=O)c1ccc(Cl)cc1,fit,candidate,,ZCGLNFAUVVHTQO,[M+H]+,QTOF
Clc1ccc(COC(Cn2ccnc2)c2ccc(Cl)cc2Cl)cc1,fit,candidate,,LEZWWPYKPKIXLL,[M+H]+,QTOF
CCOC(=O)NS(=O)(=O)c1ccc(C)cc1,fit,excluded,chem:hypervalent,DFWQXANLGSXMKF,[M+H]+,QTOF
OCCN(CCO)c1nc(N2CCCCC2)c2nc(N(CCO)CCO)nc(N3CCCCC3)c2n1,fit,candidate,,IZEKFCXSFNUWAM,[M+H]+,QTOF
COc1ncc(F)c2nc(S(=O)(=O)Nc3c(F)cccc3F)nn12,fit,excluded,chem:hypervalent,QZXATCCPQKOEIH,[M+H]+,QTOF
NC(=O)c1nc(F)c[nH]c1=O,fit,candidate,,ZCGNOVWYSGBHAU,[M+H]+,QTOF
CC(=O)OC1(C(C)=O)CCC2C3CC(C)C4=CC(=O)CCC4(C)C3CCC21C,fit,candidate,,PSGAAPLEWMOORI,[M+H]+,QTOF
CNCC(c1ccc(OC)cc1)C1(O)CCCCC1,fit,candidate,,MKAFOJAJJMUXLW,[M+H]+,QTOF
CC(C)c1ccccc1OP(=O)(Oc1ccccc1)Oc1ccccc1C(C)C,fit,excluded,chem:unsupported_element:P,RMNODSGCFHVNDC,[M+H]+,QTOF
O=C1NC(=O)C(c2ccccc2)(c2ccc(O)cc2)N1,fit,candidate,,XEEDURHPFVXALT,[M+H]+,QTOF
COC(=O)/C(=N/O)c1ccccc1CO/N=C(/C)c1cccc(C(F)(F)F)c1,fit,candidate,,VGRRRBZVQNKSFY,[M+H]+,QTOF
CC(CC(C)(C)C)CP(=O)(O)CC(C)CC(C)(C)C,fit,excluded,chem:unsupported_element:P,QUXFOKCUIZCKGS,[M+H]+,QTOF
CCCCCCCCCC(=O)N(C)C,fit,candidate,,HNXNKTMIVROLTK,[M+H]+,QTOF
CC(C)(C)C(=O)C(Oc1ccc(Cl)cc1)n1cncn1,fit,candidate,,WURBVZBTWMNKQT,[M+H]+,QTOF
NCCCC[C@H](N[C@@H](CCc1ccccc1)C(=O)O)C(=O)N1CCC[C@H]1C(=O)O,fit,candidate,,RLAWWYSOJDYHDC,[M+H]+,QTOF
CN(Cc1cnc2nc(N)nc(N)c2n1)c1ccc(C(=O)NC(CCC(=O)O)C(=O)O)cc1,fit,candidate,,FBOZXECLQNJBKD,[M+H]+,QTOF
CCCCP(=O)(CCCC)CCCC,fit,excluded,chem:unsupported_element:P,MNZAKDODWSQONA,[M+H]+,QTOF
Cc1ccc2nc(C)ccc2c1,fit,candidate,,JJPSZKIOGBRMHK,[M+H]+,QTOF
CC(=O)Nc1cccc(O)c1,fit,candidate,,QLNWXBAGRTUKKI,[M+H]+,QTOF
COc1cccc([C@@]2(O)CCCC[C@@H]2C[N+](C)(C)[O-])c1,fit,excluded,chem:unsupported_charge,HBXKSXMNNGHBEA,[M+H]+,QTOF
C#C[C@]1(O)CC[C@H]2[C@@H]3CCc4cc(OC)ccc4[C@H]3CC[C@@]21C,fit,candidate,,IMSSROKUHAOUJS,[M+H]+,QTOF
CCOCCOC(=O)Nc1ccc(C)cc1,fit,candidate,,QMIOFDKIBZZJLH,[M+H]+,QTOF
O=c1cc[nH]c2ccsc12,fit,candidate,,AACVULYSNJAKEQ,[M+H]+,QTOF
O=C(NC1CCCCC1)N(Cc1ccccc1)Cc1ccccc1,fit,candidate,,QAVDMLYEKOVQPL,[M+H]+,QTOF
Cn1cnc2c(=O)[nH]c(=O)[nH]c21,fit,candidate,,DHNIKYWYTSMDDA,[M+H]+,QTOF
CCC(C)(C)C(=O)OC1CC(CO)C=C2C=CC(C)C(CCC3CC(O)CC(=O)O3)C21,fit,candidate,,ATPFRGQBOVFFQM,[M+H]+,QTOF
S=c1[nH]c2ccccc2o1,fit,candidate,,FLFWJIBUZQARMD,[M+H]+,QTOF
COC1C(O)CC(=O)OC(C)CC=CC=CC(OC2CCC(N(C)C)C(C)O2)C(C)CC(CC=O)C1OC1OC(C)C(OC2CC(C)(O)C(O)C(C)O2)C(N(C)C)C1O,fit,candidate,,ACTOXUHEUCPTEW,[M+H]+,QTOF
Nc1c(Cl)c(F)nc(OCC(=O)O)c1Cl,fit,candidate,,MEFQWPUMEMWTJP,[M+H]+,QTOF
CC(C)CC(C)NC1=CC(=O)C(Nc2ccccc2)=CC1=O,fit,candidate,,UBMGKRIXKUIXFQ,[M+H]+,QTOF
CN(C)c1ccc(C=O)cc1,fit,candidate,,BGNGWHSBYQYVRX,[M+H]+,QTOF
CCCCCCCCCCCC(=O)NCCC[N+](C)(C)CC(=O)[O-],fit,excluded,chem:unsupported_charge,MRUAUOIMASANKQ,[M+H]+,QTOF
COc1cc(OC)nc(NC(=O)NS(=O)(=O)c2cc(NC=O)ccc2C(=O)N(C)C)n1,fit,excluded,chem:hypervalent,PXDNXJSDGQBLKS,[M+H]+,Orbitrap
O=C1CC(c2ccc(O)cc2)Oc2cc(O)cc(O)c21,fit,candidate,,FTVWIRXFELQLPI,[M+H]+,QTOF
CNC(=O)c1c(I)c(NC(C)=O)c(I)c(C(=O)O)c1I,fit,candidate,,UXIGWFXRQKWHHA,[M+H]+,QTOF
CC1(C)S[C@@H]2[C@H](NC(=O)[C@H](N)c3ccc(O)cc3)C(=O)N2[C@H]1C(=O)O,fit,candidate,,LSQZJLSUYDQPKJ,[M+H]+,QTOF
CC1(C)SC2C(NC(=O)C(N)c3ccc(O)cc3)C(=O)N2C1C(=O)O,fit,candidate,,LSQZJLSUYDQPKJ,[M+H]+,Orbitrap
CO[C@@]12[C@H](COC(N)=O)C3=C(C(=O)C(C)=C(N)C3=O)N1C[C@@H]1N[C@@H]12,fit,candidate,,NWIBSHFKIJFRCO,[M+H]+,QTOF
COC12C(COC(N)=O)C3=C(C(=O)C(C)=C(N)C3=O)N1CC1NC12,fit,candidate,,NWIBSHFKIJFRCO,[M+H]+,Orbitrap
CCCC(Cn1cncn1)c1ccc(Cl)cc1Cl,fit,candidate,,WKBPZYKAUNRMKP,[M+H]+,QTOF
COc1cc(C(=O)O)cc(OC)c1O,fit,candidate,,JMSVCTWVEWCHDZ,[M+H]+,QTOF
CCP(=O)(c1ccccc1)c1ccccc1,fit,excluded,chem:unsupported_element:P,AKTGKEBIBGSCLD,[M+H]+,QTOF
CCCOc1nc2ccc(I)cc2c(=O)n1CCC,fit,candidate,,FLVBXVXXXMLMOX,[M+H]+,QTOF
CCCCCCCCCCOC(=O)c1ccccc1C(=O)O,fit,candidate,,FEFCILUKYGHITK,[M+H]+,QTOF
CCCCCCCCCCCCN,fit,candidate,,JRBPAEWTRLWTQC,[M+H]+,QTOF
COc1ccnc(CSc2nc3ccc(OC(F)F)cc3[nH]2)c1OC,fit,candidate,,UKILEIRWOYBGEJ,[M+H]+,QTOF
Cn1c(=O)c2ncn(C)c2n(C)c1=O,fit,candidate,,LPHGQDQBBGAPDZ,[M+H]+,QTOF
OC(c1cc(C(F)(F)F)nc2c(C(F)(F)F)cccc12)C1CCCCN1,fit,candidate,,XEEQGYMUWCZPDN,[M+H]+,QTOF
CCOC(=O)C1=NN(c2ccc(Cl)cc2Cl)C(C)(C(=O)OCC)C1,fit,candidate,,OPGCOAPTHCZZIW,[M+H]+,QTOF
CC1(C)CCCC(C)(C)N1,fit,candidate,,RKMGAJGJIURJSJ,[M+H]+,QTOF
Nc1ccc2c(c1)C(=O)OC21c2ccc(O)cc2Oc2cc(O)ccc21,fit,candidate,,GZAJOEGTZDUSKS,[M+H]+,QTOF
COC(=O)C(c1ccccc1Cl)N1CCc2sccc2C1,fit,candidate,,GKTWGGQPFAXNFI,[M+H]+,QTOF
Cc1nnc(N)s1,fit,candidate,,HMPUHXCGUHDVBI,[M+H]+,QTOF
CC(NC(CCc1ccccc1)C(=O)O)C(=O)C1CCCN1C(=O)O,fit,candidate,,VPHZAKHKNGOIBF,[M+H]+,QTOF
CSc1ccc(C(=O)C(C)(C)N2CCOCC2)cc1,fit,candidate,,LWRBVKNFOYUCNP,[M+H]+,QTOF
CNc1c(C)n(C)n(-c2ccccc2)c1=O,fit,candidate,,JILCEWWZTBBOFS,[M+H]+,QTOF
COc1ccc(C=CC=O)cc1,fit,candidate,,AXCXHFKZHDEKTP,[M+H]+,QTOF
O=C(Nc1ccccc1)c1ccccc1I,fit,candidate,,LJOZMWRYMKECFF,[M+H]+,QTOF
CCCCCCCCOc1ccc(C(=O)c2ccccc2)c(O)c1,fit,candidate,,QUAMTGJKVDWJEQ,[M+H]+,QTOF
CC(N)Cc1ccc2c(c1)OCO2,fit,candidate,,NGBBVGZWCFBOGO,[M+H]+,QTOF
O=C(O)c1c2ccccc2nc2ccccc12,fit,candidate,,IYRYQBAAHMBIFT,[M+H]+,QTOF
COC(=O)C(C)Oc1ccc(Oc2ncc(C(F)(F)F)cc2Cl)cc1,fit,candidate,,MFSWTRQUCLNFOM,[M+H]+,QTOF
CCN1CCN(C(=O)NC(C(=O)NC2C(=O)N3C(C(=O)O)=C(CSc4nnnn4C)CSC23)c2ccc(O)cc2)C(=O)C1=O,fit,candidate,,GCFBRXLSHGKWDP,[M+H]+,QTOF
Cc1cc(C)nc(Nc2ccccc2)n1,fit,candidate,,ZLIBICFPKPWGIZ,[M+H]+,QTOF
c1ccc(-c2nc3ccccc3[nH]2)cc1,fit,candidate,,DWYHDSLIWMUSOO,[M+H]+,QTOF
NC(=O)N1c2ccccc2CC(=O)c2ccccc21,fit,candidate,,CTRLABGOLIVAIY,[M+H]+,QTOF
OCCN(CCO)C1CCCCC1,fit,candidate,,HHPDFYDITNAMAM,[M+H]+,QTOF
CN1C(C(=O)Nc2ccccn2)=C(O)c2ccccc2S1(=O)=O,fit,excluded,chem:hypervalent,QYSPLQLAKJAUJT,[M+H]+,QTOF
Nc1cc(Cl)c(S(N)(=O)=O)cc1S(N)(=O)=O,fit,excluded,chem:hypervalent,IHJCXVZDYSXXFT,[M+H]+,QTOF
c1ccc(C2=NCCN2)cc1,fit,candidate,,BKCCAYLNRIRKDJ,[M+H]+,QTOF
Cc1ccc(N)cc1N,fit,candidate,,VOZKAJLKRJDJLL,[M+H]+,QTOF
CC(C)(C)OC(=O)NC(CC(=O)OCc1ccccc1)C(=O)O,fit,candidate,,SOHLZANWVLCPHK,[M+Na]+,QTOF
COc1ccccc1NC(C)=O,fit,candidate,,FGOFNVXHDGQVBG,[M+H]+,QTOF
COCC(O)c1ccc(OCC(O)CNC(C)C)cc1,fit,candidate,,OFRYBPCSEMMZHR,[M+H]+,QTOF
CC(C)NCC(O)COc1ccc(C(O)C(N)=O)cc1,fit,candidate,,GSZUNNBDULASMA,[M+H]+,QTOF
CC(=O)Nc1ccc(C(=O)O)cc1,fit,candidate,,QCXJEYYXVJIFCE,[M+H]+,QTOF
Nc1c([N+](=O)[O-])ccc(Oc2ccccc2)c1Cl,fit,excluded,chem:unsupported_charge,DDBMQDADIHOWIC,[M+H]+,QTOF
CC(=O)Nc1c(I)c(C(=O)O)c(I)c(C(=O)NCCO)c1I,fit,candidate,,OLAOYPRJVHUHCF,[M+H]+,QTOF
CCNC1CCCCC1,fit,candidate,,AGVKXDPPPSLISR,[M+H]+,QTOF
O=C(c1ccccc1)c1ccc(O)c(O)c1O,fit,candidate,,HTQNYBBTZSBWKL,[M+H]+,QTOF
CCN(CC)C(=O)c1cccc(CO)c1,fit,candidate,,FRZJZRVZZNTMAW,[M+H]+,QTOF
COc1ccc2c3c1OC1C(=O)CCC4C(C2)N(C)CCC314,fit,candidate,,LLPOLZWFYMWNKH,[M+H]+,QTOF
CN(C)c1cccc(O)c1,fit,candidate,,MESJRHHDBDCQTH,[M+H]+,QTOF
CN1C(C(=O)Nc2ccccn2)=C(O)c2sccc2S1(=O)=O,fit,excluded,chem:hypervalent,LZNWYQJJBLGYLT,[M+H]+,QTOF
COCc1cnc(C2=NC(C)(C(C)C)C(=O)N2)c(C(=O)O)c1,fit,candidate,,NUPJIGQFXCQJBK,[M+H]+,QTOF
Oc1ccc(Oc2ccccc2)cc1,fit,candidate,,ZSBDGXGICLIJGD,[M+H]+,QTOF
O=c1ccc2cc(O)c(O)cc2o1,fit,candidate,,ILEDWLMCKZNDJK,[M+H]+,QTOF
S=c1[nH]c2cc(Cl)ccc2o1,fit,candidate,,BOBIZYYFYLLRAH,[M+H]+,QTOF
CC1(C)S[C@@H]2[C@H](NC(=O)[C@H](N)c3ccccc3)C(=O)N2[C@H]1C(=O)O,fit,candidate,,AVKUERGKIZMTKX,[M+H]+,QTOF
O=C1OC2(CCCCC2)C(O)=C1c1ccc(Cl)cc1Cl,fit,candidate,,KIKARNYYJSEROI,[M+H]+,QTOF
CCC1(c2cccc(O)c2)CCCCN(C)C1,fit,candidate,,JLICHNCFTLFZJN,[M+H]+,QTOF
CC(C)Nc1nc(Cl)nc(NC(C)C)n1,fit,candidate,,WJNRPILHGGKWCK,[M+H]+,QTOF
COc1cccc(OC)c1OC,fit,candidate,,CRUILBNAQILVHZ,[M+H]+,QTOF
COc1cc(Cc2cnc(N)nc2N)cc(O)c1OC,fit,candidate,,HWBPOLWLLFXEJY,[M+H]+,QTOF
NC(=O)c1ccccc1,fit,candidate,,KXDAEFPNCMNJSK,[M+H]+,QTOF
ON(Cc1ccccc1)Cc1ccccc1,fit,candidate,,GXELTROTKVKZBQ,[M+H]+,QTOF
CCN(C)C(=O)Oc1cccc([C@H](C)N(C)C)c1,fit,candidate,,XSVMFMHYUFZWBK,[M+H]+,QTOF
O=C(NCCc1ncc(C(F)(F)F)cc1Cl)c1ccccc1C(F)(F)F,fit,candidate,,KVDJTXBXMWJJEF,[M+H]+,QTOF
CC(O)CCCCn1c(=O)c2c(ncn2C)n(C)c1=O,fit,candidate,,NSMXQKNUPPXBRG,[M+H]+,QTOF
COc1cc2c(cc1OC)C(=O)C(CC1CCN(Cc3ccccc3)CC1)C2,fit,candidate,,ADEBPBSSDYVVLD,[M+H]+,QTOF
CC(C)C(=O)c1ccc(C(C)C(=O)O)cc1,fit,candidate,,RCINGEKPKJQCMO,[M+H]+,QTOF
CCOC(=O)Nc1ccc(N)cc1,fit,candidate,,SABZQUOBNXDLDV,[M+H]+,QTOF
Cc1c(Br)c2ccc(F)cc2n1S(=O)(=O)c1ncn(S(=O)(=O)N(C)C)n1,fit,excluded,chem:hypervalent,BREATYVWRHIPIY,[M+H]+,QTOF
CN(C/C=C/c1ccccc1)Cc1cccc2ccccc12,fit,candidate,,OZGNYLLQHRPOBR,[M+H]+,QTOF
O=C(NC1CCCCC1)NC1CCCCC1,fit,candidate,,ADFXKUOMJKEIND,[M+H]+,QTOF
CC(Oc1ccc(Oc2ncc(C(F)(F)F)cc2Cl)cc1)C(=O)O,fit,candidate,,GOCUAJYOYBLQRH,[M+H]+,QTOF
CN(C)C(=O)Nc1cccc(C(F)(F)F)c1,fit,candidate,,RZILCCPWPBTYDO,[M+H]+,QTOF
CC[C@@H](C(=O)O)N1CCCC1=O,fit,candidate,,IODGAONBTQRGGG,[M+H]+,QTOF
CON=C(C(=O)OC)c1ccccc1CON=C(C)c1cccc(C(F)(F)F)c1,fit,candidate,,ONCZDRURRATYFI,[M+H]+,QTOF
CCCCP(=O)(O)O,fit,excluded,chem:unsupported_element:P,UOKRBSXOBUKDGE,[M+H]+,QTOF
CC(C)c1ccc(OP(=O)(Oc2ccc(C(C)C)cc2)Oc2ccc(C(C)C)cc2)cc1,fit,excluded,chem:unsupported_element:P,ANVREEJNGJMLOV,[M+H]+,QTOF
CCc1cccc(C)c1N,fit,candidate,,JJVKJJNCIILLRP,[M+H]+,QTOF
O=C1Cc2ccccc2N1c1c(Cl)cccc1Cl,fit,candidate,,JCICIFOYVSPMHG,[M+H]+,QTOF
O=C(c1ccc(O)cc1O)c1ccc(O)cc1O,fit,candidate,,WXNRYSGJLQFHBR,[M+H]+,QTOF
CN1CC[C@@]23CCCC[C@@H]2[C@@H]1Cc1ccc(O)cc13,fit,candidate,,JAQUASYNZVUNQP,[M+H]+,QTOF
CN1CCC23CCCCC2C1Cc1ccc(O)cc13,fit,candidate,,JAQUASYNZVUNQP,[M+H]+,missing
CC1(C)CC(OC(=O)CCCCCCCCC(=O)OC2CC(C)(C)NC(C)(C)C2)CC(C)(C)N1,fit,candidate,,XITRBUPOXXBIJN,[M+H]+,QTOF
CC(N)c1nc2ccccc2s1,fit,candidate,,LXVJOKQWUUSEEO,[M+H]+,QTOF
CCOC(=O)Nc1cccc(N)c1C,fit,candidate,,CUARKGNESAJPQR,[M+H]+,QTOF
Nc1ccn([C@@H]2CS[C@H](C(=O)O)O2)c(=O)n1,fit,candidate,,PIIRVEZNDVLYQA,[M+H]+,QTOF
Oc1ccc(Oc2ccc(Cl)cc2)cc1,fit,candidate,,XQMRZWSYBUCVAX,[M+H]+,QTOF
NC(=O)N1c2ccccc2CCc2ccccc21,fit,candidate,,PHNLCHMJDSSPDQ,[M+H]+,QTOF
CC(=O)C1CC[C@H]2[C@@H]3CCC4=CC(=O)CC[C@]4(C)[C@H]3[C@H](O)C[C@]12C,fit,candidate,,BFZHCUBIASXHPK,[M+H]+,QTOF
O=C(Nc1ccccc1)N(Cc1ccc(Cl)cc1)C1CCCC1,fit,candidate,,OGYFATSSENRIKG,[M+H]+,QTOF
CN1CC(=O)N2C(Cc3c([nH]c4ccccc34)C2c2ccc3c(c2)OCO3)C1=O,fit,candidate,,WOXKDUGGOYFFRN,[M+H]+,QTOF
O=C(NCc1ncc(C(F)(F)F)cc1Cl)c1c(Cl)cccc1Cl,fit,candidate,,GBOYJIHYACSLGN,[M+H]+,QTOF
CC(=O)Nc1ccccc1,fit,candidate,,FZERHIULMFGESH,[M+H]+,QTOF
CCC1CCCC(OC2CCC(N(C)C)C(C)O2)C(C)C(=O)C2=CC3C(C=CC4CC(OC5OC(C)C(OC)C(OC)C5OC)CC43)C2CC(=O)O1,fit,candidate,,SRJQTHAZUNRMPR,[M+H]+,QTOF
O=C(O)c1nc(Cl)ccc1Cl,fit,candidate,,HUBANNPOLNYSAD,[M+H]+,QTOF
COC1=C(C)C(=O)C2=C(C1=O)[C@H](COC(N)=O)[C@]1(OC)[C@@H]3N[C@@H]3CN21,fit,candidate,,HYFMSAFINFJTFH,[M+H]+,QTOF
CN(C(=O)CO)c1c(I)c(C(=O)NCC(O)CO)c(I)c(C(=O)NCC(O)CO)c1I,fit,candidate,,NJKDOADNQSYQEV,[M+H]+,QTOF
O=c1[nH]c(=O)c2[nH]c(=O)[nH]c2[nH]1,fit,candidate,,LEHOTFFKMJEONL,[M+H]+,QTOF
CCOC(=O)c1cncn1C(C)c1ccccc1,fit,candidate,,NPUKDXXFDDZOKR,[M+H]+,QTOF
NCC(O)COc1ccccc1,fit,candidate,,JZEHWMUIAKALDN,[M+H]+,QTOF
CC(C)(C)[P+](=O)C(C)(C)C,fit,excluded,chem:unsupported_charge,RYLNFGJYRKJXQE,[M+H]+,QTOF
COC(=O)C1=CCC2CCC1N2C,fit,candidate,,MPSNEAHFGOEKBI,[M+H]+,QTOF
O=c1[nH]cnc2c1ncn2C1OC(COP(=O)(O)O)C(O)C1O,fit,excluded,chem:unsupported_element:P,GRSZFWQUAKGDAV,[M+H]+,QTOF
CC(C)(C)NCC(O)COc1cccc2c1CC(O)C(O)C2,fit,candidate,,VWPOSFSPZNDTMJ,[M+H]+,QTOF
Cc1cc(N=Nc2ccccc2C)ccc1N,fit,candidate,,PFRYFZZSECNQOL,[M+H]+,QTOF
CCOC(=O)C1C(OC(=O)c2ccccc2)CC2CCC1N2C,fit,candidate,,NMPOSNRHZIWLLL,[M+H]+,QTOF
CCNc1nc(Cl)nc(NC(C)(C)C#N)n1,fit,candidate,,MZZBPDKVEFVLFF,[M+H]+,QTOF
CCOC(=O)C1(c2ccccc2)CCN(C)CC1,fit,candidate,,XADCESSVHJOZHK,[M+H]+,QTOF
COCCOC(=O)Nc1cccc(N)c1,fit,candidate,,ZBYDMKPFQILQOD,[M+H]+,QTOF
CCN(CC)CCCC(C)Nc1ccnc2cc(Cl)ccc12,fit,candidate,,WHTVZRBIWZFKQO,[M+H]+,QTOF
CCC(C)OC(=O)N1CCCCC1CC(=O)O,fit,candidate,,OMRINPAHALFCIC,[M+H]+,QTOF
Cc1cccc(N(C)C(=S)Oc2ccc3ccccc3c2)c1,fit,candidate,,FUSNMLFNXJSCDI,[M+H]+,QTOF
COc1cc(-c2oc3cc(O)cc(O)c3c(=O)c2O)ccc1O,fit,candidate,,IZQSVPBOUDKVDZ,[M+H]+,QTOF
Nc1nc(NC2CC2)c2ncn([C@H]3C=C[C@@H](CO)C3)c2n1,fit,candidate,,MCGSCOLBFJQGHM,[M+H]+,QTOF
CCn1cc(C(=O)O)c(=O)c2cc(F)c(N3CCNC(C)C3)c(F)c21,fit,candidate,,ZEKZLJVOYLTDKK,[M+H]+,QTOF
Cc1ccccc1NC(=O)Nc1ccccc1C,fit,candidate,,WVYBLYKUAKXDLA,[M+H]+,QTOF
O=P(O)(O)c1ccccc1,fit,excluded,chem:unsupported_element:P,QLZHNIAADXEJJP,[M+H]+,QTOF
Nc1ncnc2c1ncn2C1CC(O)C(COP(=O)(O)O)O1,fit,excluded,chem:unsupported_element:P,KHWCHTKSEGGWEX,[M+H]+,QTOF
COCP(=O)(c1ccccc1)c1ccccc1,fit,excluded,chem:unsupported_element:P,OEPKDBQOTLDTNC,[M+H]+,QTOF
Cc1c(Br)c(=O)n(-c2ccccc2)n1C,fit,candidate,,QYWWSDVPNCBSIA,[M+H]+,QTOF
Oc1ccc(Nc2ccccc2)cc1,fit,candidate,,JTTMYKSFKOOQLP,[M+H]+,QTOF
N[C@@H](Cc1ccc(Oc2ccc(O)cc2)cc1)C(=O)O,fit,candidate,,KKCIOUWDFWQUBT,[M+H]+,QTOF
CC(C)C1CCC(Cc2ccc(Cl)cc2)C1(O)Cn1cncn1,fit,candidate,,QTYCMDBMOLSEAM,[M+H]+,QTOF
COc1cc(C(=O)O)cc(OC)c1OC,fit,candidate,,SJSOFNCYXJUNBT,[M+H]+,QTOF
COc1ccc(-c2coc3cc(O)ccc3c2=O)cc1,fit,candidate,,HKQYGTCOTHHOMP,[M+H]+,QTOF
COc1ccc2c(c1)CC[C@@H]1[C@@H]2CC[C@]2(C)C(=O)CC[C@@H]12,fit,candidate,,BCWWDWHFBMPLFQ,[M+H]+,QTOF
OCc1coc(-c2ccccc2)n1,fit,candidate,,FSDBXQYHHCUEIE,[M+H]+,QTOF
OC(c1ccccc1)(c1ccccc1)C1CCNCC1,fit,candidate,,ZMISODWVFHHWNR,[M+H]+,QTOF
CSc1ncnc2c1ncn2C1OC(CO)C(O)C1O,fit,candidate,,ZDRFDHHANOYUTE,[M+H]+,QTOF
CC(C(=O)O)c1ccc2cc(O)ccc2c1,fit,candidate,,XWJUDDGELKXYNO,[M+H]+,QTOF
COC1C(OC(C)=O)CC(=O)OC(C)CC=CC=CC(O)C(C)CC(CC=O)C1OC1OC(C)C(OC2CC(C)(O)C(OC(=O)CC(C)C)C(C)O2)C(N(C)C)C1O,fit,candidate,,XJSFLOJWULLJQS,[M+H]+,QTOF
CC(C)(CO)C(O)C(=O)NCCCO,fit,candidate,,SNPLKNRPJHDVJA,[M+H]+,QTOF
COc1ccccc1-c1nc2ccccc2[nH]1,fit,candidate,,JNFBDHNAZPBWTF,[M+H]+,QTOF
COC1C=COC2(C)Oc3c(C)c(O)c4c(O)c(c5c(nc6cc(C)ccn65)c4c3C2=O)NC(=O)C(C)=CC=CC(C)C(O)C(C)C(O)C(C)C(OC(C)=O)C1C,fit,candidate,,NZCRJKRKKOLAOJ,[M+Na]+,QTOF
N#Cc1ccc(CC(=NNC(=O)Nc2ccc(OC(F)(F)F)cc2)c2cccc(C(F)(F)F)c2)cc1,fit,candidate,,MIFOMMKAVSCNKQ,[M+H]+,QTOF
COc1ccc(C(=O)c2ccccc2O)c(O)c1,fit,candidate,,MEZZCSHVIGVWFI,[M+H]+,QTOF
O=c1ccc2ccc(OCCCCN3CCN(c4cccc(Cl)c4Cl)CC3)cc2[nH]1,fit,candidate,,CDONPRYEWWPREK,[M+H]+,QTOF
CCOP(=S)(OCC)O/N=C(/C#N)c1ccccc1,fit,excluded,chem:unsupported_element:P,ATROHALUCMTWTB,[M+H]+,QTOF
CCN(CC)C(=O)Nc1ccc(OCC(O)CNC(C)(C)C)c(C(C)=O)c1,fit,candidate,,JOATXPAWOHTVSZ,[M+H]+,QTOF
C1N2CN3CN1CN(C2)C3,fit,candidate,,VKYKSIONXSXAKP,[M+H]+,QTOF
CNC(=O)Oc1ccccc1OC(C)C,fit,candidate,,ISRUGXGCCGIOQO,[M+H]+,QTOF
CC1=CC(C)(C)Nc2ccccc21,fit,candidate,,ZNRLMGFXSPUZNR,[M+H]+,QTOF
CN(C)C(=O)Nc1ccc(Cl)cc1,fit,candidate,,BMLIZLVNXIYGCK,[M+H]+,QTOF
CCC(CCC(C)O)COC(=O)C(C#N)=C(c1ccccc1)c1ccccc1,fit,candidate,,QOJGFAVCVCFMKL,[M+H]+,QTOF
c1ccc(CNCc2ccccc2)cc1,fit,candidate,,BWLUMTFWVZZZND,[M+H]+,QTOF
Cc1cc(C)c(C(=O)P(=O)(c2ccccc2)c2ccccc2)c(C)c1,fit,excluded,chem:unsupported_element:P,VFHVQBAGLAREND,[M+H]+,QTOF
CN(C)CCC=C1c2ccccc2COc2ccccc21,fit,candidate,,ODQWQRRAPPTVAG,[M+H]+,QTOF
CN1C(=O)NC(=O)C1(C)C,fit,candidate,,ZNYIPTYJBRGSSL,[M+H]+,QTOF
CN(C)N=Nc1nc[nH]c1C(N)=O,fit,candidate,,FDKXTQMXEQVLRF,[M+H]+,QTOF
COc1ccc2c3c1OC1C(OC(C)=O)C=CC4C(C2)N(C)CCC341,fit,candidate,,MFXFQKMUCYHPFQ,[M+H]+,QTOF
O=C1c2ccccc2C(=O)C1c1nc2ccccc2cc1O,fit,candidate,,FDTLQXNAPKJJAM,[M+H]+,QTOF
CCCCCC(=O)Nc1c(I)c(NC(=O)CCCCC)c(I)c(C(=O)O)c1I,fit,candidate,,RRCCBBFPHXTAFB,[M+H]+,QTOF
COc1ccc(O)cc1,fit,candidate,,NWVVVBRKAWDGAB,[M+H]+,QTOF
COCC(=O)N(c1c(C)cccc1C)N1CCOC1=O,fit,candidate,,UWVQIROCRJWDKL,[M+H]+,QTOF
O=c1[nH]cnc2c1ncn2C1CC(O)C(CO)O1,fit,candidate,,VGONTNSXDCQUGY,[M+H]+,QTOF
CCN1CCCC1CNC(=O)c1cc(S(=O)(=O)CC)c(N)cc1O,fit,excluded,chem:hypervalent,XBIBUXBARDPHCJ,[M+H]+,QTOF
CCOc1ccccc1NC(=O)C(=O)Nc1ccccc1CC,fit,candidate,,YIMHRDBSVCPJOV,[M+H]+,QTOF
C#CCOC(=O)C(C)Oc1ccc(Oc2ncc(Cl)cc2F)cc1,fit,candidate,,JBDHZKLJNAIJNC,[M+H]+,QTOF
Cc1nc2ccccc2[nH]1,fit,candidate,,LDZYRENCLPUXAX,[M+H]+,QTOF
N#CC(C(=O)O)=C(c1ccccc1)c1ccccc1,fit,candidate,,VSXIZXFGQGKZQG,[M+H]+,QTOF
C[C@]12CC[C@H](O)CC1=CC[C@@H]1[C@@H]2CC[C@]2(C)C(=O)CC[C@@H]12,fit,candidate,,FMGSKLZLMKYGDP,[M+H]+,QTOF
CC12CCC3C(CC=C4CC(O)CCC43C)C1CCC2=O,fit,candidate,,FMGSKLZLMKYGDP,[M+H]+,Orbitrap
Cc1ccc(Cl)c(Nc2ccccc2C(=O)O)c1Cl,fit,candidate,,SBDNJUWAMKYJOX,[M+H]+,QTOF
CC(C)(C)CC(C)(C)c1ccc(O)c(-n2nc3ccccc3n2)c1,fit,candidate,,IYAZLDLPUNDVAG,[M+H]+,QTOF
CCC(C)C(=O)OC1CC(O)C=C2C=CC(C)C(CCC(O)CC(O)CC(=O)O)C21,fit,candidate,,TUZYXOIXSAXUGO,[M+Na]+,QTOF
Clc1cccc(Cl)c1Nc1ccccc1,fit,candidate,,HDUUZPLYVVQTKN,[M+H]+,QTOF
Cc1cc2nc3[nH]c(=O)[nH]c(=O)c3nc2cc1C,fit,candidate,,ZJTJUVIJVLLGSP,[M+H]+,QTOF
CC(=O)Nc1ccc(OC2O[C@H](C(=O)O)[C@@H](O)[C@H](O)[C@H]2O)cc1,fit,candidate,,IPROLSVTVHAQLE,[M+H]+,QTOF
CNCC1CCCCC1(O)c1cccc(OC)c1,fit,candidate,,VUMQHLSPUAFKKK,[M+H]+,QTOF
CC(Oc1ccc(Oc2ccc(C(F)(F)F)cn2)cc1)C(=O)O,fit,candidate,,YUVKUEAFAVKILW,[M+H]+,QTOF
CCCCCCCCc1ccc(CCC(N)(CO)CO)cc1,fit,candidate,,KKGQTZUTZRNORY,[M+H]+,QTOF
CCCCC(CC)CNCC(CC)CCCC,fit,candidate,,SAIKULLUBZKPDA,[M+H]+,QTOF
CC1(C)OCC2OC3(C(=O)O)OC(C)(C)OC3C2O1,fit,candidate,,FWCBATIDXGJRMF,[M+H]+,QTOF
Nc1cc(Cl)c(S(N)(=O)=O)cc1C(=O)O,fit,excluded,chem:hypervalent,QQLJBZFXGDHSRU,[M+H]+,QTOF
COc1ccccc1OCC(O)CO,fit,candidate,,HSRJKNPTNIJEKV,[M+H]+,QTOF
CCNC(=O)C1CC(C)CCC1C(C)C,fit,candidate,,VUNOFAIHSALQQH,[M+H]+,QTOF
COC(=O)C1=C(C)NC(C)=C(C(=O)OC)C1c1ccccc1[N+](=O)[O-],fit,excluded,chem:unsupported_charge,HYIMSNHJOBLJNT,[M+H]+,QTOF
COC(=O)C(=Cc1ccc(OC)cc1)C(=O)OC,fit,candidate,,JMFYZMAVUHNCPW,[M+H]+,QTOF
NP(=O)(c1ccccc1)c1ccccc1,fit,excluded,chem:unsupported_element:P,RIGIWEGXTTUCIQ,[M+H]+,QTOF
CCN(CCO)c1ccc(N=Nc2ccc([N+](=O)[O-])cc2)cc1,fit,excluded,chem:unsupported_charge,FOQABOMYTOFLPZ,[M+H]+,QTOF
O=C1CCc2ccc(OCCCCN3CCN(c4cccc(Cl)c4Cl)CC3)cc2N1,fit,candidate,,CEUORZQYGODEFX,[M+H]+,QTOF
CC(=O)Nc1ccc(O)c(O)c1,fit,candidate,,IPFBMHOMTSBTSU,[M+H]+,QTOF
O=C(CCc1ccc(O)cc1)c1c(O)cc(O)cc1O,fit,candidate,,VGEREEWJJVICBM,[M+H]+,QTOF
CC1(C(=O)Nc2ccc(O)c(Cl)c2Cl)CCCCC1,fit,candidate,,VDLGAVXLJYLFDH,[M+H]+,QTOF
COc1ccc2c3c1OC1C(=O)C=CC4C(C2)N(C)CCC314,fit,candidate,,XYYVYLMBEZUESM,[M+H]+,QTOF
O=C(Nc1ccccc1)Nc1ccccc1,fit,candidate,,GWEHVDNNLFDJLR,[M+H]+,QTOF
c1ccc2c(c1)Nc1ccccc1S2,fit,candidate,,WJFKNYWRSNBZNX,[M+H]+,QTOF
CCCCCCCCN1CCCC1=O,fit,candidate,,WPPOGHDFAVQKLN,[M+H]+,QTOF
Cc1ncsc1CCCl,fit,candidate,,PCLITLDOTJTVDJ,[M+H]+,QTOF
CN(C)c1ccc(-c2nc3ccccc3[nH]2)cc1,fit,candidate,,ZKBBGUJBGLTNEK,[M+H]+,QTOF
CCNCC(O)COc1ccc(CCOC)cc1,fit,candidate,,HYRRKPFGZHWUPQ,[M+H]+,QTOF
CCCCCCCCCCCCCN1CC(C)OC(C)C1,fit,candidate,,YTOPFCCWCSOHFV,[M+H]+,QTOF
O=c1[nH]c2ccc(Br)cc2s1,fit,candidate,,HECJMTPEVWQFCY,[M+H]+,QTOF
O=C(O)c1ccc(O)cc1,fit,candidate,,FJKROLUGYXJWQN,[M+H]+,QTOF
CCOC(=O)C(CCc1ccccc1)NC(C)C(=O)N1C(C(=O)O)CC2CCCC21,fit,candidate,,HDACQVRGBOVJII,[M+H]+,QTOF
CCOC(=O)c1cccc(N2CCN(C(=O)OC(C)(C)C)CC2)c1,fit,candidate,,CCLGNFZMWMCRCH,[M+H]+,QTOF
O=C(O)COCCOCCOCC(=O)O,fit,candidate,,HJZZQNLKBWJYPD,[M+H]+,QTOF
Nc1nc2c(ncn2COCC(=O)O)c(=O)[nH]1,fit,candidate,,MICNQLKUSOVNNG,[M+H]+,QTOF
CC(=O)[C@@]1(O)CC[C@H]2[C@@H]3CCC4=CC(=O)CC[C@]4(C)[C@H]3CC[C@@]21C,fit,candidate,,DBPWSSGDRRHUNT,[M+H]+,QTOF
CN(CC(O)CO)C(=O)c1c(I)c(NC(=O)C(CO)CO)c(I)c(C(=O)N(C)CC(O)CO)c1I,fit,candidate,,YLPBXIKWXNRACS,[M+H]+,QTOF
c1ccc(CC2=NCCN2)cc1,fit,candidate,,JIVZKJJQOZQXQB,[M+H]+,QTOF
CC12CCC3c4ccc(OCc5ccccc5)cc4CCC3C1CC(O)C2O,fit,candidate,,GDUPBUZZJUIEDX,[M+H]+,QTOF
C#CC1(O)CCC2C3CCC4=CC(=O)CCC4C3CCC21CC,fit,candidate,,WWYNJERNGUHSAO,[M+H]+,QTOF
Oc1ccc(/C=C/c2cc(O)cc(O)c2)cc1,fit,candidate,,LUKBXSAWLPMMSZ,[M+H]+,QTOF
Oc1ccc(C=Cc2cc(O)cc(O)c2)cc1,fit,candidate,,LUKBXSAWLPMMSZ,[M+H]+,QTOF
Cc1ccc(O)c(-n2nc3ccccc3n2)c1,fit,candidate,,MCPKSFINULVDNX,[M+H]+,QTOF
COc1ccc(Cl)cc1-c1nc2ccccc2[nH]1,fit,candidate,,QDVCOIQHTAYVOM,[M+H]+,QTOF
CCSc1nc2ccccc2s1,fit,candidate,,HKIQFQKRAQSUJI,[M+H]+,QTOF
Cn1c(N)nc2nc[nH]c2c1=O,fit,candidate,,RFLVMTUMFYRZCB,[M+H]+,QTOF
C[C@H]1C[C@H]2[C@@H]3CCC4=CC(=O)C=C[C@]4(C)[C@@]3(F)[C@@H](O)C[C@]2(C)[C@@]1(O)C(=O)CO,fit,candidate,,UREBDLICKHMUKA,[M+H]+,QTOF
Cc1ccc(C(C)NC(=O)C(NC(=O)OC(C)C)C(C)C)cc1,fit,candidate,,NWUWYYSKZYIQAE,[M+H]+,QTOF
CCOc1ccc2ccccc2c1C(=O)NC1C(=O)N2C1SC(C)(C)C2C(=O)O,fit,candidate,,GPXLMGHLHQJAGZ,[M+H]+,QTOF
O=C(c1ccccc1)c1cc(Cl)ccc1O,fit,candidate,,OMWSZDODENFLSV,[M+H]+,QTOF
CC(=O)C1(O)CCC2C3C=C(Cl)C4=CC(=O)C5CC5C4(C)C3CCC21C,fit,candidate,,DUSHUSLJJMDGTE,[M+H]+,QTOF
CC1CC2C3CCC4=CC(=O)C=CC4(C)C3(Cl)C(O)CC2(C)C1(O)C(=O)CO,fit,candidate,,NBMKJKDGKREAPL,[M+H]+,QTOF
C[C@H](O)C(=O)Nc1c(I)c(C(=O)NC(CO)CO)c(I)c(C(=O)NC(CO)CO)c1I,fit,candidate,,XQZXYNRDCRIARQ,[M+H]+,QTOF
O=C(c1ccccc1)c1ccc2n1CCC2C(=O)O,fit,candidate,,OZWKMVRBQXNZKK,[M+H]+,QTOF
S=c1[nH]c2ccccc2s1,fit,candidate,,YXIWHUQXZSMYRE,[M+H]+,Orbitrap
O=C(O)c1cccc2c(=O)c3ccccc3[nH]c12,fit,candidate,,BATAOFZEDHPRTM,[M+H]+,QTOF
CCOc1ccc(NC(C)=O)cc1,fit,candidate,,CPJSUEIXXCENMM,[M+H]+,QTOF
CCOP(=S)(OCC)Oc1ccc([N+](=O)[O-])cc1,fit,excluded,chem:unsupported_element:P,LCCNCVORNKJIRZ,[M+H]+,QTOF
Nc1nc2c(ncn2COC(CO)CO)c(=O)[nH]1,fit,candidate,,IRSCQMHQWWYFCW,[M+H]+,QTOF
Cc1ncsc1CCO,fit,candidate,,BKAWJIRCKVUVED,[M+H]+,QTOF
c1ccc2sc(C3CCCNC3)nc2c1,fit,candidate,,PXPKASSSZWCUJE,[M+H]+,QTOF
c1ccc(C2(N3CCCCC3)CCCCC2)cc1,fit,candidate,,JTJMJGYZQZDUJJ,[M+H]+,QTOF
O=C(O)c1cc(O)c2c(c1)C(=O)c1cccc(O)c1C2=O,fit,candidate,,FCDLCPWAQCPTKC,[M+H]+,QTOF
COP(=O)(OC)C(O)C(Cl)(Cl)Cl,fit,excluded,chem:unsupported_element:P,NFACJZMKEDPNKN,[M+H]+,QTOF
COc1cc(Cc2cnc(N)nc2N)cc(OC)c1O,fit,candidate,,HPOCGNHBIFZCAN,[M+H]+,QTOF
CNC(=O)N(C)c1nc2ccccc2s1,fit,candidate,,RRVIAQKBTUQODI,[M+H]+,QTOF
Nc1cccc2c(N)cccc12,fit,candidate,,KQSABULTKYLFEV,[M+H]+,QTOF
CS(=O)(=O)c1ccc([C@@H](O)[C@@H](CF)NC(=O)C(Cl)Cl)cc1,fit,excluded,chem:hypervalent,AYIRNRDRBQJXIF,[M+H]+,QTOF
NCC(CC(=O)O)c1ccc(Cl)cc1,fit,candidate,,KPYSYYIEGFHWSV,[M+H]+,QTOF
CC12CC=C3c4ccc(O)cc4CCC3C1CCC2(O)CC#N,fit,candidate,,LPEAVAOTAWKUPC,[M+H]+,QTOF
CC(CC(Cc1ccc(-c2ccccc2)cc1)NC(=O)OC(C)(C)C)C(=O)O,fit,candidate,,YNELJETWNMPEEH,[M+H]+,QTOF
COc1ccc(/C(=C\C(=O)N2CCOCC2)c2ccc(Cl)cc2)cc1OC,fit,candidate,,QNBTYORWCCMPQP,[M+H]+,QTOF
CCOC(=O)C(C#N)=C(c1ccccc1)c1ccccc1,fit,candidate,,IAJNXBNRYMEYAZ,[M+H]+,QTOF
COc1cc(N)nc(OC)n1,fit,candidate,,LNTJJKHTAZFVJJ,[M+H]+,QTOF
CNc1nc(NC(C)C)nc(SC)n1,fit,candidate,,HCRWJJJUKUVORR,[M+H]+,QTOF
Clc1ccc(-c2nc3ccccc3[nH]2)cc1,fit,candidate,,PTXUJRTVWRYYTE,[M+H]+,QTOF
O=C1CC2(CCCCC2)CO1,fit,candidate,,CKICBBJJCUQLPO,[M+H]+,QTOF
CCNc1nc(NC(C)(C)C)nc(S(C)=O)n1,fit,excluded,chem:hypervalent,LMUNBZZRYCNYLJ,[M+H]+,QTOF
N#CSCSc1nc2ccccc2s1,fit,candidate,,TUBQDCKAWGHZPF,[M+H]+,QTOF
CCCC(C(=O)OCCN(CC)CC)(c1ccccc1)c1ccccc1,fit,candidate,,SNTQPLDRUZOSDP,[M+H]+,QTOF
CC(O)C(=O)N(C)c1ccccc1,fit,candidate,,YOZNZNZSJNNALS,[M+H]+,QTOF
O=C(Nc1ccc(Cl)cc1C(O)c1ccccc1)c1ccncc1,fit,candidate,,PFDCOZXELJAUTR,[M+H]+,QTOF
OCCN1CCN(CCCN2c3ccccc3C=Cc3ccccc32)CC1,fit,candidate,,YNZFUWZUGRBMHL,[M+H]+,QTOF
CC(C)NCC(O)COc1cccc2[nH]c3ccccc3c12,fit,candidate,,BQXQGZPYHWWCEB,[M+H]+,QTOF
CC(C)(c1ccc(OCC(O)CO)cc1)c1ccc(OCC(O)CO)cc1,fit,candidate,,NISVZEWKUNUGQQ,[M+H]+,QTOF
CCOCCOC(=O)Nc1ccc(C)c(NC(=O)OCCOCC)c1,fit,candidate,,XCEPDLGXLQKFCO,[M+H]+,QTOF
CCNC(C)Cc1ccc2c(c1)OCO2,fit,candidate,,PVXVWWANJIWJOO,[M+H]+,QTOF
CCN(CC)c1ccc2c(c1)Oc1cc(N(CC)CC)ccc1C21OC(=O)c2ccccc21,fit,candidate,,DZNJMLVCIZGWSC,[M+H]+,QTOF
CC=CC(=O)N(CC)c1ccccc1C,fit,candidate,,DNTGGZPQPQTDQF,[M+H]+,QTOF
CC(C)CC(C)Nc1ccc(Nc2ccccc2)cc1,fit,candidate,,ZZMVLMVFYMGSMY,[M+H]+,QTOF
COC(=O)C(C)N(C(=O)Cc1ccccc1)c1c(C)cccc1C,fit,candidate,,CJPQIRJHIZUAQP,[M+H]+,QTOF
C[C@]12CC[C@H]3c4ccc(O)cc4CC[C@@H]3[C@H]1C[C@@H](O)C2=O,fit,candidate,,WPOCIZJTELRQMF,[M+H]+,QTOF
Cc1cc(NS(=O)(=O)c2ccc(NO)cc2)no1,fit,excluded,chem:hypervalent,MJAMPGKHIZXVFJ,[M+H]+,QTOF
CN1C(C)(C)CC(OC(=O)CCCCCCCCC(=O)OC2CC(C)(C)N(C)C(C)(C)C2)CC1(C)C,fit,candidate,,RSOILICUEWXSLA,[M+H]+,QTOF
CN(C1CCCCC1)C1CCCCC1,fit,candidate,,GSCCALZHGUWNJW,[M+H]+,QTOF
CCS(=O)(=O)CCSP(=O)(OC)OC,fit,excluded,chem:unsupported_element:P,PZIRJMYRYORVIT,[M+H]+,QTOF
Nc1ccn([C@@H]2CS[C@H](CO)O2)c(=O)n1,fit,candidate,,JTEGQNOMFQHVDC,[M+H]+,QTOF
Nc1c(I)cc(I)cc1I,fit,candidate,,GNOYQZRQXNVAKE,[M+H]+,QTOF
c1ccc(Nc2ccc(Nc3ccccc3)cc2)cc1,fit,candidate,,UTGQNNCQYDRXCH,[M+H]+,QTOF
Nc1ccc(Nc2ccc([N+](=O)[O-])cc2[N+](=O)[O-])cc1,fit,excluded,chem:unsupported_charge,JMDHCJDATBJFJS,[M+H]+,QTOF
C[N+](C)([O-])CCCC1(c2ccc(F)cc2)OCc2cc(C#N)ccc21,fit,excluded,chem:unsupported_charge,DIOGFDCEWUUSBQ,[M+H]+,QTOF
CN(C/C=C/C#CC(C)(C)C(=O)O)Cc1cccc2ccccc12,fit,candidate,,DSPCPJFHUUUMEV,[M+H]+,QTOF
COc1cc(C(=O)c2cnc(N)nc2N)cc(OC)c1OC,fit,candidate,,GAAPPIKAFNZRLA,[M+H]+,QTOF
CC(C)(C)P(C(C)(C)C)C(C)(C)C,fit,excluded,chem:unsupported_element:P,BWHDROKFUHTORW,[M+H]+,QTOF
CCC(CCC(C)O)COC(=O)c1ccccc1O,fit,candidate,,GBHBFLJCRCERFT,[M+H]+,QTOF
FC(F)C(F)(F)OCC(Cn1cncn1)c1ccc(Cl)cc1Cl,fit,candidate,,LQDARGUHUSPFNL,[M+H]+,QTOF
CCCc1nc(C(C)(C)O)c(C(=O)O)n1Cc1ccc(-c2ccccc2-c2nn[nH]n2)cc1,fit,candidate,,VTRAEEWXHOVJFV,[M+H]+,QTOF
CON(C)C(=O)Nc1ccc(Cl)cc1,fit,candidate,,LKJPSUCKSLORMF,[M+H]+,QTOF
Nc1ccn(C2OC(CO)C(O)C2(F)F)c(=O)n1,fit,candidate,,SDUQYLNIPVEERB,[M+H]+,QTOF
Cc1cc(=O)n(CCCCBr)cn1,fit,candidate,,JPRPBJZUZYPPRN,[M+H]+,QTOF
CNCCOC(c1ccccc1)c1ccccc1,fit,candidate,,AGSLYHYWLYGAOU,[M+H]+,QTOF
CCCCCCCCCCCCCCCC(=O)OCC(O)COP(=O)([O-])OCC[N+](C)(C)C,fit,excluded,chem:unsupported_element:P,ASWBNKHCZGQVJV,[M+H]+,QTOF
CC1(C)NC(=O)NC1=O,fit,candidate,,YIROYDNZEPTFOL,[M+H]+,QTOF
CON=C(C(=O)OC)c1ccccc1COc1ccccc1C,fit,candidate,,ZOTBXTZVPHCKPN,[M+H]+,QTOF
NC(=O)c1ccccc1O,fit,candidate,,SKZKKFZAGNVIMN,[M+H]+,QTOF
CC(C)NC(=O)NS(=O)(=O)c1cnccc1Nc1cccc(CO)c1,fit,excluded,chem:hypervalent,WCYVLAMJCQZUCR,[M+H]+,QTOF
CCOC(=O)Nc1ccc(C)c(NC(=O)OCC)c1,fit,candidate,,PHYURWGMBQTCSY,[M+H]+,QTOF
CC12CCC3c4ccc(O)cc4CCC3C1CCC2O,fit,candidate,,VOXZDWNPVJITMN,[M+H]+,QTOF
CCOc1cc(OP(=S)(OC)OC)nc(CC)n1,fit,excluded,chem:unsupported_element:P,FGIWFCGDPUIBEZ,[M+H]+,QTOF
C#C[C@]1(O)CC[C@H]2[C@@H]3CCC4=C(CCC(=O)C4)[C@H]3CC[C@@]21C,fit,candidate,,ICTXHFFSOAJUMG,[M+H]+,QTOF
C#C[C@]1(O)CC[C@H]2[C@@H]3CCC4=CC(=O)CC[C@]4(C)[C@H]3CC[C@@]21C,fit,candidate,,CHNXZKVNWQUJIB,[M+H]+,QTOF
OC(c1ccc(Cl)cc1)(c1cncnc1)c1ccccc1Cl,fit,candidate,,NHOWDZOIZKMVAI,[M+H]+,QTOF
CC(C)c1ccccc1OP(=O)(Oc1ccccc1)Oc1ccccc1,fit,excluded,chem:unsupported_element:P,JJXNVYMIYBNZQX,[M+H]+,QTOF
CC(C)NCC(O)COc1ccc(CCOCC2CC2)cc1,fit,candidate,,NWIUTZDMDHAVTP,[M+H]+,QTOF
Cc1cc(Nc2ccccc2C(=O)O)ccc1Cl,fit,candidate,,QDNMBJXNLJFNHT,[M+H]+,QTOF
CC(O)C(=O)Nc1ccccc1,fit,candidate,,NXHFPNVCAZMTSG,[M+H]+,QTOF
CCC(C)(NC(=O)c1cc(Cl)c(C)c(Cl)c1)C(=O)CCl,fit,candidate,,SOUGWDPPRBKJEX,[M+H]+,QTOF
CCCCCCCCCCCCCCCC(=O)OCC(COP(=O)([O-])OCC[N+](C)(C)C)OC(=O)CCCC(=O)O,fit,excluded,chem:unsupported_element:P,CDZVJFRXJAUXPP,[M+H]+,QTOF
COC(=O)c1cccc(O)c1,fit,candidate,,YKUCHDXIBAQWSF,[M+H]+,QTOF
O=c1c2ccccc2sc2ccccc12,fit,candidate,,YRHRIQCWCFGUEQ,[M+H]+,QTOF
COc1ccc(NC(C)=O)cc1,fit,candidate,,XVAIDCNLVLTVFM,[M+H]+,QTOF
CCNc1nc(N)[nH]c(=O)n1,fit,candidate,,XRVCXZWINJOORX,[M+H]+,QTOF
CN(C)Cc1ccccc1,fit,candidate,,XXBDWLFCJWSEKW,[M+H]+,QTOF
CN(C)c1nc2c(ncn2[C@@H]2O[C@H](CO)[C@@H](O)[C@H]2O)c(=O)[nH]1,fit,candidate,,RSPURTUNRHNVGF,[M+H]+,QTOF
COc1ccc(OC)cc1,fit,candidate,,OHBQPCCCRFSCAX,[M+H]+,QTOF
COC(=O)C1CCC(=O)N1,fit,candidate,,HQGPKMSGXAUKHT,[M+H]+,QTOF
CCCCN(C)C(=O)Nc1ccc(Cl)c(Cl)c1,fit,candidate,,CCGPUGMWYLICGL,[M+H]+,QTOF
COc1ccc2nc(SCc3[nH]cc(C)c(=O)c3C)[nH]c2c1,fit,candidate,,LVUFHVGKGMRSQW,[M+H]+,QTOF
Cc1cc(N)no1,fit,candidate,,FKPXGNGUVSHWQQ,[M+H]+,QTOF
Nc1ccc(C(=O)O)c(O)c1,fit,candidate,,WUBBRNOQWQTFEX,[M+H]+,QTOF
Nc1nc(=O)n(C2CSC(C(=O)O)O2)cc1F,fit,candidate,,GQHACZWRCOKKIZ,[M+H]+,QTOF
O=c1[nH]cnc2c1cnn2C1OC(CO)C(O)C1O,fit,candidate,,KFQUAMTWOJHPEJ,[M+H]+,QTOF
CCOCCOC(=O)C(C)Oc1ccc(Oc2ncc(C(F)(F)F)cc2Cl)cc1,fit,candidate,,MIJLZGZLQLAQCM,[M+H]+,QTOF
CCOC(=O)C1CC(=O)C(=C(O)C2CC2)C(=O)C1,fit,candidate,,RVKCCVTVZORVGD,[M+H]+,QTOF
Cn1c(=O)[nH]c2ncn(C)c2c1=O,fit,candidate,,QUNWUDVFRNGTCO,[M+H]+,QTOF
COCCOC(=O)Nc1ccc(C)c(NC(=O)OCCOC)c1,fit,candidate,,KRAWNIRAZIFPLS,[M+H]+,QTOF
COCC(=O)Nc1c(I)c(C(=O)NCC(O)CO)c(I)c(C(=O)N(C)CC(O)CO)c1I,fit,candidate,,DGAIEPBNLOQYER,[M+H]+,QTOF
CNC(=O)ON=C(C)C(C)SC,fit,candidate,,SFNPDDSJBGRXLW,[M+Na]+,QTOF
Nc1ccc(O)c([N+](=O)[O-])c1,fit,excluded,chem:unsupported_charge,WHODQVWERNSQEO,[M+H]+,QTOF
Nc1nc(Cl)nc2c1ncn2[C@H]1C[C@H](O)[C@@H](CO)O1,fit,candidate,,PTOAARAWEBMLNO,[M+H]+,QTOF
O=C(c1ccccc1)c1ccccc1,fit,candidate,,RWCCWEUUXYIKHB,[M+H]+,QTOF
Nc1nc(=S)c2[nH]cnc2[nH]1,fit,candidate,,WYWHKKSPHMUBEB,[M+H]+,QTOF
COc1ccc(C(=O)c2ccc(OC)cc2O)c(O)c1,fit,candidate,,SODJJEXAWOSSON,[M+H]+,QTOF
CCN(CCC#N)c1ccc(N=Nc2c(Cl)cc([N+](=O)[O-])cc2Cl)cc1,fit,excluded,chem:unsupported_charge,KHZRTXVUEZJYNE,[M+H]+,QTOF
O=C1CN=C(c2ccccc2Cl)c2cc([N+](=O)[O-])ccc2N1,fit,excluded,chem:unsupported_charge,DGBIGWXXNGSACT,[M+H]+,QTOF
CC(C)(C)C#C/C=C/CNCc1cccc2ccccc12,fit,candidate,,IZJZLXQHMWUCIC,[M+H]+,QTOF
Nc1cccc2[nH]c(-c3ccccc3)nc12,fit,candidate,,PVNHYDDCQMHWAL,[M+H]+,QTOF
O=C(c1ccccc1)c1ccccc1O,fit,candidate,,HJIAMFHSAAEUKR,[M+H]+,QTOF
Cc1ncc(CO)c(CO)c1O,fit,candidate,,LXNHXLLTXMVWPM,[M+H]+,QTOF
Cc1cc(-n2nc3ccc(Cl)cc3n2)c(O)c(C(C)(C)C)c1,fit,candidate,,OCWYEMOEOGEQAN,[M+H]+,QTOF
COc1ccc(C(=O)c2ccc(Cl)cc2)c(O)c1,fit,candidate,,CBKGNZGFDXQOEV,[M+H]+,QTOF
Cc1ccc2ccccc2n1,fit,candidate,,SMUQFGGVLNAIOZ,[M+H]+,QTOF
Nc1nc2c(ncn2CCC(CO)CO)c(=O)[nH]1,fit,candidate,,JNTOCHDNEULJHD,[M+H]+,QTOF
CCCOc1ccc2nc(NC(=O)OC)[nH]c2c1,fit,candidate,,RAOCRURYZCVHMG,[M+H]+,QTOF
CCCCOC(=O)C(C)Oc1ccc(Oc2ccc(C(F)(F)F)cn2)cc1,fit,candidate,,VAIZTNZGPYBOGF,[M+H]+,QTOF
CSc1nc(N)nc2nc[nH]c12,fit,candidate,,YEGKYFQLKYGHAR,[M+H]+,QTOF
O=C(O)C(c1ccccc1)C1CCCCN1,fit,candidate,,INGSNVSERUZOAK,[M+H]+,QTOF
O=C1CCCCCN1,fit,candidate,,JBKVHLHDHHXQEQ,[M+H]+,QTOF
S=P(c1ccccc1)(c1ccccc1)c1ccccc1,fit,excluded,chem:unsupported_element:P,VYNGFCUGSYEOOZ,[M+H]+,QTOF
N=C(N)c1ccc(OCCCCCCOc2ccc(C(=N)N)cc2)cc1,fit,candidate,,OQLKNTOKMBVBKV,[M+H]+,QTOF
CC(=O)c1ccc(C(=O)O)cc1,fit,candidate,,QBHDSQZASIBAAI,[M+H]+,QTOF
CCN(CCOC(C)OCC(C)C)c1ccc(N=Nc2ccccc2)cc1,fit,candidate,,BATVZJPOLFSGTD,[M+H]+,QTOF
Nc1nc(=O)n(C2CS(=O)C(CO)O2)cc1F,fit,excluded,chem:hypervalent,DMOMZPWPIDCLMB,[M+H]+,QTOF
CO/N=C1/C[C@]2(C[C@@H]3C[C@@H](C/C=C(\C)C[C@@H](C)/C=C/C=C4\CO[C@@H]5[C@H](O)C(C)=C[C@@H](C(=O)O3)[C@]45O)O2)OC(/C(C)=C/C(C)C)[C@H]1C,fit,candidate,,YZBLFMPOMVTDJY,[M+H]+,QTOF
c1ccc2sc(SSN3CCOCC3)nc2c1,fit,candidate,,QRYFCNPYGUORTK,[M+H]+,QTOF
C[C@H](Cn1cnc2c(N)ncnc21)OCP(=O)(O)O,fit,excluded,chem:unsupported_element:P,SGOIRFVFHAKUTI,[M+H]+,QTOF
O=C1c2ccccc2C(=O)c2c(O)ccc(O)c21,fit,candidate,,GUEIZVNYDFNHJU,[M+H]+,QTOF
O=C1NC(=O)C(c2ccccc2)(c2ccccc2)N1,fit,candidate,,CXOFVDLJLONNDW,[M+H]+,QTOF
O=C(NO)c1ccccc1,fit,candidate,,VDEUYMSGMPQMIK,[M+H]+,QTOF
Cn1c(=O)[nH]c(=O)c2[nH]cnc21,fit,candidate,,GMSNIKWWOQHZGF,[M+H]+,QTOF
Cn1cnc2c(=O)[nH]c(N)nc21,fit,candidate,,UUWJNBOCAPUTBK,[M+H]+,QTOF
CC(=O)Nc1ccc(C)cc1,fit,candidate,,YICAMJWHIUMFDI,[M+H]+,QTOF
O=C(O)CC1(C(=O)O)CCCCC1,fit,candidate,,SDAXMMUAZRUWNL,[M+H]+,QTOF
O=c1[nH]c(=O)c2ccccc2[nH]1,fit,candidate,,SDQJTWBNWQABLE,[M+H]+,QTOF
CC(C)OP(=O)(Oc1ccccc1)Oc1ccccc1,fit,excluded,chem:unsupported_element:P,YDICVVYPXSZSFA,[M+H]+,QTOF
O=C1CC(c2ccccc2)Oc2ccccc21,fit,candidate,,ZONYXWQDUYMKFB,[M+H]+,QTOF
CNCC(CC(=O)O)CC(C)C,fit,candidate,,MADUVMLGQASXOK,[M+H]+,QTOF
CC(C)(CO)C(O)C(=O)NCCC(=O)O,fit,candidate,,GHOKWGTUZJEAQD,[M+H]+,QTOF
Cn1cnc2c1c(=O)[nH]c(=O)n2C,fit,candidate,,YAPQBXQYLJRXSA,[M+H]+,QTOF
CC1(c2ccccc2)NC(=O)NC1=O,fit,candidate,,JNGWGQUYLVSFND,[M+H]+,QTOF
COC(=O)Nc1ccccc1,fit,candidate,,IAGUPODHENSJEZ,[M+H]+,QTOF
CN1C2CCC1C(C(=O)O)C(OC(=O)c1cccc(O)c1)C2,fit,candidate,,XCJJCRPRQYXLRE,[M+H]+,QTOF
CC(C)NCC(O)COc1ccc(CCO)cc1,fit,candidate,,CUKXSBOAIJILRY,[M+H]+,QTOF
Nc1ccn(C2OC(CO)C(O)C2O)c(=O)n1,fit,candidate,,UHDGCWIWMRVCDJ,[M+H]+,QTOF
COCCOCCOCCOCCOCCOC,fit,candidate,,DMDPGPKXQDIQQG,[M+Na]+,QTOF
Nc1cccc2c1CN(C1CCC(=O)NC1=O)C2=O,fit,candidate,,GOTYRUGSSMKFNF,[M+H]+,QTOF
O=c1[nH]c(=S)c2[nH]cnc2[nH]1,fit,candidate,,RJOXFJDOUQJOMQ,[M+H]+,QTOF
NC(=O)CN1CCCC1=O,fit,candidate,,GMZVRMREEHBGGF,[M+H]+,QTOF
Cn1cnc2[nH]c(=O)[nH]c(=O)c21,fit,candidate,,PFWLFWPASULGAN,[M+H]+,QTOF
CCCCCCOC(=O)c1ccccc1C(=O)OCCCCCC,fit,candidate,,KCXZNSGUUQJJTR,[M+H]+,QTOF
COC(=O)C(Cc1ccccc1)NC(=O)C(CC(=O)O)NCCC(C)(C)C,fit,candidate,,HLIAVLHNDJUHFG,[M+H]+,QTOF
Nc1cc(Cl)cc(Cl)c1,fit,candidate,,UQRLKWGPEVNVHT,[M+H]+,QTOF
CC(C)NC(=O)c1ccccc1N,fit,candidate,,FWQYJOPJMIEKHZ,[M+H]+,QTOF
CNCC(O)c1cccc(O)c1,fit,candidate,,SONNWYBIRXJNDC,[M+H]+,QTOF
C[N+](C)([O-])CCOC(c1ccccc1)c1ccccc1,fit,excluded,chem:unsupported_charge,OEQNVWKWQPTBSC,[M+H]+,QTOF
c1ccc(-c2cccnc2)cc1,fit,candidate,,HJKGBRPNSJADMB,[M+H]+,QTOF
Oc1ccc(O)cc1,fit,candidate,,QIGBRXMKCJKVMJ,[M+H]+,Orbitrap
NS(=O)(=O)c1cc2c(cc1Cl)NCNS2(=O)=O,fit,excluded,chem:hypervalent,JZUFKLXOESDKRF,[M+H]+,QTOF
CC12CCC3c4ccc(O)cc4CCC3C1CCC2=O,fit,candidate,,DNXHEGUUPJUMQT,[M+H]+,QTOF
COC(=O)Nc1cccc(N)c1,fit,candidate,,ACQVQJHUIZBTTB,[M+H]+,QTOF
COc1ccccc1N1CCN(CCCNc2cc(=O)n(C)c(=O)n2C)CC1,fit,candidate,,ICMGLRUYEQNHPF,[M+H]+,QTOF
COC(=O)C1C2CCC(CC1OC(=O)c1ccccc1)N2,fit,candidate,,AYDBLCSLKNTEJL,[M+H]+,QTOF
CC1(C)CCCC(C)(C)N1O,fit,candidate,,QYTDEUPAUMOIOP,[M+H]+,QTOF
Nc1ncnc2c1ncn2CCOCP(=O)(O)O,fit,excluded,chem:unsupported_element:P,SUPKOOSCJHTBAH,[M+H]+,Orbitrap
Cc1cc(N(C)C)ccc1N=Nc1ccccc1,fit,candidate,,QXTOLYZIJUDOIT,[M+H]+,QTOF
O=c1c(O)c(-c2ccc(O)c(O)c2)oc2cc(O)cc(O)c12,fit,candidate,,REFJWTPEDVJJIY,[M+H]+,QTOF
Fc1nc2ccccc2s1,fit,candidate,,QVWCHVAUHZEAAT,[M+H]+,QTOF
Cc1cc(C2CCCCC2)n(O)c(=O)c1,fit,candidate,,SCKYRAXSEDYPSA,[M+H]+,Orbitrap
O=c1[nH]cc(C(F)(F)F)cc1Cl,fit,candidate,,AJPOOWWMZOPUCG,[M+H]+,QTOF
CCCCCC/C=C\CCCCCCCC(=O)NCCO,fit,candidate,,WFRLANWAASSSFV,[M+H]+,QTOF
CCCCCCCCC(=O)O,fit,candidate,,FBUKVWPVBMHYJY,[M+H]+,QTOF
C[C@H](CCCCC(=O)O)O[C@@H]1O[C@@H](C)[C@H](O)C[C@H]1O,fit,candidate,,KBTQMAFDKPKMEJ,[M+H]+,QTOF
CCCCCCCCCCCCCCC(=O)NCCO,fit,candidate,,UHPXXKLAACDXGS,[M+H]+,QTOF
C[C@H](CCC(=O)NCCS(=O)(=O)O)[C@H]1CC[C@H]2[C@@H]3CC[C@@H]4C[C@H](O)CC[C@]4(C)[C@H]3C[C@H](O)[C@]12C,fit,excluded,chem:hypervalent,AWDRATDZQPNJFN,[M+H]+,QTOF
O=C(O)c1ccccc1,fit,candidate,,WPYMKLBDIGXBTP,[M+H]+,QTOF
CCCCCC(=O)CC(=O)NC1CCOC1=O,fit,candidate,,FXCMGCFNLNFLSH,[M+H]+,QTOF
CC1=C(/C=C/C(C)=C/C=C/C(C)=C/C(=O)O)C(C)(C)CCC1,fit,candidate,,SHGAZHPCJJPHSC,[M+H]+,QTOF
CC(C=CC1=C(C)CCCC1(C)C)=CC=CC(C)=CC(=O)O,fit,candidate,,SHGAZHPCJJPHSC,[M+H]+,QTOF
CC/C=C\C/C=C\C/C=C\C/C=C\C/C=C\C/C=C\CCC(=O)O,fit,candidate,,MBMBGCFOFBJSGT,[M+H]+,QTOF
CCC=CCC=CCC=CCC=CCC=CCC=CCCC(=O)O,fit,candidate,,MBMBGCFOFBJSGT,[M+H]+,Orbitrap
CCC(C)CCCCCCCCCCC(=O)O,fit,candidate,,XKLJLHAPJBUBNL,[M+H]+,QTOF
C[C@H](CCC(=O)NCCS(=O)(=O)O)[C@H]1CC[C@H]2[C@@H]3CC[C@@H]4C[C@H](O)CC[C@]4(C)[C@H]3CC[C@]12C,fit,excluded,chem:hypervalent,QBYUNVOYXHFVKC,[M+H]+,QTOF
CC(CCC(=O)NCCS(=O)(=O)O)C1CCC2C3CCC4CC(O)CCC4(C)C3CCC12C,fit,excluded,chem:hypervalent,QBYUNVOYXHFVKC,[M+H]+,Orbitrap
CCCCC/C=C\C/C=C\C/C=C\C/C=C\CCCC(=O)NCCO,fit,candidate,,LGEQQWMQCRIYKG,[M+H]+,QTOF
C[C@H](N)C(=O)N[C@@H](Cc1ccccc1)C(=O)O,fit,candidate,,OMNVYXHOSHNURL,[M+H]+,QTOF
CCCCCC(=O)O[C@H](CC(=O)[O-])C[N+](C)(C)C,fit,excluded,chem:unsupported_charge,VVPRQWTYSNDTEA,[M+H]+,QTOF
CCCCCC(=O)OC(CC(=O)[O-])C[N+](C)(C)C,fit,excluded,chem:unsupported_charge,VVPRQWTYSNDTEA,[M+Na]+,Orbitrap
CCCC(=O)CC(=O)NC1CCOC1=O,fit,candidate,,YRYOXRMDHALAFL,[M+H]+,QTOF
CC/C=C\C/C=C\C/C=C\C/C=C\C/C=C\CCCC(=O)O,fit,candidate,,JAZBEHYOTPTENJ,[M+H]+,QTOF
C[C@H](CCC(=O)O)[C@H]1CC[C@H]2[C@@H]3C(=O)C[C@@H]4C[C@H](O)CC[C@]4(C)[C@H]3CC[C@]12C,fit,candidate,,DXOCDBGWDZAYRQ,[M+H]+,QTOF
CC(CCC(=O)NCC(=O)O)C1CCC2C3CC(O)C4CC(O)CCC4(C)C3CCC12C,fit,candidate,,SPOIYSFQOFYOFZ,[M+H]+,QTOF
CC(C[C@H](O)CCCC[C@@H](O)CC(=O)O)O[C@@H]1OC(C)[C@H](O)CC1O,fit,candidate,,KOPWGKUEIMDQOP,[M+H]+,QTOF
Cc1ccc(/C=C/C(=O)O)cc1,fit,candidate,,RURHILYUWQEGOS,[M+H]+,QTOF
CCCCCCCCCCCCCCCCC(=O)NCCO,fit,candidate,,GCCFMSAXQJECNH,[M+H]+,QTOF
O=C(O)Cc1ccccc1O,fit,candidate,,CCVYRRGZDBSHFU,[M+H]+,QTOF
C[C@H](CCC(=O)NCCS(=O)(=O)O)[C@H]1CC[C@H]2[C@@H]3[C@@H](O)C[C@@H]4C[C@H](O)CC[C@]4(C)[C@H]3CC[C@]12C,fit,excluded,chem:hypervalent,BHTRKEVKTKCXOH,[M+H]+,QTOF
CC(CCC(=O)NCCS(=O)(=O)O)C1CCC2C3C(O)CC4CC(O)CCC4(C)C3CCC12C,fit,excluded,chem:hypervalent,BHTRKEVKTKCXOH,[M+H]+,Orbitrap
CC/C=C\C/C=C\C/C=C\CCCCCCCC(=O)O,fit,candidate,,DTOSIQBPPRVQHS,[M+H]+,QTOF
CCC=CCC=CCC=CCCCCCCCC(=O)O,fit,candidate,,DTOSIQBPPRVQHS,[M+H]+,Orbitrap
Oc1ccccc1,fit,candidate,,ISWSIDIOOBJBQZ,[M+H]+,QTOF
C[C@H](CCC(=O)O)[C@H]1CC[C@H]2[C@@H]3C(=O)C(=O)[C@@H]4C[C@H](O)CC[C@]4(C)[C@H]3CC[C@]12C,fit,candidate,,FRIRHJVKXFYECW,[M+H]+,QTOF
CCCCCCCCCCCCCCCC(=O)NCCO,fit,candidate,,HXYVTAGFYLMHSO,[M+H]+,QTOF
CC(O)(C(=O)O)c1ccc(O)cc1,fit,candidate,,HXIPUYVSSGKLFF,[M+H]+,QTOF
N[C@@H](CS)C(=O)O,fit,candidate,,XUJNEKJLAYXESH,[M+H]+,QTOF
Oc1cc(O)c2c(c1)O[C@H](c1ccc(O)c(O)c1)[C@@H](O)C2,fit,candidate,,PFTAWBLQPZVEMU,[M+H]+,QTOF
Oc1cc(O)c2c(c1)OC(c1ccc(O)c(O)c1)C(O)C2,fit,candidate,,PFTAWBLQPZVEMU,[M+H]+,QTOF
C[C@H](CCC(=O)O)[C@H]1CC[C@H]2[C@@H]3[C@H](O)C[C@H]4C[C@H](O)CC[C@]4(C)[C@H]3C[C@H](O)[C@]12C,fit,candidate,,BHQCQFFYRZLCQQ,[M+H]+,QTOF
CCCCCCCC(=O)CC(=O)NC1CCOC1=O,fit,candidate,,KYGIKEQVUKTKRR,[M+H]+,QTOF
COC1=C(OC)C(=O)C(C/C=C(\C)CCC=C(C)C)=C(C)C1=O,fit,candidate,,SQQWBSBBCSFQGC,[M+H]+,QTOF
CCCCCCCCCCCCCCCCCCCC(=O)NCCO,fit,candidate,,AUJVQJHODMISJP,[M+H]+,QTOF
CC1=C(/C=C/C(C)=C/C=C/C(C)=C/C=O)C(C)(C)CCC1,fit,candidate,,NCYCYZXNIZJOKI,[M+H]+,QTOF
Cc1cccc(C(=O)NCC(=O)O)c1,fit,candidate,,YKAKNMHEIJUKEX,[M+H]+,QTOF
C[C@H](O)[C@@H](N)C(=O)O,fit,candidate,,AYFVYJQAPQTCCC,[M+H]+,QTOF
CC(=O)CC(=O)NC1CCOC1=O,fit,candidate,,FIHPLICEAUNEFV,[M+H]+,QTOF
O=C(O)c1c(O)ccc2nc3ccccc3nc12,fit,candidate,,GXLWPTUCVZRTBQ,[M+H]+,QTOF
O=c1c(O[C@@H]2O[C@H](CO)[C@@H](O)[C@H](O)[C@H]2O)c(-c2ccc(O)cc2)oc2cc(O)cc(O)c12,fit,candidate,,JPUKWEQWGBDDQB,[M+H]+,QTOF
O=c1c(OC2OC(CO)C(O)C(O)C2O)c(-c2ccc(O)cc2)oc2cc(O)cc(O)c12,fit,candidate,,JPUKWEQWGBDDQB,[M+H]+,QTOF
C[C@H](CC/C=C/C(=O)O)O[C@@H]1O[C@@H](C)[C@H](O)C[C@H]1O,fit,candidate,,GGHOMCWJOMBZEK,[M+H]+,QTOF
CNc1ncnc2c1ncn2[C@@H]1O[C@H](CO)[C@@H](O)[C@H]1O,fit,candidate,,VQAYFKKCNSOZKM,[M+H]+,QTOF
C[C@H](CCC(=O)O)[C@H]1CC[C@H]2[C@@H]3CC[C@@H]4C[C@H](O)CC[C@]4(C)[C@H]3CC(=O)[C@]12C,fit,candidate,,CVNYHSDFZXHMMJ,[M+H]+,QTOF
Nc1ccccc1C(=O)O,fit,candidate,,RWZYAGGXGHYGMB,[M+H]+,QTOF
CC(CCC(=O)O)O[C@@H]1OC(C)[C@H](OC(=O)CCC(=O)NCCc2ccc(O)cc2)CC1O,fit,candidate,,VQYVTRPNVGUOGV,[M+H]+,QTOF
CCCCC/C=C\C/C=C\C/C=C\CCCCC(=O)O,fit,candidate,,VZCCETWTMQHEPK,[M+H]+,QTOF
CCCCCC=CCC=CCC=CCCCCC(=O)O,fit,candidate,,VZCCETWTMQHEPK,[M+Na]+,Orbitrap
CCCC(=O)NC1CCOC1=O,fit,candidate,,VFFNZZXXTGXBOG,[M+H]+,QTOF
CC(CCC[C@@H](C)[C@H]1CC[C@H]2C3=CC[C@H]4CC(=O)CC[C@]4(C)[C@H]3CC[C@]12C)C(=O)O,fit,candidate,,SQTAVUCHOVVOFD,[M+H]+,QTOF
CCCCCCCCCC(=O)OC(CC(=O)[O-])C[N+](C)(C)C,fit,excluded,chem:unsupported_charge,LZOSYCMHQXPBFU,[M+H]+,QTOF
CCCCCCCCCCCCCCCCC(=O)OC[C@@H](O)COP(=O)([O-])OCC[N+](C)(C)C,fit,excluded,chem:unsupported_element:P,SRRQPVVYXBTRQK,[M+H]+,QTOF
COc1cc(CC(=O)O)ccc1O,fit,candidate,,QRMZSPFSDQBLIX,[M+H]+,QTOF
CCCC[C@H](N)C(=O)O,fit,candidate,,LRQKBLKVPFOOQJ,[M+H]+,QTOF
CCCCC(N)C(=O)O,fit,candidate,,LRQKBLKVPFOOQJ,[M+H]+,Orbitrap
CCCCCCCCOC(=O)c1ccccc1C(=O)OCCCCCCCC,fit,candidate,,MQIUGAXCHLFZKX,[M+H]+,QTOF
O=C(O)c1cccc2nc3ccccc3nc12,fit,candidate,,JGCSKOVQDXEQHI,[M+H]+,QTOF
C[C@H](CCC(=O)NCCS(=O)(=O)O)[C@H]1CC[C@H]2[C@@H]3[C@H](O)C[C@@H]4C[C@H](O)CC[C@]4(C)[C@H]3CC[C@]12C,fit,excluded,chem:hypervalent,BHTRKEVKTKCXOH,[M+H]+,QTOF
C[C@H](CCC(=O)NCC(=O)O)[C@H]1CCC2C3C(CC[C@@]21C)[C@@]1(C)CC[C@@H](O)C[C@H]1C[C@@H]3O,fit,candidate,,GHCZAUBVMUEKKP,[M+H]+,QTOF
CC(=O)N[C@@H](C=O)[C@H](O)[C@@H](O)[C@@H](O)CO,fit,candidate,,MBLBDJOUHNCFQT,[M+H]+,QTOF
C[C@H](CCC(=O)O)[C@H]1CC[C@H]2[C@@H]3[C@H](O)[C@H](O)[C@@H]4C[C@H](O)CC[C@]4(C)[C@H]3CC[C@]12C,fit,candidate,,DKPMWHFRUGMUKF,[M+H]+,QTOF
CCCCCCCCCC(=O)CC(=O)NC1CCOC1=O,fit,candidate,,PHSRRHGYXQCRPU,[M+H]+,QTOF
Oc1ccccc1O,fit,candidate,,YCIMNLLNPGFGHC,[M+H]+,QTOF
CCCCCCCCCCCCCC(=O)NCCO,fit,candidate,,JHIXEZNTXMFXEK,[M+H]+,QTOF
OCC(O)[C@H](O)[C@@H](O)[C@H](O)CO,fit,candidate,,FBPFZTCFMRRESA,[M+H]+,QTOF
CCCCCCCC/C=C\CCCCCCCC(=O)N[C@@H](CC(C)C)C(=O)O,fit,candidate,,UMOAAMQGRRCHPA,[M+H]+,QTOF
C[C@H](CCC(=O)NCC(=O)O)[C@H]1CC[C@H]2[C@@H]3[C@H](O)C[C@@H]4C[C@H](O)CC[C@]4(C)[C@H]3CC[C@]12C,fit,candidate,,GHCZAUBVMUEKKP,[M+H]+,QTOF
CCCC(O)CC(=O)NC1CCOC1=O,fit,candidate,,CRCIHGGZGGATGM,[M+H]+,QTOF
CC(C)C[C@H](N)C(=O)NCC(=O)NCC(=O)O,fit,candidate,,VWHGTYCRDRBSFI,[M+H]+,QTOF
CC(C)CC(=O)O,fit,candidate,,GWYFCOCPABKNJV,[M+H]+,QTOF
CCCCCCCCCCCC(=O)NC1CCOC1=O,fit,candidate,,WILLZMOKUUPJSL,[M+H]+,QTOF
CCCCC/C=C\C/C=C\CCCCCCCC(=O)O,fit,candidate,,OYHQOLUKZRVURQ,[M+H]+,QTOF
CCCCCC=CCC=CCCCCCCCC(=O)O,fit,candidate,,OYHQOLUKZRVURQ,[M+H]+,Orbitrap
CCCCCCCC(=O)NC1CCOC1=O,fit,candidate,,JKEJEOJPJVRHMQ,[M+H]+,QTOF
O=c1c(O)c(-c2ccc(O)cc2)oc2cc(O)cc(O)c12,fit,candidate,,IYRMWMYZSQPJKC,[M+H]+,QTOF
CCCCCCCCCCCCCCC(=O)O,fit,candidate,,WQEPLUUGTLDZJY,[M+H]+,QTOF
CCCCCCCC/C=C\CCCCCCCC(=O)NCCO,fit,candidate,,BOWVQLFMWHZBEF,[M+H]+,QTOF
CC(C)(C)[C@H](N)C(=O)O,fit,candidate,,NPDBDJFLKKQMCM,[M+H]+,QTOF
COC(=O)c1ccccc1C(=O)OC,fit,candidate,,NIQCNGHVCWTJSM,[M+H]+,QTOF
O=C(O)Cc1cc(O)ccc1O,fit,candidate,,IGMNYECMUMZDDF,[M+H]+,QTOF
CCCOC(=O)c1ccccc1C(=O)OCCC,fit,candidate,,MQHNKCZKNAJROC,[M+H]+,QTOF
CC(CCC(=O)O)CC(=O)O,fit,candidate,,SYEOWUNSTUDKGM,[M+H]+,QTOF
CC(CCC(=O)O)C1CCC2C3CC(=O)C4CC(O)CCC4(C)C3CCC12C,fit,candidate,,JWZBXKZZDYMDCJ,[M+H]+,QTOF
Nc1ncnc2c1ncn2[C@H]1O[C@@H]2COP(=O)(O)O[C@@H]2[C@@H]1O,fit,excluded,chem:unsupported_element:P,IVOMOUWHDPKRLL,[M+H]+,QTOF
Oc1ccc2nc3ccccc3nc2c1,fit,candidate,,RETSEGNZNUBJRB,[M+H]+,QTOF
CCCCCCCC/C=C\CCCCCCCC(=O)O[C@H](CC(=O)[O-])C[N+](C)(C)C,fit,excluded,chem:unsupported_charge,IPOLTUVFXFHAHI,[M+H]+,QTOF
O=c1[nH]cc([C@@H]2O[C@H](CO)[C@@H](O)[C@H]2O)c(=O)[nH]1,fit,candidate,,PTJWIQPHWPFNBW,[M+H]+,QTOF
O=C(O)c1cccc2nc3c(C(=O)O)cccc3nc12,fit,candidate,,MJALVONLCNWZHK,[M+H]+,QTOF
CCCCCCCC/C=C\CCCCCCCC(=O)N[C@@H](Cc1ccccc1)C(=O)O,fit,candidate,,UWKNPULCJWBBDD,[M+H]+,QTOF
CC(C)=CCNc1ncnc2c1ncn2[C@@H]1O[C@H](CO)[C@@H](O)[C@H]1O,fit,candidate,,USVMJSALORZVDV,[M+H]+,QTOF
O=c1ccn([C@@H]2O[C@H](CO)[C@@H](O)[C@H]2O)c(=O)[nH]1,fit,candidate,,DRTQHJPVMGBUCF,[M+H]+,QTOF
CCCCCCCCCCCCCCC(=O)OC[C@@H](O)COP(=O)([O-])OCC[N+](C)(C)C,fit,excluded,chem:unsupported_element:P,RJZVWDTYEWCUAR,[M+H]+,QTOF
Cn1c2cccc(=O)c-2nc2ccccc21,fit,candidate,,YNCMLFHHXWETLD,[M+H]+,QTOF
CC(CCC(=O)NCCS(=O)(=O)O)C1CCC2C3C(O)C(O)C4CC(O)CCC4(C)C3CCC12C,fit,excluded,chem:hypervalent,XSOLDPYUICCHJX,[M+H]+,QTOF
O=C(O)/C=C/c1ccccc1,fit,candidate,,WBYWAXJHAXSJNI,[M+H]+,QTOF
O=C(O)C=Cc1ccccc1,fit,candidate,,WBYWAXJHAXSJNI,[M+H]+,Orbitrap
C[C@H](CCC(=O)NCCS(=O)(=O)O)C1CC[C@H]2[C@@H]3[C@H](O)[C@@H](O)[C@@H]4C[C@H](O)CC[C@]4(C)[C@H]3CC[C@]12C,fit,excluded,chem:hypervalent,XSOLDPYUICCHJX,[M+H]+,QTOF
CC(C)C[C@H](N)C(=O)O,fit,candidate,,ROHFNLRQFUQHCH,[M+H]+,QTOF
CC(C)CC(N)C(=O)O,fit,candidate,,ROHFNLRQFUQHCH,[M+H]+,Orbitrap
CC/C=C\C/C=C\C/C=C\CCCCCCCC(=O)NCCO,fit,candidate,,HBJXRRXWHSHZPU,[M+H]+,QTOF
O=C(O)/C=C/c1ccc(O)cc1,fit,candidate,,NGSWKAQJJWESNS,[M+H]+,QTOF
O=C(O)C=Cc1ccc(O)cc1,fit,candidate,,NGSWKAQJJWESNS,[M+H]+,QTOF
CC(O)CC(=O)NC1CCOC1=O,fit,candidate,,FIXDIFPJOFIIEC,[M+H]+,QTOF
C[C@H](N)C(=O)O,fit,candidate,,QNAYBMKLOCPYGJ,[M+H]+,QTOF
CCOC(=O)c1ccc(O)c(OC)c1,fit,candidate,,MWAYRGBWOVHDDZ,[M+H]+,QTOF
N[C@@H](CCSC[C@H](N)C(=O)O)C(=O)O,fit,candidate,,ILRYLPWNYFXEMH,[M+H]+,QTOF
CCCCCC(O)CC(=O)NC1CCOC1=O,fit,candidate,,XCZVBYOXRSFQBH,[M+H]+,QTOF
CCCCCCCCCCCCC(=O)OC[C@@H](O)COP(=O)([O-])OCC[N+](C)(C)C,fit,excluded,chem:unsupported_element:P,WNRCJJWBAXNAPE,[M+H]+,QTOF
CCCCCCCCCCCCC/C=C/[C@@H](O)[C@@H](N)CO,fit,candidate,,WWUZIQQURGPMPG,[M+H]+,QTOF
CCCCCCCCCCCCCC=CC(O)C(N)CO,fit,candidate,,WWUZIQQURGPMPG,[M+H]+,QTOF
CNc1nc2c(ncn2[C@@H]2O[C@H](CO)[C@@H](O)[C@H]2O)c(=O)[nH]1,fit,candidate,,SLEHROROQDYRAW,[M+H]+,QTOF
O=C(O)Cc1cccc(O)c1,fit,candidate,,FVMDYYGIDFPZAX,[M+H]+,QTOF
O=c1c(O[C@@H]2O[C@H](CO)[C@@H](O)[C@H](O)[C@H]2O)c(-c2ccc(O)c(O)c2)oc2cc(O)cc(O)c12,fit,candidate,,OVSQVDMCBVZWGM,[M+H]+,QTOF
O=c1c(OC2OC(CO)C(O)C(O)C2O)c(-c2ccc(O)c(O)c2)oc2cc(O)cc(O)c12,fit,candidate,,OVSQVDMCBVZWGM,[M+H]+,QTOF
NCC(=O)O,fit,candidate,,DHMQDGOQFOQNFH,[M+H]+,QTOF
N[C@@H](CC(=O)O)C(=O)O,fit,candidate,,CKLJMWTZIZZHCS,[M+H]+,QTOF
NC(CC(=O)O)C(=O)O,fit,candidate,,CKLJMWTZIZZHCS,[M+H]+,missing
O=c1cc(-c2ccc(O)cc2)oc2cc(O)cc(O)c12,fit,candidate,,KZNIFHPLKGYRTM,[M+H]+,QTOF
CC(C)CCC(=O)O,fit,candidate,,FGKJLKRYENPLQH,[M+H]+,QTOF
C[C@H](CCC(=O)O)[C@H]1CC[C@H]2[C@@H]3C(=O)C[C@@H]4C[C@H](O)CC[C@]4(C)[C@H]3CC(=O)[C@]12C,fit,candidate,,MAFJMPFLJJCSTB,[M+H]+,QTOF
OC[C@H]1O[C@H](OC[C@H]2O[C@H](O[C@]3(CO)O[C@H](CO)[C@@H](O)[C@@H]3O)[C@H](O)[C@@H](O)[C@@H]2O)[C@H](O)[C@@H](O)[C@H]1O,fit,candidate,,MUPFEKGTMRGPLJ,[M+H]+,QTOF
CC(CCC(=O)NCC(=O)O)C1CCC2C3CCC4CC(O)CCC4(C)C3CCC12C,fit,candidate,,XBSQTYHEGZTYJE,[M+H]+,QTOF
CCCCCCCCCC(=O)NC1CCOC1=O,fit,candidate,,TZWZKDULKILUPV,[M+H]+,QTOF
CC(CCC[C@@H](C)[C@H]1CC[C@H]2[C@@H]3CCC4=CC(=O)CC[C@]4(C)[C@H]3CC[C@]12C)C(=O)O,fit,candidate,,PSXQJZDFWDKBIP,[M+H]+,QTOF
O=C(O)/C=C/c1ccc(O)c(O)c1,fit,candidate,,QAIPRVGONGVQAS,[M+H]+,QTOF
O=C(O)C=Cc1ccc(O)c(O)c1,fit,candidate,,QAIPRVGONGVQAS,[M+H]+,QTOF
CCCCCCCC(=O)O[C@H](CC(=O)[O-])C[N+](C)(C)C,fit,excluded,chem:unsupported_charge,CXTATJFJDMJMIY,[M+H]+,QTOF
CCCCCCCC(=O)OC(CC(=O)[O-])C[N+](C)(C)C,fit,excluded,chem:unsupported_charge,CXTATJFJDMJMIY,[M+H]+,Orbitrap
CC(C)OC(=O)c1ccccc1C(=O)OC(C)C,fit,candidate,,QWDBCIAVABMJPP,[M+H]+,QTOF
CO[C@@H]1[C@H](O)[C@@H](CO)O[C@H]1n1cnc2c(=O)[nH]c(N)nc21,fit,candidate,,OVYNGSFVYRPRCG,[M+H]+,QTOF
CC(CCC(=O)NCC(=O)O)C1CCC2C3C(O)C(O)C4CC(O)CCC4(C)C3CCC12C,fit,candidate,,ZQYUKJFJPJDMMR,[M+H]+,QTOF
O=c1cc(-c2ccc(O)c(O)c2)oc2cc(O)cc(O)c12,fit,candidate,,IQPNAANSBPBGFQ,[M+H]+,QTOF
OC[C@H]1O[C@@](CO)(O[C@H]2O[C@H](CO)[C@@H](O)[C@H](O)[C@H]2O)[C@@H](O[C@H]2O[C@H](CO)[C@@H](O)[C@H](O)[C@H]2O)[C@@H]1O,fit,candidate,,QWIZNVHXZXRPDR,[M+H]+,QTOF
O=C(O)CCCCCCC(=O)O,fit,candidate,,TYFQFVWCELRYAO,[M+H]+,QTOF
C[C@H](CCC(=O)NCCS(=O)(=O)O)[C@H]1CC[C@H]2[C@@H]3[C@H](O)[C@H](O)[C@@H]4C[C@H](O)CC[C@]4(C)[C@H]3CC[C@]12C,fit,excluded,chem:hypervalent,XSOLDPYUICCHJX,[M+H]+,QTOF
OC[C@H]1O[C@H](O[C@H]2O[C@H](CO)[C@@H](O)[C@H](O)[C@H]2O)[C@H](O)[C@@H](O)[C@@H]1O,fit,candidate,,HDTRYLNUVZCQOY,[M+H]+,QTOF
CCCCCCCCCCCCCCCCCC(=O)OC(CC(=O)[O-])C[N+](C)(C)C,fit,excluded,chem:unsupported_charge,FNPHNLNTJNMAEE,[M+H]+,QTOF
O=C(O)C1=C[C@@H](O)[C@@H](O)[C@H](O)C1,fit,candidate,,JXOHGGNKMLTUBP,[M+H]+,QTOF
NC(=O)c1cccnc1,fit,candidate,,DFPAKSUCGFBDDF,[M+H]+,QTOF
CCCCCCCCCCCCCCCCCCCCCCC(=O)NCCO,fit,candidate,,WFRQXTUCHBFZII,[M+H]+,QTOF
CC/C=C\C/C=C\C/C=C\C/C=C\C/C=C\C/C=C\CCC(=O)NCCO,fit,candidate,,GEEHOLRSGZPBSM,[M+H]+,QTOF
CC(CCC(=O)O)O[C@@H]1OC(C)[C@H](OC(=O)CCC(=O)NC[C@H](O)c2ccc(O)cc2)CC1O,fit,candidate,,YHQWACJRIRKIAL,[M+H]+,QTOF
Cc1cn([C@@H]2O[C@H](CO)[C@@H](O)[C@H]2O)c(=O)[nH]c1=O,fit,candidate,,DWRXFEITVBNRMK,[M+H]+,QTOF
CCOC(=O)c1ccccc1C(=O)OCC,fit,candidate,,FLKPEMZONWLCSK,[M+H]+,QTOF
C[C@H](CCC(=O)O)[C@H]1CC[C@H]2[C@@H]3CC[C@@H]4C[C@@H](O)CC[C@]4(C)[C@H]3CC[C@]12C,fit,candidate,,SMEROWZSTRWXGI,[M+H]+,QTOF
CC(CCC(=O)O)C1CCC2C3CCC4CC(=O)CCC4(C)C3CCC12C,fit,candidate,,KIQFUORWRVZTHT,[M+H]+,QTOF
C[C@@H](O)[C@H](NC(=O)Nc1ncnc2c1ncn2[C@@H]1O[C@H](CO)[C@@H](O)[C@H]1O)C(=O)O,fit,candidate,,UNUYMBPXEFMLNW,[M+H]+,QTOF
Cc1cn([C@@H]2O[C@H](CO)[C@@H](O)[C@H]2O)c(=O)nc1N,fit,candidate,,ZAYHVCMSTBRABG,[M+H]+,QTOF
O=P(O)(O)O,fit,excluded,chem:unsupported_element:P,NBIIXXVUZAFLBC,[M+H]+,QTOF
CC(=O)O[C@@H](CC(=O)[O-])C[N+](C)(C)C,fit,excluded,chem:unsupported_charge,RDHQFKQIGNGIED,[M+H]+,QTOF
C[C@H](CCC(=O)NCC(=O)O)[C@H]1CC[C@H]2[C@@H]3CCC4C[C@H](O)CC[C@]4(C)[C@H]3C[C@H](O)[C@]12C,fit,candidate,,WVULKSPCQVQLCU,[M+H]+,QTOF
N[C@@H](CO)C(=O)O,fit,candidate,,MTCFGRXMJLQNBG,[M+H]+,Orbitrap
NC(CO)C(=O)O,fit,candidate,,MTCFGRXMJLQNBG,[M+H]+,missing
CCCCCCCCCCCC(O)CC(=O)NC1CCOC1=O,fit,candidate,,IKQUESGRCDRZTI,[M+H]+,QTOF
O=C(NC(O)C(=O)O)c1ccccc1,fit,candidate,,GCWCVCCEIQXUQU,[M+H]+,QTOF
C=C(O[C@@H]1C=C(C(=O)O)C=C[C@H]1O)C(=O)O,fit,candidate,,WTFXTQVDAKGDEY,[M+H]+,QTOF
CCCCCCCC(O)CC(=O)NC1CCOC1=O,fit,candidate,,DOICJCCMIBBSOO,[M+H]+,QTOF
C[C@H](CCC(=O)O)[C@H]1CC[C@H]2[C@@H]3C(=O)C[C@@H]4C[C@H](O)CC[C@]4(C)[C@H]3C[C@H](O)[C@]12C,fit,candidate,,RHCPKKNRWFXMAT,[M+H]+,QTOF
CC(CCC(=O)O)C1CCC2C3CCC4CC(O)CCC4(C)C3C=CC12C,fit,candidate,,FEGCPHIPSRBREU,[M+H]+,QTOF
CCCCCCCC/C=C\CCCCCCCC(=O)N[C@H](C(=O)O)[C@@H](C)CC,fit,candidate,,TYWACVZIFBZIQZ,[M+H]+,QTOF
CCCCCCCCCCCCCCCC(=O)OC[C@@H](O)COP(=O)(O)OCCN,fit,excluded,chem:unsupported_element:P,YVYMBNSKXOXSKW,[M+H]+,QTOF
c1ccc2nc3ccccc3nc2c1,fit,candidate,,PCNDJXKNXGMECE,[M+H]+,QTOF
CCCCCCCCCCCCCC(=O)NC1CCOC1=O,fit,candidate,,ZQAYHOXXVBVXPZ,[M+H]+,QTOF
CCCCCCCCCCCCCC(=O)O,fit,candidate,,TUNFSRHWOTWDNC,[M+H]+,QTOF
CC(CCCCCC/C=C/C(=O)O)OC1OC(C)C(O)CC1O,fit,candidate,,NEVPBIQTDNVVMK,[M+H]+,QTOF
CCCCCCCCCCCC(=O)CC(=O)NC1CCOC1=O,fit,candidate,,YQFJJDSGBAAUPW,[M+H]+,QTOF
CC(C)CCCCCCCCCCCC(=O)O,fit,candidate,,ZOCYQVNGROEVLU,[M+H]+,QTOF
CCCCCCCCCCCCCC(=O)O[C@H](CC(=O)[O-])C[N+](C)(C)C,fit,excluded,chem:unsupported_charge,PSHXNVGSVNEJBD,[M+H]+,QTOF
CC(=O)N[C@@H](CCCN)C(=O)O,fit,candidate,,JRLGPAXAGHMNOL,[M+H]+,QTOF
CC(=O)NC(CCCN)C(=O)O,fit,candidate,,JRLGPAXAGHMNOL,[M+H]+,QTOF
O=C(O)c1ccccc1O,fit,candidate,,YGSDEFSMJLZEOE,[M+H]+,QTOF
COc1cc(/C=C/C(=O)O)cc(OC)c1O,fit,candidate,,PCMORTLOPMLEFB,[M+H]+,QTOF
COc1cc(C=CC(=O)O)cc(OC)c1O,fit,candidate,,PCMORTLOPMLEFB,[M+H]+,Orbitrap
CO[C@@H]1[C@H](O)[C@@H](CO)O[C@H]1n1cnc2c(N)ncnc21,fit,candidate,,FPUGCISOLXNPPC,[M+H]+,QTOF
N[C@@H](Cc1ccccc1)C(=O)O,fit,candidate,,COLNVLDHVKWLRT,[M+H]+,QTOF
NC(Cc1ccccc1)C(=O)O,fit,candidate,,COLNVLDHVKWLRT,[M+H]+,QTOF
CCCCOC(=O)c1ccccc1C(=O)OCCCC,fit,candidate,,DOIRQSBPFJWKBE,[M+H]+,QTOF
CCCCCC(=O)NC1CCOC1=O,fit,candidate,,ZJFKKPDLNLCPNP,[M+H]+,QTOF
Oc1cccc2nc3ccccc3nc12,fit,candidate,,SVRNCBGWUMMBQB,[M+H]+,QTOF
CCCCCCCCCC(O)CC(=O)NC1CCOC1=O,fit,candidate,,RGTXFFYJJNWEPV,[M+H]+,QTOF
Cc1c([C@H](C)[C@@H]2NC[C@@H](C)C[C@H]2O)ccc2c1C[C@H]1[C@H]2CC=C2C[C@@H](O)CC[C@@]21C,fit,candidate,,MALFODICFSIXPO,[M+H]+,Orbitrap
CC1=C2C[C@H]3[C@@H](CC=C4C[C@@H](O)CC[C@@]43C)[C@@H]2CC[C@]12O[C@@H]1C[C@H](C)CN[C@H]1[C@H]2C,fit,candidate,,QASFUMOKHFSJGL,[M+H]+,QTOF
CC1=C2CC3C(CC=C4CC(O)CCC43C)C2CCC12OC1CC(C)CNC1C2C,fit,candidate,,QASFUMOKHFSJGL,[M+H]+,Orbitrap
O=C(/C=C/c1ccc(O)cc1)O[C@H]1[C@H](O[C@H]2[C@H](Oc3ccc(-c4cc(=O)c5c(O)cc(O)cc5o4)cc3)O[C@H](C(=O)O)[C@@H](O)[C@@H]2O)O[C@H](C(=O)O)[C@@H](O)[C@@H]1O,fit,candidate,,NCJNNMWJQIKYLO,[M+H]+,QTOF
CN1Cc2c(ccc3c2OCO3)[C@@H]2[C@H]1c1cc3c(cc1C[C@@H]2O)OCO3,fit,candidate,,GHKISGDRQRSCII,[M+H]+,Orbitrap
CN1Cc2c(ccc3c2OCO3)C2C(O)Cc3cc4c(cc3C21)OCO4,fit,candidate,,GHKISGDRQRSCII,[M+H]+,Orbitrap
Nc1ccc(F)cc1,fit,candidate,,KRZCOLNOCZKSDF,[M+H]+,Orbitrap
c1ccc2nc3ccc4ccccc4c3cc2c1,fit,candidate,,JEGZRTMZYUDVBF,[M+H]+,Orbitrap
CN(Cc1nc2c(N)nc(N)nc2[nH]c1=O)c1ccc(C(=O)NC(CCC(=O)O)C(=O)O)cc1,fit,candidate,,HODZDDDNGRLGSI,[M+H]+,Orbitrap
Cc1cc(C)nc(C)c1,fit,candidate,,BWZVCCNYKMEVEX,[M+H]+,Orbitrap
c1cnc2ccc3ncccc3c2c1,fit,candidate,,DATYUTWESAKQQM,[M+H]+,Orbitrap
c1ccc2cc3ncccc3cc2c1,fit,candidate,,RFQDDXWZZVRLKO,[M+H]+,Orbitrap
c1ccc2c(c1)ccc1nc3ccc4ccccc4c3cc12,fit,candidate,,ANUCHZVCBDOPOX,[M+H]+,Orbitrap
CC12C=CC(=O)C=C1CCC1C2C(=O)CC2(C)C1CCC2(O)C(=O)CO,fit,candidate,,XOFYZVNMUHMLCC,[M+H]+,Orbitrap
CCOP(=O)(OCC)O/C(=C\Cl)c1ccc(Cl)cc1Cl,fit,excluded,chem:unsupported_element:P,FSAVDKDHPDSCTO,[M+H]+,Orbitrap
Cc1cc(=O)oc2ccccc12,fit,candidate,,PSGQCCSGKGJLRL,[M+H]+,Orbitrap
Nc1ccc2cc3ccccc3cc2c1,fit,candidate,,YCSBALJAGZKWFF,[M+H]+,Orbitrap
Cc1cccc(C)n1,fit,candidate,,OISVCGZHLKNMSJ,[M+H]+,Orbitrap
O=NN1CCOCC1,fit,candidate,,ZKXDGKXYMTYWTB,[M+H]+,Orbitrap
CC12C=CC(=O)C=C1CCC1C3CC(O)C(O)(C(=O)CO)C3(C)CC(O)C12F,fit,candidate,,GFNANZIMVAIWHM,[M+H]+,Orbitrap
O=S(c1ccccc1)c1ccccc1,fit,excluded,chem:hypervalent,JJHHIJFTHRNPIK,[M+H]+,Orbitrap
Cc1cc2ccccc2[nH]1,fit,candidate,,BHNHHSOHWZKFOX,[M+H]+,Orbitrap
c1ccc2nccnc2c1,fit,candidate,,XSCHRSMBECNVNS,[M+H]+,Orbitrap
CCCCNC(=O)OC#CCI,fit,candidate,,DNKGZSOYWMQDTK,[M+H]+,Orbitrap
Nc1ccc(Cl)cc1,fit,candidate,,QSNSCYSYFYORTR,[M+H]+,Orbitrap
O=c1cc(-c2ccccc2)oc2ccccc12,fit,candidate,,VHBFFQKBGNRLFZ,[M+H]+,Orbitrap
CC(C)COC(=O)c1ccccc1C(=O)O,fit,candidate,,RZJSUWQGFCHNFS,[M+H]+,Orbitrap
c1ccc2c(c1)CCN2,fit,candidate,,LPAGFVYQRIESJQ,[M+H]+,Orbitrap
Cc1nc2c(ccc3ccccc32)s1,fit,candidate,,OUXMJRMYZCEVKO,[M+H]+,Orbitrap
Cc1ccn[nH]1,fit,candidate,,XKVUYEYANWFIJX,[M+H]+,Orbitrap
CC(=O)Nc1ccccc1C,fit,candidate,,BPEXTIMJLDWDTL,[M+H]+,Orbitrap
COc1ccc(/C=C/C(=O)O)cc1,fit,candidate,,AFDXODALSZRGIH,[M+H]+,Orbitrap
COc1ccc(C=CC(=O)O)cc1,fit,candidate,,AFDXODALSZRGIH,[M+H]+,Orbitrap
Nc1ccc(O)cc1,fit,candidate,,PLIKAWJENQZMHA,[M+H]+,Orbitrap
O=C1c2ccccc2-c2cccc3cccc1c23,fit,candidate,,HUKPVYBUJRAUAG,[M+H]+,Orbitrap
CC(=O)c1cc2ccccc2c2ccccc12,fit,candidate,,UIFAWZBYTTXSOG,[M+H]+,Orbitrap
C#CC1(O)C=CC2C3CCC4=CC(=O)CCC4C3CCC21CC,fit,candidate,,SIGSPDASOTUPFS,[M+H]+,Orbitrap
CCOc1ccc2[nH]c(=S)sc2c1,fit,candidate,,HOASVNMVYBSLSU,[M+H]+,Orbitrap
COCCCC/C(=N/OCCN)c1ccc(C(F)(F)F)cc1,fit,candidate,,CJOFXWAVKWHTFT,[M+H]+,Orbitrap
O=C(O)c1ccccc1C(=O)OCc1ccccc1,fit,candidate,,XIKIUQUXDNHBFR,[M+H]+,Orbitrap
C1COCCN1,fit,candidate,,YNAVUWVOSKDBBP,[M+H]+,Orbitrap
Cc1cccc(C)c1N,fit,candidate,,UFFBMTHBGFGIHF,[M+H]+,Orbitrap
CC12CCC(=O)C=C1C=CC1C2CCC2(C)C1CCC21CCC(=O)O1,fit,candidate,,UJVLDDZCTMKXJK,[M+H]+,Orbitrap
c1ccc(-c2nn[nH]n2)cc1,fit,candidate,,MARUHZGHZWCEQU,[M+H]+,Orbitrap
Cc1cc(=O)cc(-c2ccccc2)o1,fit,candidate,,PEYODCCEJQCEBL,[M+H]+,Orbitrap
NCc1ccccc1,fit,excluded,fit_content_duplicate,WGQKYBSKWIADBV,[M+H]+,Orbitrap
Oc1cccnc1,fit,candidate,,GRFNBEZIAWKNCO,[M+H]+,Orbitrap
c1ccc(Nc2ccccc2)cc1,fit,candidate,,DMBHHRLKUKUOEG,[M+H]+,Orbitrap
Oc1cccc2nc3ccccc3cc12,fit,candidate,,DSTNUFDTTMKLQR,[M+H]+,Orbitrap
CCCN(CCC)c1c([N+](=O)[O-])cc(S(N)(=O)=O)cc1[N+](=O)[O-],fit,excluded,chem:unsupported_charge,UNAHYJYOSSSJHH,[M+H]+,Orbitrap
O=C1Nc2ccc(Cl)cc2[C@@](C#CC2CC2)(C(F)(F)F)O1,fit,candidate,,XPOQHMRABVBWPR,[M+H]+,Orbitrap
CC(=O)Nc1ccc(Br)cc1,fit,candidate,,MSLICLMCQYQNPK,[M+H]+,Orbitrap
c1ccncc1,fit,candidate,,JUJWROOIHBZHMG,[M+H]+,Orbitrap
CC12CCC3C(CCC4=CC(=O)CCC43C)C1CCC2=O,fit,candidate,,AEMFNILZOJDQLW,[M+H]+,Orbitrap
Oc1cccc(Oc2ccccc2)c1,fit,candidate,,HBUCPZGYBSEEHF,[M+H]+,Orbitrap
COc1ccc(C=O)c2ccccc12,fit,candidate,,MVXMNHYVCLMLDD,[M+H]+,Orbitrap
Oc1cccc(-c2cccc(O)c2)c1,fit,excluded,fit_content_duplicate,VZQSBJKDSWXLKX,[M+H]+,Orbitrap
Cc1ccncn1,fit,candidate,,LVILGAOSPDLNRM,[M+H]+,Orbitrap
Cc1cccnn1,fit,candidate,,MXDRPNGTQDRKQM,[M+H]+,Orbitrap
CC(=O)c1c2ccccc2cc2ccccc12,fit,candidate,,NXXNVJDXUHMAHU,[M+H]+,Orbitrap
CC12C=CC3=C4CCC(=O)C=C4CCC3C1CCC2O,fit,candidate,,MEHHPFQKXOUFFV,[M+H]+,Orbitrap
C1CCNCC1,fit,candidate,,NQRYJNQNLNOLGT,[M+H]+,Orbitrap
S=c1[nH]c2ccccc2[nH]1,fit,candidate,,YHMYGUUIMTVXNW,[M+H]+,Orbitrap
Nc1cccc2ccccc12,fit,candidate,,RUFPHBVGCFYCNW,[M+H]+,Orbitrap
COC(=O)c1cnccn1,fit,candidate,,TWIIRMSFZNYMQE,[M+H]+,Orbitrap
CNCC[C@H](Oc1cccc2ccccc12)c1cccs1,fit,candidate,,ZEUITGRIYCTCEM,[M+H]+,Orbitrap
CC(=O)C=Cc1ccccc1,fit,candidate,,BWHOZHOGCMHOBV,[M+H]+,Orbitrap
CC(=O)c1ccc2ccc3ccccc3c2c1,fit,candidate,,JKVNPRNAHRHQDD,[M+H]+,Orbitrap
NC(=O)c1ccccc1[N+](=O)[O-],fit,excluded,chem:unsupported_charge,KLGQWSOYKYFBTR,[M+H]+,Orbitrap
CCCCCCCCC(=O)NCc1ccc(O)c(OC)c1,fit,candidate,,RGOVYLWUIBMPGK,[M+H]+,Orbitrap
CN(C)c1cccc(Br)c1,fit,candidate,,USEXQPWLCGBYNT,[M+H]+,Orbitrap
NC(=O)/C=C/c1ccccc1,fit,candidate,,APEJMQOBVMLION,[M+H]+,Orbitrap
c1cscn1,fit,candidate,,FZWLAAWBMGSTSO,[M+H]+,Orbitrap
c1ccc2[nH]ncc2c1,fit,candidate,,BAXOFTOLAUCFNW,[M+H]+,Orbitrap
Nc1ccccc1,fit,candidate,,PAYRUJLWNCNPSJ,[M+H]+,Orbitrap
Nc1ccccc1-c1ccccc1,fit,candidate,,TWBPWBPGNQWFSJ,[M+H]+,Orbitrap
Cc1ccc(N=C=O)cc1N=C=O,fit,candidate,,DVKJHBMWWAPEIU,[M+H]+,Orbitrap
CC12CC1(C)C(=O)N(c1cc(Cl)cc(Cl)c1)C2=O,fit,candidate,,QXJKBPAVAHBARF,[M+H]+,Orbitrap
C#CC1(O)CCC2C3CCC4=CC(=O)CCC4C3CCC21C,fit,candidate,,VIKNJXKGJWUCNN,[M+H]+,Orbitrap
c1ccc2nc3c(ccc4ccccc43)cc2c1,fit,candidate,,OAPPEBNXKAKQGS,[M+H]+,Orbitrap
O=C(N[C@H](CO)[C@H](O)c1ccc([N+](=O)[O-])cc1)C(Cl)Cl,fit,excluded,chem:unsupported_charge,WIIZWVCIJKGZOK,[M+H]+,Orbitrap
c1ccc2[nH]cnc2c1,fit,candidate,,HYZJCKYKOHLVJF,[M+H]+,Orbitrap
O=S(=O)(O)c1ccc(N=Nc2c(O)ccc3ccccc23)cc1,fit,excluded,chem:hypervalent,RDUJRVXKAIVTDH,[M+H]+,Orbitrap
CCCCOC(=O)c1ccccc1C(=O)OCc1ccccc1,fit,candidate,,IRIAEXORFWYRCZ,[M+H]+,Orbitrap
c1ccc(CN(Cc2ccccc2)Cc2ccccc2)cc1,fit,candidate,,MXHTZQSKTCCMFG,[M+H]+,Orbitrap
COC(=O)c1cccc2ccccc12,fit,excluded,fit_content_duplicate,HMRROBKAACRWBP,[M+H]+,Orbitrap
c1ccc2c(c1)ccc1nc3c(ccc4ccccc43)cc12,fit,candidate,,JNCSIWAONQTVCF,[M+H]+,Orbitrap
C=CCOC(=O)c1ccccc1C(=O)OCC=C,fit,candidate,,QUDWYFHPNIMBFC,[M+H]+,Orbitrap
Nc1ccccc1O,fit,candidate,,CDAWCLOXVUBKRW,[M+H]+,Orbitrap
CC12CCC(=O)C=C1CCC1C2CCC2(C)C(O)CCC12,fit,candidate,,MUMGGOZAMZWBJJ,[M+H]+,Orbitrap
c1cnc2c(c1)cc1ccc3cccc4ccc2c1c34,fit,candidate,,BYFIUFNRSNKODH,[M+H]+,Orbitrap
COc1ccc2ccccc2c1C=O,fit,excluded,fit_content_duplicate,YIQGLTKAOHRZOL,[M+H]+,Orbitrap
CCCCN,fit,candidate,,HQABUPZFAYXKJW,[M+H]+,Orbitrap
O=C(Nc1ccccc1)c1ccccc1,fit,candidate,,ZVSKZLHKADLHSD,[M+H]+,Orbitrap
CC12CCC(=O)C=C1C1CC1C1C2CCC2(C)C1C1CC1C21CCC(=O)O1,fit,candidate,,METQSPRSQINEEU,[M+H]+,Orbitrap
Cc1ncc[nH]1,fit,candidate,,LXBGSDVWAMZHDD,[M+H]+,QTOF
O=C1c2ccccc2Cc2ccccc21,fit,candidate,,RJGDLRCDCYRQOQ,[M+H]+,Orbitrap
Cc1ccc2c(c1)C(=O)C(=O)N2C(C)C,fit,candidate,,SYJHSTNDLFUIMT,[M+H]+,Orbitrap
CC(C)C1=CC2=CC[C@@H]3[C@](C)(CCC[C@@]3(C)C(=O)O)[C@H]2CC1,fit,candidate,,RSWGJHLUYNHPMX,[M+H]+,Orbitrap
CC(C)C1=CC2=CCC3C(C)(C(=O)O)CCCC3(C)C2CC1,fit,candidate,,RSWGJHLUYNHPMX,[M+H]+,missing
S=C1NCCN1,fit,candidate,,PDQAZBWRQCGBEV,[M+H]+,Orbitrap
Cc1nc2ccccc2s1,fit,candidate,,DXYYSGDWQCSKKO,[M+H]+,Orbitrap
O=S(=O)(c1ccccc1)c1ccccc1,fit,excluded,chem:hypervalent,KZTYYGOKRVBIMI,[M+H]+,Orbitrap
c1ccc(Nc2ccc3ccccc3c2)cc1,fit,candidate,,KEQFTVQCIQJIQW,[M+H]+,Orbitrap
c1c[nH]cn1,fit,candidate,,RAXXELZNTBOGNW,[M+H]+,QTOF
CNc1ccccc1,fit,candidate,,AFBPFSWMIHJQDM,[M+H]+,Orbitrap
O=c1ccc2cc(Br)ccc2[nH]1,fit,candidate,,YLAFBGATSQRSTB,[M+H]+,Orbitrap
O=c1ccc2ccccc2o1,fit,candidate,,ZYGHJZDHTFUPRJ,[M+H]+,Orbitrap
CC(C)(C)C(O)C(=Cc1ccc(Cl)cc1Cl)n1cncn1,fit,candidate,,FBOUIAKEJMZPQG,[M+H]+,Orbitrap
COP(=S)(OC)Oc1ccc(S(=O)(=O)N(C)C)cc1,fit,excluded,chem:unsupported_element:P,JISACBWYRJHSMG,[M+H]+,Orbitrap
CCOP(=O)(NC(C)C)Oc1ccc(SC)c(C)c1,fit,excluded,chem:unsupported_element:P,ZCJPOPBZHLUFHF,[M+H]+,Orbitrap
CCCOC1CC(C)C([N+](=O)[O-])=C2N(Cc3ccc(Cl)nc3)CCN21,fit,excluded,chem:unsupported_charge,MOTGVPXRLDDMSK,[M+H]+,Orbitrap
CCCCOC(NC(=O)c1ccccc1O)C(Cl)(Cl)Cl,fit,candidate,,NHTFLYKPEGXOAN,[M+H]+,Orbitrap
CCCCN1CCCCC1C(=O)Nc1c(C)cccc1C,fit,candidate,,LEBVLXFERQHONN,[M+H]+,Orbitrap
CCOc1cc(Oc2ccc(C(F)(F)F)cc2Cl)ccc1[N+](=O)[O-],fit,excluded,chem:unsupported_charge,OQMBBFQZGJFLBU,[M+H]+,Orbitrap
COCn1nnc2ccccc21,fit,candidate,,QEIXBXXKTUNWDK,[M+H]+,Orbitrap
Cc1cccc(C)c1NC(=O)c1cc(S(N)(=O)=O)c(Cl)cc1O,fit,excluded,chem:hypervalent,MTZBBNMLMNBNJL,[M+H]+,Orbitrap
CCOP(=S)(OCC)SC(CCl)N1C(=O)c2ccccc2C1=O,fit,excluded,chem:unsupported_element:P,MUMQYXACQUZOFP,[M+H]+,Orbitrap
O=C(O)c1ccc2n[nH]nc2c1,fit,candidate,,GUOVBFFLXKJFEE,[M+H]+,Orbitrap
C=CC(=O)NC(C)(C)CS(=O)(=O)O,fit,excluded,chem:hypervalent,XHZPRMZZQOIPDS,[M+H]+,Orbitrap
COCC(C)N(C(=O)CS(=O)(=O)O)c1c(C)cccc1C(C)=O,fit,excluded,chem:hypervalent,PJFBPRJNNJJYAR,[M+H]+,Orbitrap
On1ccccc1=S,fit,candidate,,YBBJKCMMCRQZMA,[M+H]+,Orbitrap
CN=CNc1ccc(C)cc1C,fit,candidate,,JIIOLEGNERQDIP,[M+H]+,Orbitrap
NC(=O)c1ncn([C@@H]2O[C@H](CO)[C@@H](O)[C@H]2O)n1,fit,candidate,,IWUCXVSUMQZMFG,[M+H]+,Orbitrap
CC1(C)C(=O)Oc2ccc(OS(C)(=O)=O)cc21,fit,excluded,chem:hypervalent,CXWYCAYNZXSHTF,[M+H]+,Orbitrap
CNC(=O)Oc1ccccc1C1OCCO1,fit,candidate,,SDKQRNRRDYRQKY,[M+H]+,Orbitrap
CCOP(=S)(OCC)SCSCC,fit,excluded,chem:unsupported_element:P,BULVZWIRKLYCBC,[M+H]+,Orbitrap
CCCSP(=O)(OCC)SCCC,fit,excluded,chem:unsupported_element:P,VJYFKVYYMZPMAB,[M+H]+,Orbitrap
CS(=O)(=O)c1ccc(C(O)C(CO)NC(=O)C(Cl)Cl)cc1,fit,excluded,chem:hypervalent,OTVAEFIXJLOWRX,[M+H]+,Orbitrap
CCNc1nc(Cl)nc(NC(C)CC)n1,fit,candidate,,BZRUVKZGXNSXMB,[M+H]+,Orbitrap
O=S(=O)(O)c1ccc2ccccc2c1,fit,excluded,chem:hypervalent,KVBGVZZKJNLNJU,[M+H]+,Orbitrap
CCCOCCN(C(=O)CCl)c1c(CC)cccc1CC,fit,candidate,,YLPGTOIOYRQOHV,[M+H]+,Orbitrap
COCCNC(=O)CSP(=S)(OC)OC,fit,excluded,chem:unsupported_element:P,GDTZUQIYUMGJRT,[M+H]+,Orbitrap
CC1(C)[C@@H](O)CC[C@]2(C)[C@H]3C(=O)C=C4[C@@H]5C[C@@](C)(C(=O)O)CC[C@]5(C)CC[C@@]4(C)[C@]3(C)CC[C@@H]12,fit,candidate,,MPDGHEJMBKOTSU,[M+H]+,Orbitrap
CC1(C(=O)O)CCC2(C)CCC3(C)C(=CC(=O)C4C5(C)CCC(O)C(C)(C)C5CCC43C)C2C1,fit,candidate,,MPDGHEJMBKOTSU,[M+H]+,Orbitrap
CC(=O)N(C)N(C(=O)C(=O)N(C)C)c1ccccc1,fit,candidate,,IRTZMJWVZQYURE,[M+H]+,Orbitrap
COc1ccc2n[nH]nc2c1,fit,candidate,,SUPSFAUIWDRKKZ,[M+H]+,Orbitrap
CC(=O)O[C@@H]1[C@H](OC(C)=O)[C@@H](C)O[C@H]1n1cc(F)c(N)nc1=O,fit,candidate,,NWJBWNIUGNXJGO,[M+H]+,Orbitrap
CCOc1cc(CC(=O)NC(CC(C)C)c2ccccc2N2CCCCC2)ccc1C(=O)O,fit,candidate,,FAEKWTJYAYMJKF,[M+H]+,Orbitrap
O=C1CC[C@@]2(O)[C@H]3Cc4ccc(O)c5c4[C@@]2(CCN3CC2CC2)[C@H]1O5,fit,candidate,,DQCKKXVULJGBQN,[M+H]+,Orbitrap
CCN(Cc1ccc(Cl)nc1)C(=C[N+](=O)[O-])NC,fit,excluded,chem:unsupported_charge,CFRPSFYHXJZSBI,[M+H]+,Orbitrap
CC1(C)Nc2nc(=O)[nH]c(=O)n2C1O,fit,candidate,,SDFNUIRNRULFGI,[M+H]+,Orbitrap
Clc1ccc(C(c2ccccc2)N2CCNCC2)cc1,fit,candidate,,UZKBSZSTDQSMDR,[M+H]+,Orbitrap
CCNc1nc(NCC)nc(OC)n1,fit,candidate,,HKAMKLBXTLTVCN,[M+H]+,Orbitrap
CC(C)(C)c1n[nH]c(=O)n(N)c1=O,fit,candidate,,AHBXXEZLRFCZSF,[M+H]+,Orbitrap
COc1nn(CSP(=S)(OC)OC)c(=O)s1,fit,excluded,chem:unsupported_element:P,MEBQXILRKZHVCX,[M+H]+,Orbitrap
Clc1ccc(C2(Cn3cncn3)CC(Br)CO2)c(Cl)c1,fit,candidate,,HJJVPARKXDDIQD,[M+H]+,Orbitrap
CNCC[C@@H](Oc1ccccc1C)c1ccccc1,fit,candidate,,VHGCDTVCOLNTBX,[M+H]+,Orbitrap
C[C@H](N)[C@@H](O)c1ccccc1,fit,candidate,,DLNKOYKMWOXYQA,[M+H]+,Orbitrap
O=C1CC(C(=O)O)CC(=O)C1=C(O)C1CC1,fit,candidate,,DFFWZNDCNBOKDI,[M+H]+,Orbitrap
O=C(O)CCCCCCCc1ccc(S(=O)(=O)O)cc1,fit,excluded,chem:hypervalent,KCKCVKAROJRVBA,[M+H]+,Orbitrap
CC(C)(C)Nc1nc(=O)[nH]c(=O)[nH]1,fit,candidate,,RMGNIWIYFYKTDC,[M+H]+,Orbitrap
CC1(C)SC2C(NC(=O)C(N)c3ccccc3)C(=O)N2C1C(=O)O,fit,candidate,,AVKUERGKIZMTKX,[M+H]+,Orbitrap
CN(CC=Cc1ccccc1)Cc1cccc2ccccc12,fit,candidate,,OZGNYLLQHRPOBR,[M+H]+,Orbitrap
OCC(O)C1OC2OC(C(Cl)(Cl)Cl)OC2C1O,fit,candidate,,OJYGBLRPYBAHRT,[M+H]+,Orbitrap
Cc1occc1C(=O)Nc1ccccc1,fit,candidate,,JFSPBVWPKOEZCB,[M+H]+,Orbitrap
Cc1ccc(NS(=O)(=O)N(C)C)cc1,fit,excluded,chem:hypervalent,UDCDOJQOXWCCSD,[M+H]+,Orbitrap
CNC(=O)ON=C(C)C(C)S(C)=O,fit,excluded,chem:hypervalent,RCTCYOQIGNPQJH,[M+H]+,Orbitrap
CCCC(NC(C)C(=O)N1C(C(=O)O)CC2CCCCC21)C(=O)OCC,fit,candidate,,IPVQLZZIHOAWMC,[M+H]+,Orbitrap
C=C1C(=O)N[C@H](C)C(=O)N[C@@H](CC(C)C)C(=O)N[C@@H](C(=O)O)[C@H](C)C(=O)N[C@@H](C)C(=O)N[C@@H](/C=C/C(C)=C/[C@H](C)[C@H](Cc2ccccc2)OC)[C@H](C)C(=O)N[C@@H](C(=O)O)CCC(=O)N1C,fit,candidate,,DIAQQISRBBDJIM,[M+H]+,Orbitrap
C=C1C(=O)NC(C)C(=O)NC(CC(C)C)C(=O)NC(C(=O)O)C(C)C(=O)NC(C)C(=O)NC(C=CC(C)=CC(C)C(Cc2ccccc2)OC)C(C)C(=O)NC(C(=O)O)CCC(=O)N1C,fit,candidate,,DIAQQISRBBDJIM,[M+H]+,Orbitrap
CC(C)C1(C)N=C(c2nc3ccccc3cc2C(=O)O)NC1=O,fit,candidate,,CABMTIJINOIHOD,[M+H]+,Orbitrap
Cc1onc(-c2ccccc2)c1C(=O)N[C@@H]1C(=O)N2[C@@H]1SC(C)(C)[C@@H]2C(=O)O,fit,candidate,,UWYHMGVUTGAWSP,[M+H]+,Orbitrap
CCCN(CCC)N=O,fit,candidate,,YLKFDHTUAUWZPQ,[M+H]+,Orbitrap
CCCCCCCCCC[N+](C)(C)[O-],fit,excluded,chem:unsupported_charge,ZRKZFNZPJKEWPC,[M+H]+,Orbitrap
O=C1[C@H]2CC=CC[C@H]2C(=O)N1SC(Cl)(Cl)Cl,fit,candidate,,LDVVMCZRFWMZSG,[M+H]+,Orbitrap
COc1ccc2c(c1)[C@@]13CCCC[C@@H]1[C@@H](C2)N(C)CC3,fit,candidate,,MKXZASYAUGDDCJ,[M+H]+,Orbitrap
COc1ccc2c(c1)C13CCCCC1C(C2)N(C)CC3,fit,candidate,,MKXZASYAUGDDCJ,[M+H]+,missing
COc1ccc2c(c1)[C@]13CCCC[C@@H]1[C@H](C2)N(C)CC3,fit,candidate,,MKXZASYAUGDDCJ,[M+H]+,QTOF
CCOP(=S)(OCC)Oc1ccc(S(C)=O)cc1,fit,excluded,chem:unsupported_element:P,XDNBJTQLKCIJBV,[M+H]+,Orbitrap
COP(=S)(NC(C)C)Oc1ccccc1C(=O)OC(C)C,fit,excluded,chem:unsupported_element:P,IXTOWLKEARFCCP,[M+H]+,Orbitrap
CC(C)c1ccc(NC(N)=O)cc1,fit,candidate,,ABBKOIZWGCVCKE,[M+H]+,Orbitrap
COP(=S)(OC)SCC(=O)N(C)C=O,fit,excluded,chem:unsupported_element:P,AIKKULXCBHRFOS,[M+H]+,Orbitrap
O=C(O)CCCCCCCCCc1ccc(S(=O)(=O)O)cc1,fit,excluded,chem:hypervalent,VCKAUONIDRWIGP,[M+H]+,Orbitrap
Cc1nc(N(C)C)[nH]c(=O)c1C,fit,candidate,,MUEHLDAHWSCFAG,[M+H]+,Orbitrap
CCCCN(CCCC)SN(C)C(=O)Oc1cccc2c1OC(C)(C)C2,fit,candidate,,JLQUFIHWVLZVTJ,[M+H]+,Orbitrap
CC(CN(C)C)CN1c2ccccc2CCc2ccccc21,fit,candidate,,ZSCDBOWYZJWBIY,[M+H]+,Orbitrap
COC(C)(C)CCCC(C)CC=CC(C)=CC(=O)OC(C)C,fit,candidate,,NFGXHKASABOEEW,[M+H]+,Orbitrap
O=C(O)COc1nc(Cl)c(Cl)cc1Cl,fit,candidate,,REEQLXCGVXDJSQ,[M+H]+,Orbitrap
COP(=S)(OC)Oc1nc(Cl)c(Cl)cc1Cl,fit,excluded,chem:unsupported_element:P,HRBKVYFZANMGRE,[M+H]+,Orbitrap
CN1CCC2(C)c3cc(O)ccc3N(C)C12,fit,candidate,,HKGWQUVGHPDEBZ,[M+H]+,Orbitrap
CNC(=O)Nc1ccc(C(C)C)cc1,fit,candidate,,DOULWWSSZVEPIN,[M+H]+,Orbitrap
CCOC(=O)C1=NOC(c2ccccc2)(c2ccccc2)C1,fit,candidate,,MWKVXOJATACCCH,[M+H]+,Orbitrap
CN1CCC[C@H]1c1cccnc1,fit,candidate,,SNICXCGAKADSCV,[M+H]+,Orbitrap
CN1CCN(C(c2ccccc2)c2ccc(Cl)cc2)CC1,fit,candidate,,WFNAKBGANONZEQ,[M+H]+,Orbitrap
CN[C@@H](C)[C@H](O)c1ccccc1,fit,candidate,,KWGRBVOPPLSCSI,[M+H]+,Orbitrap
N#Cc1c(Cl)c(C(N)=O)c(Cl)c(Cl)c1S(=O)(=O)O,fit,excluded,chem:hypervalent,GTKOZWUQRHEXJR,[M+H]+,Orbitrap
O=C1c2ccccc2C(=O)c2ccccc21,fit,candidate,,RZVHIXYEVGDQDX,[M+H]+,Orbitrap
COCC(=O)N(c1c(C)cccc1C(=O)O)C(C)C(=O)O,fit,candidate,,WFTHOCDLKYPFJX,[M+H]+,Orbitrap
CC(=O)N1CCCCCC1=O,fit,candidate,,QISSLHPKTCLLDL,[M+H]+,Orbitrap
CC(C)(Nc1nc(N)[nH]c(=O)n1)C(=O)O,fit,candidate,,QKOJUBFULGSCQS,[M+H]+,Orbitrap
CN(C)C(=O)c1cccnc1S(=O)(=O)NC(=O)NC(N)=O,fit,excluded,chem:hypervalent,DGJDFJVBNQLVJW,[M+H]+,Orbitrap
COc1cccc(C(=O)NN(C(=O)c2cc(C)cc(C)c2)C(C)(C)C)c1C,fit,candidate,,QCAWEPFNJXQPAN,[M+H]+,Orbitrap
Cc1cc(OC(=O)N(C)C)nn1C(=O)N(C)C,fit,candidate,,RDBIYWSVMRVKSG,[M+H]+,Orbitrap
CCCC[C@@H](CC)COC(=O)C(C#N)=C(c1ccccc1)c1ccccc1,fit,candidate,,FMJSMJQBSVNSBF,[M+H]+,Orbitrap
N#CCNC(=O)c1cnccc1C(F)(F)F,fit,candidate,,RLQJEEJISHYWON,[M+H]+,Orbitrap
CCCCOC(=O)N(C)SN(C)C(=O)Oc1cccc2c1OC(C)(C)C2,fit,candidate,,HAWJXYBZNNRMNO,[M+H]+,Orbitrap
CCCCN(CCC(=O)OCC)C(C)=O,fit,candidate,,VZRKEAFHFMSHCD,[M+H]+,Orbitrap
CCN(CC)C(=O)C(Cl)=C(C)OP(=O)(OC)OC,fit,excluded,chem:unsupported_element:P,RGCLLPNLLBQHPF,[M+H]+,Orbitrap
Cc1ccc2nc3sc(=O)sc3nc2c1,fit,candidate,,FBQQHUGEACOBDN,[M+H]+,Orbitrap
CCCCOc1ccc(CC(=O)NO)cc1,fit,candidate,,MXJWRABVEGLYDG,[M+H]+,Orbitrap
CCCN(CCC)c1c([N+](=O)[O-])cc(C(C)C)cc1[N+](=O)[O-],fit,excluded,chem:unsupported_charge,NEKOXWSIMFDGMA,[M+H]+,Orbitrap
C#CC[N+](C)([O-])Cc1ccccc1,fit,excluded,chem:unsupported_charge,NZCJCBZLNHDNCR,[M+H]+,Orbitrap
C=CC(N)CCC(=O)O,fit,candidate,,PJDFLNIOAUIZSL,[M+H]+,Orbitrap
COCC(C)N(C(=O)CCl)c1c(C)cccc1C(C)=O,fit,candidate,,JQPYVRCWJNISTB,[M+H]+,Orbitrap
CCOC(=O)CCN(SN(C)C(=O)Oc1cccc2c1OC(C)(C)C2)C(C)C,fit,candidate,,FYZBOYWSHKHDMT,[M+H]+,Orbitrap
CCOP(=S)(OCC)OP(=S)(OCC)OCC,fit,excluded,chem:unsupported_element:P,XIUROWKZWPIAIB,[M+H]+,Orbitrap
CCC1(c2ccccc2)C(=O)NC(=O)NC1=O,fit,candidate,,DDBREPKUVSBGFI,[M+H]+,Orbitrap
Cc1cc(C2CC2)nc(N)n1,fit,candidate,,KPMMRZPKAYBHME,[M+H]+,Orbitrap
CS(=O)(=O)c1cc(C(F)(F)F)ccc1C(=O)c1cnoc1C1CC1,fit,excluded,chem:hypervalent,OYIKARCXOQLFHF,[M+H]+,Orbitrap
CC1=NNC(=O)N(/N=C\c2cccnc2)C1,fit,candidate,,QHMTXANCGGJZRX,[M+H]+,Orbitrap
CC1=NNC(=O)N(N=Cc2cccnc2)C1,fit,candidate,,QHMTXANCGGJZRX,[M+H]+,missing
COC(=O)NS(=O)(=O)c1ccc(N)cc1,fit,excluded,chem:hypervalent,VGPYEHKOIGNJKV,[M+H]+,Orbitrap
Cc1ccc(S(=O)(=O)O)cc1,fit,excluded,chem:hypervalent,JOXIMZWYDAKGHI,[M+H]+,Orbitrap
COc1cc(OC)c(C(=O)CCCN2CCCC2)c(OC)c1,fit,candidate,,OWYLAEYXIQKAOL,[M+H]+,Orbitrap
CNC(=O)ON=C(CSC)C(C)(C)C,fit,candidate,,FZSVSABTBYGOQH,[M+H]+,Orbitrap
NS(=O)(=O)Cc1noc2ccccc12,fit,excluded,chem:hypervalent,UBQNRHZMVUUOMG,[M+H]+,Orbitrap
COC(=O)[C@H]1[C@H]2C[C@@H]3c4[nH]c5cc(OC)ccc5c4CCN3C[C@H]2C[C@@H](OC(=O)c2cc(OC)c(OC)c(OC)c2)[C@@H]1OC,fit,candidate,,QEVHRUUCFGRFIF,[M+H]+,Orbitrap
CCCSP(=O)(OCC)Oc1cnn(-c2ccc(Cl)cc2)c1,fit,excluded,chem:unsupported_element:P,QHGVXILFMXYDRS,[M+H]+,Orbitrap
COCCCNc1nc(NC(C)C)nc(SC)n1,fit,candidate,,DDUIUBPJPOKOMV,[M+H]+,Orbitrap
CCOP(=S)(OCC)Oc1cc(Cl)c(SC)cc1Cl,fit,excluded,chem:unsupported_element:P,JAZJVWLGNLCNDD,[M+H]+,Orbitrap
NC(=O)c1c(O)c(Cl)c(Cl)c(C(N)=O)c1Cl,fit,candidate,,XERUIVSANADXCP,[M+H]+,Orbitrap
O=C(NC(=O)c1c(F)cccc1F)Nc1cc(C(F)(F)F)cc(C(F)(F)F)c1Cl,fit,candidate,,YNKFZRGTXAPYFD,[M+H]+,Orbitrap
CC(C)(C)C(O)C(Cc1ccc(Cl)cc1Cl)n1cncn1,fit,candidate,,URDNHJIVMYZFRT,[M+H]+,Orbitrap
CCOP(=S)(NC(C)C)Oc1ccccc1C(=O)OC(C)C,fit,excluded,chem:unsupported_element:P,HOQADATXFBOEGG,[M+H]+,Orbitrap
CC1(COC(=O)C2CC2)C(OC(=O)C2CC2)CCC2(C)C1CC(O)C1(C)Oc3cc(-c4cccnc4)oc(=O)c3C(O)C21,fit,candidate,,LRZWFURXIMFONG,[M+H]+,Orbitrap
Cc1ccc(N=c2sccn2C)c(C)c1,fit,candidate,,YUAUPYJCVKNAEC,[M+H]+,Orbitrap
C=C(Cl)CSC(=S)N(CC)CC,fit,candidate,,XJCLWVXTCRQIDI,[M+H]+,Orbitrap
CC(=O)NC[C@H]1CN(c2ccc(N3CCOCC3)c(F)c2)C(=O)O1,fit,candidate,,TYZROVQLWOKYKF,[M+H]+,Orbitrap
O=C(O)c1ccccc1Nc1cccc(C(F)(F)F)c1,fit,candidate,,LPEPZBJOKDYZAD,[M+H]+,Orbitrap
c1cnc2cc3c(cc2n1)C1CNCC3C1,fit,candidate,,JQSHBVHOMNKWFT,[M+H]+,Orbitrap
CCCCOc1cc(C(=O)NCCN(CC)CC)c2ccccc2n1,fit,candidate,,PUFQVTATUTYEAL,[M+H]+,Orbitrap
CCC(C)c1ccccc1OC(=O)NC,fit,candidate,,DIRFUJHNVNOBMY,[M+H]+,Orbitrap
COP(=S)(OC)SCC(=O)N1CCOCC1,fit,excluded,chem:unsupported_element:P,NTHGWXIWFHGPLK,[M+H]+,Orbitrap
CC(C)OP(=O)(OC(C)C)SCc1ccccc1,fit,excluded,chem:unsupported_element:P,FCOAHACKGGIURQ,[M+H]+,Orbitrap
CCOP(=S)(CC)Oc1cc(Cl)c(Cl)cc1Cl,fit,excluded,chem:unsupported_element:P,ANIAQSUBRGXWLS,[M+H]+,Orbitrap
CCOP(=S)(OCC)Oc1ccc(Cl)cc1Cl,fit,excluded,chem:unsupported_element:P,WGOWCPGHOCIHBW,[M+H]+,Orbitrap
O=NN1CCNCC1,fit,candidate,,CVTIZMOISGMZRJ,[M+H]+,Orbitrap
CC(=O)Oc1ccccc1C(=O)O,fit,candidate,,BSYNRYMUTXBXSQ,[M+H]+,Orbitrap
CCc1ccc(C(=O)NN(C(=O)c2cc(C)cc(C)c2)C(C)(C)C)cc1,fit,candidate,,QYPNKSZPJQQLRK,[M+H]+,Orbitrap
Cc1ccccc1C(OCCN(C)C)c1ccccc1,fit,candidate,,QVYRGXJJSLMXQH,[M+H]+,Orbitrap
CCOCCOC(=O)C(C#N)=C1C=C(NCCCOC)CCC1,fit,candidate,,NPNDSRGIZUPLNP,[M+H]+,Orbitrap
O=C(NC(=O)c1c(F)cccc1F)Nc1cc(Cl)c(F)c(Cl)c1F,fit,candidate,,CJDWRQLODFKPEL,[M+H]+,Orbitrap
CCNC(=O)NC(=O)/C(C#N)=N\OC,fit,candidate,,XERJKGMBORTKEO,[M+H]+,Orbitrap
CNc1nc(C)c(C)c(OC(=O)N(C)C)n1,fit,candidate,,GTKRZJVAXAQBMB,[M+H]+,Orbitrap
CCOC1C(OC)C(C)OC(OC2CC3CCC4C5CC(=O)OC(CC)CCCC(OC6CCC(N(C)C)C(C)O6)C(C)C(=O)C5=CC4C3C2)C1OC,fit,candidate,,GOENIMGKWNZVDA,[M+H]+,Orbitrap
C/C=C/C(=O)N(CC)C(CC)C(=O)N(C)C,fit,candidate,,LSAMUAYPDHUBQD,[M+H]+,Orbitrap
NC(=O)c1cn(Cc2c(F)cccc2F)nn1,fit,candidate,,POGQSBRIGCQNEG,[M+H]+,Orbitrap
CN(C)CCC(c1ccccc1)c1ccccn1,fit,candidate,,IJHNSHDBIRRJRN,[M+H]+,Orbitrap
CC(=O)S[C@@H]1CC2=CC(=O)CC[C@]2(C)[C@H]2CC[C@@]3(C)[C@@H](CC[C@@]34CCC(=O)O4)[C@H]12,fit,candidate,,LXMSZDCAJNLERA,[M+Na]+,Orbitrap
CC(C)c1nc(CN(C)C(=O)NC(C(=O)N[C@@H](Cc2ccccc2)CC(O)[C@H](Cc2ccccc2)NC(=O)OCc2cncs2)C(C)C)cs1,fit,candidate,,NCDNCNXCDXHOMX,[M+H]+,Orbitrap
CO/N=C(\C(=O)OC)c1ccccc1COc1ccccc1C,fit,candidate,,ZOTBXTZVPHCKPN,[M+H]+,Orbitrap
CNC(=O)N(C)c1nnc(C(F)(F)F)s1,fit,candidate,,BBJPZPLAZVZTGR,[M+H]+,Orbitrap
CP(=O)(c1ccccc1)c1ccccc1,fit,excluded,chem:unsupported_element:P,PEGCITODQASXKH,[M+H]+,Orbitrap
CC(C)NCC(O)c1ccc(N)c(C#N)c1,fit,candidate,,BUXRLJCGHZZYNE,[M+H]+,Orbitrap
C#CC1(O)CCC2C3CCc4cc(O)ccc4C3CCC21C,fit,candidate,,BFPYWIDHMRZLRN,[M+H]+,Orbitrap
Cn1cc(C(=O)O)c(C(F)F)n1,fit,candidate,,RLOHOBNEYHBZID,[M+H]+,Orbitrap
CCSCCSP(=S)(OC)OC,fit,excluded,chem:unsupported_element:P,OPASCBHCTNRLRM,[M+H]+,Orbitrap
CC(C)c1nc(N(C)S(C)(=O)=O)nc(-c2ccc(F)cc2)c1/C=C/[C@@H](O)C[C@@H](O)CC(=O)O,fit,excluded,chem:hypervalent,BPRHUIZQVSMCRT,[M+H]+,Orbitrap
CCCCCCCCCCCC(=O)NCCCCC(N)C(=O)O,fit,candidate,,GYDYJUYZBRGMCC,[M+H]+,Orbitrap
CNC(=O)Oc1ccccc1OC(CCl)OC,fit,candidate,,PITWUHDDNUVBPT,[M+H]+,Orbitrap
Cc1cc(C(C)(C)C)cc(C)c1CC1=NCCN1,fit,candidate,,HUCJFAOMUPXHDK,[M+H]+,Orbitrap
O=c1[nH]c(=O)c2cn[nH]c2[nH]1,fit,candidate,,HXNFUBHNUDHIGC,[M+H]+,Orbitrap
CCOC1C(OC)C(C)OC(OC2CC3C(C)=CC4C5CC(=O)OC(CC)CCCC(OC6CCC(N(C)C)C(C)O6)C(C)C(=O)C5=CC4C3C2)C1OC,fit,candidate,,KWVYSEWJJXXTEZ,[M+H]+,Orbitrap
CCNC(=O)C(C)OC(=O)Nc1ccccc1,fit,candidate,,AMRQXHFXNZFDCH,[M+H]+,Orbitrap
COCC(=O)N(c1c(C)cccc1C)[C@@H](C)C(=O)O,fit,candidate,,ZRIKZVLHMGYCIR,[M+H]+,Orbitrap
COCC(NC(C)=O)C(=O)NCc1ccccc1,fit,candidate,,VPPJLAIAVCUEMN,[M+H]+,Orbitrap
NS(=O)(=O)c1ccccc1Cl,fit,excluded,chem:hypervalent,JCCBZCMSYUSCFM,[M+H]+,Orbitrap
O=S(=O)(O)NC1CCCCC1,fit,excluded,chem:hypervalent,HCAJEUSONLESMK,[M+H]+,Orbitrap
NC(=O)C(c1ccccc1)C1CCCCN1,fit,candidate,,LJLMNWPXAYKPGV,[M+H]+,Orbitrap
O=S(=O)(Oc1ccc(Cl)cc1)c1ccccc1,fit,excluded,chem:hypervalent,SPJOZZSIXXJYBT,[M+H]+,Orbitrap
CC(N)C12CC3CC(CC(C3)C1)C2,fit,candidate,,UBCHPRBFMUDMNC,[M+H]+,Orbitrap
CCOP(=S)(OCC)SCCS(=O)CC,fit,excluded,chem:unsupported_element:P,UPUGLJYNCXXUQV,[M+H]+,Orbitrap
Nc1nc(=O)[nH]c(=O)[nH]1,fit,candidate,,YSKUZVBSHIWEFK,[M+H]+,Orbitrap
COC(=O)c1ccccc1S(N)(=O)=O,fit,excluded,chem:hypervalent,VSOOBQALJVLTBH,[M+H]+,Orbitrap
Cc1onc(-c2c(Cl)cccc2Cl)c1C(=O)NC1C(=O)N2C1SC(C)(C)C2C(=O)O,fit,candidate,,YFAGHNZHGGCZAX,[M+H]+,Orbitrap
COC1CCC2(CC1)NC(=O)C(c1cc(C)ccc1C)C2O,fit,candidate,,HPQGJNTUXNUIDL,[M+H]+,Orbitrap
C#CCN(C)Cc1ccccc1,fit,candidate,,DPWPWRLQFGFJFI,[M+H]+,Orbitrap
CCc1cc(C)cc(CC)c1-c1c(OC(=O)C(C)(C)C)n2n(c1=O)CCOCC2,fit,candidate,,MGOHCFMYLBAPRN,[M+H]+,Orbitrap
CSC(C)=NOC(=O)N(C)SN(C)C(=O)ON=C(C)SC,fit,candidate,,XDOTVMNBCQVZKG,[M+H]+,Orbitrap
CC(C)C1CCC(C(=O)N[C@H](Cc2ccccc2)C(=O)O)CC1,fit,candidate,,OELFLUMRDSZNSF,[M+H]+,Orbitrap
CCN(C)N=O,fit,candidate,,RTDCJKARQCRONF,[M+H]+,Orbitrap
CN(CC=CC#CC(C)(C)C)Cc1cccc2ccccc12,fit,candidate,,DOMXUEMWDBAQBQ,[M+H]+,Orbitrap
COC(=O)C(C)N(C(=O)c1ccco1)c1c(C)cccc1C,fit,candidate,,CIEXPHRYOLIQQD,[M+H]+,Orbitrap
Cc1cc(C)cc(C(=O)N(NC(=O)c2ccc3c(c2C)CCCO3)C(C)(C)C)c1,fit,candidate,,HPNSNYBUADCFDR,[M+H]+,Orbitrap
CC(C)Cc1ccc([C@H](C)C(=O)O)cc1,fit,candidate,,HEFNNWSXXWATRW,[M+H]+,Orbitrap
Cc1cccc2sc3nncn3c12,fit,candidate,,DQJCHOQLCLEDLL,[M+H]+,Orbitrap
Clc1cccc(N2CCNCC2)c1,fit,candidate,,VHFVKMTVMIZMIK,[M+H]+,Orbitrap
CCCCC(O)(Cn1cncn1)c1ccc(Cl)cc1Cl,fit,candidate,,STMIIPIFODONDC,[M+H]+,Orbitrap
CCn1cc(C(=O)O)c(=O)c2cc(F)c(N3CCNCC3)nc21,fit,candidate,,IDYZIJYBMGIQMJ,[M+H]+,Orbitrap
CN1COCN(Cc2cnc(Cl)s2)C1=N,fit,candidate,,JDTUGRDKAOPKRI,[M+H]+,Orbitrap
CCCCCCCCCCCCN=C(N)N,fit,candidate,,HILAYQUKKYWPJW,[M+H]+,Orbitrap
O=C(O)c1ccc(-n2nc(-c3ccccc3O)nc2-c2ccccc2O)cc1,fit,candidate,,BOFQWVMAQOTZIW,[M+H]+,Orbitrap
Cn1c(=O)c2nccnc2n(C)c1=O,fit,candidate,,LMXZVISHHDYBFW,[M+H]+,Orbitrap
CCOP(=S)(OCC)Oc1ccc(=O)n(-c2ccccc2)n1,fit,excluded,chem:unsupported_element:P,CXJSOEPQXUCJSA,[M+H]+,Orbitrap
O=C(NC(=O)c1c(F)cccc1F)Nc1cc(Cl)c(Oc2ncc(C(F)(F)F)cc2Cl)c(Cl)c1,fit,candidate,,UISUNVFOGSJSKD,[M+H]+,Orbitrap
NC(=O)c1c(Cl)c(Cl)c(S(=O)(=O)O)c(C(N)=O)c1Cl,fit,excluded,chem:hypervalent,NLCNUAPJCIAONV,[M+H]+,Orbitrap
CCc1cccc2c3c([nH]c12)C(CC)(CC(=O)O)OCC3,fit,candidate,,NNYBQONXHNTVIJ,[M+H]+,Orbitrap
CCOP(=O)(SC(C)CC)SC(C)CC,fit,excluded,chem:unsupported_element:P,KXRPCFINVWWFHQ,[M+H]+,Orbitrap
CC1(C)OC2COC3(COS(N)(=O)=O)OC(C)(C)OC3C2O1,fit,excluded,chem:hypervalent,KJADKKWYZYXHBB,[M+H]+,Orbitrap
CCOC(=O)N(C)C(=O)CSP(=S)(OCC)OCC,fit,excluded,chem:unsupported_element:P,KLGMSAOQDHLCOS,[M+H]+,Orbitrap
COC1CCC2(CC1)NC(=O)C(O)(c1cc(C)ccc1C)C2=O,fit,candidate,,XOVCVOLJZHNHLA,[M+H]+,Orbitrap
COC(=O)C1C(O)CC2CCC1N2C,fit,candidate,,QIQNNBXHAYSQRY,[M+H]+,Orbitrap
CCOC(=O)C(SP(=S)(OC)OC)c1ccccc1,fit,excluded,chem:unsupported_element:P,XAMUDJHXFNRLCY,[M+H]+,Orbitrap
CC(C)(Oc1ccc(Cl)cc1)C(=O)O,fit,candidate,,TXCGAZHTZHNUAI,[M+H]+,Orbitrap
O=[N+]([O-])C1=C2N(Cc3ccc(Cl)nc3)CCN2C2CCC1O2,fit,excluded,chem:unsupported_charge,NDHXMRFNYMNBKO,[M+H]+,Orbitrap
CCOC(=O)CC(SP(=O)(OC)OC)C(=O)OCC,fit,excluded,chem:unsupported_element:P,WSORODGWGUUOBO,[M+H]+,Orbitrap
COc1ccc(C(=CC(=O)N2CCOCC2)c2ccc(F)cc2)cc1OC,fit,candidate,,BKBSMMUEEAWFRX,[M+H]+,Orbitrap
O=c1ccn([C@@H]2O[C@H](CO)[C@@H](O)C2(F)F)c(=O)[nH]1,fit,candidate,,FIRDBEQIJQERSE,[M+H]+,Orbitrap
COC1CCC2(CC1)NC(=O)C(c1cc(C)ccc1C)=C2O,fit,candidate,,IDJJHEIUIYGFDX,[M+H]+,Orbitrap
CN(C)N=O,fit,candidate,,UMFJAHHVKNCGLG,[M+H]+,Orbitrap
Cc1ccc([C@H](C)NC(=O)C(NC(=O)OC(C)C)C(C)C)cc1,fit,candidate,,NWUWYYSKZYIQAE,[M+H]+,Orbitrap
CS(=O)(=O)c1ccc(C(O)C(CF)NC(=O)C(Cl)Cl)cc1,fit,excluded,chem:hypervalent,AYIRNRDRBQJXIF,[M+H]+,Orbitrap
Cn1c(=O)nc(NC(C)(C)C)[nH]c1=O,fit,candidate,,SKWILWLBILDCEB,[M+H]+,Orbitrap
CN1C(=O)CN=C(C2=CCCCC2)c2cc(Cl)ccc21,fit,candidate,,IQWYAQCHYZHJOS,[M+H]+,Orbitrap
COP(=O)(OC)OC(C)=CC(=O)N(C)C,fit,excluded,chem:unsupported_element:P,VEENJGZXVHKXNB,[M+H]+,Orbitrap
CC(C)OC(=O)Nc1ccccc1,fit,candidate,,VXPLXMJHHKHSOA,[M+H]+,Orbitrap
CN[C@@H](C)Cc1ccccc1,fit,candidate,,MYWUZJCMWCOHBA,[M+H]+,Orbitrap
COC(=O)C=CC(=O)OCCN1C(=O)CCC1=O,fit,candidate,,YIMYDTCOUQIDMT,[M+H]+,Orbitrap
CN1[C@@H]2CC[C@H]1CC(OC(=O)C(CO)c1ccccc1)C2,fit,candidate,,RKUNBYITZUJHSG,[M+H]+,Orbitrap
CNC(=O)C(=NOC)c1ccccc1Oc1ccccc1,fit,candidate,,HIIRDDUVRXCDBN,[M+H]+,Orbitrap
CC(O)C(=O)Nc1c(I)c(C(=O)NC(CO)CO)c(I)c(C(=O)NC(CO)CO)c1I,fit,candidate,,XQZXYNRDCRIARQ,[M+H]+,Orbitrap
CCCCN(CCCC)N=O,fit,candidate,,YGJHZCLPZAZIHH,[M+H]+,Orbitrap
CCC=CCC=CCC=CCCCCCCCCCC(=O)O,fit,candidate,,AHANXAKGNAKFSK,[M+H]+,Orbitrap
NC(CO)C(=O)NNCc1ccc(O)c(O)c1O,fit,candidate,,BNQDCRGUHNALGH,[M+H]+,Orbitrap
C=C(C)C1Cc2c(ccc3c2OC2COc4cc(OC)c(OC)cc4C2C3=O)O1,fit,candidate,,JUVIOZPCNVVQFO,[M+H]+,Orbitrap
COP(=O)(OC)Oc1ccc(S(C)(=O)=O)c(C)c1,fit,excluded,chem:unsupported_element:P,VUTHWSUXEOILTN,[M+H]+,Orbitrap
CCN(CC)N=O,fit,candidate,,WBNQDOYYEUMPFS,[M+H]+,Orbitrap
CC(N)C(O)c1ccccc1,fit,candidate,,DLNKOYKMWOXYQA,[M+H]+,Orbitrap
Cc1cccc(C)c1OCC(C)N,fit,candidate,,VLPIATFUUWWMKC,[M+H]+,Orbitrap
CSC1=N[C@@](C)(c2ccccc2)C(=O)N1Nc1ccccc1,fit,candidate,,LMVPQMGRYSRMIW,[M+H]+,Orbitrap
CSC1=NC(C)(c2ccccc2)C(=O)N1Nc1ccccc1,fit,candidate,,LMVPQMGRYSRMIW,[M+H]+,Orbitrap
COC(=O)C(C)=COP(=S)(OC)OC,fit,excluded,chem:unsupported_element:P,NTAHCMPOMKHKEU,[M+H]+,Orbitrap
CCCOCC(N)=Nc1ccc(Cl)cc1C(F)(F)F,fit,candidate,,IUACFNXZIIQVDL,[M+H]+,Orbitrap
NC1CCC(c2ccc(Cl)c(Cl)c2)c2ccccc21,fit,candidate,,SRPXSILJHWNFMK,[M+H]+,Orbitrap
CCCCn1sc2ccccc2c1=O,fit,candidate,,LUYIHWDYPAZCNN,[M+H]+,Orbitrap
CN1CCN=C(c2ccccc2)c2cc(Cl)ccc21,fit,candidate,,YLCXGBZIZBEVPZ,[M+H]+,Orbitrap
O=c1[nH]cc(F)c(=O)[nH]1,fit,candidate,,GHASVSINZRGABV,[M+H]+,Orbitrap
CCOc1ccc2c(c1)C(C)=CC(C)(C)N2,fit,candidate,,DECIPOUIJURFOJ,[M+H]+,Orbitrap
CO/N=C(\C(=O)O)c1ccccc1COc1ccccc1C,fit,candidate,,LXOPDEDFRXZTNO,[M+H]+,Orbitrap
Cc1cccc(C)c1N(C(=O)CCl)C1CCOC1=O,fit,candidate,,OWDLFBLNMPCXSD,[M+H]+,Orbitrap
CN(C)C(=O)c1cccnc1S(=O)(=O)NC(=O)N=C(N)N,fit,excluded,chem:hypervalent,JIZXOFJDALMBAQ,[M+H]+,Orbitrap
O=NN(c1ccccc1)c1ccccc1,fit,candidate,,UBUCNCOMADRQHX,[M+H]+,Orbitrap
COP(=S)(OC)Oc1ccc(S(C)(=O)=O)c(C)c1,fit,excluded,chem:unsupported_element:P,ZDHYERRNXRANLI,[M+H]+,Orbitrap
CSC(=O)c1c(C(F)F)nc(C(F)(F)F)c(C(=O)SC)c1CC(C)C,fit,candidate,,YUBJPYNSGLJZPQ,[M+H]+,Orbitrap
O=C(O)COc1ccc2ccccc2c1,fit,candidate,,RZCJYMOBWVJQGV,[M+H]+,Orbitrap
CN=C(NC#N)NCCSCc1nc[nH]c1C,fit,candidate,,AQIXAKUUQRKLND,[M+H]+,Orbitrap
COP(N)(=S)Oc1ccccc1C(=O)OC(C)C,fit,excluded,chem:unsupported_element:P,YFVOXLJXJBQDEF,[M+H]+,Orbitrap
O=C(O)Cc1cc(O)ccc1Nc1c(Cl)cccc1Cl,fit,candidate,,VNQURRWYKFZKJZ,[M+H]+,Orbitrap
CCNc1nc(NC(C)C)nc(OC)n1,fit,candidate,,PXWUKZGIHQRDHL,[M+H]+,Orbitrap
FC(F)(F)c1cccc(N2CCNCC2)c1,fit,candidate,,KKIMDKMETPPURN,[M+H]+,Orbitrap
CCNc1nc(NC(C)CC)nc(OC)n1,fit,candidate,,ZJMZZNVGNSWOOM,[M+H]+,Orbitrap
OCc1cccc(Oc2ccccc2)c1,fit,candidate,,KGANAERDZBAECK,[M+H]+,Orbitrap
C[N+]1([O-])CCN2c3ccccc3Cc3ccccc3C2C1,fit,excluded,chem:unsupported_charge,VVDXWJOYXVNLLQ,[M+H]+,Orbitrap
CCOP(=O)(OCC)Oc1ccc([N+](=O)[O-])cc1,fit,excluded,chem:unsupported_element:P,WYMSBXTXOHUIGT,[M+H]+,Orbitrap
COC(=O)[C@H](Cc1ccccc1)NC(=O)[C@H](CC(=O)O)NCCC(C)(C)C,fit,candidate,,HLIAVLHNDJUHFG,[M+H]+,Orbitrap
Cc1ccc(N)c(C)c1,fit,candidate,,CZZZABOKJQXEBO,[M+H]+,Orbitrap
Cc1n[nH]c(=O)n(C)c1=O,fit,candidate,,YDZNYNCVEANOBE,[M+H]+,Orbitrap
CNc1ccc(Cl)cc1,fit,candidate,,XCEYKKJMLOFDSS,[M+H]+,Orbitrap
CCOP(=S)(OCC)SCSc1ccc(Cl)cc1,fit,excluded,chem:unsupported_element:P,VEDTXTNSFWUXGQ,[M+H]+,Orbitrap
O=C(O)Cc1ccccc1Nc1c(Cl)cc(O)cc1Cl,fit,candidate,,KGVXVPRLBMWZLG,[M+H]+,Orbitrap
CC(C)OC(=O)c1cc(C(=O)OC(C)C)cc([N+](=O)[O-])c1,fit,excluded,chem:unsupported_charge,VJAWBEFMCIINFU,[M+H]+,Orbitrap
O=[N+]([O-])NC1=NCCN1Cc1cnc(Cl)s1,fit,excluded,chem:unsupported_charge,OWRSHPAYDYCHSJ,[M+H]+,Orbitrap
O=P(O)(OCCC(F)(F)C(F)(F)C(F)(F)C(F)(F)C(F)(F)C(F)(F)C(F)(F)C(F)(F)F)OCCC(F)(F)C(F)(F)C(F)(F)C(F)(F)C(F)(F)C(F)(F)C(F)(F)C(F)(F)F,fit,excluded,chem:unsupported_element:P,AFWOYEYXUDHGHF,[M+H]+,Orbitrap
Clc1ccccc1N1CCNCC1,fit,candidate,,PWZDJIUQHUGFRJ,[M+H]+,Orbitrap
CN1CCN2c3ccccc3Cc3ccccc3C2C1,fit,candidate,,UEQUQVLFIPOEMF,[M+H]+,Orbitrap
O=C(O)c1ccccc1C(=O)Nc1cccc2ccccc12,fit,candidate,,JXTHEWSKYLZVJC,[M+H]+,Orbitrap
COc1ccc(/C(=C/C(=O)N2CCOCC2)c2ccc(Cl)cc2)cc1OC,fit,candidate,,QNBTYORWCCMPQP,[M+H]+,Orbitrap
COc1ccc(C(=CC(=O)N2CCOCC2)c2ccc(Cl)cc2)cc1OC,fit,candidate,,QNBTYORWCCMPQP,[M+Na]+,missing
COC(=O)c1c(Cl)c(Cl)c(C(=O)OC)c(Cl)c1Cl,fit,candidate,,NPOJQCVWMSKXDN,[M+H]+,Orbitrap
COP(=S)(OC)Oc1ccc(C#N)cc1,fit,excluded,chem:unsupported_element:P,SCKHCCSZFPSHGR,[M+H]+,Orbitrap
CCOP(=S)(OCC)Oc1cc(C)nc(N(CC)CC)n1,fit,excluded,chem:unsupported_element:P,TZBPRYIIJAJUOY,[M+H]+,Orbitrap
O=C(c1ccccc1)c1ccc(Cl)cc1,fit,candidate,,UGVRJVHOJNYEHR,[M+H]+,Orbitrap
CC(COc1ccccc1Cc1ccccc1)N1CCCCC1,fit,candidate,,JTUQXGZRVLWBCR,[M+H]+,Orbitrap
CCOP(=S)(OCC)Oc1cnc2ccccc2n1,fit,excluded,chem:unsupported_element:P,JYQUHIFYBATCCY,[M+H]+,Orbitrap
CC(C)(C)C(O)C(Cc1ccc(Cl)cc1)n1cncn1,fit,candidate,,RMOGWMIKYWRTKW,[M+H]+,Orbitrap
CCN(CC)C(=O)SCc1ccccc1Cl,fit,candidate,,LLLFASISUZUJEQ,[M+H]+,Orbitrap
Cc1c(OCC(F)(F)F)ccnc1CS(=O)c1nc2ccccc2[nH]1,fit,excluded,chem:hypervalent,MJIHNNLFOKEZEW,[M+H]+,Orbitrap
CNC(=O)Oc1ccccc1C(C)C,fit,candidate,,QBSJMKIUCUGGNG,[M+H]+,Orbitrap
CCOP(=O)(OCC)Oc1cc(C)nc(C(C)C)n1,fit,excluded,chem:unsupported_element:P,VBLJFQYCTRKKKF,[M+H]+,Orbitrap
CCCCOc1ccc(OCCCN2CCOCC2)cc1,fit,candidate,,DQKXQSGTHWVTAD,[M+H]+,Orbitrap
CC(C)OC(=O)N[C@H](C(=O)N[C@H](C)c1nc2ccc(F)cc2s1)C(C)C,fit,candidate,,USRKFGIXLGKMKU,[M+H]+,Orbitrap
CN=C(NCC1CCOC1)N[N+](=O)[O-],fit,excluded,chem:unsupported_charge,YKBZOVFACRVRJN,[M+H]+,Orbitrap
CNC(=N[N+](=O)[O-])NCC1CCOC1,fit,excluded,chem:unsupported_charge,YKBZOVFACRVRJN,[M+H]+,Orbitrap
CN/C(=N\[N+](=O)[O-])NCC1CCOC1,fit,excluded,chem:unsupported_charge,YKBZOVFACRVRJN,[M+H]+,QTOF
CCOC(=O)NC(=S)Nc1ccccc1NC(=S)NC(=O)OCC,fit,candidate,,YFNCATAIYKQPOO,[M+H]+,Orbitrap
CCOC(=O)c1c(COCC(=O)O)nc(C)c(C(=O)OC)c1-c1ccccc1Cl,fit,candidate,,WYLSEDHKQJBUIA,[M+H]+,Orbitrap
O=C(O)CN(CCN(CC(=O)O)CC(=O)O)CC(=O)O,fit,candidate,,KCXVZYZYPLLWCC,[M+H]+,Orbitrap
CC1CN2CC(C)OB(O1)OC(C)C2,fit,excluded,chem:unsupported_element:B,IWKGJTDSJPLUCE,[M+H]+,Orbitrap
CN1C2CCC1C(C(=O)O)C(OC(=O)c1ccccc1)C2,fit,candidate,,GVGYEFKIHJTNQZ,[M+H]+,Orbitrap
CC(C)(C)NCC(O)COc1cccc2c1C[C@H](O)[C@H](O)C2,fit,candidate,,VWPOSFSPZNDTMJ,[M+H]+,Orbitrap
CC(=O)CC(c1ccc(Cl)cc1)c1c(O)c2ccccc2oc1=O,fit,candidate,,DEKWZWCFHUABHE,[M+H]+,Orbitrap
COc1ccc(CN(CCN(C)C)c2ccccn2)cc1,fit,candidate,,YECBIJXISLIIDS,[M+H]+,Orbitrap
C[C@]12CCC3=C4CCC(=O)C=C4CC[C@H]3[C@@H]1CC[C@@]2(O)CC#N,fit,candidate,,AZFLJNIPTRTECV,[M+H]+,Orbitrap
COP(N)(=O)SC,fit,excluded,chem:unsupported_element:P,NNKVPIKMPCQWCG,[M+H]+,Orbitrap
CC(C)OC(=O)C(C(=O)OC(C)C)=C1SCCS1,fit,candidate,,UFHLMYOGRXOCSL,[M+H]+,Orbitrap
O=c1[nH]cnc2c1ncn2[C@H]1CC[C@@H](CO)O1,fit,candidate,,BXZVVICBKDXVGW,[M+H]+,Orbitrap
COc1ccc2c(c1OC)C(=O)O[C@@H]2[C@H]1c2c(cc3c(c2OC)OCO3)CCN1C,fit,candidate,,AKNNEGZIBPJZJG,[M+H]+,Orbitrap
COc1ccc2c(c1OC)C(=O)OC2C1c2c(cc3c(c2OC)OCO3)CCN1C,fit,candidate,,AKNNEGZIBPJZJG,[M+H]+,QTOF
CCNc1nc(NC(C)(C)C)nc(OC)n1,fit,candidate,,BCQMBFHBDZVHKU,[M+H]+,Orbitrap
CC(=O)CC(c1ccco1)c1c(O)c2ccccc2oc1=O,fit,candidate,,JFIXKFSJCQNGEK,[M+H]+,Orbitrap
OC(c1ccc(F)cc1)(c1cncnc1)c1ccccc1Cl,fit,candidate,,SAPGTCDSBGMXCD,[M+H]+,Orbitrap
CCOP(=S)(OCC)SCCl,fit,excluded,chem:unsupported_element:P,QGTYWWGEWOBMAK,[M+H]+,Orbitrap
O=C(NC(=O)c1ccccc1Cl)Nc1ccc(OC(F)(F)F)cc1,fit,candidate,,XAIPTRIXGHTTNT,[M+H]+,Orbitrap
O=NN1CCCCC1,fit,candidate,,UWSDONTXWQOZFN,[M+H]+,Orbitrap
CNC(=O)C(C)SCCSP(=O)(OC)OC,fit,excluded,chem:unsupported_element:P,LESVOLZBIFDZGS,[M+H]+,Orbitrap
COc1ccc(-c2ccccc2)cc1N=NC(=O)OC(C)C,fit,candidate,,AGTBLMHWQIEASU,[M+H]+,Orbitrap
O=C(c1ccc(Cl)cc1)c1ccc(Cl)cc1,fit,candidate,,OKISUZLXOYGIFP,[M+H]+,Orbitrap
O=c1cn[nH][nH]1,fit,candidate,,QEASJVYPHMYPJM,[M+H]+,Orbitrap
Cc1ccccc1S(N)(=O)=O,fit,excluded,chem:hypervalent,YCMLQMDWSXFTIF,[M+H]+,Orbitrap
CCC1COC(Cn2cncn2)(c2ccc(Cl)cc2Cl)O1,fit,candidate,,DWRKFAJEBUWTQM,[M+H]+,Orbitrap
CN(C)c1ccc(Cl)cc1,fit,candidate,,IONGEXNDPXANJD,[M+H]+,Orbitrap
CCCNC(C)C(=O)Nc1ccccc1C,fit,candidate,,MVFGUOIZUNYYSO,[M+H]+,Orbitrap
CCCCNC(C)C,fit,candidate,,OKRJGUKZYSEUOY,[M+H]+,Orbitrap
CCCCCC(C)N,fit,candidate,,VSRBKQFNFZQRBM,[M+H]+,Orbitrap
CCn1cc(C(=O)O)c(=O)c2cnc(N3CCNCC3)nc21,fit,candidate,,JOHZPMXAZQZXHR,[M+H]+,Orbitrap
CNC[C@H](O)c1cccc(O)c1,fit,candidate,,SONNWYBIRXJNDC,[M+H]+,Orbitrap
CC(C)NC(C)(C)C,fit,candidate,,ZWXQPERWRDHCMZ,[M+H]+,Orbitrap
COP(=O)(OC)Oc1ccc(SC)c(C)c1,fit,excluded,chem:unsupported_element:P,ZNRZGJAHNMGWQN,[M+H]+,Orbitrap
CC(C)(c1ccc(O)cc1)c1ccc(O)cc1,fit,candidate,,IISBACLAFKSPIT,[M+H]+,Orbitrap
COC(=O)c1c(Cl)nn(C)c1S(=O)(=O)NC(=O)Nc1nc(OC)cc(OC)n1,fit,excluded,chem:hypervalent,FMGZEUWROYGLAY,[M+H]+,Orbitrap
Oc1ccc(Cl)cc1,fit,candidate,,WXNZTHHGJRFXKQ,[M+H]+,Orbitrap
CC(C)NC(=O)N1CC(=O)N(c2cc(Cl)cc(Cl)c2)C1=O,fit,candidate,,ONUFESLQCSAYKA,[M+H]+,Orbitrap
N#Cc1c[nH]cc1-c1cccc(Cl)c1Cl,fit,candidate,,FKLFBQCQQYDUAM,[M+H]+,Orbitrap
CC(C)N(Cc1ccccc1)C(=O)C(C)(C)C,fit,candidate,,RJKCKKDSSSRYCB,[M+H]+,Orbitrap
COc1c(Cl)ccc(Cl)c1C(=O)O,fit,candidate,,IWEDIXLBFLAXBO,[M+H]+,Orbitrap
CNC(=O)Oc1cc(C)c(S(C)(=O)=O)c(C)c1,fit,excluded,chem:hypervalent,RJBJMKAMQIOAML,[M+H]+,Orbitrap
CCOP(=S)(OCC)SCS(=O)(=O)CC,fit,excluded,chem:unsupported_element:P,YVPSNUIHHFTTRL,[M+H]+,Orbitrap
O=C(Oc1ccccc1)c1ccccc1C(=O)Oc1ccccc1,fit,candidate,,DWNAQMUDCDVSLT,[M+H]+,Orbitrap
C[C@H]1COc2c(N3CCN(C)CC3)c(F)cc3c(=O)c(C(=O)O)cn1c23,fit,candidate,,GSDSWSVVBLHKDQ,[M+H]+,Orbitrap
Nc1ccc(S(=O)(=O)O)cc1,fit,excluded,chem:hypervalent,HVBSAKJJOYLTQU,[M+H]+,Orbitrap
CC(C)(C)c1cccc(C(C)(C)C)n1,fit,candidate,,UWKQJZCTQGMHKD,[M+H]+,Orbitrap
CCOP(=S)(OCC)N1C(=O)c2ccccc2C1=O,fit,excluded,chem:unsupported_element:P,MTBZIGHNGSTDJV,[M+H]+,Orbitrap
CC1=C(C(=O)O)N2C(=O)C(NC(=O)C(N)c3ccc(O)cc3)C2SC1,fit,candidate,,BOEGTKLJZSQCCD,[M+H]+,Orbitrap
CCOCCc1ccc(OCCNc2ncnc(CC)c2Cl)c(C)c1C,fit,candidate,,ITKAIUGKVKDENI,[M+H]+,Orbitrap
CNC(=O)Oc1cc(C)c(C)c(C)c1,fit,candidate,,AUQAUAIUNJIIEP,[M+H]+,Orbitrap
OCC(O)CN1CCN(c2ccccc2)CC1,fit,candidate,,PTVWPYVOOKLBCG,[M+H]+,Orbitrap
CCS(=O)Cc1ccccc1OC(=O)NC,fit,excluded,chem:hypervalent,OMOLDRXZKFFGJI,[M+H]+,Orbitrap
CNC(=O)Oc1cc(C)cc(C(C)C)c1,fit,candidate,,DTAPQAJKAFRNJB,[M+H]+,Orbitrap
CN(C)CCCNCCCN,fit,candidate,,OMKZWUPRGQMQJC,[M+H]+,Orbitrap
CCSCc1ccccc1OC(=O)NC,fit,candidate,,HEZNVIYQEUHLNI,[M+H]+,Orbitrap
O=C(Nc1ccc([N+](=O)[O-])cc1Cl)c1cc(Cl)ccc1O,fit,excluded,chem:unsupported_charge,RJMUSRYZPJIFPJ,[M+H]+,Orbitrap
CN(C)CCOC(C)(c1ccccc1)c1ccccn1,fit,candidate,,HCFDWZZGGLSKEP,[M+H]+,Orbitrap
[O-][N+](=Nc1ccccc1)c1ccccc1,fit,excluded,chem:unsupported_charge,GAUZCKBSTZFWCT,[M+H]+,Orbitrap
O=C1c2ccccc2C(=O)C1C(=O)C(c1ccccc1)c1ccc(Cl)cc1,fit,candidate,,UDHXJZHVNHGCEC,[M+H]+,Orbitrap
CN(C)C(=S)SSC(=S)N(C)C,fit,candidate,,KUAZQDVKQLNFPE,[M+H]+,Orbitrap
CN(C)C(=O)C(c1ccccc1)c1ccccc1,fit,candidate,,QAHFOPIILNICLA,[M+H]+,Orbitrap
COc1cc(NC(C)CCCN)c2ncccc2c1,fit,candidate,,INDBQLZJXZLFIT,[M+H]+,Orbitrap
Cc1n[nH]c(=O)n(N)c1=O,fit,candidate,,OBVMWVBNOLJKBG,[M+H]+,Orbitrap
CC[C@@H](CO)NCCN[C@@H](CC)CO,fit,candidate,,AEUTYOVWOVBAKS,[M+H]+,Orbitrap
COP(=O)(OC)OC1=C(Cl)C2C=CCC12,fit,excluded,chem:unsupported_element:P,GBAWQJNHVWMTLU,[M+H]+,Orbitrap
CC1C=CC=CCCC=CC=CC=CC=CC(OC2OC(C)C(O)C(N)C2O)CC2OC(O)(CC(O)C(O)CCC(O)CC(O)CC(O)CC(=O)OC(C)C(C)C1O)CC(O)C2C(=O)O,fit,candidate,,VQOXZBDYSJBXMA,[M+H]+,Orbitrap
CCON=C(OC(=O)c1ccccc1)c1c(OC)ccc(Cl)c1OC,fit,candidate,,BZMIHNKNQJJVRO,[M+H]+,Orbitrap
CCO/N=C(\OC(=O)c1ccccc1)c1c(OC)ccc(Cl)c1OC,fit,candidate,,BZMIHNKNQJJVRO,[M+H]+,QTOF
C=C1C(=O)N[C@H](C)C(=O)N[C@@H](CC(C)C)C(=O)N[C@@H](C(=O)O)[C@H](C)C(=O)N[C@@H](CCCN=C(N)N)C(=O)N[C@@H](/C=C/C(C)=C/[C@H](C)[C@H](Cc2ccccc2)OC)[C@H](C)C(=O)N[C@@H](C(=O)O)CCC(=O)N1C,fit,candidate,,ZYZCGGRZINLQBL,[M+H]+,Orbitrap
C=C1C(=O)NC(C)C(=O)NC(CC(C)C)C(=O)NC(C(=O)O)C(C)C(=O)NC(CCCN=C(N)N)C(=O)NC(C=CC(C)=CC(C)C(Cc2ccccc2)OC)C(C)C(=O)NC(C(=O)O)CCC(=O)N1C,fit,candidate,,ZYZCGGRZINLQBL,[M+H]+,Orbitrap
O=C(O)c1cn[nH]c1C(F)F,fit,candidate,,IGQNDARULCASRN,[M+H]+,Orbitrap
CCOP(=O)(SC(C)CC)N1CCSC1=O,fit,excluded,chem:unsupported_element:P,DUFVKSUJRWYZQP,[M+H]+,Orbitrap
Cc1nnc(SCC2=C(C(=O)O)N3C(=O)C(NC(=O)Cn4cnnn4)C3SC2)s1,fit,candidate,,MLYYVTUWGNIJIB,[M+H]+,Orbitrap
CCNP(=S)(OC)OC(C)=CC(=O)OC(C)C,fit,excluded,chem:unsupported_element:P,BZNDWPRGXNILMS,[M+H]+,Orbitrap
CN(N=O)c1ccccc1,fit,candidate,,MAXCWSIJKVASQC,[M+H]+,Orbitrap
CCOP(=O)(NC(C)C)Oc1ccc(S(C)(=O)=O)c(C)c1,fit,excluded,chem:unsupported_element:P,LVNYJXIBJFXIRZ,[M+H]+,Orbitrap
Cc1nn(C)c(F)c1C(=O)Nc1ccccc1C(C)CC(C)C,fit,candidate,,GOFJDXZZHFNFLV,[M+H]+,Orbitrap
CCOc1ccc2ccccc2c1C(=O)N[C@@H]1C(=O)N2[C@@H]1SC(C)(C)[C@@H]2C(=O)O,fit,candidate,,GPXLMGHLHQJAGZ,[M+H]+,Orbitrap
COP(=S)(OC)Oc1cc(Cl)c(Cl)cc1Cl,fit,excluded,chem:unsupported_element:P,JHJOOSLFWRRSGU,[M+H]+,Orbitrap
CCCC(C)(COC(N)=O)COC(=O)NC(C)C,fit,candidate,,OFZCIYFFPZCNJE,[M+H]+,Orbitrap
CCOP(=S)(CC)Sc1ccccc1,fit,excluded,chem:unsupported_element:P,KVGLBTYUCJYMND,[M+H]+,Orbitrap
CC(CN1c2ccccc2CCc2ccccc21)C[N+](C)(C)[O-],fit,excluded,chem:unsupported_charge,UNOPAPJVNIQNJP,[M+H]+,Orbitrap
C=CC1(C)OC(=O)N(c2cc(Cl)cc(Cl)c2)C1=O,fit,candidate,,FSCWZHGZWWDELK,[M+H]+,Orbitrap
CNC[C@H](O)c1ccc(O)c(O)c1,fit,candidate,,UCTWMZQNUQWSLP,[M+H]+,Orbitrap
CCCCCCCCCCCCOCCOCCOCCO,fit,candidate,,FKMHSNTVILORFA,[M+H]+,Orbitrap
CNC(=O)Oc1cccc(N=CN(C)C)c1,fit,candidate,,RMFNNCGOSPBBAD,[M+H]+,Orbitrap
N[C@@H](C(=O)N[C@@H]1C(=O)N2C(C(=O)O)=C(Cl)CS[C@H]12)c1ccccc1,fit,candidate,,QYIYFLOTGYLRGG,[M+H]+,Orbitrap
NC(C(=O)NC1C(=O)N2C(C(=O)O)=C(Cl)CSC12)c1ccccc1,fit,candidate,,QYIYFLOTGYLRGG,[M+H]+,Orbitrap
CCS(=O)(=O)Cc1ccccc1OC(=O)NC,fit,excluded,chem:hypervalent,IOPTXXRNXCPJGO,[M+H]+,Orbitrap
CO[C@@H]1[C@@H](OC2OC(C)C(OC3CC(C)(O)C(O)C(C)O3)C(N(C)C)C2O)[C@@H](CC=O)C[C@@H](C)[C@@H](OC2CCC(N(C)C)C(C)O2)/C=C/C=C/C[C@@H](C)OC(=O)C[C@H]1O,fit,candidate,,ACTOXUHEUCPTEW,[M+H]+,Orbitrap
COP1(=S)OCc2ccccc2O1,fit,excluded,chem:unsupported_element:P,OUNSASXJZHBGAI,[M+H]+,Orbitrap
NS(=O)(=O)c1cc(C2(O)NC(=O)c3ccccc32)ccc1Cl,fit,excluded,chem:hypervalent,JIVPVXMEBJLZRO,[M+H]+,Orbitrap
Cc1nn(-c2cc(NS(C)(=O)=O)c(Cl)cc2Cl)c(=O)n1C(F)F,fit,excluded,chem:hypervalent,OORLZFUTLGXMEF,[M+H]+,Orbitrap
CC(C)(C)C(O)C(=Cc1ccc(Cl)cc1)n1cncn1,fit,candidate,,YNWVFADWVLCOPU,[M+H]+,Orbitrap
O=C(Nc1ccccc1)Nc1ccnc(Cl)c1,fit,candidate,,GPXLRLUVLMHHIK,[M+H]+,Orbitrap
N=S(=O)(O)c1ccccc1,fit,excluded,chem:hypervalent,KHBQMWCZKVMBLN,[M+H]+,Orbitrap
COc1ccc2c3c1O[C@H]1C(=O)CC[C@H]4[C@@H](C2)N(C)CC[C@]314,fit,candidate,,LLPOLZWFYMWNKH,[M+H]+,Orbitrap
O=C(O)c1cc(Oc2ccc(C(F)(F)F)cc2Cl)ccc1[N+](=O)[O-],fit,excluded,chem:unsupported_charge,NUFNQYOELLVIPL,[M+H]+,Orbitrap
CCCCCCC(C)(C)c1ccc(C2CCCC(O)C2)c(O)c1,fit,candidate,,ZWWRREXSUJTKNN,[M+H]+,Orbitrap
CCOP(=S)(OCC)SCCSCC,fit,excluded,chem:unsupported_element:P,DOFZAZXDOSGAJZ,[M+H]+,Orbitrap
Cc1ccc(S(=O)(=O)N(C)N=O)cc1,fit,excluded,chem:hypervalent,FFKZOUIEAHOBHW,[M+H]+,Orbitrap
Cc1cccc(CN2CCN(C(c3ccccc3)c3ccc(Cl)cc3)CC2)c1,fit,candidate,,OCJYIGYOJCODJL,[M+H]+,Orbitrap
C/C=C1/N(C)C(C)CC1(c1ccccc1)c1ccccc1,fit,candidate,,AJRJPORIQGYFMT,[M+H]+,Orbitrap
CNC(=O)C(OC)c1ccccc1COc1cc(C)ccc1C,fit,candidate,,PDPWCKVFIFAQIQ,[M+H]+,Orbitrap
O=NN1CCCC1,fit,candidate,,WNYADZVDBIBLJJ,[M+H]+,Orbitrap
COc1ccc(C2Sc3ccccc3N(CCN(C)C)C(=O)C2OC(C)=O)cc1,fit,candidate,,HSUGRBWQSSZJOP,[M+H]+,Orbitrap
COP(=S)(OC)SCN1C(=O)c2ccccc2C1=O,fit,excluded,chem:unsupported_element:P,LMNZTLDVJIUSHT,[M+H]+,Orbitrap
O=c1oc2ccccc2c(O)c1C1CCCc2ccccc21,fit,candidate,,ULSLJYXHZDTLQK,[M+H]+,Orbitrap
Cc1cc(C)cc(OCC2CNC(=O)O2)c1,fit,candidate,,IMWZZHHPURKASS,[M+H]+,Orbitrap
CC(=O)Nc1nnc(S(N)(=O)=O)s1,fit,excluded,chem:hypervalent,BZKPWHYZMXOIDC,[M+H]+,Orbitrap
CCNC(=O)c1ccc(OC)cc1,fit,candidate,,KIOWCVBPJXEJLN,[M+H]+,Orbitrap
O=[N+]([O-])c1ccc(Oc2ccc(Cl)cc2Cl)cc1,fit,excluded,chem:unsupported_charge,XITQUSLLOSKDTB,[M+H]+,Orbitrap
CC(O)(Cn1cncn1)c1ccc(Oc2ccc(Cl)cc2)cc1C(F)(F)F,fit,candidate,,JERZEQUMJNCPRJ,[M+H]+,Orbitrap
CNC(=O)Oc1cccc2c1OC(C)(C)C2O,fit,candidate,,RHSUJRQZTQNSLL,[M+H]+,Orbitrap
CCC(=O)OC(Cc1ccccc1)(c1ccccc1)C(C)CN(C)C,fit,candidate,,XLMALTXPSGQGBX,[M+H]+,Orbitrap
CCOC(=O)C1(c2ccccc2)CCC=C[C@H]1N(C)C,fit,candidate,,WDEFBBTXULIOBB,[M+H]+,Orbitrap
Clc1ccccc1CN1CCc2sccc2C1,fit,candidate,,PHWBOXQYWZNQIN,[M+H]+,Orbitrap
CC#Cc1cc(C)nc(Nc2ccccc2)n1,fit,candidate,,CIFWZNRJIBNXRE,[M+H]+,Orbitrap
COc1ccc(CCC(=O)c2c(O)cc(O[C@@H]3O[C@H](CO)[C@@H](O)[C@H](O)[C@H]3O[C@@H]3O[C@@H](C)[C@H](O)[C@@H](O)[C@H]3O)cc2O)cc1O,fit,candidate,,ITVGXXMINPYUHD,[M+H]+,Orbitrap
CCOP(=S)(OCC)Oc1nc(Cl)n(C(C)C)n1,fit,excluded,chem:unsupported_element:P,XRHGWAGWAHHFLF,[M+H]+,Orbitrap
Cc1ccc(C(C)C)c(O)c1,fit,candidate,,MGSRCZKZVOBKFT,[M+Na]+,Orbitrap
O=C(O)c1cccc(Oc2ccccc2)c1,fit,candidate,,NXTDJHZGHOFSQG,[M+H]+,Orbitrap
Cc1cccc(C)c1NC(=O)C1CCCCN1C,fit,candidate,,INWLQCZOYSRPNW,[M+H]+,Orbitrap
CN1C(=O)CC(C)(c2ccccc2)C1=O,fit,candidate,,AJXPJJZHWIXJCJ,[M+H]+,Orbitrap
CCOP(=S)(OCC)SC1OCCOC1SP(=S)(OCC)OCC,fit,excluded,chem:unsupported_element:P,VBKKVDGJXVOLNE,[M+H]+,Orbitrap
O=C(O)/C=C/C(=O)N1CCN(c2ccccc2Cl)CC1,fit,candidate,,AXXAWJZEEQXNHQ,[M+H]+,Orbitrap
N[C@@H](CS[C@@](c1ccc(F)cc1)(C(O)n1cncn1)[C@H](O)c1ccccc1Cl)C(=O)O,fit,candidate,,FFDPUOKMKYPWSA,[M+H]+,Orbitrap
O=C(Cn1cncn1)c1ccc(Cl)cc1Cl,fit,candidate,,XOHMICFWUQPTNP,[M+H]+,Orbitrap
CCNCC1COC2(CCC(C(C)(C)C)CC2)O1,fit,candidate,,AUYSPPNVFQBFHX,[M+H]+,Orbitrap
N[C@@H](CS[C@@](Cn1cncn1)(C(=O)c1ccccc1Cl)c1ccc(F)cc1)C(=O)O,fit,candidate,,TZYAOSFLCQVQJN,[M+H]+,Orbitrap
CC(=O)N(C)N(C(=O)C(=O)O)c1ccccc1,fit,candidate,,KHSFDWLKYABAGT,[M+H]+,Orbitrap
CN(C=O)c1ccc(Cl)cc1,fit,candidate,,XWQPXHSGRKRZPV,[M+H]+,Orbitrap
CC(O)CN(CCOc1c(Cl)cc(Cl)cc1Cl)C(=O)n1ccnc1,fit,candidate,,YXJSNOWMOJFNPG,[M+H]+,Orbitrap
O=C(O)CC(c1ccccc1)c1ccccn1,fit,candidate,,XTQOUVPIWQGVEJ,[M+H]+,Orbitrap
O=C(O)CCC(=O)N1CCN(C(c2ccccc2)c2ccc(Cl)cc2)CC1,fit,candidate,,PZFKWKDGOCAIDK,[M+H]+,Orbitrap
COc1ccc(C(CNC(C)=O)C2=CCCCC2)cc1,fit,candidate,,KBTRXOVQHFGXMN,[M+H]+,Orbitrap
CCCN(CCOc1c(Cl)cc(Cl)cc1Cl)C(=O)N(C=N)CO,fit,candidate,,LRLDLEGEIWYGJQ,[M+H]+,Orbitrap
CCCN(CCOc1c(Cl)cc(Cl)cc1Cl)C(N)=O,fit,candidate,,MPNJTIZLDHWBFX,[M+H]+,Orbitrap
O=CNCCC(c1ccccc1)c1ccccn1,fit,candidate,,BRZLPCQEKPAETF,[M+H]+,Orbitrap
CC[N+]1([O-])CCCC1CNC(=O)c1cc(S(N)(=O)=O)ccc1OC,fit,excluded,chem:unsupported_charge,GODSKNGSDVZJGQ,[M+H]+,Orbitrap
NC(=O)NN=C(C=O)c1cccc(Cl)c1Cl,fit,candidate,,VESYYBQDZWKJSN,[M+H]+,Orbitrap
O=Cc1ccccc1-n1c(=O)[nH]c(=O)c2ccccc21,fit,candidate,,TZCUDQGVRQPRCM,[M+H]+,Orbitrap
CCCN(C=O)CCOc1c(Cl)cc(Cl)cc1Cl,fit,candidate,,UYGPHUXNXJCWGM,[M+H]+,Orbitrap
CNC(=O)CC(c1ccccc1)c1ccccn1,fit,excluded,fit_content_duplicate,CKQJTGWITOTSIE,[M+H]+,Orbitrap
CC(=O)N1CCN(C(c2ccccc2)c2ccc(Cl)cc2)CC1,fit,candidate,,SQGNETKFPNXNSE,[M+H]+,Orbitrap
CC(=O)CN(C=O)CCOc1c(Cl)cc(Cl)cc1Cl,fit,candidate,,KOOVZZFZNASYFB,[M+H]+,Orbitrap
CC(=O)NC(C)COc1c(C)cccc1C,fit,candidate,,DNSFMKGQWLZMOJ,[M+H]+,Orbitrap
CN(CCC(Oc1ccc(C(F)(F)F)cc1)c1ccccc1)C(=O)CCC(=O)O,fit,candidate,,SAIPSZMZTANCFE,[M+H]+,Orbitrap
CNCCN(Cc1ccc(OC)cc1)c1ccccn1,fit,candidate,,LWKSMQXIHQRJJJ,[M+H]+,Orbitrap
CC(C)(CO)C(CCc1ccc(Cl)cc1)(Cn1cncn1)OP(=O)(O)O,fit,excluded,chem:unsupported_element:P,RSIWUZQNFRIBIY,[M+H]+,Orbitrap
O=c1ncn(C[C@@]2(c3ccc(F)cc3)O[C@H]2c2ccccc2Cl)[nH]1,fit,candidate,,ZSDOCYUTMYKRND,[M+H]+,Orbitrap
Cc1cccc(C)c1OCC(C)NC(=O)CCC(=O)O,fit,candidate,,VLGUKBMOYDQZNE,[M+H]+,Orbitrap
C#CCN(C(C)=O)C(C)Cc1ccccc1,fit,candidate,,JJOSIKPABYYKOP,[M+H]+,Orbitrap
OCC(C1CC1)C(O)(Cn1cncn1)c1ccc(Cl)cc1,fit,candidate,,IVFRBVSPAOYOOK,[M+H]+,Orbitrap
COc1cc(N(C=O)C(C)CCC(=O)O)c2ncccc2c1,fit,candidate,,HWLCTPIUUFQVEK,[M+H]+,Orbitrap
CC(=O)N(C)CCC(c1ccccc1)c1ccccn1,fit,candidate,,VLRZUFDFIGKGCN,[M+H]+,Orbitrap
CN(C=O)CCC(c1ccccc1)c1ccccn1,fit,candidate,,SXXHPCVDFDABHW,[M+H]+,Orbitrap
CC(=O)NC(C)Cc1cccc(C(F)(F)F)c1,fit,candidate,,ZVKARXLKNIBGIR,[M+H]+,Orbitrap
C#CCNCc1ccccc1,fit,candidate,,LDYBFSGEBHSTOQ,[M+H]+,Orbitrap
O=CCCNC(=O)c1ccc(Cl)cc1,fit,candidate,,BBRMAJVCKXVBIE,[M+H]+,Orbitrap
Fc1ccc(C(c2ccc(F)cc2)N2CCN(C/C=C/c3ccccc3)CC2)cc1,fit,candidate,,SMANXXCATUTDDT,[M+H]+,Orbitrap
C#CCN(C)C(C)Cc1ccccc1,fit,candidate,,MEZLKOACVSPNER,[M+H]+,Orbitrap
COC(=O)C(C)(C)Oc1ccc(CCNC(=O)c2ccc(Cl)cc2)cc1,fit,candidate,,KDYYGGKDZBRIIX,[M+H]+,Orbitrap
C#CCN(C=O)Cc1ccccc1,fit,candidate,,MOSRXMRJDACECK,[M+H]+,Orbitrap
CCCN(CCOc1c(Cl)cc(Cl)cc1Cl)C(=O)n1cncc1O,fit,candidate,,UYINZFVHZKRNQK,[M+H]+,Orbitrap
CC(O)CNCCOc1c(Cl)cc(Cl)cc1Cl,fit,candidate,,CCROUVCATXGAFZ,[M+H]+,Orbitrap
O=C(O)CNc1ccccc1Cl,fit,candidate,,NSDVLRONTCKCPY,[M+H]+,Orbitrap
COc1ccc(CN(CCN(C)C=O)c2ccccn2)cc1,fit,candidate,,AGBYYCMLOLWSPS,[M+H]+,Orbitrap
COc1ccc(CN(CC[N+](C)(C)[O-])c2ccccn2)cc1,fit,excluded,chem:unsupported_charge,IQDUZGGMNVZTAI,[M+H]+,Orbitrap
COc1cc(NC(C)CCC(=O)O)c2ncccc2c1,fit,candidate,,KIMKJIXTIWKABF,[M+H]+,Orbitrap
CCC(=O)NC(C)COc1c(C)cccc1C,fit,candidate,,KQTNKAWCVIBWHG,[M+H]+,Orbitrap
Cc1cccc(C)c1NC(=O)CO,fit,candidate,,LUIJJBHAVXGCTP,[M+H]+,Orbitrap
CC(=O)N(C)Nc1ccccc1,fit,candidate,,MEPMBCQGKRXQFC,[M+H]+,Orbitrap
CN(C)CCN(Cc1ccc(O)cc1)c1ccccn1,fit,candidate,,FCFBHFOEKQWQBR,[M+H]+,Orbitrap
CC(=O)N1CCN(c2ccccc2Cl)CC1,fit,candidate,,LBSHKCUTMCYUOW,[M+H]+,Orbitrap
O=C(NCCc1ccc(O)cc1)c1ccc(Cl)cc1,fit,candidate,,ZTLWJYCDAXUIBK,[M+H]+,Orbitrap
NCCOc1c(Cl)cc(Cl)cc1Cl,fit,candidate,,SUSCJRQKCYABMX,[M+H]+,Orbitrap
OCCCC1COC(Cn2cncn2)(c2ccc(Cl)cc2Cl)O1,fit,candidate,,GZZNFYOGUUPAEU,[M+H]+,Orbitrap
CC(C)(C)c1ccc(CCOc2ncnc3ccccc23)cc1,fit,candidate,,DMYHGDXADUDKCQ,[M+H]+,Orbitrap
CC(=O)NCCC(c1ccccc1)c1ccccn1,fit,candidate,,ZMNXZIWMJCGGHP,[M+H]+,Orbitrap
OC(Cn1cncn1)c1ccc(Cl)cc1Cl,fit,candidate,,XCWJBJOPHSVLGU,[M+H]+,Orbitrap
O=CN1CCN(c2cccc(Cl)c2)CC1,fit,candidate,,IGIBHEMNRYAZQH,[M+H]+,Orbitrap
CC[N+]1([O-])CCCC1CNC(=O)c1cc(S(=O)(=O)CC)c([N+](=O)[O-])cc1OC,fit,excluded,chem:unsupported_charge,KJELOTPSGOPMRQ,[M+H]+,Orbitrap
CN(CCC(c1ccccc1)c1ccccn1)C(=O)/C=C/C(=O)O,fit,candidate,,NQGDWANJMZMGLN,[M+H]+,Orbitrap
CCN(CC)CC(=O)Nc1c(C)cccc1C(=O)O,fit,candidate,,ADEUTXKFSFCDGG,[M+H]+,Orbitrap
Cc1cccc(Nc2ccccc2C(=O)NC(CCC(=O)O)C(=O)O)c1C,fit,candidate,,HLEKOHRJHVCEKY,[M+H]+,Orbitrap
Cc1cccc(C)c1OCC(C)NC(=O)/C=C/C(=O)O,fit,candidate,,IHYIZOZHEMEBGX,[M+H]+,Orbitrap
NCC[C@H](Oc1ccc(C(F)(F)F)cc1)c1ccccc1,fit,candidate,,WIQRCHMSJFFONW,[M+H]+,Orbitrap
O=C(O)CC(=O)N1CCN(c2ccccc2Cl)CC1,fit,candidate,,XHCNVUPFYLKTEJ,[M+H]+,Orbitrap
COc1cc(NC(C)C(=O)O)c2ncccc2c1,fit,candidate,,KCYRVQQKJYMPAM,[M+H]+,Orbitrap
CC(C)(C)C(CCc1ccc(Cl)cc1)(Cn1cncn1)OP(=O)(O)O,fit,excluded,chem:unsupported_element:P,NMJXDYGJGLTLDI,[M+H]+,Orbitrap
CN(CCC(c1ccccc1)c1ccccn1)C(=O)CCC(=O)O,fit,candidate,,WVBWTLRAHFVIAJ,[M+H]+,Orbitrap
CN(C)CCNc1ccccn1,fit,candidate,,PBPMFHCGVZTYHV,[M+H]+,Orbitrap
CC(Cc1cccc(C(F)(F)F)c1)NO,fit,candidate,,WCJDAVUCGZTNMX,[M+H]+,Orbitrap
Fc1ccc([C@]2(Cn3cncn3)O[C@H]2c2ccccc2Cl)cc1,fit,candidate,,ZMYFCFLJBGAQRS,[M+H]+,Orbitrap
CC(Cc1ccccc1)N(C)C=O,fit,candidate,,GLSMSUZWTDVJMA,[M+H]+,Orbitrap
N[C@@H](CS[C@](Cn1cncn1)(c1ccc(F)cc1)[C@H](O)c1ccccc1Cl)C(=O)O,fit,candidate,,HPPQENYNPCPJDE,[M+H]+,Orbitrap
CCOC(=O)Nc1nc2ccccc2[nH]1,fit,candidate,,OKOVSTKGUBOSTB,[M+H]+,Orbitrap
CC(O)CC1COC(Cn2cncn2)(c2ccc(Cl)cc2Cl)O1,fit,candidate,,ACQHZORIRZCPLG,[M+H]+,Orbitrap
O=C(O)c1cccc2n[nH]nc12,fit,candidate,,KFJDQPJLANOOOB,[M+H]+,Orbitrap
O=C(O)CCC(=O)N1CCN(c2ccccc2Cl)CC1,fit,candidate,,FMKKWAHJJLLAOW,[M+H]+,Orbitrap
O=C(O)c1ccccc1-n1c(=O)[nH]c(=O)c2ccccc21,fit,candidate,,AQDIPTUVOCVNKW,[M+H]+,Orbitrap
CCCN(CCOc1c(Cl)cc(Cl)cc1Cl)C(=O)SCC(N)C(=O)O,fit,candidate,,HUHAANSJHKXOQG,[M+H]+,Orbitrap
COc1ccc(CN(CC(=O)O)c2ccccn2)cc1,fit,candidate,,PPJDHLMQESOTEN,[M+H]+,Orbitrap
O=CCC(c1ccccc1)c1ccccn1,fit,candidate,,NIUINLYXRYRLBJ,[M+H]+,Orbitrap
CCCCC1=NC2(CCCC2)C(=O)N1CC(=O)O,fit,candidate,,XPHXJBUYWMIPJK,[M+H]+,Orbitrap
Cc1cccc(C)c1OCC(C)NC=O,fit,candidate,,XBXKOKJLEVOCTF,[M+H]+,Orbitrap
CC(C)(C)C(O)(CC(O)c1ccc(Cl)cc1)Cn1cncn1,fit,candidate,,SCQIVKOIYXXGEW,[M+H]+,Orbitrap
COc1cc(N)c2ncccc2c1,fit,candidate,,YGGTVPCTAKYCSQ,[M+H]+,Orbitrap
CC(C)CCNCC(O)c1cc(Cl)c(N)c(Cl)c1,fit,candidate,,KWAPEXIWYNEGAV,[M+H]+,Orbitrap
C=CN(CC)CC(=O)Nc1c(C)cccc1C,fit,candidate,,TXEIHNNJACYVDP,[M+H]+,Orbitrap
COc1ccc(C(C(=O)O)C2=CCCCC2)cc1,fit,candidate,,QSIOKMFRNDBUFC,[M+H]+,Orbitrap
CC(Cc1ccc(C(C)(C)C)cc1)C[N+]1([O-])CCCCC1,fit,excluded,chem:unsupported_charge,JPBLWGKRGFCKOC,[M+H]+,Orbitrap
CC(C)(CO)C(O)(CCc1ccc(Cl)cc1)Cn1cncn1,fit,candidate,,OIKHXEKXIIAQKY,[M+H]+,Orbitrap
CCCCCCCCc1ccc(O)cc1,fit,candidate,,NTDQQZYCCIDJRK,[M+H]+,Orbitrap
CCCNCC1COC2(CCC(C(C)(C)C)CC2)O1,fit,candidate,,YYICKHZBDGQJBW,[M+H]+,Orbitrap
CC(C1CC1)C(O)(Cn1cnc(=O)[nH]1)c1ccc(Cl)cc1,fit,candidate,,KDVNSJWEDNCKDY,[M+H]+,Orbitrap
CCOc1nc2c(C(=O)O)cccc2[nH]1,fit,candidate,,BFEXQKMXNWEQAJ,[M+H]+,Orbitrap
CC(C)c1nc(N(C)S(C)(=O)=O)nc(-c2ccc(F)cc2)c1C=O,fit,excluded,chem:hypervalent,WOCOTUDOVSLFOB,[M+H]+,Orbitrap
CC(C)(C)C(O)(CCc1ccc(Cl)cc1)Cn1cnc(=O)[nH]1,fit,candidate,,PEKHDQCGVPPILP,[M+H]+,Orbitrap
CC(C1CC1)C(O)(Cn1nc[nH]c1=O)c1ccc(Cl)cc1,fit,candidate,,PCNSTTQWJVIKMC,[M+H]+,Orbitrap
COc1cc(NC(C)CCCNC(C)=O)c2ncccc2c1,fit,candidate,,YVURERLGLAYCCQ,[M+H]+,Orbitrap
O=C(O)CNc1ccccc1,fit,candidate,,NPKSPKHJBVJUKB,[M+H]+,QTOF
COC(=O)c1ccc(OC)cc1,fit,candidate,,DDIZAANNODHTRB,[M+H]+,QTOF
C=C(C)C1CC=C(C=O)CC1,fit,candidate,,RUMOYJJNUMEFDD,[M+H]+,QTOF
Cc1[nH]nc2c1N=C(c1ccccc1Cl)c1cc([N+](=O)[O-])ccc1N2,fit,excluded,chem:unsupported_charge,UVLBAPBHAHFJSY,[M+H]+,QTOF
N#CCCN(CCO)CCO,fit,candidate,,ZSIRWYMANRZZPE,[M+H]+,QTOF
C=CC(=O)OCCN(CC)CC,fit,candidate,,QHVBLSNVXDSMEB,[M+H]+,QTOF
Cc1ccc2c(c1)C(=O)OC2=O,fit,candidate,,ZOXBWJMCXHTKNU,[M+H]+,QTOF
CC(=O)CC(=O)Nc1ccccc1,fit,candidate,,DYRDKSSFIWVSNM,[M+H]+,QTOF
O=C(Nc1cccc([N+](=O)[O-])c1)c1cc2ccccc2cc1O,fit,excluded,chem:unsupported_charge,YZJSKRBKHCLMQC,[M+H]+,QTOF
O=C1CCC=NC1=O,fit,candidate,,UVHNFZKPTQUPLV,[M+H]+,QTOF
CC1=Nc2ccc3ccccc3c2C1(C)C,fit,candidate,,WJZSZXCWMATYFX,[M+H]+,QTOF
CC(C)c1ccccc1N,fit,candidate,,YKOLZVXSPGIIBJ,[M+H]+,QTOF
O=C(OCCOCCOC(=O)c1ccccc1)c1ccccc1,fit,candidate,,NXQMCAOPTPLPRL,[M+H]+,QTOF
NCCCN(CCO)CCO,fit,candidate,,FKJVYOFPTRGCSP,[M+H]+,QTOF
CCOc1ccc(NC(=O)CC(C)=O)cc1,fit,candidate,,WWROGCAUSKGAMX,[M+H]+,QTOF
CC(=O)Nc1ccccc1O,fit,candidate,,ADVGKWPZRIDURE,[M+H]+,QTOF
O=C1CCCN1C1CCCCC1,fit,candidate,,PZYDAVFRVJXFHS,[M+H]+,QTOF
N=C1N=C(N)c2cc3ccccc3cc21,fit,candidate,,JAWNWEKHDFBPSG,[M+H]+,QTOF
OCCN1CCOCC1,fit,candidate,,KKFDCBRMNNSAAW,[M+H]+,QTOF
C[Si](C)(CCCN)O[Si](C)(C)CCCN,fit,excluded,chem:unsupported_element:Si,GPXCORHXFPYJEH,[M+H]+,QTOF
CN(C)c1ccc(C(=N)c2ccc(N(C)C)cc2)cc1,fit,candidate,,JPIYZTWMUGTEHX,[M+H]+,QTOF
O=C(Oc1ccc(Br)cc1)N1CCN2CCC1CC2,fit,candidate,,RXLOZRCLQMJJLC,[M+H]+,QTOF
O=c1cc(-c2ccccc2)oc2ccc3ccccc3c12,fit,candidate,,OUGIDAPQYNCXRA,[M+H]+,QTOF
COc1ccc2nc(N)sc2c1,fit,candidate,,KZHGPDSVHSDCMX,[M+H]+,QTOF
CC1=NN(c2ccc(C)cc2)C(=O)C1,fit,candidate,,IOQOLGUXWSBWHR,[M+H]+,QTOF
CCCCS(=O)(=O)Cl,fit,excluded,chem:hypervalent,WEDIIKBPDQQQJU,[M+H]+,QTOF
CN(C1CCCCC1)S(=O)(=O)c1ccccc1N,fit,excluded,chem:hypervalent,IPEHSCPRVOWQFQ,[M+H]+,QTOF
Cc1oc(-c2ccccc2)nc1CCOc1ccc(CC(Nc2ccccc2C(=O)c2ccccc2)C(=O)O)cc1,fit,candidate,,ZZCHHVUQYRMYLW,[M+H]+,QTOF
CN(C(=O)Cc1cccc2occc12)C1CCC2(CCCO2)CC1N1CCCC1,fit,candidate,,JMBYBVLCYODBJQ,[M+H]+,QTOF
O=Nc1ccc(Nc2ccccc2)cc1,fit,candidate,,OIJHFHYPXWSVPF,[M+H]+,QTOF
COc1cc(OC)c(OC)cc1C=O,fit,candidate,,IAJBQAYHSQIQRE,[M+H]+,QTOF
O=C(NC(Cc1ccccc1)C(O)C(=O)N1CC(O)C(O)C1)c1cc2cc(Cl)ccc2[nH]1,fit,candidate,,GVDRRZOORHCTAN,[M+H]+,QTOF
CCOc1ccc2c(c1)C(C)CC(C)(C)N2,fit,candidate,,YLDDCEXDGNXCIO,[M+H]+,QTOF
CCCCC1CCCCC(=O)O1,fit,candidate,,YKVIWISPFDZYOW,[M+H]+,QTOF
O=C(O)CCc1ccccc1,fit,candidate,,XMIIGOLPHOKFCH,[M+H]+,QTOF
O=C(Nc1ccccc1)c1cc([N+](=O)[O-])ccc1Cl,fit,excluded,chem:unsupported_charge,DNTSIBUQMRRYIU,[M+H]+,QTOF
CCN(CC)c1ccc(C=O)cc1,fit,candidate,,MNFZZNNFORDXSV,[M+H]+,QTOF
CCCOCCOCCOCCO,fit,candidate,,KCBPVRDDYVJQHA,[M+H]+,QTOF
CC(=O)CC(=O)N(C)C,fit,candidate,,YPEWWOUWRRQBAX,[M+H]+,QTOF
COc1cc(CCC(=O)CC(=O)CCc2ccc(O)c(OC)c2)ccc1O,fit,candidate,,LBTVHXHERHESKG,[M+H]+,QTOF
CC1(C)CC(=O)CC(C)(C)N1O,fit,candidate,,KMEUSKGEUADGET,[M+H]+,QTOF
NC1CCCCC1N,fit,candidate,,SSJXIUAHEKJCMH,[M+H]+,QTOF
CC1(C)C(=O)NC(=O)N1CO,fit,candidate,,SIQZJFKTROUNPI,[M+H]+,QTOF
O=[p+]1oc2ccccc2c2ccccc21,fit,excluded,chem:unsupported_charge,DWSWCPPGLRSPIT,[M+H]+,QTOF
CC1CN1P(=O)(N1CC1C)N1CC1C,fit,excluded,chem:unsupported_element:P,AVUYXHYHTTVPRX,[M+H]+,QTOF
CC(C)(O)c1ccc(CNC(=O)c2cccnc2Oc2ccc(F)cc2)cc1,fit,candidate,,UHBUSMAHWHZQKS,[M+H]+,QTOF
Cc1cc(C)c(/C=C2\C(=O)Nc3ccccc32)[nH]1,fit,candidate,,WUWDLXZGHZSWQZ,[M+H]+,QTOF
C[C@H](CCOC(=O)c1ccccc1C(=O)OCC[C@H](C)CC(C)(C)C)CC(C)(C)C,fit,candidate,,GDJOUZYAIHWDCA,[M+H]+,QTOF
Nc1nc(N)nc(-c2ccccc2)n1,fit,candidate,,GZVHEAJQGPRDLQ,[M+H]+,QTOF
N=C1N=C(N)c2ccccc21,fit,candidate,,RZVCEPSDYHAHLX,[M+H]+,QTOF
CC1(CO)CN(c2ccccc2)NC1=O,fit,candidate,,DSVIHYOAKPVFEH,[M+H]+,QTOF
CCOP(=O)(CN(CCO)CCO)OCC,fit,excluded,chem:unsupported_element:P,CCJKFLLIJCGHMO,[M+H]+,QTOF
CCCCCc1ccc(N)cc1,fit,candidate,,DGFTWBUZRHAHTH,[M+H]+,QTOF
Nc1ncnc2nc[nH]c12,fit,candidate,,GFFGJBXGBJISGV,[M+H]+,QTOF
OCCNCc1ccccc1,fit,candidate,,XNIOWJUQPMKCIJ,[M+H]+,QTOF
CCCCCCCCCCCCCCN(CCO)CCO,fit,candidate,,CPHJEACXPATRSU,[M+H]+,QTOF
NC1=NC(=O)CC(=O)N1,fit,candidate,,BTYNVOQLMBUUMS,[M+H]+,QTOF
C1CN(CCOCCN2CCOCC2)CCO1,fit,candidate,,ZMSQJSMSLXVTKN,[M+H]+,QTOF
Cc1cccc(N)n1,fit,candidate,,QUXLCYFNVNNRBE,[M+H]+,QTOF
CC(=O)C=O,fit,candidate,,AIJULSRZWUXGPQ,[M+H]+,QTOF
CN(C)P(=O)(N(C)C)N(C)C,fit,excluded,chem:unsupported_element:P,GNOIPBMMFNIUFM,[M+H]+,QTOF
CCOC(=O)NNc1nncc2ccccc12,fit,candidate,,WGZDBVOTUVNQFP,[M+H]+,QTOF
CCN(CC)c1ccc(C=O)c(O)c1,fit,candidate,,XFVZSRRZZNLWBW,[M+H]+,QTOF
CN1C(=O)N(C)C(O)C1O,fit,candidate,,LGJMYGMNWHYGCB,[M+H]+,QTOF
CN(CCCC(=O)c1cccnc1)N=O,fit,candidate,,FLAQQSHRLBFIEZ,[M+H]+,QTOF
Cc1cc(=O)oc2cc(N(C)C)ccc12,fit,candidate,,GZEYLLPOQRZUDF,[M+H]+,QTOF
CC(C)CC(C)N(c1ccccc1)c1ccc(N)cc1,fit,candidate,,KZTCAXCBXSIQSS,[M+H]+,QTOF
CNC(=S)NC,fit,candidate,,VLCDUOXHFNUCKK,[M+H]+,QTOF
O=C(NO)c1ccccc1O,fit,candidate,,HBROZNQEVUILML,[M+H]+,QTOF
CCCCOC(=O)CC(O)(CC(=O)OCCCC)C(=O)OCCCC,fit,candidate,,ZFOZVQLOBQUTQQ,[M+H]+,QTOF
CCCCCCNCCCCCC,fit,candidate,,PXSXRABJBXYMFT,[M+H]+,QTOF
CCN(CCC#N)c1ccccc1,fit,candidate,,WYRNRZQRKCXPLA,[M+H]+,QTOF
OCCN(CCO)CCN(CCO)CCO,fit,candidate,,BYACHAOCSIPLCM,[M+H]+,QTOF
CN(C)CCCl,fit,candidate,,WQMAANNAZKNUDL,[M+H]+,QTOF
N#CN=C(N)N,fit,candidate,,QGBSISYHAICWAH,[M+H]+,QTOF
CCOC(=O)COC(=O)c1ccccc1C(=O)OCC,fit,candidate,,PZBLUWVMZMXIKZ,[M+H]+,QTOF
Nc1cccnc1N,fit,candidate,,ZZYXNRREDYWPLN,[M+H]+,QTOF
CC(C)CC(NC(=O)OCC1c2ccccc2-c2ccccc21)C(=O)O,fit,candidate,,CBPJQFCAFFNICX,[M+H]+,QTOF
CCCCOCCOCCOC(C)=O,fit,candidate,,VXQBJTKSVGFQOL,[M+H]+,QTOF
CCOC(=O)CCCCCCCCC(=O)OCC,fit,candidate,,ONKUXPIBXRRIDU,[M+H]+,QTOF
CCCCCC(O)CC(=O)CCc1ccc(O)c(OC)c1,fit,candidate,,NLDDIKRKFXEWBK,[M+H]+,QTOF
OCCN1CCNCC1,fit,candidate,,WFCSWCVEJLETKA,[M+H]+,QTOF
NCCOCCO,fit,candidate,,GIAFURWZWWWBQT,[M+H]+,QTOF
CCC(C)NC(N)=O,fit,candidate,,CBRSBDUOPJQVMP,[M+H]+,QTOF
COc1cc(NC(=O)CC(C)=O)c(OC)cc1Cl,fit,candidate,,MOUVJGIRLPZEES,[M+H]+,QTOF
CCCCC(CC)COC(=O)CCCCCCCC(=O)OCC(CC)CCCC,fit,candidate,,ZDWGXBPVPXVXMQ,[M+H]+,QTOF
CC(=O)c1ccc2c(c1)C(NC(=O)c1ccc(F)cc1)C(O)C(C)(C)O2,fit,candidate,,RCLXAPJEFHPYEG,[M+H]+,QTOF
CCN(CCO)CCO,fit,candidate,,AKNUHUCEWALCOI,[M+H]+,QTOF
CNc1ccc(NCCO)c2c1C(=O)c1ccccc1C2=O,fit,candidate,,NLXFWUZKOOWWFD,[M+H]+,QTOF
Cn1ccnc1,fit,candidate,,MCTWTZJPVLRJOU,[M+H]+,QTOF
O=C(O)c1ccc(C(=O)O)c(C(=O)O)c1,fit,candidate,,ARCGXLSVLAOJQL,[M+H]+,QTOF
CC(O)CNCC(C)O,fit,candidate,,LVTYICIALWPMFW,[M+H]+,QTOF
CCCc1ccc(N)cc1,fit,candidate,,OAPDPORYXWQVJE,[M+H]+,QTOF
CN1CCN(c2ccccc2/C=C2/SCCN(c3ccc(Cl)c(Cl)c3)C2=O)CC1,fit,candidate,,LHYMPSWMHXUWSK,[M+H]+,QTOF
COc1cc(OC)c2ccc(=O)oc2c1,fit,candidate,,NXJCRELRQHZBQA,[M+H]+,QTOF
CC1(C)CCCC2(C)C1CCC1(C)OC(=O)CC12,fit,candidate,,IMKJGXCIJJXALX,[M+H]+,QTOF
CN(C)CCN1CCOCC1,fit,candidate,,PMHXGHYANBXRSZ,[M+H]+,QTOF
O=C(OCCOCCOCCOC(=O)c1ccccc1)c1ccccc1,fit,candidate,,AHSGHEXYEABOKT,[M+H]+,QTOF
COCCOCC(CC1(C(=O)NC2CCC(C(=O)O)CC2)CCCC1)C(=O)Oc1ccc2c(c1)CCC2,fit,candidate,,ZTWZVMIYIIVABD,[M+H]+,QTOF
COc1ccc(NC(=O)CC(C)=O)cc1,fit,candidate,,SWAJJKROCOJICG,[M+H]+,QTOF
CC(C)c1ccc2c(c1)CCC1C(C)(CN)CCCC21C,fit,candidate,,JVVXZOOGOGPDRZ,[M+H]+,QTOF
Cc1[nH]cnc1CC1CCc2c(C)c3ccccc3n2C1=O,fit,candidate,,AEKQMJRJRAHOAP,[M+H]+,QTOF
CC(C)CC#N,fit,candidate,,QHDRKFYEGYYIIK,[M+H]+,QTOF
Cc1ccc(N)cc1,fit,candidate,,RZXMPPFPUUCRFN,[M+H]+,QTOF
CC(C)(C)c1cc(CCC(=O)NN)cc(C(C)(C)C)c1O,fit,candidate,,KMWIPXLIKIAZMT,[M+H]+,QTOF
O=CN(CCO)CCO,fit,candidate,,AGQSGSYOSSBGLI,[M+H]+,QTOF
CCc1ncc(C)[nH]1,fit,candidate,,ULKLGIFJWFIQFF,[M+H]+,QTOF
COc1cccc(OC)c1C(=O)O,fit,candidate,,MBIZFBDREVRUHY,[M+H]+,QTOF
O=S(=O)([O-])CCN1CC[NH+](CCO)CC1,fit,excluded,chem:unsupported_charge,JKMHFZQWWAIEOD,[M+H]+,QTOF
O=S(=O)(O)CCN1CCN(CCO)CC1,fit,excluded,chem:hypervalent,JKMHFZQWWAIEOD,[M+H]+,QTOF
O=C1CC2CC1C1CCCC21,fit,candidate,,OMIDXVJKZCPKEI,[M+H]+,QTOF
N#CCCNCCC#N,fit,candidate,,SBAJRGRUGUQKAF,[M+H]+,QTOF
C[As+](C)(C)CC(=O)[O-],fit,excluded,chem:unsupported_charge,SPTHHTGLGVZZRH,[M+H]+,QTOF
CC(=O)Nc1ccc(C)c(Cl)c1,fit,candidate,,IGLVCWPPISIXPR,[M+H]+,QTOF
COC(=O)c1ccccc1OC,fit,candidate,,PFYHAAAQPNMZHO,[M+H]+,QTOF
CCCCOC(=O)CCCCCCCC(=O)OCCCC,fit,candidate,,RISLXYINQFKFRL,[M+H]+,QTOF
C1CCCNCC1,fit,candidate,,ZSIQJIWKELUFRJ,[M+H]+,QTOF
CCCCNC(=O)NCCCC,fit,candidate,,AQSQFWLMFCKKMG,[M+H]+,QTOF
CCCCNC1CC(C)(C)NC(C)(C)C1,fit,candidate,,FDAKZQLBIFPGSV,[M+H]+,QTOF
Nc1ccc2c(c1)C(=O)c1ccccc1C2=O,fit,candidate,,XOGPDSATLSAZEK,[M+H]+,QTOF
C=C(C)C(=O)OCCCCOC(=O)C(=C)C,fit,candidate,,XOJWAAUYNWGQAU,[M+H]+,QTOF
O=C(O)c1ccccc1C(=O)OC1CCCCC1,fit,candidate,,PMDKYLLIOLFQPO,[M+H]+,QTOF
CCOc1ccc(NC(N)=O)cc1,fit,candidate,,GGLIEWRLXDLBBF,[M+H]+,QTOF
Cc1ccc2oc(CN(Cc3ccccc3)C(=O)Nc3c(F)cc(F)cc3F)c(-c3ccc(Cl)cc3)c2c1,fit,candidate,,GJRPAGNTTAPJCC,[M+H]+,QTOF
Nc1nc(=S)[nH][nH]1,fit,candidate,,WZUUZPAYWFIBDF,[M+H]+,QTOF
Nc1ccc(N)c2c1C(=O)c1ccccc1C2=O,fit,candidate,,FBMQNRKSAWNXBT,[M+H]+,QTOF
C=CC(=O)OCC1CC2CC1C1CCC(COC(=O)C=C)C21,fit,candidate,,VEBCLRKUSAGCDF,[M+H]+,QTOF
CCCCCCc1ccc(N)cc1,fit,candidate,,OVEMTTZEBOCJDV,[M+H]+,QTOF
CCc1cccc(CC)c1N,fit,candidate,,FOYHNROGBXVLLX,[M+H]+,QTOF
O=c1cc(O)cc[nH]1,fit,candidate,,ZEZJPIDPVXJEME,[M+H]+,QTOF
Clc1cnc(Oc2ccc(Oc3ncc(Cl)cc3Cl)cc2)c(Cl)c1,fit,candidate,,BAFKRPOFIYPKBQ,[M+H]+,QTOF
Cc1ncc(C(CCCCCCc2ccc3c(n2)NCCC3)CC(=O)O)cn1,fit,candidate,,NJDBZBVQIMZWPP,[M+H]+,QTOF
CC(C)c1ccc(O)cc1,fit,candidate,,YQUQWHNMBPIWGK,[M+H]+,QTOF
Cc1cccc(Nc2cc(Cl)nc(SCC(=O)O)n2)c1C,fit,candidate,,SZRPDCCEHVWOJX,[M+H]+,QTOF
COc1cc([N+](=O)[O-])ccc1N,fit,excluded,chem:unsupported_charge,GVBHRNIWBGTNQA,[M+H]+,QTOF
CCCCCCOc1ccc(N)cc1,fit,candidate,,DJRKHTCUXRGYEU,[M+H]+,QTOF
C=C(C)[C@@H]1CC=C(C)C(=O)C1,fit,candidate,,ULDHMXUKGWMISQ,[M+H]+,QTOF
Nc1cccc(N)n1,fit,candidate,,VHNQIURBCCNWDN,[M+H]+,QTOF
O=C(Oc1ccccc1)c1cccc(C(=O)Oc2ccccc2)c1,fit,candidate,,FHESUNXRPBHDQM,[M+H]+,QTOF
CC1=NN(c2ccc(C(=O)O)cc2)C(=O)C1,fit,candidate,,CUGBBQWDGCXWNB,[M+H]+,QTOF
CC(C)(O)Cc1ccccc1,fit,candidate,,RIWRBSMFKVOJMN,[M+H]+,QTOF
c1cnc2c(c1)ccc1cccnc12,fit,candidate,,DGEZNRSVGBDHLK,[M+H]+,QTOF
CCCOC(=O)CCCCC(=O)OCCC,fit,candidate,,NKOUWLLFHNBUDW,[M+H]+,QTOF
CN(C)CCCNCCCN(C)C,fit,candidate,,BXYVQNNEFZOBOZ,[M+H]+,QTOF
CC(C)c1cccc(C(C)C)c1N1C(=O)c2ccc(O)cc2C1=O,fit,candidate,,LAKWINYVWJPHQW,[M+H]+,QTOF
CCc1cnc(C(=O)O)c(C(=O)O)c1,fit,candidate,,MTAVBTGOXNGCJR,[M+H]+,QTOF
Nc1cccc(N)c1,fit,candidate,,WZCQRUWWHSTZEM,[M+H]+,QTOF
CC(=O)CC(=O)Nc1ccc(C)cc1C,fit,candidate,,HGVIAKXYAZRSEG,[M+H]+,QTOF
CCOc1cc(N)c(Cl)cc1C(=O)NCC1CN(Cc2ccc(F)cc2)CCO1,fit,candidate,,YPELFRMCRYSPKZ,[M+H]+,QTOF
Cc1cc(N)n(-c2ccccc2)n1,fit,candidate,,FMKMKBLHMONXJM,[M+H]+,QTOF
COc1ccc(N=Nc2cc(C)c(N=Nc3ccc(S(=O)(=O)O)cc3)cc2OC)cc1,fit,excluded,chem:hypervalent,DTRJDURRPWBDEY,[M+H]+,QTOF
CC1CC2C3CCC4=CC(=O)C=CC4(C)C3(F)C(O)CC2(C)C1(O)C(=O)COP(=O)(O)O,fit,excluded,chem:unsupported_element:P,VQODGRNSFPNSQE,[M+H]+,QTOF
Cc1cccc(C)c1NC(=O)CN1CCCC1=O,fit,candidate,,NGHTXZCKLWZPGK,[M+H]+,QTOF
Cc1cc(SCc2sc(-c3ccc(C(F)(F)F)c(F)c3)nc2C)ccc1OCC(=O)O,fit,candidate,,HWVNEWGKWRGSRK,[M+H]+,QTOF
CC(C)(N)CO,fit,candidate,,CBTVGIZVANVGBH,[M+H]+,QTOF
Nc1ccc(Oc2ccc(N)c(N)c2)cc1,fit,candidate,,MPKIJEUTPZPJFP,[M+H]+,QTOF
Cn1c(=S)[nH]c2ccccc21,fit,candidate,,CDNHLXOFELOEOL,[M+H]+,QTOF
Cc1ccc(N(CCO)CCO)cc1,fit,candidate,,JUVSRZCUMWZBFK,[M+H]+,QTOF
OCCc1ccccn1,fit,candidate,,BXGYBSJAZFGIPX,[M+H]+,QTOF
Cc1c(Cl)c(=O)oc2cc(O)ccc12,fit,candidate,,ODZHLDRQCZXQFQ,[M+H]+,QTOF
COc1ccc(N)cc1,fit,candidate,,BHAAPTBBJKJZER,[M+H]+,QTOF
C=C(C)C(=O)OCCOC(=O)C(=C)C,fit,candidate,,STVZJERGLQHEKB,[M+H]+,QTOF
Nc1cccc(S(=O)(=O)c2cccc(N)c2)c1,fit,excluded,chem:hypervalent,LJGHYPLBDBRCRZ,[M+H]+,QTOF
CC1CN(c2cc3c(cc2F)c(=O)c(C(=O)O)cn3-c2ccc(F)cc2F)CCN1,fit,candidate,,QKDHBVNJCZBTMR,[M+H]+,QTOF
C=CCc1ccc(OC)cc1,fit,candidate,,ZFMSMUAANRJZFM,[M+H]+,QTOF
Cc1cccc(N=Nc2ccc(N(C)C)cc2)c1,fit,candidate,,LVTFSVIRYMXRSR,[M+H]+,QTOF
Clc1cc(Cl)c2c(c1)N=C1CCCCCN1C2,fit,candidate,,WTPSHLVHJOJDIF,[M+H]+,QTOF
NCCNCCNCCNCCN,fit,candidate,,FAGUFWYHJQFNRV,[M+H]+,QTOF
C=CC(=O)NC(C)(C)CC(C)=O,fit,candidate,,OMNKZBIFPJNNIO,[M+H]+,QTOF
c1cc(N(CC2CO2)CC2CO2)ccc1OCC1CO1,fit,candidate,,AHIPJALLQVEEQF,[M+H]+,QTOF
OCCN(CCO)c1cccc(Cl)c1,fit,candidate,,MVQUJEUCFOGFJU,[M+H]+,QTOF
CN(CCCC(O)c1cccnc1)N=O,fit,candidate,,OGRXKBUCZFFSTL,[M+H]+,QTOF
CCC(C)C(C(=O)O)n1sc2ccccc2c1=O,fit,candidate,,FUSYFEXGXRDJNB,[M+H]+,QTOF
C1CN2CCN1CC2,fit,candidate,,IMNIMPAHZVJRPE,[M+H]+,QTOF
CCNC(=S)NCC,fit,candidate,,FLVIGYVXZHLUHP,[M+H]+,QTOF
CCOC(=O)CP(=O)(OCC)OCC,fit,excluded,chem:unsupported_element:P,GGUBFICZYGKNTD,[M+H]+,QTOF
COc1ccc(OC(F)(F)F)cc1CNC1CCCNC1c1ccccc1,fit,candidate,,ZIWFCOIGUNPHPM,[M+H]+,QTOF
Cc1nccn1-c1ccc(Sc2cccc(C3(C(N)=O)CCOCC3)c2)cc1,fit,candidate,,VPTONMHDLLMOOV,[M+H]+,QTOF
CCN(CCC#N)c1ccc(N=Nc2ccc([N+](=O)[O-])cc2)cc1,fit,excluded,chem:unsupported_charge,ZSPPPAFDNHYXNW,[M+H]+,QTOF
Nc1nc2ccc([N+](=O)[O-])cc2s1,fit,excluded,chem:unsupported_charge,GPNAVOJCQIEKQF,[M+H]+,QTOF
COP(=O)(CCC(=O)NCO)OC,fit,excluded,chem:unsupported_element:P,MCONGYNHPPCHSD,[M+H]+,QTOF
CCN(CC)CCO,fit,candidate,,BFSVOASYOCHEOV,[M+H]+,QTOF
O=[N+]([O-])c1ccc2nc[nH]c2c1,fit,excluded,chem:unsupported_charge,XPAZGLFMMUODDK,[M+H]+,QTOF
CN1CCCC1c1cccnc1,fit,candidate,,SNICXCGAKADSCV,[M+H]+,QTOF
Cc1c(-c2cccnc2)c2ccccc2n1CCCCC(=O)O,fit,candidate,,MYDPDVXVDQMNLD,[M+H]+,QTOF
COc1ccccc1NC(=O)CC(C)=O,fit,candidate,,KYYRTDXOHQYZPO,[M+H]+,QTOF
COc1ccn(C)c(=O)c1C#N,fit,candidate,,PETSAYFQSGAEQY,[M+H]+,QTOF
CC1(C)CCC(C)(C)c2cc(C(=O)Nc3ccc(C(=O)O)cc3)ccc21,fit,candidate,,SZWKGOZKRMMLAJ,[M+H]+,QTOF
Cc1ccc(N)c(N)c1,fit,candidate,,DGRGLKZMKWPMOH,[M+H]+,QTOF
CC(C)Nc1ccc(NC(C)C)c2c1C(=O)c1ccccc1C2=O,fit,candidate,,BLFZMXOCPASACY,[M+H]+,QTOF
N=C1C=CC(=C(c2ccc(N)cc2)c2ccc(N)cc2)C=C1,fit,candidate,,AFAIELJLZYUNPW,[M+H]+,QTOF
CC(=O)CN(CC(C)=O)N=O,fit,candidate,,AKRYBBWYDSDZHG,[M+H]+,QTOF
Cc1oc2c(NC(=O)c3c(Cl)cccc3Cl)cccc2c1C(C)(C)O,fit,candidate,,GCAOVMKRBUCSET,[M+H]+,QTOF
O=C1CCCCCN1SSN1CCCCCC1=O,fit,candidate,,LGBYJXBCVZKJBL,[M+H]+,QTOF
CC1=CP(=O)(c2ccccc2)CC1,fit,excluded,chem:unsupported_element:P,YMKWWHFRGALXLE,[M+H]+,QTOF
C=C(C)C(=O)NCCCN(C)C,fit,candidate,,GDFCSMCGLZFNFY,[M+H]+,QTOF
COCCCN,fit,candidate,,FAXDZWQIWUSWJH,[M+H]+,QTOF
CCN1CCCC1=O,fit,candidate,,ZFPGARUNNKGOBB,[M+H]+,QTOF
COc1cc(C(=O)NC2CCN(C)CC2)ccc1Nc1ncc2c(n1)N(C1CCCC1)CC(F)(F)C(=O)N2C,fit,candidate,,DJNZZLZKAXGMMC,[M+H]+,QTOF
CN(C)Cc1ccccc1O,fit,candidate,,FUIQBJHUESBZNU,[M+H]+,QTOF
CC(C)N(CCO)C(C)C,fit,candidate,,ZYWUVGFIXPNBDL,[M+H]+,QTOF
CCCCCCCC(=O)N(C)C,fit,candidate,,VHRUBWHAOUIMDW,[M+H]+,QTOF
CCCCCCOCCOCCO,fit,candidate,,GZMAAYIALGURDQ,[M+H]+,QTOF
CC(=O)Nc1ccc2c(c1)Cc1cc(NC(C)=O)ccc1-2,fit,candidate,,XBZBRCVCSVLJJZ,[M+H]+,QTOF
CCOC=C(C(=O)OCC)C(=O)OCC,fit,candidate,,LTMHNWPUDSTBKD,[M+H]+,QTOF
C=C(C)C(=O)OCCNC(C)(C)C,fit,candidate,,BEWCNXNIQCLWHP,[M+H]+,QTOF
CC(C)OP(C)(=O)OC(C)C,fit,excluded,chem:unsupported_element:P,WOAFDHWYKSOANX,[M+H]+,QTOF
c1cc(N(CC2CO2)CC2CO2)ccc1Cc1ccc(N(CC2CO2)CC2CO2)cc1,fit,candidate,,FAUAZXVRLVIARB,[M+H]+,QTOF
CC(C)(C)NC(N)=O,fit,candidate,,JLEHSYHLHLHPAL,[M+H]+,QTOF
Cc1ccccc1C=O,fit,candidate,,BTFQKIATRPGRBS,[M+H]+,QTOF
Cc1ccc(C(C)(C)O)cc1,fit,candidate,,XLPDVYGDNRIQFV,[M+H]+,QTOF
Nc1ccccc1C(=O)OCCc1ccccc1,fit,candidate,,PXWNBAGCFUDYBE,[M+H]+,QTOF
Nc1c(Oc2ccccc2)cc(O)c2c1C(=O)c1ccccc1C2=O,fit,candidate,,MHXFWEJMQVIWDH,[M+H]+,QTOF
C(CC=Nc1ccccc1)=Nc1ccccc1,fit,candidate,,FPKDDRIXOSMQPI,[M+H]+,QTOF
NNC(=O)c1cccc(C(=O)NN)c1,fit,candidate,,UTTHLMXOSUFZCQ,[M+H]+,QTOF
CC/C(=C(/c1ccc(O)cc1)c1ccc(OCCN(C)C)cc1)c1ccccc1,fit,candidate,,TXUZVZSFRXZGTL,[M+H]+,QTOF
NC(=O)Nc1ccc(Cl)cc1,fit,candidate,,RECCURWJDVZHIH,[M+H]+,QTOF
CCCCNC(N)=O,fit,candidate,,CNWSQCLBDWYLAN,[M+H]+,QTOF
CCCCCCCCCCCC(=O)N(CC)CC,fit,candidate,,CWNSVVHTTQBGQB,[M+H]+,QTOF
NCC1CCCC(CN)C1,fit,candidate,,QLBRROYTTDFLDX,[M+H]+,QTOF
CCCCCCCCOCCCN,fit,candidate,,RDCAZFAKCIEASQ,[M+H]+,QTOF
CCCCN(CCCC)C(=O)N(CCCC)CCCC,fit,candidate,,SNDGLCYYBKJSOT,[M+H]+,QTOF
C=CC(=O)NCOCCCC,fit,candidate,,UTSYWKJYFPPRAP,[M+H]+,QTOF
CN(C)c1ccc(N=O)cc1,fit,candidate,,CMEWLCATCRTSGF,[M+H]+,QTOF
C=CCOC(=O)c1ccc(C(=O)OCC=C)c(C(=O)OCC=C)c1,fit,candidate,,GRPURDFRFHUDSP,[M+H]+,QTOF
NN=C(N)N,fit,candidate,,HAMNKKUPIHEESI,[M+H]+,QTOF
COCCOCCOCCOCCOCCO,fit,candidate,,SLNYBUIEAMRFSZ,[M+H]+,QTOF
CN(C)Cc1cc(CN(C)C)c(O)c(CN(C)C)c1,fit,candidate,,AHDSRXYHVZECER,[M+H]+,QTOF
CN(C)C(=O)NC1(c2ccccc2)CCN(CCCC2(c3ccc(Cl)c(Cl)c3)CCCN(C(=O)c3ccccc3)C2)CC1,fit,candidate,,XWPBINGFFFZAOZ,[M+H]+,QTOF
CN1C(C)(C)CC(O)CC1(C)C,fit,candidate,,NWHNXXMYEICZAT,[M+H]+,QTOF
Nc1cccnc1,fit,candidate,,CUYKNJBYIJFRCU,[M+H]+,QTOF
c1cc(CCCc2ccncc2)ccn1,fit,candidate,,OGNCVVRIKNGJHQ,[M+H]+,QTOF
CC1CNCC(C)O1,fit,candidate,,HNVIQLPOGUDBSU,[M+H]+,QTOF
CC(=O)CCc1ccccc1,fit,candidate,,AKGGYBADQZYZPD,[M+H]+,QTOF
Nc1ccc(Nc2ccccc2)cc1,fit,candidate,,ATGUVEKSASEFFO,[M+H]+,QTOF
O=C(O)c1cccnc1C(=O)O,fit,candidate,,GJAWHXHKYYXBSV,[M+H]+,QTOF
O=[N+]([O-])c1cc(N(CCO)CCO)ccc1NCCO,fit,excluded,chem:unsupported_charge,MIWUTEVJIISHCP,[M+H]+,QTOF
CN1/C(=C/C=O)C(C)(C)c2ccccc21,fit,candidate,,GCECACVNILMTRD,[M+H]+,QTOF
OCCN(CCO)c1ccccc1,fit,candidate,,OJPDDQSCZGTACX,[M+H]+,QTOF
CC(=O)Nc1ccc(C)cc1C,fit,candidate,,PJEIIBXJUDOMAN,[M+H]+,QTOF
NCCCCCCN,fit,candidate,,NAQMVNRVTILPCV,[M+H]+,QTOF
Nc1ccccc1C(=O)Oc1ccc2ccccc2c1,fit,candidate,,YJFCKXVXEKHSEC,[M+H]+,QTOF
CNCc1ccc(NC(=O)c2c[nH]c3c2C(=O)CCC3)cc1,fit,candidate,,XFJIYNUISLDNLP,[M+H]+,QTOF
CCCC(C)=O,fit,candidate,,XNLICIUVMPYHGG,[M+H]+,QTOF
CC(C)(C)NCCNC(C)(C)C,fit,candidate,,KGHYGBGIWLNFAV,[M+H]+,QTOF
OCc1ncccc1O,fit,candidate,,ZJRBRKUGRKKZOO,[M+H]+,QTOF
CCCCNC(=S)NCCCC,fit,candidate,,KFFQABQEJATQAT,[M+H]+,QTOF
CCCCNc1ccc(NCCCC)c2c1C(=O)c1ccccc1C2=O,fit,candidate,,OCQDPIXQTSYZJL,[M+H]+,QTOF
CC(C)(C)NCCO,fit,candidate,,IUXYVKZUDNLISR,[M+H]+,QTOF
CC(C)c1cccc(C(C)C)c1N,fit,candidate,,WKBALTUBRZPIPZ,[M+H]+,QTOF
CC(CN=Cc1ccccc1O)N=Cc1ccccc1O,fit,candidate,,RURPJGZXBHYNEM,[M+H]+,QTOF
O=C(O)c1cc2ccccc2nc1C(=O)O,fit,candidate,,YHUVMHKAHWKQBI,[M+H]+,QTOF
c1ccc2sc(SN(C3CCCCC3)C3CCCCC3)nc2c1,fit,candidate,,CMAUJSNXENPPOF,[M+H]+,QTOF
CN(C)C(C)(C)CO,fit,candidate,,XRIBIDPMFSLGFS,[M+H]+,QTOF
COc1ccccc1NC(=O)c1cc2ccccc2cc1O,fit,candidate,,AQYMRQUYPFCXDM,[M+H]+,QTOF
CC(C)c1ccc(C(=O)N=C(N)N)cc1S(C)(=O)=O,fit,excluded,chem:hypervalent,IWXNYAIICFKCTM,[M+H]+,QTOF
CCN(C(=O)c1cc(C)cc(OCC(C)Nc2ccncc2)c1)C(C)C,fit,candidate,,JMPSZYHYDMQFEO,[M+H]+,QTOF
CCN(CCN)c1cccc(C)c1,fit,candidate,,FTMVEUXYYDLYFH,[M+H]+,QTOF
CCCCOCCOC(=O)CCCCCCCCC(=O)OCCOCCCC,fit,candidate,,KZBSIGKPGIZQJQ,[M+H]+,QTOF
O=C(O)CN(CC(=O)O)CC(=O)O,fit,candidate,,MGFYIUFZLHCRTH,[M+H]+,QTOF
COc1ccc2cc(S(=O)(=O)NC(CC(=O)NC(Cc3ccc(CN4C(C)CCCC4C)cc3)C(=O)N(C)C(C)C)c3ccc4c(c3)OCO4)ccc2c1,fit,excluded,chem:hypervalent,QGWIQIAWOCJRPI,[M+H]+,QTOF
CCOC(=O)C1=NN(c2ccccc2)C(=O)C1,fit,candidate,,WBFXQKNQVZMOSQ,[M+H]+,QTOF
COc1ccc(NC(C)=O)cc1N,fit,candidate,,SJWQCBCAGCEWCV,[M+H]+,QTOF
COCCOc1cc2cc(C(=O)NC3CCN(C(C)C)CC3)n(CC(=O)Nc3ccc(Cl)cn3)c2cn1,fit,candidate,,YREBJGUGKMXPGE,[M+H]+,QTOF
Cc1ccc(NC(=O)N(C)C)cc1NC(=O)N(C)C,fit,candidate,,KDQTUCKOAOGTLT,[M+H]+,QTOF
COc1cccc(-c2ccc(/C=C/CN3CCCCCC3)cc2Cl)c1,fit,candidate,,ZDPINFKDQWCRTF,[M+H]+,QTOF
CCNc1cccc(C)c1,fit,candidate,,GUYMMHOQXYZMJQ,[M+H]+,QTOF
C=CN1CCCC1=O,fit,candidate,,WHNWPMSKXPGLAX,[M+H]+,QTOF
S=C(NC1CCCCC1)NC1CCCCC1,fit,candidate,,KAJICSGLHKRDLN,[M+H]+,QTOF
OCCc1ccncc1,fit,candidate,,DWPYQDGDWBKJQL,[M+H]+,QTOF
CCN(CC)c1ccc(/C=N\N(c2ccccc2)c2ccccc2)cc1,fit,candidate,,YGBCLRRWZQSURU,[M+H]+,QTOF
CC1CC(=O)N=N1,fit,candidate,,AIMMGJXCJTVLHA,[M+H]+,QTOF
CCCCC(CC)COC(=O)CCCCC(=O)OCc1ccccc1,fit,candidate,,OOUQSWGHJPCRLI,[M+H]+,QTOF
O=C1CCCN1CCO,fit,candidate,,WDQFELCEOPFLCZ,[M+H]+,QTOF
CCN(CC)c1ccc(C(=O)c2ccccc2C(=O)O)c(O)c1,fit,candidate,,FQNKTJPBXAZUGC,[M+H]+,QTOF
Cc1ccc(N)cc1O,fit,candidate,,DBFYESDCPWWCHN,[M+H]+,QTOF
O=C(OCC1CCC2OC2C1)C1CCC2OC2C1,fit,candidate,,YXALYBMHAYZKAP,[M+H]+,QTOF
CCCc1ccc(O)cc1,fit,candidate,,KLSLBUSXWBJMEC,[M+H]+,QTOF
COc1c[nH]ccc1=O,fit,candidate,,XKECCYGTTKNLOC,[M+H]+,QTOF
COC(=O)c1ccc(C(=O)OC)c(C(=O)OC)c1,fit,candidate,,MJHNUUNSCNRGJE,[M+H]+,QTOF
O=C(NC1CN2CCC1CC2)c1ccc2c(c1)OCCO2,fit,candidate,,LUVXHMJTVXZFPD,[M+H]+,QTOF
COc1ccc(N)c(C)c1,fit,candidate,,CDGNLUSBENXDGG,[M+H]+,QTOF
OC12N=C(c3ccccc3)SC1Cc1cc(Cl)ccc12,fit,candidate,,RUBKYBIDEVUTQU,[M+H]+,QTOF
CC(C)C(OC(=O)c1ccccc1)C(C)(C)COC(=O)c1ccccc1,fit,candidate,,FTSXVYQZLNPTCM,[M+H]+,QTOF
C=Cc1ccncc1,fit,candidate,,KFDVPJUYSDEJTH,[M+H]+,QTOF
Nn1cnnc1,fit,candidate,,FMCUPJKTGNBGEC,[M+H]+,QTOF
O=C1OC2(c3ccccc31)c1ccc(O)c(Br)c1Oc1c2ccc(O)c1Br,fit,candidate,,ZDTNHRWWURISAA,[M+H]+,QTOF
OCCCc1cccnc1,fit,candidate,,ZUGAIMFLQLPTKB,[M+H]+,QTOF
CCCCNS(=O)(=O)c1ccc(C)cc1,fit,excluded,chem:hypervalent,RQUXYBHREKXNKT,[M+H]+,QTOF
C=C(C)C(=O)OCCN(C)C,fit,candidate,,JKNCOURZONDCGV,[M+H]+,QTOF
Cc1ccc2nc(-c3ccc(N)cc3)sc2c1,fit,candidate,,XRTJYEIMLZALBD,[M+H]+,QTOF
CCN(Cc1cccc(S(=O)(=O)O)c1)c1ccccc1,fit,excluded,chem:hypervalent,BQGRVFPPZJPWPB,[M+H]+,QTOF
NC(=O)c1ccccc1Cl,fit,candidate,,RBGDLYUEXLWQBZ,[M+H]+,QTOF
CCCCCCCCNC,fit,candidate,,SEGJNMCIMOLEDM,[M+H]+,QTOF
CCCCCCCCCCCCN1CCOCC1,fit,candidate,,ZRIILUSQBDFVNY,[M+H]+,QTOF
CCCCCCC(C)Nc1ccc(Nc2ccccc2)cc1,fit,candidate,,JQTYAZKTBXWQOM,[M+H]+,QTOF
CC(O)CN(CCN(CC(C)O)CC(C)O)CC(C)O,fit,candidate,,NSOXQYCFHDMMGV,[M+H]+,QTOF
CC(=O)Nc1ccc(CC(=O)O)cc1,fit,candidate,,MROJXXOCABQVEF,[M+H]+,QTOF
CCCCOC(CC)OC(C)COC(O)CC,fit,candidate,,RNFAKTRFMQEEQE,[M+H]+,QTOF
CC1COc2ccccc2N1,fit,candidate,,BSDVKBWLRCKPFB,[M+H]+,QTOF
CCN(CC)c1ccc2cc(-c3nc4cc(S(N)(=O)=O)ccc4o3)c(=O)oc2c1,fit,excluded,chem:hypervalent,SDUIURJVOCHJCO,[M+H]+,QTOF
CCCCCCC(O)CCCCCCCCCCC(=O)OC,fit,candidate,,RVWOWEQKPMPWMQ,[M+H]+,QTOF
CCCCCCCCOC(=O)/C=C/C(=O)OCCCCCCCC,fit,candidate,,TVWTZAGVNBPXHU,[M+H]+,QTOF
CC/C=C/CC/C=C/CO,fit,candidate,,AMXYRHBJZOVHOL,[M+H]+,QTOF
OCCS,fit,candidate,,DGVVWUTYPXICAM,[M+H]+,QTOF
CCn1nc(Cc2ccccc2)cc1C1CCN(CC2CC(N(C)C(C(=O)O)C(C)C)CC2c2cccc(F)c2)CC1,fit,candidate,,ZTENZJJCFACIAK,[M+H]+,QTOF
ClCCNCCCl,fit,candidate,,TXFLGZOGNOOEFZ,[M+H]+,QTOF
COc1c2ccoc2cc2oc(=O)ccc12,fit,candidate,,BGEBZHIAGXMEMV,[M+H]+,QTOF
CC(C)(C)c1csc(-c2cc3cc(OCc4ccccc4CC(=O)O)ccc3o2)n1,fit,candidate,,PSILZZNMGXTOOP,[M+H]+,QTOF
O=C1CCCCCCCCCCCN1,fit,candidate,,JHWNWJKBPDFINM,[M+H]+,QTOF
O=C(O)c1cccc(Cl)n1,fit,candidate,,ZLKMOIHCHCMSFW,[M+H]+,QTOF
CC(=O)OCCOCCOCCOC(C)=O,fit,candidate,,OVOUKWFJRHALDD,[M+H]+,QTOF
CCNCC,fit,candidate,,HPNMFZURTQLUMO,[M+H]+,QTOF
CC(=O)NCCO,fit,candidate,,PVCJKHHOXFKFRP,[M+H]+,QTOF
O=C1CCCC(=O)C1,fit,candidate,,HJSLFCCWAKVHIW,[M+H]+,QTOF
O=C(O)c1cccc(C(=O)O)n1,fit,candidate,,WJJMNDUMQPNECX,[M+H]+,QTOF
Cc1ccc(O)cn1,fit,candidate,,DHLUJPLHLZJUBW,[M+H]+,QTOF
CCCCOC(=O)COC(=O)c1ccccc1C(=O)OCCCC,fit,candidate,,GOJCZVPJCKEBQV,[M+H]+,QTOF
CCC(NC(=O)c1cc(F)ccc1NS(=O)(=O)c1cccc2cccnc12)c1ccccc1,fit,excluded,chem:hypervalent,VYUUPUMKBLIKJV,[M+H]+,QTOF
CN1CCc2cccc3c2C1Cc1ccc(O)c(O)c1-3,fit,candidate,,VMWNQDUVQKEIOC,[M+H]+,QTOF
CCOP(=O)(O)OCC,fit,excluded,chem:unsupported_element:P,UCQFCFPECQILOL,[M+H]+,QTOF
OC(c1ccc(Cl)cc1)(c1ccc(Cl)cc1)c1cccnc1,fit,candidate,,NBNTWDUNCHRWMT,[M+H]+,QTOF
NCCN1CCOCC1,fit,candidate,,RWIVICVCHVMHMU,[M+H]+,QTOF
CCCCCCCC/C=C/CCCCCCCC1=NCCN1CCO,fit,candidate,,WGTDLPBPQKAPMN,[M+H]+,QTOF
CNCCO,fit,candidate,,OPKOKAMJFNKNAS,[M+H]+,QTOF
CCCN(C1CCN(C(=O)C2CCNCC2)CC1)C1CCc2ccc(OC)cc2C1,fit,candidate,,KTAULCNFQYFKTN,[M+H]+,QTOF
CN(C)CCCNCCC#N,fit,candidate,,YALMGFWDBZZMMB,[M+H]+,QTOF
CCN(CCO)c1cccc(C)c1,fit,candidate,,KRNUKKZDGDAWBF,[M+H]+,QTOF
CCc1cc(Cc2cc(CC)c(N)c(CC)c2)cc(CC)c1N,fit,candidate,,NWIVYGKSHSJHEF,[M+H]+,QTOF
Cc1c(C(=O)O)c(O)cc2c1C(=O)c1c(O)c(C3OC(CO)C(O)C(O)C3O)c(O)c(O)c1C2=O,fit,candidate,,DGQLVPJVXFOQEV,[M+H]+,QTOF
CC(C)N=NC(N)=S,fit,candidate,,SVVFWWUVVASHTR,[M+H]+,QTOF
CC(C)c1ccc(CO)cc1,fit,candidate,,OIGWAXDAPKFNCQ,[M+H]+,QTOF
Nc1ccccc1S(=O)(=O)c1ccccc1,fit,excluded,chem:hypervalent,JBCUKQQIWSWEOK,[M+H]+,QTOF
CC(C)c1nnc2ccc(-c3ocnc3-c3cc(F)ccc3F)cn12,fit,candidate,,UACOXBQBNWQWOK,[M+H]+,QTOF
CC(O)CN,fit,candidate,,HXKKHQJGJAFBHI,[M+H]+,QTOF
CCc1ccccc1N,fit,candidate,,MLPVBIWIRCKMJV,[M+H]+,QTOF
O=C(Nc1ccccc1)c1cc(Cl)ccc1O,fit,candidate,,KGYNGVVNFRUOOZ,[M+H]+,QTOF
COc1cc2ncnc(Nc3cccc(Cl)c3)c2cc1OC,fit,candidate,,GFNNBHLJANVSQV,[M+H]+,QTOF
CCC1CCC(NCc2cc3c(cc2OC)C2CC2C(=O)N3C)C(c2ccccc2)N1,fit,candidate,,KDGDTPNBDMVKHC,[M+H]+,QTOF
COP(=O)(O)OC,fit,excluded,chem:unsupported_element:P,KKUKTXOBAWVSHC,[M+H]+,QTOF
COC(Cc1ccccc1)OC,fit,candidate,,WNJSKZBEWNVKGU,[M+H]+,QTOF
c1coc(CNc2ncnc3nc[nH]c23)c1,fit,candidate,,QANMHLXAZMSUEX,[M+H]+,QTOF
[O-][n+]1ccc(Cl)cc1,fit,excluded,chem:unsupported_charge,DPJVRASYWYOFSJ,[M+H]+,QTOF
O=C1c2c(O)ccc(Nc3ccc(CCO)cc3)c2C(=O)c2c([N+](=O)[O-])ccc(O)c21,fit,excluded,chem:unsupported_charge,VOCYGZAHYQXJOF,[M+H]+,QTOF
Nc1ccc(C(=O)OCCCOC(=O)c2ccc(N)cc2)cc1,fit,candidate,,YPACMOORZSDQDQ,[M+H]+,QTOF
Nc1ccc(NCCO)c([N+](=O)[O-])c1,fit,excluded,chem:unsupported_charge,GZGZVOLBULPDFD,[M+H]+,QTOF
CNC(=O)CC(C)=O,fit,candidate,,ATWLCPHWYPSRBQ,[M+H]+,QTOF
CNC(=S)NN,fit,candidate,,PTVZQOAHCSKAAS,[M+H]+,QTOF
O=C(Nc1ccc2[nH]ccc2c1)c1cc2cc(F)ccc2n1Cc1cccc(F)c1,fit,candidate,,OCSHTBUKRNOLMC,[M+H]+,QTOF
O=C(NC(c1ccccc1)C1CCCCN1)c1cccc(C(F)(F)F)c1Cl,fit,candidate,,MEZRZVWPLXVLSO,[M+H]+,QTOF
CCCCCCOC(=O)CCCCCCCC(=O)OCCCCCC,fit,candidate,,MJOKHGMXPJXFTG,[M+H]+,QTOF
CN(C)c1ccc(N=Nc2ccccc2C(=O)O)cc1,fit,candidate,,CEQFOVLGLXCDCX,[M+H]+,QTOF
CC(=O)CCc1ccc(OC(C)=O)cc1,fit,candidate,,UMIKWXDGXDJQJK,[M+H]+,QTOF
CCCCCCCCCCCCCCCC(=O)OCC(O)C1OC(=O)C(=O)C1O,fit,candidate,,CYJPUZLKFAUFHF,[M+H]+,QTOF
CCCCNP(N)(N)=S,fit,excluded,chem:unsupported_element:P,HEPPIYNOUFWEPP,[M+H]+,QTOF
Cc1cccc(N)c1N,fit,candidate,,AXNUJYHFQHQZBE,[M+H]+,QTOF
COC(=O)Cc1ccccc1,fit,candidate,,CRZQGDNQQAALAY,[M+H]+,QTOF
CC(=O)OCc1ccccc1,fit,candidate,,QUKGYYKBILRGFE,[M+H]+,QTOF
COc1cccc(C2(O)CCCCC2CN(C)C)c1,fit,candidate,,TVYLLZQTGLZFBW,[M+H]+,QTOF
CCN(CC)Cc1ccccc1,fit,candidate,,ZWRDBWDXRLPESY,[M+H]+,QTOF
OC[C@H]1O[C@H](O[C@]2(CCl)O[C@H](CCl)[C@@H](O)[C@@H]2O)[C@H](O)[C@@H](O)[C@H]1Cl,fit,candidate,,BAQAVOSOZGMPRM,[M+Na]+,QTOF
CC(CN1CCN(CCOCCO)CC1)CN1c2ccccc2Sc2ccccc21,fit,candidate,,MSYUMPGNGDNTIQ,[M+H]+,Orbitrap
CC(CCc1ccccc1)NC(C)C(O)c1ccc(O)cc1,fit,candidate,,PTGXAUBQBSGPKF,[M+H]+,Orbitrap
CC(C)(N)Cc1ccccc1,fit,candidate,,DHHVAGZRUROJKS,[M+H]+,Orbitrap
CN1CCN(C(c2ccccc2)c2ccccc2)CC1,fit,candidate,,UVKZSORBKUEBAZ,[M+H]+,Orbitrap
CC(C)CC1NC(=O)C(C)N(C)C(=O)CNC(=O)C(=Cc2ccccc2)N(C)C1=O,fit,candidate,,SIIRBDOFKDACOK,[M+H]+,Orbitrap
Cn1c(=O)c2c(ncn2CCO)n(C)c1=O,fit,candidate,,NWPRCRWQMGIBOT,[M+H]+,Orbitrap
O=C(NC(COC(=O)C(Cc1ccccc1)NC(=O)c1ccccc1)Cc1ccccc1)c1ccccc1,fit,candidate,,CVULDJMCSSACEO,[M+H]+,Orbitrap
NC(N)=NC(=O)c1nc(Cl)c(N)nc1N,fit,candidate,,XSDQTOBWRPYKKA,[M+H]+,QTOF
CNCCCN1c2ccccc2CCc2ccccc21,fit,candidate,,HCYAFALTSJYZDH,[M+H]+,Orbitrap
CCNCC(O)c1cccc(O)c1,fit,candidate,,SQVIAVUSQAWMKL,[M+H]+,Orbitrap
CCC(CO)NCCNC(CC)CO,fit,candidate,,AEUTYOVWOVBAKS,[M+H]+,Orbitrap
CN1C(=O)c2ccccc2NC(=O)C12OC2c1ccccc1,fit,candidate,,APLKWZASYUZSBL,[M+H]+,Orbitrap
CC(=O)OC1C2OC2C2=CC(=O)C3(CC2(C)C1C)OC3(C)C=O,fit,candidate,,GSPFUBNBRPVALJ,[M+H]+,Orbitrap
CN(CC1(C)CCCO1)S(=O)(=O)c1ccc(Cl)c(S(N)(=O)=O)c1,fit,excluded,chem:hypervalent,SMNOERSLNYGGOU,[M+H]+,Orbitrap
CN(C)CCC=C1c2ccccc2CSc2ccccc21,fit,candidate,,PHTUQLWOUWZIMZ,[M+H]+,Orbitrap
NS(=O)(=O)c1ccc(N2CCCCS2(=O)=O)cc1,fit,excluded,chem:hypervalent,HMHVCUVYZFYAJI,[M+H]+,Orbitrap
COC(=O)C1=CC(=O)C=C(OC)C12Oc1c(Cl)c(C)c(Cl)c(O)c1C2=O,fit,candidate,,LUBKKVGXMXTXOZ,[M+H]+,Orbitrap
C=CC(C)(C)C12CC3C(=O)NC(=Cc4cnc[nH]4)C(=O)N3C1Nc1ccccc12,fit,candidate,,SPWSUFUPTSJWNG,[M+H]+,Orbitrap
CC1=CC2OC3CC(O)C(C)(C2(CO)CC1)C31CO1,fit,candidate,,ZSRVBNXAPSQDFY,[M+H]+,Orbitrap
COC1C(OC(=O)C=CC=CC=CC=CC(=O)O)CCC2(CO2)C1C1(C)OC1CC=C(C)C,fit,candidate,,NGGMYCMLYOUNGM,[M+H]+,Orbitrap
CC(=O)OC1C(C)CN(C)C2Cc3c[nH]c4cccc(c34)C12,fit,candidate,,GJSSYQDXZLZOLR,[M+H]+,Orbitrap
COc1cc(O)cc2c1C(=O)c1c(O)cc(C)cc1C2=O,fit,candidate,,UUNPIWCQMVNINR,[M+H]+,Orbitrap
CCC(C)C1NC(=O)C(C(C)=O)=C1O,fit,candidate,,CEIZFXOZIQNICU,[M+H]+,Orbitrap
CC=CC1=CC(=O)C(O)C1O,fit,candidate,,MHOOPNKRBMHHEC,[M+H]+,Orbitrap
COC(=O)c1cc(O)cc(OC)c1C(=O)c1c(O)cc(C)cc1O,fit,candidate,,YJRLSCDUYLRBIZ,[M+H]+,Orbitrap
CC(=O)OCC12C(C=C(C)C(=O)C1O)OC1C(O)CC2(C)C12CO2,fit,candidate,,IDGRYIRJIFKTAN,[M+H]+,Orbitrap
CC=Cc1oc2c(c(=O)c1O)C(=O)NC2O,fit,candidate,,OALBJWDVDNROSF,[M+H]+,Orbitrap
CC=CC1C=CC2CC(C)CCC2C1(C)C(O)=C1C(=O)C(CO)N(C)C1=O,fit,candidate,,QNQBPPQLRODXET,[M+H]+,Orbitrap
CC1CC2OC2C=CC=CC(=O)Cc2c(Cl)c(O)cc(O)c2C(=O)O1,fit,candidate,,WYZWZEOGROVVHK,[M+H]+,Orbitrap
OCCc1c[nH]c2ccccc12,fit,candidate,,MBBOMCVGYCRMEA,[M+H]+,Orbitrap
Cc1c(O)c(C(=O)O)c(O)c2c1C(C)C(C)OC2=O,fit,candidate,,VVVMDYGNIVXIIG,[M+H]+,Orbitrap
CN1C(=O)c2ccccc2NC(=O)C12OC2c1cccc(O)c1,fit,candidate,,BDDNYDPRCCDQQJ,[M+H]+,Orbitrap
C=CC(C)(C)c1[nH]c2cccc3c2c1CC1C3C(OC(C)=O)C(C)CN1C,fit,candidate,,OSICWVVWEXKSBD,[M+H]+,Orbitrap
COc1cc(=O)oc(C=CC=CC=CC(C)=CC2(C)OC(C)C(C)(O)C2O)c1C,fit,candidate,,JLSVDPQAIKFBTO,[M+H]+,Orbitrap
CC1=CC2OC3CC4OC(=O)C=CC=CC(=O)OCCC(C)C(O)C(=O)OCC2(CC1)C4(C)C31CO1,fit,candidate,,NLUGUZJQJYVUHS,[M+H]+,Orbitrap
Cc1cc(O)c(Oc2cc(C)cc(O)c2O)c(O)c1,fit,candidate,,SXPZFHCIUAADLD,[M+H]+,Orbitrap
C=C(C)C(=O)C(=CC(=O)O)OC,fit,candidate,,VOUGEZYPVGAPBB,[M+H]+,Orbitrap
CCCCCCC(C)CC(C)=CC(C=C(C)C=CC(O)C(C)(C)c1cc(O)c(C2OC(CO)CC(O)C2O)c(=O)o1)CO,fit,candidate,,HEECQDWUNPZALD,[M+H]+,Orbitrap
CC1CCCC=CC2CC(O)CC2C(O)C=CC(=O)O1,fit,candidate,,KQNZDYYTLMIZCT,[M+H]+,Orbitrap
CN1C(=O)c2ccccc2NC(=O)C1Cc1ccccc1,fit,candidate,,KSQNKZMAMGACTL,[M+H]+,Orbitrap
CC1CCCC(O)CCCCCc2cc(O)cc(O)c2C(=O)O1,fit,candidate,,DWTTZBARDOXEAM,[M+H]+,Orbitrap
Cc1cc(O)c(O)c(Oc2cc(C)cc(O)c2O)c1,fit,candidate,,YRZXKRQRZJMBFT,[M+H]+,Orbitrap
CC1(C)CC(=O)c2c(ccc(C(=O)CC(N)CO)c2N)O1,fit,candidate,,COSICWYFCAPPJB,[M+H]+,Orbitrap
CC1CCCC(O)CCCC=Cc2cc(O)cc(O)c2C(=O)O1,fit,candidate,,FPQFYIAXQDXNOR,[M+H]+,Orbitrap
COc1ccc2c(c1)C(=O)NC(Cc1ccccc1)C(=O)NCCC(=O)N1CCCC1C(=O)N2,fit,candidate,,KABHYYPZHZXPIU,[M+H]+,Orbitrap
C=CNc1nc(NC(C)(C)C)nc(SC)n1,fit,candidate,,WWGFOVBITPNLNL,[M+H]+,Orbitrap
C=C1C(=O)CC2C3CCC(C(=O)O)C12CC3(C)C,fit,candidate,,SMAWCSOVJJHIOI,[M+H]+,Orbitrap
Cc1cc(=O)c2c(o1)-c1c(cc(O)c(O)c1C(=O)O)OC2,fit,candidate,,PKEPGKZPVDAVKI,[M+H]+,Orbitrap
C=C(C)C1CC2(C)C(=CC1=O)C1OC1C(O)C2C,fit,candidate,,OXZGFGFICRZIFY,[M+H]+,Orbitrap
COC(=O)C12Oc3cc(C)c(-c4c(C)cc5c(c4O)C(O)=C4C(=O)CCC(O)C4(C(=O)OC)O5)c(O)c3C(O)=C1C(=O)CCC2O,fit,candidate,,FCBFXINPLHGRFE,[M+H]+,Orbitrap
Cc1cc(O)cc2oc3cc(O)cc(O)c3c(=O)c12,fit,candidate,,AQZHBCDRWFMXIN,[M+H]+,missing
CCC=CC(O)C(O)C1=C(C)C(=O)C2(O1)C(=O)NC(OC)(C(=O)c1ccccc1)C2O,fit,candidate,,SLYDIPAXCVVRNY,[M+H]+,Orbitrap
CN1C(=O)C23CC4=CC=CC(O)C4N2C(=O)C1(CO)SS3,fit,candidate,,FIVPIPIDMRVLAY,[M+H]+,Orbitrap
Cc1cccc(C)c1N(Cn1cccn1)C(=O)CO,fit,candidate,,IQUFNHHHOOCCDU,[M+H]+,Orbitrap
CC1=C[C@H]2C=C(C)[C@@H](C)[C@H]3[C@H](CC(C)C)NC(=O)[C@@]23OC(=O)C=C[C@@H](O)[C@@H](O)CC1,fit,candidate,,TYOGSRFPSVCJQL,[M+H]+,Orbitrap
COc1cc(O)c2c(c1)C1=CC(O)C(O)CC1(C)OC2=O,fit,candidate,,MMHTXEATDNFMMY,[M+H]+,Orbitrap
COC1=CC(=O)CC(C)C12Oc1cc(OC)cc(OC)c1C2=O,fit,candidate,,QPCYNIYZPDJCMB,[M+H]+,Orbitrap
COc1cc(O)c2c(c1)C(=O)c1cc(C)cc(O)c1C2=O,fit,candidate,,FFWOKTFYGVYKIR,[M+H]+,QTOF
C=C(C)c1ccc(NC(=O)N(C)C)cc1,fit,candidate,,LCZPPCKAMWQGTF,[M+H]+,Orbitrap
CC(=O)OC1C2OC2C2=CC(=O)C3(CC2(C)C1C)OC3(C)C,fit,candidate,,NQRGNSMJSDQOED,[M+H]+,Orbitrap
COC(=O)c1oc(=O)c2c(O)c3c(=O)cc(C)oc3cc2c1O,fit,candidate,,JSQAILNRMPHAGO,[M+H]+,Orbitrap
C=CC(C)(C)C12CC3C(=O)NC(CC(C)C)C(=O)N3C1N(C(C)=O)c1ccccc12,fit,candidate,,BMRZKNPRSPWNNW,[M+H]+,Orbitrap
COc1cc(O)c2c(O)c3c(cc2c1)CC(C)OC3=O,fit,candidate,,BWNCKEBBYADFPQ,[M+H]+,Orbitrap
COC(=O)C1=CC(=O)C=C(OC)C12Oc1cc(C)cc(OC)c1C2=O,fit,candidate,,KMZYINVXZDQCKC,[M+H]+,Orbitrap
CC(C)=C1CC[C@]23CO[C@H](C2)[C@@](O)(C(=O)O)CC[C@@H]13,fit,candidate,,IOYVXXQKVQKQIG,[M+H]+,Orbitrap
CC(=O)OCC12CCC(C)=CC1OC1C(O)C(O)C2(C)C12CO2,fit,candidate,,IRXDUBNENLKYTC,[M+H]+,Orbitrap
COc1cc(CO)cc2c1C(=O)c1c(O)cc(O)cc1C2=O,fit,candidate,,XNMZBRJAWRIJII,[M+H]+,Orbitrap
COC(=O)C1(Cc2ccc(O)cc2)OC(=O)C(O)=C1c1ccc(O)cc1,fit,candidate,,AEKPZNDJHWFONI,[M+H]+,Orbitrap
CCCC=CC=CC1CC(O)C(O)C(=O)C1CO,fit,candidate,,MPOXQBRZHHNMER,[M+H]+,Orbitrap
C=CC(C)(C)C12CC(O)C(=O)N3C(=Cc4cnc[nH]4)C(=O)NC31N(OC)c1ccccc12,fit,candidate,,HHLNXXASUKFCCX,[M+H]+,Orbitrap
CN1C(=O)C23CC4(C56CC78SSC(CO)(C(=O)N7C5Nc5ccccc56)N(C)C8=O)c5ccccc5NC4N2C(=O)C1(CO)SS3,fit,candidate,,PZPPOCZWRGNKIR,[M+H]+,Orbitrap
COc1c(O)c2c3c(c(O)cc(O)c3c1O)C(C)=CC2=O,fit,candidate,,LHEJVMYQRYQFKB,[M+H]+,Orbitrap
C=CC(C)(C)c1[nH]c2ccccc2c1CC1NC(=O)C2CCCN2C1=O,fit,candidate,,KUGNSEAHJVSMAJ,[M+H]+,Orbitrap
CC(=O)OC1CC2(C)C3(CO3)C1OC1C=C(C)C(=O)C(O)C12CO,fit,candidate,,ADFIQZBYNGPCGY,[M+H]+,Orbitrap
O=C(O)c1cccc(Oc2cccc(C(F)(F)F)c2)n1,fit,candidate,,LFRASJXUIQMIMC,[M+H]+,Orbitrap
CCC=Nc1c([N+](=O)[O-])cc(C)c(C)c1[N+](=O)[O-],fit,excluded,chem:unsupported_charge,DTKCXCJMZRSBHZ,[M+H]+,Orbitrap
Cc1cc([N+](=O)[O-])c(N)c([N+](=O)[O-])c1C,fit,excluded,chem:unsupported_charge,MHTNLJYRURGLAC,[M+H]+,Orbitrap
CN1C(=O)c2ccccc2NC(=O)C1=Cc1ccccc1,fit,candidate,,FYVKHLSOIIPVEH,[M+H]+,Orbitrap
CC1(O)Cc2oc3cc(O)c(O)c(C(=O)O)c3c(=O)c2CO1,fit,candidate,,FCYKAQOGGFGCMD,[M+H]+,Orbitrap
CC1CCC2C(C)(C)C(O)CCC2(C)C12Cc1c(O)cc3c(c1O2)CNC3=O,fit,candidate,,ZSVLMDBFFSSVAK,[M+H]+,Orbitrap
CCC(C)C(=O)OC1CC(C)C=C2C=CC(C)C(CCC3CC(O)CC(=O)O3)C21,fit,candidate,,PCZOHLXUXFIOCF,[M+H]+,Orbitrap
Cc1nc(-c2ccccc2)n[nH]1,fit,candidate,,UJCLXNPHJKRLPX,[M+H]+,Orbitrap
C=CNc1nc(Cl)nc(NC(C)(C)C)n1,fit,candidate,,BUQMIGOVPVIUER,[M+H]+,Orbitrap
CC1=CC2C3C(CC(=O)C24C(=O)NC(CC(C)C)C4C1C)C1OC3(C)CCC1O,fit,candidate,,AQZDMONQDXTWHN,[M+H]+,Orbitrap
O=NNC1=NCCN1Cc1ccc(Cl)nc1,fit,candidate,,BGJQJWBDOOIKPP,[M+H]+,Orbitrap
COC1=CC(=O)c2c(cc3c(c2O)C(=O)O[C@H](C)C3)C1=O,fit,candidate,,YPJWDOQDLYENRC,[M+H]+,Orbitrap
C=C(CNCC(C)O)Cc1ccc(C(C)(C)C)cc1,fit,candidate,,OEQAPPBOOZWSAV,[M+H]+,Orbitrap
Cc1csc(C)c1NC(=O)CCl,fit,candidate,,XBLYPENZTYSJMR,[M+H]+,Orbitrap
CCc1cccc(C)c1NC(=O)CCl,fit,candidate,,SMINYPCTNJDYGK,[M+H]+,Orbitrap
Cc1cc(O)c2c(c1)C(=O)c1cccc(O)c1C2=O,fit,candidate,,LQGUBLBATBMXHT,[M+H]+,missing
COC(=O)c1cc(O)cc(OC)c1Oc1cc(C)cc(O)c1C(=O)O,fit,candidate,,XOKVHFNTYHPEHN,[M+H]+,Orbitrap
C=C(COC)N(C(=O)CCl)c1c(C)cccc1CC,fit,candidate,,QBOAJIBUBBAGOB,[M+H]+,Orbitrap
O=[N+]([O-])Nc1nccn1Cc1ccc(Cl)nc1,fit,excluded,chem:unsupported_charge,TYLCDJYHUVCRBH,[M+H]+,Orbitrap
CC(Cc1ccc(C(C)(C)C(=O)O)cc1)CN1CC(C)OC(C)C1,fit,candidate,,OZMMLYFAEKBWEE,[M+H]+,Orbitrap
Cc1ccc(N)c(Cl)c1,fit,candidate,,XGYLSRFSXKAYCR,[M+H]+,Orbitrap
O=C(O)c1cccnc1Oc1cccc(C(F)(F)F)c1,fit,candidate,,OBRGOFGSXWAVNZ,[M+H]+,Orbitrap
CC1=CC=C(NC(=O)N(C)C)C2OC12,fit,candidate,,MPSFACCMZJXGAU,[M+H]+,Orbitrap
Cc1cccc(C)c1NC(=O)CCl,fit,candidate,,FPQQSNUTBWFFLB,[M+H]+,Orbitrap
N#Cc1ccccc1Oc1cc(=O)[nH]cn1,fit,candidate,,AEPJWPTWMHUKLG,[M+H]+,Orbitrap
O=C1Cc2cccc(c2)Oc2c(O)cccc2CCc2ccc(cc2)Oc2cc1cc(O)c2O,fit,candidate,,CUIZSIJMLPQKRE,[M+H]+,QTOF
COn1cc(C=O)c2ccccc21,fit,candidate,,NFGIENSPALNOON,[M+H]+,QTOF
COc1cc(-c2cc(=O)c3c(O)cc(O[C@@H]4O[C@H](CO)[C@@H](O)[C@H](O)[C@H]4O)cc3o2)ccc1O,fit,candidate,,GAMYVSCDDLXAQW,[M+H]+,QTOF
O=C1C[C@@H](c2ccc(O)cc2)Oc2cc(O)cc(O)c21,fit,candidate,,FTVWIRXFELQLPI,[M+H]+,QTOF
O=c1cc(-c2ccc(O)c(O[C@@H]3O[C@H](CO)[C@@H](O)[C@H](O)[C@H]3O)c2)oc2cc(O[C@@H]3O[C@H](CO)[C@@H](O)[C@H](O)[C@H]3O)cc(O)c12,fit,candidate,,BISZYPSIZGKOFA,[M+H]+,QTOF
O=c1cc(-c2ccc(O)c(OC3OC(CO)C(O)C(O)C3O)c2)oc2cc(OC3OC(CO)C(O)C(O)C3O)cc(O)c12,fit,candidate,,BISZYPSIZGKOFA,[M+H]+,QTOF
COc1ccc(-c2coc3c(C4O[C@H](CO)[C@@H](O)[C@H](O)[C@H]4O)c(O)cc(O)c3c2=O)cc1,fit,candidate,,ZLFFEHIHCGIVET,[M+H]+,QTOF
O=c1cc(-c2ccc(O)cc2)oc2cc(O)ccc12,fit,candidate,,LCAWNFIFMLXZPQ,[M+H]+,QTOF
COc1cccc2[nH]cc(C=O)c12,fit,candidate,,GDVCEQRAPMIJBG,[M+H]+,QTOF
O=c1cc(-c2ccc(O)c(O)c2)oc2cc(O[C@@H]3O[C@H](CO)[C@@H](O)[C@H](O)[C@H]3O)cc(O)c12,fit,candidate,,PEFNSGRTCBGNAN,[M+H]+,QTOF
O=c1cc(-c2ccc(O)c(O)c2)oc2cc(OC3OC(CO)C(O)C(O)C3O)cc(O)c12,fit,candidate,,PEFNSGRTCBGNAN,[M+H]+,QTOF
O=c1c(-c2ccc(O)cc2)coc2c([C@@H]3O[C@H](CO)[C@@H](O)[C@H](O)[C@H]3O)c(O)cc(O)c12,fit,candidate,,HIWJJOYYZFELEZ,[M+H]+,QTOF
COC1Cc2cccc(c2)Oc2c(ccc(O)c2O)CCc2ccc(cc2)Oc2cc1cc(O)c2O,fit,candidate,,OTBAZAYHHTYKFG,[M+H]+,QTOF
C[C@@H]1O[C@@H](O[C@H]2[C@H](Oc3c(-c4ccc(O)cc4)oc4cc(O)cc(O)c4c3=O)O[C@H](CO)[C@@H](O)[C@@H]2O)[C@H](O)[C@H](O)[C@H]1O,fit,candidate,,OHOBPOYHROOXEI,[M+H]+,QTOF
CC(C)=CCc1c(O[C@@H]2O[C@H](CO)[C@@H](O)[C@H](O)[C@H]2O)cc2occ(-c3ccc(O[C@@H]4O[C@H](CO)[C@@H](O)[C@H](O)[C@H]4O)cc3O)c(=O)c2c1O,fit,candidate,,JVOLPASYNIPHBV,[M+H]+,QTOF
O=c1c(-c2ccc(O)cc2)coc2cc(OC3O[C@@H](CO)[C@H](OC4O[C@@H](CO)[C@H](O)[C@@H](O)[C@@H]4O)[C@@H](O)[C@@H]3O)cc(O)c12,fit,candidate,,XJAZCXFILUKYFS,[M+H]+,QTOF
O=c1c(O)c(-c2ccc(O)cc2)oc2cc(O[C@@H]3O[C@H](CO)[C@@H](O)[C@H](O)[C@H]3O)cc(O)c12,fit,candidate,,YPWHZCPMOQGCDQ,[M+H]+,QTOF
Oc1cccc(CCc2ccc(Oc3cc(CCc4cccc(O)c4)ccc3O)cc2)c1,fit,candidate,,OCZHVLYTYFWOAX,[M+H]+,QTOF
O=c1c(-c2ccc(O[C@@H]3O[C@H](CO)[C@@H](O)[C@H](O)[C@H]3O)cc2O)coc2cc(O[C@@H]3O[C@H](CO)[C@@H](O)[C@H](O)[C@H]3O)cc(O)c12,fit,candidate,,DGEFYIULIWNIBU,[M+H]+,QTOF
O=c1c(O)c(-c2ccccc2)oc2cc(O)cc(O)c12,fit,candidate,,VCCRNZQBSJXYJD,[M+H]+,QTOF
O=c1c(-c2ccc(O)cc2O)coc2cc(O)cc(O)c12,fit,candidate,,GSSOWCUOWLMMRJ,[M+H]+,QTOF
COc1ccc(-c2coc3cc(O)cc(O)c3c2=O)cc1,fit,candidate,,WUADCCWRTIWANL,[M+H]+,QTOF
O=c1cc(-c2ccc(O)cc2)oc2cc(OC3O[C@@H](CO)[C@H](OC4O[C@@H](CO)[C@H](O)[C@@H](O)[C@@H]4O)[C@@H](O)[C@@H]3O)cc(O)c12,fit,candidate,,YONLJLRPNAUKHY,[M+H]+,QTOF
O=c1cc(-c2ccc(O)cc2)oc2c([C@@H]3O[C@H](CO)[C@@H](O)[C@H](O)[C@H]3O)c(O)cc(O)c12,fit,candidate,,SGEWCQFRYRRZDC,[M+H]+,QTOF
O=c1cc(-c2ccc(O)cc2)oc2c(C3OC(CO)C(O)C(O)C3O)c(O)cc(O)c12,fit,candidate,,SGEWCQFRYRRZDC,[M+H]+,Orbitrap
Oc1ccc2c(c1)CCc1ccc(cc1)Oc1cc(ccc1O)[C@@H](O)Cc1ccc-2c(O)c1,fit,candidate,,BTGPMKAMOFOWKF,[M+H]+,QTOF
COc1cc(-c2cc(=O)c3c(O)cc(O)cc3o2)ccc1O,fit,candidate,,SCZVLDHREVKTSH,[M+H]+,QTOF
Oc1ccc2c(c1)CCc1ccc(cc1)Oc1cc(ccc1O)CCc1ccc(O)c-2c1,fit,candidate,,UTQZPYPEAXCDNU,[M+H]+,QTOF
COc1cc(-c2cc(=O)c3c(O)cc(O)c([C@@H]4O[C@H](CO)[C@@H](O)[C@H](O)[C@H]4O)c3o2)ccc1O,fit,candidate,,YXHFXGHAELQJGK,[M+H]+,QTOF
O=c1cc(-c2ccc(O[C@@H]3O[C@H](CO)[C@@H](O)[C@H](O)[C@H]3O)c(O)c2)oc2cc(O)cc(O)c12,fit,candidate,,UHNXUSWGOJMEFO,[M+H]+,QTOF
O=c1cc(-c2ccc(OC3OC(CO)C(O)C(O)C3O)c(O)c2)oc2cc(O)cc(O)c12,fit,candidate,,UHNXUSWGOJMEFO,[M+H]+,QTOF
O=c1cc(-c2ccc(O)cc2)oc2cc(O[C@@H]3O[C@H](CO)[C@@H](O)[C@H](O)[C@H]3O)cc(O)c12,fit,candidate,,KMOUJOKENFFTPU,[M+H]+,QTOF
O=c1cc(-c2ccc(O)cc2)oc2cc(OC3OC(CO)C(O)C(O)C3O)cc(O)c12,fit,candidate,,KMOUJOKENFFTPU,[M+H]+,Orbitrap
O=c1cc(-c2ccc(O)cc2)oc2cc(O[C@@H]3O[C@H](CO)[C@@H](O)[C@@H](O)[C@H]3O)cc(O)c12,fit,candidate,,KMOUJOKENFFTPU,[M+H]+,QTOF
O=c1c(-c2ccc(O)cc2O)coc2c(C3O[C@H](CO)[C@@H](O)[C@H](O)[C@H]3O)c(O)cc(O)c12,fit,candidate,,HXZMIYTWLNHLCX,[M+H]+,QTOF
O=c1cc(-c2ccc(O)cc2)oc2cc(O)c([C@@H]3O[C@H](CO)[C@@H](O)[C@H](O)[C@H]3O)c(O)c12,fit,candidate,,MYXNWGACZJSMBT,[M+H]+,QTOF
O=c1cc(-c2ccc(O)cc2)oc2cc(O)c(C3OC(CO)C(O)C(O)C3O)c(O)c12,fit,candidate,,MYXNWGACZJSMBT,[M+H]+,Orbitrap
Cc1ccc(Nc2ccc(Nc3ccc(C)cc3)c3c2C(=O)c2ccccc2C3=O)cc1,fit,candidate,,TVRGPOFMYCMNRB,[M+H]+,Orbitrap
C1=CCC(C2OCC3(CO2)COC(C2CC=CCC2)OC3)CC1,fit,candidate,,WKTJXDHLMJKSGI,[M+H]+,Orbitrap
CCCCCCCCNCCCCCCCC,fit,candidate,,LAWOZCWGWDVVSG,[M+H]+,Orbitrap
CCOc1ccccc1N,fit,candidate,,ULHFFAFDSSHFDA,[M+H]+,Orbitrap
C=CCC(CC=C)(C(=O)OCC)C(=O)OCC,fit,candidate,,LYUUVYQGUMRKOV,[M+H]+,Orbitrap
COc1ccc(C)cc1N,fit,candidate,,WXWCDTXEKCVRRO,[M+H]+,Orbitrap
Cc1ccn2nc(S(=O)(=O)Nc3c(F)cccc3F)nc2n1,fit,excluded,chem:hypervalent,RXCPQSJAVKGONC,[M+H]+,Orbitrap
O=S(=O)(Nc1ccccc1)c1ccccc1,fit,excluded,chem:hypervalent,XAUGWFWQVYXATQ,[M+H]+,Orbitrap
O=C1Nc2cc(Cl)ccc2Nc2ccccc21,fit,candidate,,YVWNDABPZGGQFE,[M+H]+,Orbitrap
COc1cc2c(cc1OC)CC(=O)NC=C2,fit,candidate,,CPNZASIAJKSBBH,[M+H]+,Orbitrap
COC(=O)c1ccc(C)cc1C1=NC(C)(C(C)C)C(=O)N1,fit,candidate,,FFCCBBNQPIMUJI,[M+H]+,Orbitrap
O=C1CCCCCCCCCCC(=O)OCCO1,fit,candidate,,GJJSUPSPZIZYPM,[M+H]+,Orbitrap
C[C@]12CC=C3C4=C(CC[C@H]3[C@@H]1CCC2=O)CC1(CC4)OCCO1,fit,candidate,,XUOQKQRMICQUQC,[M+H]+,Orbitrap
NCCCCCCCCCCC(=O)O,fit,candidate,,GUOSQNAUYHMCRU,[M+H]+,Orbitrap
CC(=O)c1ccccc1C(C)=O,fit,candidate,,LVQFKRXRTXCQCZ,[M+H]+,Orbitrap
FC(F)Oc1ccc2[nH]c(=S)[nH]c2c1,fit,candidate,,HJMVPNAZPFZXCP,[M+H]+,Orbitrap
CCOc1ccc(N)cc1,fit,candidate,,IMPPGHMHELILKG,[M+H]+,Orbitrap
CCN(C(=O)N(CC)c1ccccc1)c1ccccc1,fit,candidate,,PZIMIYVOZBTARW,[M+H]+,Orbitrap
CCCCOC(=O)CCCCC(=O)OCCCC,fit,candidate,,XTJFFFGAUHQWII,[M+H]+,Orbitrap
CC(C)OC(=O)CCC(=O)OC(C)C,fit,candidate,,YPLYFEUBZLLLIY,[M+H]+,Orbitrap
CCCCCCCCCCCC(=O)N(C)CC(=O)O,fit,candidate,,BACYUWVYYTXETD,[M+H]+,Orbitrap
Cc1cc(-c2cc(C)c(N)c(C)c2)cc(C)c1N,fit,candidate,,UAIUNKRWKOVEES,[M+H]+,Orbitrap
CCCCCCCC/C=C\CCCCCCCC(=O)N(C)CC(=O)O,fit,candidate,,DIOYAVUHUXAUPX,[M+H]+,Orbitrap
CC(=O)O[C@]1(C(C)=O)CC[C@H]2[C@@H]3C=C(Cl)C4=CC(=O)[C@@H]5C[C@@H]5[C@]4(C)[C@H]3CC[C@@]21C,fit,candidate,,UWFYSQMTEOIJJG,[M+H]+,Orbitrap
CC(=O)OC1(C(C)=O)CCC2C3C=C(Cl)C4=CC(=O)C5CC5C4(C)C3CCC21C,fit,candidate,,UWFYSQMTEOIJJG,[M+H]+,Orbitrap
CSc1nc(N=[N+]=[N-])nc(NC(C)C)n1,fit,excluded,chem:unsupported_charge,AFIIBUOYKYSPKB,[M+H]+,Orbitrap
CCCCOCCOCCOC(=O)CCCCC(=O)OCCOCCOCCCC,fit,candidate,,SCABKEBYDRTODC,[M+H]+,Orbitrap
COc1ccc2cc(S(=O)(=O)N[C@H](CC(=O)N[C@H](Cc3ccc(CN4[C@H](C)CCC[C@@H]4C)cc3)C(=O)N(C)C(C)C)c3ccc4c(c3)OCO4)ccc2c1,fit,excluded,chem:hypervalent,QGWIQIAWOCJRPI,[M+H]+,Orbitrap
CC(C)(C)NC(=O)[C@@H]1CN(Cc2cccnc2)CCN1C[C@@H](O)C[C@@H](Cc1ccccc1)C(=O)N[C@H]1c2ccccc2C[C@H]1O,fit,candidate,,CBVCZFGXHXORBI,[M+H]+,Orbitrap
CCc1nn(C)c(C(=O)NCc2ccc(C(C)(C)C)cc2)c1Cl,fit,candidate,,ZZYSLNWGKKDOML,[M+H]+,Orbitrap
OCCOCCN1CCN(C(c2ccccc2)c2ccc(Cl)cc2)CC1,fit,candidate,,ZQDWXGKKHFNSQK,[M+H]+,Orbitrap
COc1cnc(OC)n2nc(NS(=O)(=O)c3c(OCC(F)F)cccc3C(F)(F)F)nc12,fit,excluded,chem:hypervalent,SYJGKVOENHZYMQ,[M+H]+,Orbitrap
CNCc1cc(F)ccc1Oc1ccc(Cl)c(Cl)c1,fit,candidate,,FQEBOQLYHASAOY,[M+H]+,Orbitrap
CN1CCc2cccc3c2[C@H]1Cc1ccc(O)c(O)c1-3,fit,candidate,,VMWNQDUVQKEIOC,[M+H]+,Orbitrap
CCCCNC(=O)NS(=O)(=O)c1ccc(N)cc1,fit,excluded,chem:hypervalent,VDTNNGKXZGSZIP,[M+H]+,Orbitrap
CCCC1O[C@@H]2C[C@H]3[C@@H]4CCC5=CC(=O)C=C[C@]5(C)[C@H]4[C@@H](O)C[C@]3(C)[C@]2(C(=O)CO)O1,fit,candidate,,VOVIALXJUBGFJZ,[M+H]+,Orbitrap
CN[C@H]1CC[C@@H](c2ccc(Cl)c(Cl)c2)c2ccc(S(N)(=O)=O)cc21,fit,excluded,chem:hypervalent,HGBGXSPIBLZGHS,[M+H]+,Orbitrap
CCn1nc(C)c2c1C(=O)NCC(c1ccc(O)cc1)=N2,fit,candidate,,BEOZJBLIRPRMJM,[M+H]+,Orbitrap
COc1cccc([C@H](O)C2CCN(CCc3ccc(F)cc3)CC2)c1OC,fit,candidate,,HXTGXYRHXAGCFP,[M+H]+,Orbitrap
c1ccc(CCCc2ccccn2)cc1,fit,candidate,,JJJPNTQYUJPWGQ,[M+H]+,Orbitrap
CC(C)(C)N(NC(=O)c1ccc(Cl)cc1)C(=O)c1ccccc1,fit,candidate,,CNKHSLKYRMDDNQ,[M+H]+,Orbitrap
Cc1oc(C)c(C(=O)Nc2ccccc2)c1C,fit,candidate,,ZWJNEYVWPYIKMB,[M+H]+,Orbitrap
CC(C)(C#N)Nc1nc(Cl)nc(NC2CC2)n1,fit,candidate,,WUZNHSBFPPFULJ,[M+H]+,Orbitrap
O=C1OC(=O)C2C3C=CC(C3)C12,fit,candidate,,KNDQHSIWLOJIGP,[M+H]+,Orbitrap
CC1=C(C(=O)Nc2ccccc2)S(=O)(=O)CCO1,fit,excluded,chem:hypervalent,AMEKQAFGQBKLKX,[M+H]+,Orbitrap
CCc1cnc(C2=NC(C)(C(C)C)C(=O)N2)c(C(=O)O)c1,fit,candidate,,XVOKUMIPKHGGTN,[M+H]+,Orbitrap
CCCCC(CC)COC(=O)c1ccc(N(C)C)cc1,fit,candidate,,WYWZRNAHINYAEF,[M+H]+,Orbitrap
CCCCC(=O)O[C@]1(C(=O)CO)[C@@H](C)C[C@H]2[C@@H]3CCC4=CC(=O)C=C[C@]4(C)[C@@]3(F)[C@@H](O)C[C@@]21C,fit,candidate,,SNHRLVCMMWUAJD,[M+H]+,Orbitrap
CCOc1ccc(NC(=O)CC(C)O)cc1,fit,candidate,,LIAWQASKBFCRNR,[M+H]+,Orbitrap
C=C(C)[C@@H]1CCC2=CC(=O)C[C@@H](C)[C@]2(C)C1,fit,candidate,,WTOYNNBCKUYIKC,[M+H]+,Orbitrap
Cc1ncc([N+](=O)[O-])n1C,fit,excluded,chem:unsupported_charge,IBXPYPUJPLLOIN,[M+H]+,Orbitrap
Cc1ccc2c(c1N)C(=O)c1ccccc1C2=O,fit,candidate,,ZLCUIOWQYBYEBG,[M+H]+,Orbitrap
N#CC(CCc1ccc(Cl)cc1)(Cn1cncn1)c1ccccc1,fit,candidate,,RQDJADAKIFFEKQ,[M+H]+,Orbitrap
Cc1ccc(C(N)=O)cc1N,fit,candidate,,VYBKAZXQKUFAHG,[M+H]+,Orbitrap
C=CCc1cc(S(=O)(=O)c2ccc(O)c(CC=C)c2)ccc1O,fit,excluded,chem:hypervalent,MTMKZABGIQJAEX,[M+H]+,Orbitrap
CC(C)(C)C(O)/C(=C\c1ccc(Cl)cc1Cl)n1cncn1,fit,candidate,,FBOUIAKEJMZPQG,[M+H]+,Orbitrap
Cc1cc(=O)oc2cc(O)ccc12,fit,candidate,,HSHNITRMYYLLCV,[M+H]+,Orbitrap
CCCCCCCCCCCCN(CCO)CCO,fit,candidate,,NKFNBVMJTSYZDV,[M+H]+,Orbitrap
COP(=S)(OC)Oc1c(Cl)cc(C)cc1Cl,fit,excluded,chem:unsupported_element:P,OBZIQQJJIKNWNO,[M+H]+,Orbitrap
O=C(N[C@@H](Cc1ccccc1)[C@@H](O)C(=O)N1C[C@@H](O)[C@@H](O)C1)c1cc2cc(Cl)ccc2[nH]1,fit,candidate,,GVDRRZOORHCTAN,[M+H]+,Orbitrap
CCCCOCN(C(=O)CCl)c1c(CC)cccc1CC,fit,candidate,,HKPHPIREJKHECO,[M+H]+,Orbitrap
CCCCCCCCCCCCN1CCCC1=O,fit,candidate,,NJPQAIBZIHNJDO,[M+H]+,Orbitrap
CC(=O)Nc1ccc(S(N)(=O)=O)cc1,fit,excluded,chem:hypervalent,PKOFBDHYTMYVGJ,[M+H]+,Orbitrap
CCn1c2ccccc2c2cc(N)ccc21,fit,candidate,,OXEUETBFKVCRNP,[M+H]+,Orbitrap
Oc1ccc2ccccc2c1,fit,candidate,,JWAZRIHNYRIHIV,[M+H]+,Orbitrap
O=c1c2ccccc2oc2ccccc12,fit,candidate,,JNELGWHKGNBSMD,[M+H]+,Orbitrap
CCCCCOC(=O)c1ccccc1C(=O)OCCCCC,fit,candidate,,IPKKHRVROFYTEK,[M+H]+,Orbitrap
N#CC(c1ccccc1)c1ccccc1,fit,candidate,,NEBPTMCRLHKPOB,[M+H]+,Orbitrap
CS/C(C)=N\OC(=O)N(C)SN(C)C(=O)O/N=C(/C)SC,fit,candidate,,XDOTVMNBCQVZKG,[M+H]+,Orbitrap
O=c1[nH]c2ccccc2n1C1CCN(CCCC(c2ccc(F)cc2)c2ccc(F)cc2)CC1,fit,candidate,,YVUQSNJEYSNKRX,[M+H]+,Orbitrap
Cc1cccc(Nc2ccccc2)c1,fit,candidate,,TWPMMLHBHPYSMT,[M+H]+,Orbitrap
COCCOC(=O)c1ccccc1C(=O)OCCOC,fit,candidate,,HSUIVCLOAAJSRE,[M+H]+,Orbitrap
CNC(=O)Oc1c(C(C)(C)C)cc(C)cc1C(C)(C)C,fit,candidate,,PNRAZZZISDRWMV,[M+H]+,Orbitrap
O=C(COc1ccc(Cl)cc1)N1CCN(Cc2ccc3c(c2)OCO3)CC1,fit,candidate,,BFUJHVVEMMWLHC,[M+H]+,Orbitrap
CC(C)(CO)[C@@H](O)C(=O)NCCC(=O)O,fit,candidate,,GHOKWGTUZJEAQD,[M+H]+,Orbitrap
Cc1cccc(NC(=S)N(C)C)c1,fit,candidate,,MMCJEAKINANSOL,[M+H]+,Orbitrap
COc1cc(Cl)c(OC)cc1N,fit,candidate,,YGUFQYGSBVXPMC,[M+H]+,Orbitrap
CCOC(=O)c1nc(C(Cl)(Cl)Cl)n(-c2ccc(Cl)cc2Cl)n1,fit,candidate,,GMBRUAIJEFRHFQ,[M+H]+,Orbitrap
CN(C)c1ccc(Cc2ccc(N(C)C)cc2)cc1,fit,candidate,,JNRLEMMIVRBKJE,[M+H]+,Orbitrap
O=C(Nc1ccccc1)Nc1cnns1,fit,candidate,,HFCYZXMHUIHAQI,[M+H]+,Orbitrap
COc1ccc(C(=O)Nc2nc3ccccc3c(NCc3ccccc3)c2C#N)cc1,fit,candidate,,FFHQNQNMELQOEF,[M+H]+,Orbitrap
OCCOCCOCCOCCOCCO,fit,candidate,,JLFNLZLINWHATN,[M+H]+,Orbitrap
COC(=O)C1=C(C)NC(C)=C(C(=O)OCCN(C)Cc2ccccc2)C1c1cccc([N+](=O)[O-])c1,fit,excluded,chem:unsupported_charge,ZBBHBTPTTSWHBA,[M+H]+,Orbitrap
CCn1nc(Cc2ccccc2)cc1C1CCN(C[C@H]2C[C@H](N(C)[C@@H](C(=O)O)C(C)C)C[C@@H]2c2cccc(F)c2)CC1,fit,candidate,,ZTENZJJCFACIAK,[M+H]+,Orbitrap
CN(C)c1ccc(SC#N)cc1,fit,candidate,,WCCIEZDFRJREQJ,[M+H]+,Orbitrap
Clc1ccc2c(c1)C(N1CCNCC1)=Nc1ccccc1O2,fit,candidate,,QWGDMFLQWFTERH,[M+H]+,Orbitrap
C[C@](N)(Cc1ccc(O)c(O)c1)C(=O)O,fit,candidate,,CJCSPKMFHVPWAR,[M+H]+,Orbitrap
CC(=O)CCc1ccc(O)cc1,fit,candidate,,NJGBTKGETPDVIK,[M+H]+,Orbitrap
CCc1nc(N)nc(N)c1-c1ccc(Cl)cc1,fit,candidate,,WKSAUQYGYAYLPV,[M+H]+,Orbitrap
CC(=O)c1cc2c(cc1C)C(C)(C)C(C)CC2(C)C,fit,candidate,,DNRJTBAOUJJKDY,[M+H]+,Orbitrap
COc1ccc(OC(F)(F)F)cc1CN[C@H]1CCCN[C@H]1c1ccccc1,fit,candidate,,ZIWFCOIGUNPHPM,[M+H]+,Orbitrap
CCC(C)Nc1c([N+](=O)[O-])cc(C(C)(C)C)cc1[N+](=O)[O-],fit,excluded,chem:unsupported_charge,SPNQRCTZKIBOAX,[M+H]+,Orbitrap
CCOC(=O)n1ccn(C)c1=S,fit,candidate,,CFOYWRHIYXMDOT,[M+H]+,Orbitrap
CCOc1cc([N+](=O)[O-])c(OCC)cc1N1CCOCC1,fit,excluded,chem:unsupported_charge,KNHGNICBXADRMC,[M+H]+,Orbitrap
CC[C@]12CCCN3CCc4c(n(c5ccccc45)[C@@](O)(C(=O)OC)C1)[C@@H]32,fit,candidate,,RXPRRQLKFXBCSJ,[M+H]+,Orbitrap
CCC12CCCN3CCc4c(n(c5ccccc45)C(O)(C(=O)OC)C1)C32,fit,candidate,,RXPRRQLKFXBCSJ,[M+H]+,Orbitrap
CC1=C(C(=O)Nc2ccccc2)SCCO1,fit,candidate,,GYSSRZJIHXQEHQ,[M+H]+,Orbitrap
CCOC(=O)C(Cl)Cc1cc(-n2nc(C)n(C(F)F)c2=O)c(F)cc1Cl,fit,candidate,,MLKCGVHIFJBRCD,[M+H]+,Orbitrap
COc1cc2c(cc1OC)[C@@]13CCN4CC5=CCO[C@H]6CC(=O)N2[C@H]1[C@H]6[C@H]5C[C@H]43,fit,candidate,,RRKTZKIUPZVBMF,[M+H]+,Orbitrap
COc1cc2c(cc1OC)C13CCN4CC5=CCOC6CC(=O)N2C1C6C5CC43,fit,candidate,,RRKTZKIUPZVBMF,[M+H]+,Orbitrap
O=C(N[C@H]1CN2CCC1CC2)c1ccc2c(c1)OCCO2,fit,candidate,,LUVXHMJTVXZFPD,[M+H]+,Orbitrap
N#Cc1ccc(C2CCCc3cncn32)cc1,fit,candidate,,CLPFFLWZZBQMAO,[M+H]+,Orbitrap
CN1[C@@H]2CC(OC(=O)[C@H](CO)c3ccccc3)C[C@H]1[C@@H]1O[C@@H]12,fit,candidate,,STECJAGHUSJQJN,[M+H]+,Orbitrap
CCCCCCCCCCCC(=O)NCCCN(C)C,fit,candidate,,TWMFGCHRALXDAR,[M+H]+,Orbitrap
C#CCOC(=O)[C@@H](C)Oc1ccc(Oc2ncc(Cl)cc2F)cc1,fit,candidate,,JBDHZKLJNAIJNC,[M+H]+,Orbitrap
CC[C@H](C)[C@@H](C(=O)O)n1sc2ccccc2c1=O,fit,candidate,,FUSYFEXGXRDJNB,[M+H]+,Orbitrap
CCCCCc1cccc(=O)o1,fit,candidate,,MAUFTTLGOUBZNA,[M+H]+,Orbitrap
CCCC[C@H]1CN(CC2CCOCC2)C(=O)OC12CCN(C1(C)CCN(C(=O)c3c(C)ncnc3C)CC1)CC2,fit,candidate,,CXXVJZRGOOIVOD,[M+H]+,Orbitrap
CC(=O)c1ccc(S(=O)(=O)NC(=O)NC2CCCCC2)cc1,fit,excluded,chem:hypervalent,VGZSUPCWNCWDAN,[M+H]+,Orbitrap
O=C1Nc2ccccc2C1(c1ccc(O)cc1)c1ccc(O)cc1,fit,candidate,,SJDACOMXKWHBOW,[M+H]+,Orbitrap
CCOC(=O)OC1=C(c2cc(C)ccc2C)C(=O)NC12CCC(OC)CC2,fit,candidate,,CLSVJBIHYWPGQY,[M+H]+,Orbitrap
Cc1cc(Cl)ccc1N=CN(C)C,fit,candidate,,STUSTWKEFDQFFZ,[M+H]+,Orbitrap
CCOc1nc(F)cc2nc(S(=O)(=O)Nc3c(Cl)cccc3Cl)nn12,fit,excluded,chem:hypervalent,QNXAVFXEJCPCJO,[M+H]+,Orbitrap
CCCCCC(=O)O[C@]1(C(C)=O)CC[C@H]2[C@@H]3CCC4=CC(=O)CC[C@]4(C)[C@H]3CC[C@@]21C,fit,candidate,,DOMWKUIIPQCAJU,[M+H]+,Orbitrap
CCCCCC(=O)OC1(C(C)=O)CCC2C3CCC4=CC(=O)CCC4(C)C3CCC21C,fit,candidate,,DOMWKUIIPQCAJU,[M+H]+,Orbitrap
CN(C)C(=O)C1(N2CCCCC2)CCN(CC[C@@]2(c3ccc(Cl)c(Cl)c3)CN(C(=O)c3ccccc3)CCO2)CC1,fit,candidate,,RVQZVVJLIUXDPN,[M+H]+,Orbitrap
CC(C)Oc1cccc(NC(=O)c2ccccc2C(F)(F)F)c1,fit,candidate,,PTCGDEVVHUXTMP,[M+H]+,Orbitrap
COc1cc(OC)nc(Sc2cccc(Cl)c2C(=O)O)n1,fit,candidate,,QEGVVEOAVNHRAA,[M+H]+,Orbitrap
CCC(CO)(CO)COCC(CC)(CO)CO,fit,candidate,,WMYINDVYGQKYMI,[M+H]+,Orbitrap
COP(=O)(OC)O/C(C)=C/C(=O)N(C)C,fit,excluded,chem:unsupported_element:P,VEENJGZXVHKXNB,[M+H]+,Orbitrap
CCn1c2ccccc2c2cc([N+](=O)[O-])ccc21,fit,excluded,chem:unsupported_charge,WONHLSYSHMRRGO,[M+H]+,Orbitrap
Nc1ccc([As](=O)(O)O)cc1,fit,excluded,chem:unsupported_element:As,XKNKHVGWJDPIRJ,[M+H]+,Orbitrap
CCN(CC)C(=O)SCc1ccc(Cl)cc1,fit,candidate,,QHTQREMOGMZHJV,[M+H]+,Orbitrap
CNC(=O)C(c1ccccc1)c1ccccc1,fit,candidate,,DIZKGJLRHOCMTP,[M+H]+,Orbitrap
Clc1ccc(C2(Cn3cncn3)OCCO2)c(Cl)c1,fit,candidate,,AKNQMEBLVAMSNZ,[M+H]+,Orbitrap
CCOC(=O)COc1cc(-n2ncc(C(F)(F)F)c(C)c2=O)c(F)cc1Cl,fit,candidate,,DNUAYCRATWAJQE,[M+H]+,Orbitrap
CNP(=O)(OC)Oc1ccc(C(C)(C)C)cc1Cl,fit,excluded,chem:unsupported_element:P,BOFHKBLZOYVHSI,[M+H]+,Orbitrap
NC(N)=NC(N)=NCCc1ccccc1,fit,candidate,,ICFJFFQQTFMIBG,[M+H]+,Orbitrap
CC[C@H]1CC[C@H](NCc2cc3c(cc2OC)[C@H]2C[C@H]2C(=O)N3C)[C@H](c2ccccc2)N1,fit,candidate,,KDGDTPNBDMVKHC,[M+H]+,Orbitrap
CCC(=O)C=Cc1ccc(OC)cc1,fit,candidate,,SLDQOBRACOQXGE,[M+H]+,Orbitrap
Cn1sccc1=O,fit,candidate,,BEGLCMHJXHIJLR,[M+H]+,Orbitrap
CCC(=O)O[C@H]1CC[C@H]2[C@@H]3CCC4=CC(=O)CC[C@]4(C)[C@H]3CC[C@]12C,fit,candidate,,PDMMFKSKQVNJMI,[M+H]+,Orbitrap
CCCCC(CC)COC(=O)c1ccccc1C(=O)O,fit,candidate,,DJDSLBVSSOQSLW,[M+H]+,Orbitrap
CCc1cc(C(N)=S)ccn1,fit,candidate,,AEOCXXJPGCBFJA,[M+H]+,Orbitrap
C#C[C@]1(O)CC[C@H]2[C@@H]3CCC4=Cc5oncc5C[C@]4(C)[C@H]3CC[C@@]21C,fit,candidate,,POZRVZJJTULAOH,[M+H]+,Orbitrap
CCCCC(CC)C(=O)OCCOCCOCCOCCOC(=O)C(CC)CCCC,fit,candidate,,GYHPTPQZVBYHLC,[M+H]+,Orbitrap
O=C(O)c1cc2ccccc2cc1O,fit,candidate,,ALKYHXVLJMQRLQ,[M+H]+,Orbitrap
Cc1ccc(C(C)NC(=O)[C@@H](NC(=O)OC(C)C)C(C)C)cc1,fit,candidate,,NWUWYYSKZYIQAE,[M+H]+,Orbitrap
O=C1C[C@@H]2OCC=C3CN4CC[C@]56c7ccccc7N1[C@H]5[C@H]2[C@H]3C[C@H]46,fit,candidate,,QMGVPVSNSZLJIA,[M+H]+,Orbitrap
O=C1CC2OCC=C3CN4CCC56c7ccccc7N1C5C2C3CC46,fit,candidate,,QMGVPVSNSZLJIA,[M+H]+,Orbitrap
CCOP(=S)(OCC)Oc1ncn(-c2ccccc2)n1,fit,excluded,chem:unsupported_element:P,AMFGTOFWMRQMEM,[M+H]+,Orbitrap
CC(C)COC(=O)c1ccccc1C(=O)OCC(C)C,fit,candidate,,MGWAVDBGNNKXQV,[M+H]+,Orbitrap
CCCOCC(=Nc1ccc(Cl)cc1C(F)(F)F)n1ccnc1,fit,candidate,,HSMVPDGQOIQYSR,[M+H]+,Orbitrap
Cc1[nH]c(=O)c(C#N)cc1-c1ccncc1,fit,candidate,,PZRHRDRVRGEVNW,[M+H]+,Orbitrap
CC[C@H](NC(=O)c1cc(F)ccc1NS(=O)(=O)c1cccc2cccnc12)c1ccccc1,fit,excluded,chem:hypervalent,VYUUPUMKBLIKJV,[M+H]+,Orbitrap
Oc1ccccc1-c1ccccc1,fit,candidate,,LLEMOWNGBBNAJR,[M+H]+,Orbitrap
COCCOC[C@H](CC1(C(=O)NC2CCC(C(=O)O)CC2)CCCC1)C(=O)Oc1ccc2c(c1)CCC2,fit,candidate,,ZTWZVMIYIIVABD,[M+H]+,Orbitrap
COc1cccc(-c2ccc(/C=C\CN3CCCCCC3)cc2Cl)c1,fit,candidate,,ZDPINFKDQWCRTF,[M+H]+,Orbitrap
C=C1C[C@H]2[C@@H]3C=C(C)C4=CC(=O)CC[C@]4(C)[C@H]3CC[C@]2(C)[C@@]1(OC(C)=O)C(C)=O,fit,candidate,,UDKABVSQKJNZBH,[M+H]+,Orbitrap
CCCCNC(=O)NS(=O)(=O)c1ccc(C)cc1,fit,excluded,chem:hypervalent,JLRGJRBPOGGCBT,[M+H]+,Orbitrap
O=c1cc(-c2ccccc2)oc2cc(O)cc(O)c12,fit,candidate,,RTIXKCRFFJGDFG,[M+H]+,Orbitrap
CNC(=O)O/N=C(/C)C(C)S(C)(=O)=O,fit,excluded,chem:hypervalent,CTJBHIROCMPUKL,[M+H]+,Orbitrap
COc1ccc(C(O)(c2cncnc2)C2CC2)cc1,fit,candidate,,HUTDUHSNJYTCAR,[M+H]+,Orbitrap
Cn1cc(-c2ccccc2)c(=O)c(-c2cccc(C(F)(F)F)c2)c1,fit,candidate,,YWBVHLJPRPCRSD,[M+H]+,Orbitrap
c1ccc(CNc2ncnc3nc[nH]c23)cc1,fit,candidate,,NWBJYWHLCVSVIJ,[M+H]+,Orbitrap
COc1c2occc2cc2ccc(=O)oc12,fit,candidate,,QXKHYNVANLEOEG,[M+H]+,Orbitrap
O=C(O)c1c(Cl)ccc2cc(Cl)cnc12,fit,candidate,,FFSSWMQPCJRCRV,[M+H]+,Orbitrap
CNC(=O)O/N=C\C(C)(C)S(C)(=O)=O,fit,excluded,chem:hypervalent,YRRKLBAKDXSTNC,[M+H]+,Orbitrap
CNC(=O)ON=CC(C)(C)S(C)(=O)=O,fit,excluded,chem:hypervalent,YRRKLBAKDXSTNC,[M+Na]+,missing
Cc1[nH]cnc1C[C@H]1CCc2c(C)c3ccccc3n2C1=O,fit,candidate,,AEKQMJRJRAHOAP,[M+H]+,Orbitrap
Nc1c2c(nc3ccccc13)CCCC2,fit,candidate,,YLJREFDVOIBQDA,[M+H]+,Orbitrap
Nc1ccc2ccccc2c1,fit,candidate,,JBIJLHTVPXGSAM,[M+H]+,Orbitrap
CCCCCCCCCCCCN1CCCCCC1=O,fit,candidate,,AXTGDCSMTYGJND,[M+H]+,Orbitrap
CC(C)NC(=O)NC(C)C,fit,candidate,,BGRWYRAHAFMIBJ,[M+H]+,Orbitrap
CC(=O)c1ccc2c(c1)[C@H](NC(=O)c1ccc(F)cc1)[C@@H](O)C(C)(C)O2,fit,candidate,,RCLXAPJEFHPYEG,[M+H]+,Orbitrap
NC(N)=Nc1nc(CSCCC(N)=NS(N)(=O)=O)cs1,fit,excluded,chem:hypervalent,XUFQPHANEAPEMJ,[M+H]+,Orbitrap
Cc1ccc(S(=O)(=O)NC(=O)NN2CCCCCC2)cc1,fit,excluded,chem:hypervalent,OUDSBRTVNLOZBN,[M+H]+,Orbitrap
CC(=O)/C=C/c1ccccc1,fit,candidate,,BWHOZHOGCMHOBV,[M+H]+,Orbitrap
CCOP(=S)(OCC)SCn1c(=O)oc2cc(Cl)ccc21,fit,excluded,chem:unsupported_element:P,IOUNQDKNJZEDEP,[M+H]+,Orbitrap
Nc1ccc(S(=O)(=O)Nc2cnc3ccccc3n2)cc1,fit,excluded,chem:hypervalent,NHZLNPMOSADWGC,[M+H]+,Orbitrap
c1ccc(CNc2ncnc3c2ncn3C2CCCCO2)cc1,fit,candidate,,POFWRMVFWIJXHP,[M+H]+,Orbitrap
COc1ccc(-n2nc(C(F)F)cc2-c2ccc(S(C)=O)cc2)cc1,fit,excluded,chem:hypervalent,JJAPPCJXQFKMJL,[M+H]+,Orbitrap
C[C@]12CC[C@H]3[C@@H](CC[C@@]45O[C@@H]4C(O)=C(C#N)C[C@]35C)[C@@H]1CC[C@@H]2O,fit,candidate,,KVJXBPDAXMEYOA,[M+H]+,Orbitrap
CNC(=O)Oc1ccc2c(c1)[C@]1(C)CCN(C)[C@@H]1N2C,fit,candidate,,PIJVFDBKTWXHHD,[M+H]+,Orbitrap
CNC(=O)Oc1ccc2c(c1)C1(C)CCN(C)C1N2C,fit,candidate,,PIJVFDBKTWXHHD,[M+H]+,Orbitrap
Cc1cc(Cc2ccc(N)c(C)c2)ccc1N,fit,candidate,,WECDUOXQLAIPQW,[M+H]+,Orbitrap
O=C(O)c1cc(-c2ccccc2)nc2ccccc12,fit,candidate,,YTRMTPPVNRALON,[M+H]+,Orbitrap
NC(=O)CC[C@H](Nc1ccc([N+](=O)[O-])cc1)C(=O)O,fit,excluded,chem:unsupported_charge,IMTMBDXEKMXETQ,[M+H]+,Orbitrap
CCCCc1c(C)nc(NCC)[nH]c1=O,fit,candidate,,BBXXLROWFHWFQY,[M+H]+,Orbitrap
CCOP(=S)(Oc1cnc(C(C)(C)C)nc1)OC(C)C,fit,excluded,chem:unsupported_element:P,AWYOMXWDGWUJHS,[M+H]+,Orbitrap
Oc1cccc2cccnc12,fit,candidate,,MCJGNVYPOGVAJF,[M+H]+,Orbitrap
CNC(=O)N(C)c1nnc(C(C)(C)C)s1,fit,candidate,,HBPDKDSFLXWOAE,[M+H]+,Orbitrap
Cc1oc(-c2ccccc2)nc1CCOc1ccc(C[C@H](Nc2ccccc2C(=O)c2ccccc2)C(=O)O)cc1,fit,candidate,,ZZCHHVUQYRMYLW,[M+H]+,Orbitrap
CC(C)N1C(=O)N(c2ccccc2)CSC1=NC(C)(C)C,fit,candidate,,PRLVTUNWOQKEAI,[M+H]+,Orbitrap
O=C(O)CONC(=O)c1ccccc1,fit,candidate,,WDRGQGLIUAMOOC,[M+H]+,Orbitrap
O=C(NCc1cccnc1)Nc1ccc([N+](=O)[O-])cc1,fit,excluded,chem:unsupported_charge,CLKZWXHKFXZIMA,[M+H]+,Orbitrap
NC(=S)Nc1ccccc1,fit,candidate,,FULZLIGZKMKICU,[M+H]+,Orbitrap
CCOP(=O)(N=C1SCCS1)OCC,fit,excluded,chem:unsupported_element:P,ILBONRFSLATCRE,[M+H]+,Orbitrap
CCCOC(=O)c1ccc(C(=O)OCCC)nc1,fit,candidate,,IITCWRFYJWUUPC,[M+H]+,Orbitrap
c1ccc(CCCc2ccncc2)cc1,fit,candidate,,AQIIVEISJBBUCR,[M+H]+,Orbitrap
COP(=S)(NC(C)C)Oc1ccc(C)cc1[N+](=O)[O-],fit,excluded,chem:unsupported_element:P,VHEWQRWLIDWRMR,[M+H]+,Orbitrap
Nc1ccn([C@H]2CS[C@@H](CO)O2)c(=O)n1,fit,candidate,,JTEGQNOMFQHVDC,[M+H]+,Orbitrap
CC1(C)O[C@@H]2C[C@H]3[C@@H]4C[C@H](F)C5=CC(=O)CC[C@]5(C)[C@H]4[C@@H](O)C[C@]3(C)[C@]2(C(=O)CO)O1,fit,candidate,,POPFMWWJOGLOIF,[M+H]+,Orbitrap
C/C(=N/NC(=O)Nc1cc(F)cc(F)c1)c1ncccc1C(=O)O,fit,candidate,,IRJQWZWMQCVOLA,[M+H]+,Orbitrap
COP(=O)(OC)O/C(=C\Cl)c1cc(Cl)c(Cl)cc1Cl,fit,excluded,chem:unsupported_element:P,UBCKGWBNUIFUST,[M+H]+,Orbitrap
Cc1nc(C)nc(N2C[C@@H](C)N(c3ccnc([C@@H](C)O)n3)[C@@H](C)C2)n1,fit,candidate,,FTEQMUXMWCGJAF,[M+H]+,Orbitrap
Cc1cnc(C(=O)NCCc2ccc(S(=O)(=O)NC(=O)NC3CCCCC3)cc2)cn1,fit,excluded,chem:hypervalent,ZJJXGWJIGJFDTL,[M+H]+,Orbitrap
O=C(O)c1cccnc1,fit,candidate,,PVNIIMVLHYAWGP,[M+H]+,Orbitrap
Cc1ncc([C@@H](CCCCCCc2ccc3c(n2)NCCC3)CC(=O)O)cn1,fit,candidate,,NJDBZBVQIMZWPP,[M+H]+,Orbitrap
CC(=O)C(Cl)C(=O)N(C)C,fit,candidate,,QJACRCAPQIYMIH,[M+H]+,Orbitrap
C[C@@H]1O[C@@H](O[C@H]2C[C@@H](O)[C@]3(CO)[C@H]4[C@H](O)C[C@]5(C)[C@@H](C6=CC(=O)OC6)CC[C@]5(O)[C@@H]4CC[C@]3(O)C2)[C@H](O)[C@H](O)[C@H]1O,fit,candidate,,LPMXVESGRSUGHW,[M+H]+,Orbitrap
CC1OC(OC2CC(O)C3(CO)C4C(O)CC5(C)C(C6=CC(=O)OC6)CCC5(O)C4CCC3(O)C2)C(O)C(O)C1O,fit,candidate,,LPMXVESGRSUGHW,[M+H]+,QTOF
CN1Cc2c(N)cccc2C(c2ccccc2)C1,fit,candidate,,XXPANQJNYNUNES,[M+H]+,Orbitrap
C#CC(C)N(C)C(=O)Nc1ccc(Cl)cc1,fit,candidate,,BYYMILHAKOURNM,[M+H]+,Orbitrap
Oc1cccc2ccccc12,fit,candidate,,KJCVRFUGPWSIIH,[M+H]+,Orbitrap
Cc1ccc(N)c(S(=O)(=O)O)c1,fit,excluded,chem:hypervalent,LTPSRQRIPCVMKQ,[M+H]+,Orbitrap
O=C(Nc1ccccc1)c1ccccc1O,fit,candidate,,WKEDVNSFRWHDNR,[M+H]+,Orbitrap
CNc1cnn(-c2cccc(C(F)(F)F)c2)c(=O)c1Cl,fit,candidate,,NVGOPFQZYCNLDU,[M+H]+,Orbitrap
Cc1cnc(C2=NC(C)(C(C)C)C(=O)N2)c(C(=O)O)c1,fit,candidate,,PVSGXWMWNRGTKE,[M+H]+,Orbitrap
CC(C)OC(=O)C(C)N(C(=O)c1ccccc1)c1ccc(F)c(Cl)c1,fit,candidate,,IKVXBIIHQGXQRQ,[M+H]+,Orbitrap
CCNc1nc(NC(C)C(C)C)nc(SC)n1,fit,candidate,,IKYICRRUVNIHPP,[M+H]+,Orbitrap
CN(C)C(=O)Nc1cccc(OC(=O)NC(C)(C)C)c1,fit,candidate,,OWNAXTAAAQTBSP,[M+H]+,Orbitrap
Nc1ccc(-c2ccc(F)cc2)cc1,fit,candidate,,HTRVALPKPVGOSZ,[M+H]+,Orbitrap
CC1(C)Cc2cccc(N)c2O1,fit,candidate,,LMTIGABGABPAGU,[M+H]+,Orbitrap
CCOc1ccc(C(C)(C)COCc2cccc(Oc3ccccc3)c2)cc1,fit,candidate,,YREQHYQNNWYQCJ,[M+H]+,Orbitrap
C=C[C@H]1CN2CC[C@H]1C[C@H]2[C@H](O)c1ccnc2ccc(OC)cc12,fit,candidate,,LOUPRKONTZGTKE,[M+H]+,Orbitrap
CCCCCC(C)OC(=O)COc1ccc(Cl)c2cccnc12,fit,candidate,,COYBRKAVBMYYSF,[M+H]+,Orbitrap
O=C1CC2(CCCC2)CC(=O)N1CCCCN1CCN(c2ncccn2)CC1,fit,candidate,,QWCRAEMEVRGPNT,[M+H]+,Orbitrap
CNC(=S)N(C)C,fit,candidate,,JAEZSIYNWDWMMN,[M+H]+,Orbitrap
CCCCOC(=O)[C@@H](C)Oc1ccc(Oc2ccc(C(F)(F)F)cn2)cc1,fit,candidate,,VAIZTNZGPYBOGF,[M+H]+,Orbitrap
CON(C)C(=O)Nc1ccc(Br)c(Cl)c1,fit,candidate,,NLYNUTMZTCLNOO,[M+H]+,Orbitrap
C[n+]1cccc(C(=O)[O-])c1,fit,excluded,chem:unsupported_charge,WWNNZCOKKKDOPX,[M+H]+,Orbitrap
NC(N)=NCCCC(=O)O,fit,candidate,,TUHVEAJXIMEOSA,[M+H]+,Orbitrap
NCCSC[C@H](N)C(=O)O,fit,candidate,,GHSJKUNUIHUPDF,[M+H]+,Orbitrap
Nc1cccc(C(=O)O)c1,fit,candidate,,XFDUHJPVQKIXHO,[M+H]+,Orbitrap
CC(=CCNc1ncnc2nc[nH]c12)CO,fit,candidate,,UZKQTCBAMSWPJD,[M+H]+,Orbitrap
C[N+](C)(C)CC(=O)[O-],fit,excluded,chem:unsupported_charge,KWIUHFFTVRNATP,[M+H]+,QTOF
CC1=NCC[C@@H](C(=O)O)N1,fit,candidate,,WQXNXVUDBPYKBA,[M+H]+,Orbitrap
CC1=NCCC(C(=O)O)N1,fit,candidate,,WQXNXVUDBPYKBA,[M+H]+,missing
NC(CCCC(=O)O)C(=O)O,fit,candidate,,OYIFNHCXNCRBQI,[M+H]+,Orbitrap
NCCCCCCCCN,fit,candidate,,PWGJDPKCLMLPJW,[M+H]+,Orbitrap
Nc1ccn([C@@H]2O[C@H](CO)[C@@H](O)[C@H]2O)c(=O)n1,fit,candidate,,UHDGCWIWMRVCDJ,[M+H]+,Orbitrap
COc1ccc2ncccc2c1,fit,candidate,,HFDLDPJYCIEXJP,[M+H]+,Orbitrap
C=C1CC[C@H]2C(=C)CC[C@H]3C(=C)C(=O)O[C@@H]3[C@@H]12,fit,candidate,,NETSQGRTUNRXEO,[M+H]+,Orbitrap
C=C1C(=O)OC2C1CCC(=C)C1CCC(=C)C12,fit,candidate,,NETSQGRTUNRXEO,[M+H]+,Orbitrap
C[C@H](N)C(=O)N[C@@H](C)C(=O)O,fit,candidate,,DEFJQIDDEAULHB,[M+H]+,Orbitrap
O=c1ccc2cc(OC3OC(CO)C(O)C(O)C3O)c(O)cc2o1,fit,candidate,,XHCADAYNFIFUHF,[M+H]+,Orbitrap
Nc1ncnc2c1ncn2[C@@H]1O[C@H](CO)[C@@H](OP(=O)(O)O)[C@H]1O,fit,excluded,chem:unsupported_element:P,LNQVTSROQXJCDD,[M+H]+,Orbitrap
Nc1ncnc2c1ncn2C1OC(CO)C(OP(=O)(O)O)C1O,fit,excluded,chem:unsupported_element:P,LNQVTSROQXJCDD,[M+H]+,Orbitrap
NC(=O)NC1NC(=O)NC1=O,fit,candidate,,POJWUDADGALRAB,[M+H]+,Orbitrap
Oc1cc(O)c2c(c1)O[C@H](c1cc(O)c(O)c(O)c1)[C@H](O)C2,fit,candidate,,XMOCLSLCDHWDHP,[M+H]+,Orbitrap
NC(=O)NCCCC(N)C(=O)O,fit,candidate,,RHGKLRLOHDJJDR,[M+H]+,Orbitrap
CC(=CCNc1ncnc2c1ncn2[C@@H]1O[C@H](CO)[C@@H](O)[C@H]1O)CO,fit,candidate,,GOSWTRUMMSCNCW,[M+H]+,Orbitrap
NC(CCSCC(N)C(=O)O)C(=O)O,fit,candidate,,ILRYLPWNYFXEMH,[M+H]+,Orbitrap
CSCCC(N)C(=O)O,fit,candidate,,FFEARJCKVFRZRR,[M+H]+,Orbitrap
C[C@@H]1O[C@@H](O[C@H]2[C@H](Oc3cc(O)c4c(c3)O[C@H](c3ccc(O)cc3)CC4=O)O[C@H](CO)[C@@H](O)[C@@H]2O)[C@H](O)[C@H](O)[C@H]1O,fit,candidate,,DFPMSGMNTNDNHN,[M+H]+,QTOF
CC1OC(OC2C(Oc3cc(O)c4c(c3)OC(c3ccc(O)cc3)CC4=O)OC(CO)C(O)C2O)C(O)C(O)C1O,fit,candidate,,DFPMSGMNTNDNHN,[M+H]+,QTOF
C/C(=C\CNc1ncnc2c1ncn2[C@@H]1O[C@H](CO)[C@@H](O)[C@H](O)[C@H]1O)CO,fit,candidate,,VYRAJOITMBSQSE,[M+H]+,Orbitrap
COc1ccc(CC2c3cc(OC)c(OC)cc3CCN2C)cc1OC,fit,candidate,,KGPAYJZAMGEDIQ,[M+H]+,Orbitrap
OC[C@H]1O[C@@H](OC[C@H]2O[C@@H](O)[C@H](O)[C@@H](O)[C@@H]2O)[C@H](O)[C@@H](O)[C@@H]1O,fit,candidate,,DLRVVLDZNNYCBX,[M+Na]+,Orbitrap
O=C(CCc1ccc(O)cc1)c1c(O)cc(O)cc1O[C@@H]1O[C@H](CO)[C@@H](O)[C@H](O)[C@H]1O,fit,candidate,,IOUVKUPGCMBWBT,[M+H]+,Orbitrap
O=C(CCc1ccc(O)cc1)c1c(O)cc(O)cc1OC1OC(CO)C(O)C(O)C1O,fit,candidate,,IOUVKUPGCMBWBT,[M+Na]+,Orbitrap
COc1ccccc1C(=O)O,fit,candidate,,ILUJQPXNXACGAN,[M+H]+,Orbitrap
OC[C@H]1O[C@@H](O[C@H]2[C@H](O)[C@@H](O)[C@H](O)O[C@@H]2CO)[C@H](O)[C@@H](O)[C@H]1O,fit,candidate,,GUBGYTABKSRVRQ,[M+H]+,Orbitrap
NC(N)=NCCCC(N)C(=O)O,fit,candidate,,ODKSFYDXXFIFQN,[M+H]+,Orbitrap
NC(CSSCC(N)C(=O)O)C(=O)O,fit,candidate,,LEVWYRKDKASIDU,[M+H]+,Orbitrap
C=C[C@H]1CN2CC[C@H]1C[C@@H]2[C@@H](O)c1ccnc2ccccc12,fit,candidate,,KMPWYEUPVWOPIM,[M+H]+,Orbitrap
CC1NCCc2cc(O)c(O)cc21,fit,candidate,,IBRKLUSXDYATLG,[M+H]+,Orbitrap
C/C(=C\CNc1ncnc2c1ncn2[C@@H]1O[C@H](CO)[C@@H](O)[C@H]1O)CO,fit,candidate,,GOSWTRUMMSCNCW,[M+H]+,Orbitrap
Cc1cc(=O)oc2cc(O[C@@H]3O[C@H](C(=O)O)[C@@H](O)[C@H](O)[C@H]3O)ccc12,fit,candidate,,ARQXEQLMMNGFDU,[M+H]+,Orbitrap
Cc1cc(=O)oc2cc(OC3OC(C(=O)O)C(O)C(O)C3O)ccc12,fit,candidate,,ARQXEQLMMNGFDU,[M+H]+,QTOF
CC(C)=CCNc1ncnc2nc[nH]c12,fit,candidate,,HYVABZIGRDEKCD,[M+H]+,Orbitrap
COc1cc(O)c(CC=C(C)C)c(O)c1C(=O)/C=C/c1ccc(O)cc1,fit,candidate,,ORXQGKIUCDPEAJ,[M+H]+,Orbitrap
COc1cc(O)c(CC=C(C)C)c(O)c1C(=O)C=Cc1ccc(O)cc1,fit,candidate,,ORXQGKIUCDPEAJ,[M+H]+,QTOF
CC(=CCNc1ncnc2c1ncn2C1OC(CO)C(O)C(O)C1O)CO,fit,candidate,,VYRAJOITMBSQSE,[M+H]+,Orbitrap
Oc1cc(O)c2c(c1)O[C@H](c1ccc(O)c(O)c1)[C@H](O)C2,fit,candidate,,PFTAWBLQPZVEMU,[M+H]+,Orbitrap
CC(=CCNc1ncnc2nc[nH]c12)COC1OC(CO)C(O)C(O)C1O,fit,candidate,,UUPDCCPAOMDMPT,[M+H]+,Orbitrap
C[C@@H]1O[C@@H](OC[C@H]2O[C@@H](Oc3c(-c4ccc(O)c(O)c4)oc4cc(O)cc(O)c4c3=O)[C@H](O)[C@@H](O)[C@@H]2O)[C@H](O)[C@H](O)[C@H]1O,fit,candidate,,IKGXIBQEEMLURG,[M+H]+,Orbitrap
CC1OC(OCC2OC(Oc3c(-c4ccc(O)c(O)c4)oc4cc(O)cc(O)c4c3=O)C(O)C(O)C2O)C(O)C(O)C1O,fit,candidate,,IKGXIBQEEMLURG,[M+H]+,QTOF
C[C@H]1O[C@@H](OC[C@H]2OC(Oc3c(-c4ccc(O)c(O)c4)oc4cc(O)cc(O)c4c3=O)[C@H](O)[C@@H](O)[C@@H]2O)[C@H](O)C(O)[C@@H]1O,fit,candidate,,IKGXIBQEEMLURG,[M+H]+,QTOF
C[C@@H]1O[C@@H](O[C@@H]2[C@@H](O)[C@H](O)[C@@H](CO)O[C@H]2c2c(O)cc(O)c3c(=O)cc(-c4ccc(O)cc4)oc23)[C@H](O)[C@H](O)[C@H]1O,fit,candidate,,LYGPBZVKGHHTIE,[M+H]+,Orbitrap
C[C@H]1O[C@@H](O[C@@H]2[C@@H](O)[C@H](O)[C@@H](CO)O[C@H]2c2c(O)cc(O)c3c(=O)cc(-c4ccc(O)cc4)oc23)[C@H](O)[C@H](O)[C@H]1O,fit,candidate,,LYGPBZVKGHHTIE,[M+H]+,QTOF
CC1OC(OC2C(c3c(O)cc(O)c4c(=O)cc(-c5ccc(O)cc5)oc34)OC(CO)C(O)C2O)C(O)C(O)C1O,fit,candidate,,LYGPBZVKGHHTIE,[M+H]+,QTOF
CC(=CCNc1ncnc2c1ncn2C1OC(CO)C(O)C1O)CO,fit,candidate,,GOSWTRUMMSCNCW,[M+H]+,Orbitrap
O=c1cc(-c2ccc(O)c(-c3c(O)cc(O)c4c(=O)cc(-c5ccc(O)cc5)oc34)c2)oc2cc(O)cc(O)c12,fit,candidate,,YUSWMAULDXZHPY,[M+H]+,Orbitrap
O=C(O)c1c[nH]c2ccccc12,fit,candidate,,KMAKOBLIOCQGJP,[M+H]+,Orbitrap
Oc1ccc(CC2NCCc3cc(O)c(O)cc32)cc1O,fit,candidate,,ABXZOXDTHTTZJW,[M+H]+,Orbitrap
CC(C)[C@H](NC(=O)Cc1c[nH]c2ccccc12)C(=O)O,fit,candidate,,AZEGJHGXTSUPPG,[M+H]+,Orbitrap
CC(C)C(NC(=O)Cc1c[nH]c2ccccc12)C(=O)O,fit,candidate,,AZEGJHGXTSUPPG,[M+H]+,QTOF
COc1cc(/C=C/C(=O)O)cc(OC)c1OC,fit,candidate,,YTFVRYKNXDADBI,[M+H]+,Orbitrap
COc1cc(C=CC(=O)O)cc(OC)c1OC,fit,candidate,,YTFVRYKNXDADBI,[M+H]+,QTOF
C/C(=C\CNc1ncnc2nc[nH]c12)CO,fit,candidate,,UZKQTCBAMSWPJD,[M+H]+,Orbitrap
C=C(C)[C@H]1Cc2c(ccc3c2O[C@@H]2COc4cc(OC)c(OC)cc4[C@@H]2C3=O)O1,fit,candidate,,JUVIOZPCNVVQFO,[M+H]+,Orbitrap
OC[C@@H](O)[C@@H](O)[C@H](O)[C@H](O)CO,fit,candidate,,FBPFZTCFMRRESA,[M+H]+,Orbitrap
OC[C@H]1OC(O)[C@@H](O)[C@@H](O)[C@@H]1O,fit,candidate,,WQZGKKKJIJFFOK,[M+H]+,Orbitrap
C/C(=C\CNc1ncnc2nc[nH]c12)CO[C@H]1O[C@H](CO)[C@@H](O)[C@H](O)[C@H]1O,fit,candidate,,UUPDCCPAOMDMPT,[M+H]+,Orbitrap
C[C@H](O)[C@H](O)[C@@H](O)[C@@H](O)C=O,fit,candidate,,PNNNRSAQSRJVSB,[M+Na]+,Orbitrap
CC[C@H]1CN2CCc3cc(OC)c(OC)cc3[C@@H]2C[C@@H]1C[C@H]1NCCc2cc(OC)c(OC)cc21,fit,candidate,,AUVVAXYIELKVAI,[M+H]+,Orbitrap
CCC1CN2CCc3cc(OC)c(OC)cc3C2CC1CC1NCCc2cc(OC)c(OC)cc21,fit,candidate,,AUVVAXYIELKVAI,[M+H]+,Orbitrap
CN1CCc2cc3c(cc2[C@H]1[C@@H]1OC(=O)c2c1ccc1c2OCO1)OCO3,fit,candidate,,IYGYMKDQCDOMRE,[M+H]+,Orbitrap
CN1CCc2cc3c(cc2C1C1OC(=O)c2c1ccc1c2OCO1)OCO3,fit,candidate,,IYGYMKDQCDOMRE,[M+H]+,Orbitrap
OC[C@@H](O)[C@@H](O)[C@H](O)[C@@H](O)CO,fit,candidate,,FBPFZTCFMRRESA,[M+H]+,Orbitrap
OCC(O)C(O)C(O)C(O)CO,fit,candidate,,FBPFZTCFMRRESA,[M+H]+,QTOF
Cc1ccccc1N=C(N)Nc1ccccc1C,fit,candidate,,OPNUROKCUBTKLF,[M+H]+,QTOF
COc1cc2c(=O)c(-c3ccc(O)cc3)coc2cc1O[C@@H]1O[C@H](COC(C)=O)[C@@H](O)[C@H](O)[C@H]1O,fit,candidate,,DUBPGEJGGVZKDD,[M+H]+,QTOF
C=C(CC[C@@H](C(=O)O)[C@H]1CC[C@@]2(C)C3=C(CC[C@]12C)[C@@]1(C)CC[C@H](O)C(C)(C)[C@@H]1CC3)C(C)C,fit,candidate,,UGMQOYZVOPASJF,[M+H]+,QTOF
C=C(CC[C@@H](C(=O)O)[C@H]1[C@H](O)C[C@@]2(C)C3=C(CC[C@]12C)[C@@]1(C)CC[C@H](OC(C)=O)C(C)(C)[C@@H]1CC3)C(C)C,fit,candidate,,VDYCLYGKCGVBHN,[M+H]+,QTOF
CC1=C(C#C/C(C)=C/C=C/C(C)=C/C=C/C=C(C)/C=C/C=C(\C)C#CC2=C(C)C[C@@H](O)CC2(C)C)C(C)(C)C[C@H](O)C1,fit,candidate,,DVICWXUADSCSLL,[M+H]+,QTOF
CC(=O)O[C@H](CC(=O)[O-])C[N+](C)(C)C,fit,excluded,chem:unsupported_charge,RDHQFKQIGNGIED,[M+H]+,QTOF
CC(=O)OC(CC(=O)[O-])C[N+](C)(C)C,fit,excluded,chem:unsupported_charge,RDHQFKQIGNGIED,[M+H]+,Orbitrap
O=c1c(-c2ccc(O)cc2)coc2cc(O[C@@H]3O[C@H](CO)[C@@H](O)[C@H](O)[C@H]3O)cc(O)c12,fit,candidate,,ZCOLJUOHXJRHDI,[M+H]+,QTOF
O=c1c(-c2ccc(O)cc2)coc2cc(OC3OC(CO)C(O)C(O)C3O)cc(O)c12,fit,candidate,,ZCOLJUOHXJRHDI,[M+H]+,Orbitrap
CC(=O)OC[C@H]1O[C@@H](Oc2ccc3c(=O)c(-c4ccc(O)cc4)coc3c2)[C@H](O)[C@@H](O)[C@@H]1O,fit,candidate,,ZMOZJTDOTOZVRT,[M+H]+,QTOF
CC1=C[C@H](O)CC(C)(C)[C@H]1/C=C/C(C)=C/C=C/C(C)=C/C=C/C=C(C)/C=C/C=C(C)/C=C/C1=C(C)C[C@@H](O)CC1(C)C,fit,candidate,,KBPHJBAIARWVSC,[M+H]+,QTOF
O=C(O)CC(=O)OC[C@H]1O[C@@H](Oc2ccc3c(=O)c(-c4ccc(O)cc4)coc3c2)[C@H](O)[C@@H](O)[C@@H]1O,fit,candidate,,MTXMHWSVSZKYBT,[M+H]+,QTOF
CC(C)N(C(=O)SCC(Cl)=CCl)C(C)C,fit,candidate,,SPANOECCGNXGNR,[M+H]+,QTOF
COc1cc2c(=O)c(-c3ccc(O)cc3)coc2cc1O[C@@H]1O[C@H](COC(=O)CC(=O)O)[C@@H](O)[C@H](O)[C@H]1O,fit,candidate,,OWMHCYFEIJPHFB,[M+H]+,QTOF
O=c1c(-c2ccc(O)cc2)coc2cc(O[C@@H]3O[C@H](CO)[C@@H](O)[C@H](O)[C@H]3O)ccc12,fit,candidate,,KYQZWONCHDNPDP,[M+H]+,QTOF
O=c1c(-c2ccc(O)cc2)coc2cc(OC3OC(CO)C(O)C(O)C3O)ccc12,fit,candidate,,KYQZWONCHDNPDP,[M+H]+,QTOF
NC1=C(Cl)C(=O)c2ccccc2C1=O,fit,candidate,,OBLNWSCLAYSJJR,[M+H]+,QTOF
O=C(NC(=O)c1c(F)cccc1F)Nc1cc(Cl)c(OC(F)(F)C(F)C(F)(F)F)cc1Cl,fit,candidate,,PWPJGUXAGUPAHP,[M+H]+,QTOF
COc1cc2c(=O)c(-c3ccc(O)cc3)coc2cc1O,fit,candidate,,DXYUAIFZCFRPTH,[M+H]+,QTOF
CN=C(NC)NCCC[C@H](N)C(=O)O,fit,candidate,,HVPFXCBJHIIJGS,[M+H]+,QTOF
CC(C)(NC(=O)NCc1ccccc1Cl)c1ccccc1,fit,candidate,,VYNOULHXXDFBLU,[M+H]+,QTOF
CC(=O)O[C@H]1CC(C)(C)C(=C=C/C(C)=C/C=C/C=C/C=C(C)/C=C2/C=C(/C=C/[C@@]34O[C@]3(C)C[C@@H](O)CC4(C)C)C(=O)O2)[C@](C)(O)C1,fit,candidate,,UYRDHEJRPVSJFM,[M+Na]+,QTOF
CC(=O)O[C@H]1CC(C)(C)C(=C=C/C(C)=C/C=C/C(C)=C/C=C/C=C(C)/C=C/C=C(\C)C(=O)C[C@@]23O[C@]2(C)C[C@@H](O)CC3(C)C)[C@](C)(O)C1,fit,candidate,,SJWWTRQNNRNTPU,[M+H]+,QTOF
CC1=C(/C=C/C(C)=C/C=C/C(C)=C/C=C/C=C(C)/C=C/C=C(C)/C=C/C2=C(C)C(=O)[C@@H](O)CC2(C)C)C(C)(C)C[C@H](O)C1=O,fit,candidate,,MQZIGYBFDRPAKN,[M+Na]+,QTOF
CC(C)=CCC[C@@H](C(=O)O)[C@H]1CC[C@@]2(C)C3=C(CC[C@]12C)[C@@]1(C)CC[C@H](O)C(C)(C)[C@@H]1CC3,fit,candidate,,NBSBUIQBEPROBM,[M+H]+,QTOF
N#Cc1ccc(N=C(N)N)cc1,fit,candidate,,BTDGLZSKNFJBER,[M+H]+,QTOF
CCSC(=O)N(CC)C1CCCCC1,fit,candidate,,DFCAFRGABIXSDS,[M+H]+,QTOF
CC1=C(/C=C/C(C)=C/C=C/C(C)=C/C=C/C=C(C)/C=C/C=C(C)/C=C/C2=C(C)C[C@@H](O)CC2(C)C)C(C)(C)C[C@H](O)C1,fit,candidate,,JKQXZKUSFCKOGQ,[M+H]+,QTOF
C=C(CC[C@@H](C(=O)O)[C@H]1[C@H](O)C[C@@]2(C)C3=CC[C@@H](C(=C)C)[C@](C)(CCC(=O)O)C3=CC[C@]12C)C(C)C,fit,candidate,,KVAQLXUMUVEKGR,[M+H]+,QTOF
CC(=O)O[C@H]1CC[C@]2(C)C3=CC[C@]4(C)[C@@H]([C@@H](CCC=C(C)C)C(=O)O)[C@H](O)C[C@@]4(C)C3=CC[C@H]2C1(C)C,fit,candidate,,DLBLMTCYISHWGP,[M+H]+,QTOF
C[N+](C)(C)[C@@H](Cc1c[nH]c(=S)[nH]1)C(=O)[O-],fit,excluded,chem:unsupported_charge,SSISHJJTAXXQAX,[M+H]+,QTOF
C[N+](C)(C)[C@@H](Cc1cnc([S-])[nH]1)C(=O)O,fit,excluded,chem:unsupported_charge,SSISHJJTAXXQAX,[M+H]+,QTOF
Cc1c(C)c2c(c(C)c1O)CC[C@@](C)(CCC[C@H](C)CCC[C@H](C)CCCC(C)C)O2,fit,candidate,,GVJHHUAWPYXKBD,[M+H]+,QTOF
CC(C)=C/C=C/C(C)=C/C=C/C(C)=C/C=C/C(C)=C/C=C/C=C(C)/C=C/C=C(C)/C=C/C1=C(C)C[C@@H](O)CC1(C)C,fit,candidate,,YYAZSYBBIFIQJT,[M+H]+,QTOF
CC(=O)O[C@H]1CC[C@]2(C)C3=C(CCC2C1(C)C)[C@]1(C)C[C@@H](O)[C@H]([C@@H](CCC=C(C)C)C(=O)O)[C@@]1(C)CC3,fit,candidate,,SRDNLMOBFKJOSD,[M+H]+,QTOF
CC1=C(C#C/C(C)=C/C=C/C(C)=C/C=C/C=C(C)/C=C/C=C(C)/C=C/C2=C(C)C(=O)[C@@H](O)CC2(C)C)C(C)(C)C[C@H](O)C1,fit,candidate,,ANEICJWUPVGZBQ,[M+H]+,QTOF
C#CCN(C)c1c(C#N)cnn1-c1nn2c(c1Cl)CCCC2,fit,candidate,,IHHMUBRVTJMLQO,[M+H]+,QTOF
C=C(C)[C@@H]1CC=C2C(=CC[C@]3(C)[C@@H]([C@@H](CCC=C(C)C)C(=O)O)[C@H](O)C[C@@]23C)[C@@]1(C)CCC(=O)O,fit,candidate,,NXAZWYWJZDFISF,[M+H]+,QTOF
CC1=C(/C=C/C(C)=C/C=C/C(C)=C/C=C/C=C(C)/C=C/C=C(C)/C=C/C2=C(C)C(=O)CCC2(C)C)C(C)(C)CCC1,fit,candidate,,QXNWZXMBUKUYMD,[M+H]+,QTOF
O=C(CCc1ccccc1)c1ccccc1,fit,candidate,,QGGZBXOADPVUPN,[M+H]+,Orbitrap
C=CC(C)(C)c1[nH]c2ccccc2c1CC1NC(=O)[C@H]2C[C@@]3(O)c4ccccc4N(C(C)(C)C=C)[C@H]3N2C1=O,fit,candidate,,YWLAQSLUIQTZON,[M+H]+,QTOF
CN(C)C(N)=NCCC[C@H](N)C(=O)O,fit,candidate,,YDGMGEXADBMOMJ,[M+H]+,QTOF
C=C(CC[C@@H](C(=O)O)[C@H]1[C@H](O)C[C@@]2(C)C3=CC[C@H]4C(C)(C)C(=O)CC[C@]4(C)C3=CC[C@]12C)C(C)C,fit,candidate,,KPKYWYZPIVAHKU,[M+H]+,QTOF
COc1cc2c(=O)c(-c3ccc(O)cc3)coc2cc1O[C@@H]1O[C@H](CO)[C@@H](O)[C@H](O)[C@H]1O,fit,candidate,,OZBAVEKZGSOMOJ,[M+H]+,QTOF
CC1=C(/C=C/C(C)=C/C=C/C(C)=C/C=C/C=C(C)/C=C/C=C(C)/C=C/[C@@]23O[C@]2(C)C[C@@H](O)CC3(C)C)C(C)(C)C[C@H](O)C1,fit,candidate,,OFNSUWBAQRCHAV,[M+H]+,QTOF
CC1=C(C#C/C(C)=C/C=C/C=C/C=C(C)/C=C2/C=C(/C=C/[C@@]34O[C@]3(C)C[C@@H](O)CC4(C)C)C(=O)O2)C(C)(C)C[C@H](O)C1,fit,candidate,,JPHOIGCQEIPBBI,[M+H]+,QTOF
CC1=CCCC(C)(C)[C@H]1/C=C/C(C)=C/C=C/C(C)=C/C=C/C=C(C)/C=C/C=C(C)/C=C/C1=C(C)C(=O)CCC1(C)C,fit,candidate,,ZRXISZZQHKYPQA,[M+H]+,QTOF
C=C(CC[C@@H](C(=O)O)[C@H]1CC[C@@]2(C)C3=CC[C@H]4C(C)(C)[C@@H](O)CC[C@]4(C)C3=CC[C@]12C)C(C)C,fit,candidate,,ONFPYGOMAADWAT,[M+H]+,QTOF
CC(C)=CCC/C(C)=C/C=C/C(C)=C/C=C/C(C)=C/C=C/C=C(C)/C=C/C=C(C)/C=C/C=C(\C)CCC=C(C)C,fit,candidate,,OAIJSZIZWZSQBC,[M+H]+,QTOF
C/C(C=C=C1C(C)(C)C[C@H](O)C[C@@]1(C)O)=C\C=C\C=C\C=C(C)\C=C1\C=C(/C=C/[C@@]23O[C@]2(C)C[C@@H](O)CC3(C)C)C(=O)O1,fit,candidate,,GWNBJBMUGIZCIP,[M+Na]+,QTOF
C=CC(C)(C)N1c2ccccc2[C@]2(O)C[C@@H]3C(=O)N4/C=C\C(C)(C)c5[nH]c6ccccc6c5/C=C\4C(=O)N3[C@H]12,fit,candidate,,XOYCJCSLHCTYSV,[M+H]+,QTOF
c1ccc(N=C(Nc2ccccc2)Nc2ccccc2)cc1,fit,candidate,,FUPAJKKAHDLPAZ,[M+H]+,QTOF
COc1cc(/C=C/C(=O)NCCCCN)ccc1O,fit,candidate,,SFUVCMKSYKHYLD,[M+H]+,QTOF
CC1=C(C#C/C(C)=C/C=C/C(C)=C/C=C/C=C(C)/C=C/C=C(C)/C=C/C2=C(C)C[C@@H](O)CC2(C)C)C(C)(C)C[C@H](O)C1,fit,candidate,,HNYJHQMUSVNWPV,[M+H]+,QTOF
CC1=CC(=O)CC(C)(C)[C@@]1(O)CC(=O)/C(C)=C/C=C/C(C)=C/C=C/C=C(C)/C=C/C=C(\C)C=C=C1C(C)(C)C[C@H](O)C[C@@]1(C)O,fit,candidate,,NBAOGGCOLYTLDU,[M+H]+,QTOF
CC1=C(/C=C/C(C)=C/C=C/C(C)=C/C=C/C=C(C)/C=C/C=C(C)/C=C/C2=C(C)C[C@@H](O)[C@H](O)C2(C)C)C(C)(C)[C@@H](O)[C@H](O)C1,fit,candidate,,JVPASJUYZJKFHY,[M+H]+,QTOF
CC(C)=CCC/C(C)=C/CC/C(C)=C/C=C/C(C)=C/C=C/C=C(C)/C=C/C=C(\C)CC/C=C(\C)CCC=C(C)C,fit,candidate,,BIWLELKAFXRPDE,[M+H]+,QTOF
CC(=O)OC[C@H]1O[C@@H](Oc2cc(O)c3c(=O)c(-c4ccc(O)cc4)coc3c2)[C@H](O)[C@@H](O)[C@@H]1O,fit,candidate,,DXWGBJJLEDQBKS,[M+H]+,QTOF
COc1cc(/C=C/C(=O)NCCc2ccc(O)cc2)ccc1O,fit,candidate,,NPNNKDMSXVRADT,[M+H]+,QTOF
CC(=O)NC(CCC(N)=O)C(=O)NC(CC(C)C)C(N)=O,fit,candidate,,XAUFHEFYRXIVAK,[M+H]+,QTOF
CC(C)=C/C=C/C(C)=C/C=C/C(C)=C/C=C/C(C)=C/C=C/C=C(C)/C=C/C=C(C)/C=C/C1=C(C)CCCC1(C)C,fit,candidate,,AIBOHNYYKWYQMM,[M+H]+,QTOF
NCCCC(=O)O,fit,candidate,,BTCSSZJGUNDROE,[M+H]+,QTOF
N[C@@H](CS(=O)O)C(=O)O,fit,excluded,chem:hypervalent,ADVPTQAUNPRNPO,[M+H]+,Orbitrap
NCCS(=O)O,fit,excluded,chem:hypervalent,VVIUBCNYACGLLV,[M+H]+,QTOF
NC(Cc1ccc(O)c(O)c1)C(=O)O,fit,candidate,,WTDRDQBEARUVNC,[M+H]+,Orbitrap
N[C@@H](Cc1ccc(O)c(O)c1)C(=O)O,fit,candidate,,WTDRDQBEARUVNC,[M+H]+,QTOF
C[S+](CCC(N)C(=O)[O-])CC1OC(n2cnc3c(N)ncnc32)C(O)C1O,fit,excluded,chem:unsupported_charge,MEFKEPWMEQBLKI,[M+H]+,Orbitrap
C[S+](CC[C@H](N)C(=O)[O-])C[C@H]1O[C@@H](n2cnc3c(N)ncnc32)[C@H](O)[C@@H]1O,fit,excluded,chem:unsupported_charge,MEFKEPWMEQBLKI,[M+H]+,Orbitrap
OC[C@@H](O)C(O)[C@@H](O)CO,fit,candidate,,HEBKCHPVOIAQTA,[M+H]+,Orbitrap
N[C@@H](CCS)C(=O)O,fit,candidate,,FFFHZYDWPBMWHY,[M+H]+,Orbitrap
Nc1ncnc2c1ncn2[C@@H]1O[C@@H]2COP(=O)(O)O[C@H]2[C@H]1O,fit,excluded,chem:unsupported_element:P,IVOMOUWHDPKRLL,[M+H]+,QTOF
Nc1ncnc2c1ncn2C1OC2COP(=O)(O)OC2C1O,fit,excluded,chem:unsupported_element:P,IVOMOUWHDPKRLL,[M+H]+,QTOF
CC(O)C(N)C(=O)O,fit,candidate,,AYFVYJQAPQTCCC,[M+H]+,QTOF
C[C@@H](O)[C@H](N)C(=O)O,fit,candidate,,AYFVYJQAPQTCCC,[M+H]+,Orbitrap
N[C@@H](CCC(=O)N[C@@H](CS)C(=O)NCC(=O)O)C(=O)O,fit,candidate,,RWSXRVCMGQZWBV,[M+H]+,QTOF
NC(CCC(=O)NC(CS)C(=O)NCC(=O)O)C(=O)O,fit,candidate,,RWSXRVCMGQZWBV,[M+H]+,missing
NC(=O)NCCC[C@H](N)C(=O)O,fit,candidate,,RHGKLRLOHDJJDR,[M+H]+,QTOF
NCCC(=O)N[C@@H](Cc1cnc[nH]1)C(=O)O,fit,candidate,,CQOVPNPJLQNMDC,[M+H]+,QTOF
NCCC(=O)NC(Cc1cnc[nH]1)C(=O)O,fit,candidate,,CQOVPNPJLQNMDC,[M+H]+,QTOF
O=C(O)[C@@H]1CC(O)CN1,fit,candidate,,PMMYEEVYMWASQN,[M+H]+,Orbitrap
C=C(OP(=O)(O)O)C(=O)O,fit,excluded,chem:unsupported_element:P,DTBNBXWJWCWCIK,[M+H]+,Orbitrap
CC[C@@H](N)C(=O)O,fit,candidate,,QWCKQJZIFLGMSD,[M+H]+,missing
Nc1ccn([C@@H]2O[C@H](COP(=O)(O)OP(=O)(O)O)[C@@H](O)[C@H]2O)c(=O)n1,fit,excluded,chem:unsupported_element:P,ZWIADYZPOWUWEW,[M+H]+,Orbitrap
COc1ccc2c3c1OC1CC(O)C=CC31CCN(C)C2,fit,candidate,,ASUTZQLVASHGKV,[M+H]+,Orbitrap
C=C(C)C1CCC2(C)CCC(=O)C(C)=C2C1,fit,candidate,,KUFXJZXMWHNCEH,[M+H]+,Orbitrap
CN(C)CCc1ccc(O)cc1,fit,candidate,,KUBCEEMXQZUPDQ,[M+H]+,Orbitrap
O=C1c2c(O)cccc2[C@H]([C@@H]2O[C@H](CO)[C@@H](O)[C@H](O)[C@H]2O)c2cc(CO)cc(O)c21,fit,candidate,,AFHJQYHRLPMKHU,[M+H]+,Orbitrap
C[C@@H]1CC[C@@]2(OC1)O[C@H]1C[C@H]3[C@@H]4CC=C5C[C@@H](O)CC[C@]5(C)[C@H]4CC[C@]3(C)[C@H]1[C@@H]2C,fit,candidate,,WQLVFSAGQJTQCK,[M+H]+,Orbitrap
C[C@@H]1C[C@@]2(O[C@H]2C)C(=O)O[C@@H]2CC[N+]3([O-])CC=C(COC(=O)[C@]1(C)O)[C@H]23,fit,excluded,chem:unsupported_charge,NKRQJWQYBNTAEV,[M+H]+,Orbitrap
C=C1C/C(=C/C)C(=O)O[C@@H]2CCN3CC=C(COC(=O)[C@]1(C)O)[C@H]23,fit,candidate,,FCEVNJIUIMLVML,[M+H]+,Orbitrap
C=C1CC(=CC)C(=O)O[C@@H]2CCN3CC=C(COC(=O)[C@]1(C)O)[C@H]23,fit,candidate,,FCEVNJIUIMLVML,[M+H]+,QTOF
C=C1CC(=CC)C(=O)OC2CCN3CC=C(COC(=O)C1(C)O)C23,fit,candidate,,FCEVNJIUIMLVML,[M+H]+,Orbitrap
C/C=C1/C[C@@H](C)[C@@](C)(O)C(=O)OCC2=CC[N+]3([O-])CC[C@@H](OC1=O)[C@@H]23,fit,excluded,chem:unsupported_charge,PLGBHVNNYDZWGZ,[M+H]+,Orbitrap
COc1cc(/C=C/C=O)ccc1O,fit,candidate,,DKZBBWMURDFHNE,[M+H]+,Orbitrap
Cc1cc2c(c(C)c1CCO)C(=O)[C@](C)(CO)C2,fit,candidate,,BDZJLPDYMKPKGC,[M+H]+,Orbitrap
C[C@@H]1C[C@@]2(O[C@H]2C)C(=O)O[C@@H]2CCN3CC=C(COC(=O)[C@]1(C)O)[C@H]23,fit,candidate,,IAPHXJRHXBQDQJ,[M+H]+,Orbitrap
CCC[C@H]1CCCCN1,fit,candidate,,NDNUANOUGZGEPO,[M+H]+,Orbitrap
C=C1C/C(=C\C)C(=O)O[C@@H]2CC[N+]3([O-])CC=C(COC(=O)[C@]1(C)O)[C@H]23,fit,excluded,chem:unsupported_charge,COHUFMBRBUPZPA,[M+H]+,Orbitrap
Cc1cc2c(c(C)c1CCO)C(=O)[C@H](CO)C2,fit,candidate,,LGXRGPOUGZXSEB,[M+H]+,Orbitrap
C[C@H]1CC[C@]2(NC1)O[C@H]1C[C@H]3[C@@H]4CC[C@H]5C[C@@H](O)CC[C@]5(C)[C@H]4CC[C@]3(C)[C@H]1[C@@H]2C,fit,candidate,,XYNPYHXGMWJBLV,[M+H]+,Orbitrap
CC1CCC2(NC1)OC1CC3C4CCC5CC(O)CCC5(C)C4CCC3(C)C1C2C,fit,candidate,,XYNPYHXGMWJBLV,[M+H]+,Orbitrap
COc1cc(O)cc2c1C(=O)CC(c1ccccc1)O2,fit,candidate,,QQQCWVDPMPFUGF,[M+H]+,Orbitrap
CC1=C[C@]2(O[C@@H]3O[C@H](CO)[C@@H](O)[C@H](O)[C@H]3O)C[C@@H](C)C(=O)[C@@H]2[C@](C)(O)C12CC2,fit,candidate,,GPHSJPVUEZFIDE,[M+Na]+,Orbitrap
O=C1CCCC2C3CC(CN12)C1CCCCN1C3,fit,candidate,,JYIJIIVLEOETIQ,[M+H]+,Orbitrap
C[C@H]1[C@H]2CC[C@H]3[C@@H]4CC=C5C[C@@H](N(C)C)CC[C@]5(C)[C@H]4CC[C@]23CN1C,fit,candidate,,GPLGAQQQNWMVMM,[M+H]+,Orbitrap
O=c1ccc2ccc(O)c(O)c2o1,fit,candidate,,ATEFPOUAMCWAQS,[M+H]+,Orbitrap
C[C@H]1C(=O)O[C@@H]2CCN3CC=C(COC(=O)[C@](C)(O)[C@]1(C)O)[C@H]23,fit,candidate,,QVCMHGGNRFRMAD,[M+H]+,Orbitrap
CC1C(=O)OC2CCN3CC=C(COC(=O)C(C)(O)C1(C)O)C23,fit,candidate,,QVCMHGGNRFRMAD,[M+H]+,Orbitrap
C/C=C1/C[C@@H](C)[C@@](C)(O)C(=O)OCC2=CCN3CC[C@@H](OC1=O)[C@@H]23,fit,candidate,,HKODIGSRFALUTA,[M+H]+,Orbitrap
CC=C1C[C@@H](C)[C@@](C)(O)C(=O)OCC2=CCN3CC[C@@H](OC1=O)[C@@H]23,fit,candidate,,HKODIGSRFALUTA,[M+H]+,QTOF
CC=C1CC(C)C(C)(O)C(=O)OCC2=CCN3CCC(OC1=O)C23,fit,candidate,,HKODIGSRFALUTA,[M+H]+,Orbitrap
CO[C@H](C)[C@](O)(C(=O)OCC1=CCN2CC[C@H](O)[C@@H]12)C(C)C,fit,candidate,,LMFKRLGHEKVMNT,[M+H]+,Orbitrap
COC(C)C(O)(C(=O)OCC1=CCN2CCC(O)C12)C(C)C,fit,candidate,,LMFKRLGHEKVMNT,[M+H]+,missing
COc1cc2c(cc1OC)[C@@]13CCN4CC5=CCOC6CC(=O)N2C1[C@H]6[C@H]5C[C@H]43,fit,candidate,,RRKTZKIUPZVBMF,[M+H]+,Orbitrap
CC=C1CC2(CO)OC2(C)C(=O)OCC2=CCN3CCC(OC1=O)C23,fit,candidate,,NOQVBHHOUTTZGE,[M+H]+,Orbitrap
Cc1cc2c(c(C)c1CCO)C(=O)[C@H](C)C2,fit,candidate,,SJNCSXMTBXDZQA,[M+H]+,Orbitrap
C=C1C(=O)O[C@@H]2CCN3CC=C(COC(=O)[C@](C)(O)[C@H](C)[C@H]1C)[C@H]23,fit,candidate,,FLUOSFVUPTUYEX,[M+H]+,Orbitrap
C/C=C1/C[C@@H](C)[C@@](C)(O)C(=O)OC/C2=C/CN(C)CC[C@@H](OC1=O)C2=O,fit,candidate,,HPDHKHMHQGCNPE,[M+H]+,Orbitrap
O=c1ccc2cc3ccoc3cc2o1,fit,candidate,,ZCCUUQDIBDJBTK,[M+H]+,Orbitrap
C=C1C(=O)O[C@@H]2/C=C(\C)CC/C=C(\C)CC[C@@H]12,fit,candidate,,HRYLQFBHBWLLLL,[M+H]+,Orbitrap
CC(C)[C@@](O)(C(=O)OCC1=CCN2CC[C@@H](O)[C@@H]12)[C@H](C)O,fit,candidate,,SFVVQRJOGUKCEG,[M+H]+,Orbitrap
C[C@H]1C(=O)O[C@@H]2CC[N+]3([O-])CC=C(COC(=O)[C@](C)(O)[C@]1(C)O)[C@H]23,fit,excluded,chem:unsupported_charge,LHVAZUAALQTANZ,[M+H]+,Orbitrap
C/C=C(/C)C(=O)O[C@@H]1CCN2CC=C(COC(=O)[C@@](O)([C@H](C)O)C(C)(C)O)[C@H]12,fit,candidate,,HRSGCYGUWHGOPY,[M+H]+,Orbitrap
C/C=C1/C[C@@H](C)[C@](O)(CO)C(=O)OCC2=CCN3CC[C@@H](OC1=O)[C@@H]23,fit,candidate,,BCJMNZRQJAVDLD,[M+H]+,Orbitrap
CC=C1CC(C)C(O)(CO)C(=O)OCC2=CCN3CCC(OC1=O)C23,fit,candidate,,BCJMNZRQJAVDLD,[M+H]+,Orbitrap
C/C=C1\[C@H]2C=C(C)C[C@]1(N)c1ccc(=O)[nH]c1C2,fit,candidate,,ZRJBHWIHUMBLCN,[M+H]+,Orbitrap
O=C1CCC[C@@H]2[C@H]3CCCN4CCC[C@@H](CN12)[C@@H]34,fit,candidate,,ZSBXGIUJOOQZMP,[M+H]+,Orbitrap
CC(C)=CCc1c(O)cc(O)c2c1O[C@H](c1ccc(O)cc1)CC2=O,fit,candidate,,LPEPZZAVFJPLNZ,[M+H]+,Orbitrap
C[C@@H]1CC[C@H]2[C@@H](C)C(=O)O[C@@H]3O[C@@]4(C)CC[C@@H]1[C@]32OO4,fit,candidate,,BLUAFEHZUWYNDE,[M+H]+,Orbitrap
C1CCN2C[C@H]3C[C@H](CN4CCCC[C@@H]34)[C@H]2C1,fit,candidate,,SLRCCWJSBJZJBV,[M+H]+,Orbitrap
C1CCN2CC3CC(CN4CCCCC34)C2C1,fit,candidate,,SLRCCWJSBJZJBV,[M+H]+,Orbitrap
O[C@H]1[C@H]2c3cc4c(cc3CN3CCC(=C[C@@H]1O)[C@H]23)OCO4,fit,candidate,,XGVJWXAYKUHDOO,[M+H]+,Orbitrap
c1cncc(C2CCCCN2)c1,fit,candidate,,MTXSIJUGVMTTMU,[M+H]+,Orbitrap
C=C1C(=O)OC2CC[N+]3([O-])CC=C(COC(=O)C(C)(O)C(C)C1C)C23,fit,excluded,chem:unsupported_charge,GDDNFNQRHNCJAZ,[M+H]+,Orbitrap
CC1=C(O[C@@H]2O[C@H](CO)[C@@H](O)[C@H](O)[C@H]2O)C2C[C@@](C)(CO)C(=O)[C@@H]2[C@](C)(O)C12CC2,fit,candidate,,NIERWTDCCGPRCQ,[M+Na]+,Orbitrap
OC[C@@H]1CCCN2CCCC[C@H]12,fit,candidate,,HDVAWXXJVMJBAR,[M+H]+,Orbitrap
CC(C)[C@@](O)(C(=O)OCC1=CCN2CC[C@@H](O)[C@@H]12)[C@@H](C)O,fit,candidate,,SFVVQRJOGUKCEG,[M+H]+,Orbitrap
CC1=C2C(=O)[C@H]3[C@@H](CC=C4C[C@@H](O)CC[C@@]43C)[C@@H]2CC[C@]12O[C@@H]1C[C@H](C)CN[C@H]1[C@H]2C,fit,candidate,,CLEXYFLHGFJONT,[M+H]+,Orbitrap
CC1=C2C(=O)C3C(CC=C4CC(O)CCC43C)C2CCC12OC1CC(C)CNC1C2C,fit,candidate,,CLEXYFLHGFJONT,[M+H]+,Orbitrap
C=CC1CNC(=S)O1,fit,candidate,,UZQVYLOFLQICCT,[M+H]+,Orbitrap
C[C@@H]1CC[C@@]2(NC1)O[C@H]1C[C@H]3[C@@H]4CC=C5C[C@@H](O)CC[C@]5(C)[C@H]4CC[C@]3(C)[C@H]1[C@@H]2C,fit,candidate,,KWVISVAMQJWJSZ,[M+H]+,Orbitrap
CN(C)Cc1c[nH]c2ccccc12,fit,candidate,,OCDGBSUVYYVKQZ,[M+H]+,Orbitrap
CCCCCC1=CC(=O)C=C(OC)C1=O,fit,candidate,,WLWIMKWZMGJRBS,[M+H]+,Orbitrap
O=c1cc(-c2ccccc2)c2c(O)cc(O)cc2o1,fit,candidate,,HUQKUJNSVHEHIH,[M+H]+,Orbitrap
COC1C(O)C(CO)OC1n1cnc2c(N)ncnc21,fit,candidate,,FPUGCISOLXNPPC,[M+H]+,Orbitrap
C/C=C1/C[C@@H](C)[C@](O)(CO)C(=O)OCC2=CC[N@@+]3([O-])CC[C@@H](OC1=O)[C@@H]23,fit,excluded,chem:unsupported_charge,IDIMIWQPUHURPV,[M+H]+,Orbitrap
C/C=C(/C)C(=O)O[C@@H]1CC[N+]2([O-])CC=C(COC(=O)[C@@](O)([C@H](C)O)C(C)(C)O)[C@H]12,fit,excluded,chem:unsupported_charge,KDJGEXAPDZNXSD,[M+H]+,Orbitrap
O=c1ccc2ccc(O)cc2o1,fit,candidate,,ORHBXUUXSCNDEV,[M+H]+,Orbitrap
CO[C@@H](C)[C@](O)(C(=O)OCC1=CCN2CC[C@H](O)[C@@H]12)C(C)(C)O,fit,candidate,,ZNEMYFCJOCCUJN,[M+H]+,Orbitrap
CCCCC(=O)c1ccccc1,fit,candidate,,XKGLSKVNOSHTAD,[M+H]+,Orbitrap
COc1ccc2c(c1O)-c1c(OC)c(OC)cc3c1[C@H](C2)N(C)CC3,fit,candidate,,QELDJEKNFOQJOY,[M+H]+,Orbitrap
COc1ccc2c(c1O)-c1c(OC)c(OC)cc3c1C(C2)N(C)CC3,fit,candidate,,QELDJEKNFOQJOY,[M+H]+,Orbitrap
COc1ccc(Cc2nccc3cc(OC)c(OC)cc23)cc1OC,fit,candidate,,XQYZDYMELSJDRZ,[M+H]+,Orbitrap
CC(C)[C@@](O)(C(=O)OCC1=CC[N+]2([O-])CC[C@@H](O)[C@@H]12)[C@H](C)O,fit,excluded,chem:unsupported_charge,DNAWGBOKUFFVMB,[M+H]+,Orbitrap
CC(=O)O[C@@H]1CCN2CC=C(COC(=O)[C@](O)(C(C)C)[C@H](C)O)[C@H]12,fit,candidate,,RKDOFSJTBIDAHX,[M+H]+,Orbitrap
C1CCN2C[C@@H]3C[C@@H](CN4CCCC[C@@H]34)[C@H]2C1,fit,candidate,,SLRCCWJSBJZJBV,[M+H]+,Orbitrap
CN1CCc2cc3c(cc2C(=O)Cc2ccc4c(c2C1)OCO4)OCO3,fit,candidate,,GPTFURBXHJWNHR,[M+H]+,Orbitrap
CC(C)[C@@](O)(C(=O)OCC1=CC[N+]2([O-])CC[C@@H](O)[C@@H]12)[C@@H](C)O,fit,excluded,chem:unsupported_charge,DNAWGBOKUFFVMB,[M+H]+,Orbitrap
C=C[C@]12CN(C)[C@@H]3[C@H]4COC(CC41)[C@]1(C(=O)Nc4ccccc41)[C@@H]32,fit,candidate,,NFYYATWFXNPTRM,[M+H]+,Orbitrap
O=C1CCC[C@@H]2[C@H]3C[C@@H](CN12)[C@@H]1C[C@@H](O)CCN1C3,fit,candidate,,JVYKIBAJVKEZSQ,[M+H]+,Orbitrap
C=CC[C@@H]1NCC2CC1CN1C(=O)CCC[C@H]21,fit,candidate,,VTIPIBIDDZPDAV,[M+H]+,Orbitrap
COC(=O)[C@@H]1[C@H]2C[C@H]3c4[nH]c5ccccc5c4CCN3C[C@@H]2CC[C@@H]1O,fit,candidate,,BLGXFZZNTVWLAY,[M+H]+,Orbitrap
COC(=O)C1C(O)CCC2CN3CCc4c([nH]c5ccccc45)C3CC21,fit,candidate,,BLGXFZZNTVWLAY,[M+H]+,Orbitrap
C[C@H]1O[C@@H](O[C@H]2[C@@H](O)C[C@H](O[C@H]3[C@@H](O)C[C@H](O[C@H]4CC[C@@]5(C)[C@H](CC[C@@H]6[C@@H]5C[C@@H](O)[C@]5(C)[C@@H](C7=CC(=O)OC7)CC[C@]65O)C4)O[C@@H]3C)O[C@@H]2C)C[C@H](O)[C@@H]1O,fit,candidate,,LTMHDMANZUZIPE,[M+H]+,Orbitrap
CC1OC(OC2C(O)CC(OC3C(O)CC(OC4CCC5(C)C(CCC6C5CC(O)C5(C)C(C7=CC(=O)OC7)CCC65O)C4)OC3C)OC2C)CC(O)C1O,fit,candidate,,LTMHDMANZUZIPE,[M+Na]+,Orbitrap
C[C@]12CC[C@H](O)C[C@H]1CC[C@@H]1[C@@H]2CC[C@]2(C)[C@@H](C3=CC(=O)OC3)CC[C@]12O,fit,candidate,,XZTUSOXSLKTKJQ,[M+H]+,Orbitrap
C/C=C(/C)C(=O)O[C@H]1CC[C@@]2(C)[C@@H]3CC[C@H]4[C@]5(O)C[C@H](O)[C@@]6(O)[C@@H](CN7C[C@@H](C)CC[C@H]7[C@@]6(C)O)[C@]5(O)C[C@@]42O[C@]13O,fit,candidate,,DBUCFOVFALNEOO,[M+H]+,Orbitrap
COC(=O)C1=CO[C@@H](C)[C@H]2CN3CCc4c([nH]c5ccccc45)[C@@H]3C[C@H]12,fit,candidate,,GRTOGORTSDXSFK,[M+H]+,Orbitrap
COC(=O)C1=COC(C)C2CN3CCc4c([nH]c5ccccc45)C3CC12,fit,candidate,,GRTOGORTSDXSFK,[M+H]+,QTOF
COc1cc(C[C@H]2COC(=O)[C@@H]2Cc2ccc(O)c(OC)c2)ccc1O,fit,candidate,,MATGKVZWFZHCLI,[M+H]+,Orbitrap
COc1cc2c(cc1OC)[C@H]1Cc3ccc(OC)c(OC)c3CN1CC2,fit,candidate,,AEQDJSLRWYMAQI,[M+H]+,Orbitrap
CC1=C[C@]2(O[C@@H]3O[C@H](CO)[C@@H](O)[C@H](O)[C@H]3O)C[C@@H](CO)C(=O)[C@@H]2[C@](C)(O)C12CC2,fit,candidate,,WHTLSLQCKFRZNC,[M+Na]+,Orbitrap
COc1cc2c3c(c1OC)-c1ccccc1C[C@H]3N(C)CC2,fit,candidate,,ORJVQPIHKOARKV,[M+H]+,Orbitrap
CC(C)=CCOc1c2occc2cc2ccc(=O)oc12,fit,candidate,,OLOOJGVNMBJLLR,[M+H]+,Orbitrap
Nc1[nH]c(=O)nc2c1ncn2[C@@H]1O[C@H](CO)[C@@H](O)[C@H]1O,fit,candidate,,MIKUYHXYGGJMLM,[M+H]+,Orbitrap
C1CCC(NC2CCCCC2)CC1,fit,candidate,,XBPCUCUWBYBCDP,[M+H]+,Orbitrap
CN1[C@@H]2CC[C@H]1CC(OC(=O)[C@H](CO)c1ccccc1)C2,fit,candidate,,RKUNBYITZUJHSG,[M+H]+,Orbitrap
C/C=C1/C[C@@]2(CO)O[C@@]2(C)C(=O)OCC2=CCN3CC[C@@H](OC1=O)[C@@H]23,fit,candidate,,NOQVBHHOUTTZGE,[M+H]+,Orbitrap
C/C=C(/C)C(=O)O[C@H]1CCN2CC=C(COC(=O)[C@@](O)([C@H](C)OC)C(C)(C)O)[C@H]12,fit,candidate,,QHOZSLCIKHUPSU,[M+H]+,Orbitrap
C/C=C(/C)C(=O)O[C@H]1CC[N+]2([O-])CC=C(COC(=O)[C@@](O)([C@H](C)OC)C(C)(C)O)[C@H]12,fit,excluded,chem:unsupported_charge,AABILZKQMVKFHP,[M+H]+,Orbitrap
CC1O[C@@H](Oc2c(-c3ccc(O)cc3)oc3cc(O[C@@H]4OC(C)[C@H](O)[C@H](O)C4O)cc(O)c3c2=O)[C@@H](O)C(O)[C@H]1O,fit,candidate,,PUPKKEQDLNREIM,[M+H]+,Orbitrap
C=C1C[C@]23C[C@H]1CC[C@H]2[C@@]12CC[C@H](O)[C@@](C)(C(=O)O1)[C@H]2[C@@H]3C(=O)O,fit,candidate,,RSQSQJNRHICNNH,[M+H]+,Orbitrap
O=c1cccc2n1C[C@@H]1CNC[C@H]2C1,fit,candidate,,ANJTVLIZGCUXLD,[M+H]+,Orbitrap
COc1cc2ccc(=O)oc2c(O)c1OC,fit,candidate,,QNFBKOHHLAWWTC,[M+H]+,Orbitrap
CC[C@@H]1C(=O)OC[C@@H]1Cc1cncn1C,fit,candidate,,QCHFTSOMWOSFHM,[M+H]+,Orbitrap
CC1=C2[C@H]3OC(=O)[C@@H](C)[C@@H]3CC[C@@]2(C)C=CC1=O,fit,candidate,,XJHDMGJURBVLLE,[M+H]+,Orbitrap
CC1=C2[C@@H]3OC(=O)C(C)[C@H]3CC[C@@]2(C)C=CC1=O,fit,candidate,,XJHDMGJURBVLLE,[M+H]+,QTOF
CC1=C2C3OC(=O)C(C)C3CCC2(C)C=CC1=O,fit,candidate,,XJHDMGJURBVLLE,[M+H]+,Orbitrap
CO[C@H](C)[C@](O)(C(=O)OCC1=CC[N+]2([O-])CC[C@H](O)[C@@H]12)C(C)C,fit,excluded,chem:unsupported_charge,QSTHEUSPIBEICI,[M+H]+,Orbitrap
O=C1C=CC[C@@H]2[C@H]3CCCN4CCC[C@@H](CN12)[C@@H]34,fit,candidate,,AAGFPTSOPGCENQ,[M+H]+,Orbitrap
C/C=C1/C[C@@]2(CO)O[C@@]2(C)C(=O)OCC2=CC[N+]3([O-])CC[C@@H](OC1=O)[C@@H]23,fit,excluded,chem:unsupported_charge,IJAULDQGSBFPPG,[M+H]+,Orbitrap
CO[C@H]1C[C@H](O[C@H]2CC[C@@]3(C)[C@H](CC[C@@H]4[C@@H]3CC[C@]3(C)[C@@H](C5=CC(=O)OC5)[C@@H](OC(C)=O)C[C@]43O)C2)O[C@@H](C)[C@@H]1O,fit,candidate,,JLPDBLFIVFSOCC,[M+H]+,Orbitrap
O=c1cc(-c2ccc(O)cc2)oc2cc(O[C@@H]3O[C@H](CO)[C@@H](O)[C@H](O)[C@H]3O[C@@H]3OC[C@](O)(CO)[C@H]3O)cc(O)c12,fit,candidate,,NTDLXWMIWOECHG,[M+H]+,Orbitrap
CC(=O)O[C@H]1C(=O)[C@@]2(C)[C@H]([C@H](OC(=O)c3ccccc3)[C@]3(O)C[C@H](OC(=O)[C@H](O)[C@@H](NC(=O)c4ccccc4)c4ccccc4)C(C)=C1C3(C)C)[C@]1(OC(C)=O)CO[C@@H]1C[C@@H]2O,fit,candidate,,RCINICONZNJXQF,[M+H]+,Orbitrap
O=c1cc(-c2ccc(O)c(O)c2)oc2cc(O)c([C@@H]3O[C@H](CO)[C@@H](O)[C@H](O)[C@H]3O)c(O)c12,fit,candidate,,ODBRNZZJSYPIDI,[M+H]+,QTOF
O=c1cc(-c2ccc(O)c(O)c2)oc2cc(O)c(C3OC(CO)C(O)C(O)C3O)c(O)c12,fit,candidate,,ODBRNZZJSYPIDI,[M+H]+,QTOF
O=c1cc(-c2ccc(O)cc2)oc2c(C3O[C@H](CO)[C@@H](O)[C@H](O)[C@H]3O)c(O)c(C3O[C@@H](CO)[C@H](O)[C@H]3O)c(O)c12,fit,candidate,,DRLZZQRQMWQRLZ,[M+H]+,QTOF
O=C1CC(c2ccc(O)c(O)c2)Oc2c1ccc(OC1OC(CO)C(O)C(O)C1O)c2O,fit,candidate,,DGGOLFCPSUVVHX,[M+H]+,QTOF
O=C1C[C@@H](c2ccc(O)c(O)c2)Oc2cc(O)cc(O)c21,fit,candidate,,SBHXYTNGIZCORC,[M+H]+,QTOF
O=C1CC(c2ccc(O)c(O)c2)Oc2cc(O)cc(O)c21,fit,candidate,,SBHXYTNGIZCORC,[M+H]+,QTOF
COc1ccc(-c2coc3cc(O[C@@H]4O[C@H](CO)[C@@H](O)[C@H](O)[C@H]4O)ccc3c2=O)cc1,calibration,candidate,,MGJLSBDCWOSMHL,[M+H]+,QTOF
COc1ccc(-c2coc3cc(OC4OC(CO)C(O)C(O)C4O)ccc3c2=O)cc1,calibration,candidate,,MGJLSBDCWOSMHL,[M+H]+,QTOF
CC[C@H](C)[C@H](NC(=O)Cc1c[nH]c2ccccc12)C(=O)O,calibration,candidate,,WPTUQMUCTTVOFW,[M+H]+,QTOF
O=C(O)CC(=O)OCC1OC(Oc2cc(O)c3c(=O)c(-c4ccc(O)cc4)coc3c2)C(O)C(O)C1O,calibration,candidate,,FRAUJUKWSKMNJY,[M+H]+,QTOF
C[C@@H]1O[C@@H](OC[C@H]2O[C@@H](Oc3cc(O)c4c(c3)O[C@H](c3ccc(O)c(O)c3)CC4=O)[C@H](O)[C@@H](O)[C@@H]2O)[C@H](O)[C@H](O)[C@H]1O,calibration,candidate,,OMQADRGFMLGFJF,[M+H]+,QTOF
CC1OC(OCC2OC(Oc3cc(O)c4c(c3)OC(c3ccc(O)c(O)c3)CC4=O)C(O)C(O)C2O)C(O)C(O)C1O,calibration,candidate,,OMQADRGFMLGFJF,[M+H]+,Orbitrap
CC(C)CC(N)C(=O)NCC(=O)O,calibration,candidate,,LESXFEZIFXFIQR,[M+H]+,QTOF
O=c1c(O)c(-c2ccc(O[C@@H]3O[C@H](CO)[C@@H](O)[C@H](O)[C@H]3O)c(O)c2)oc2cc(O)cc(O)c12,calibration,candidate,,OIUBYZLTFSLSBY,[M+H]+,QTOF
O=c1c(O)c(-c2ccc(OC3OC(CO)C(O)C(O)C3O)c(O)c2)oc2cc(O)cc(O)c12,calibration,candidate,,OIUBYZLTFSLSBY,[M+H]+,QTOF
COc1ccc(/C=C/c2cc(OC)cc(OC)c2)cc1,calibration,candidate,,GDHNBPHYVRHYCC,[M+H]+,QTOF
C[C@H]1OC(Oc2cc(O)c3c(=O)c(O)c(-c4ccc(O)cc4)oc3c2)[C@@H](O)[C@@H](O)[C@@H]1O,calibration,candidate,,HQNOUCSPWAGQND,[M+H]+,QTOF
OC[C@H](Cc1cccc(O)c1)[C@H](CO)Cc1cccc(O)c1,calibration,candidate,,DWONJCNDULPHLV,[M+H]+,QTOF
C/C=C1\CN(C)[C@H]2C[C@@]3(C(=O)N(OC)c4ccccc43)[C@@H]3C[C@H]1[C@@H]2CO3,calibration,candidate,,SJKRPUOXUNOPOP,[M+H]+,QTOF
CCC(C)C(N)CC(=O)O,calibration,candidate,,JHEDYGILOIBOTL,[M+H]+,QTOF
COc1cc(C[C@H]2C(=O)OC[C@@H]2Cc2ccc(OC)c(OC)c2)ccc1O,calibration,candidate,,NQWVSMVXKMHKTF,[M+H]+,QTOF
COc1cc2c3c(c1OC)-c1cc4c(cc1C[C@@H]3N(C)CC2)OCO4,calibration,candidate,,WSVWKHTVFGTTKJ,[M+H]+,QTOF
NC(=O)CN1C[C@H]2C[C@@H](C1)c1cccc(=O)n1C2,calibration,candidate,,MRVHCCZFXHOQOT,[M+H]+,QTOF
C1CC[C@H]([C@]23C[C@@H](C[C@@H]4CCCN[C@H]42)[C@H]2CCCCN2C3)NC1,calibration,candidate,,YUKCLPPRYNXRAF,[M+H]+,QTOF
CC[C@H]1CN2CCc3c([nH]c4ccccc34)[C@H]2C[C@@H]1/C(=C\OC)C(=O)OC,calibration,candidate,,NMLUOJBSAYAYEM,[M+H]+,QTOF
O=c1cc(-c2ccc(O)c(O)c2)oc2c(C3OC(CO)C(O)C(O)C3O)c(O)c([C@@H]3O[C@H](CO)[C@@H](O)[C@H](O)[C@H]3O)c(O)c12,calibration,candidate,,ZLPSOQFIIQIIAX,[M+H]+,QTOF
COc1cc2ccc(=O)oc2cc1O,calibration,candidate,,RODXRVNMMDRFIK,[M+H]+,QTOF
O=C(O)C1Cc2c([nH]c3ccccc23)CN1,calibration,candidate,,FSNCEEGOMTYXKY,[M+H]+,QTOF
C/C=C1/CN2CC[C@]34C(=C(C=O)[C@H]1C[C@H]23)Nc1c(O)cccc14,calibration,candidate,,JDOFCMASVRMYJU,[M+H]+,QTOF
COc1ccc2cc1Oc1ccc(cc1)C[C@@H]1c3cc(c(OC)cc3CCN1C)Oc1c(OC)c(OC)c(OC)c3c1[C@H](C2)N(C)CC3,calibration,candidate,,FUZMQNZACIFDBL,[M+H]+,QTOF
CCC1=N[C@H]2C[C@@]3(C(=O)N(OC)c4ccccc43)[C@H]3C[C@@H]1[C@@H]2CO3,calibration,candidate,,BIGABVPVCRHEES,[M+H]+,QTOF
O=C(O)C(Cc1ccc(O)cc1)NCC1(O)OC(CO)C(O)C1O,calibration,candidate,,QLJKHQIODQKMNW,[M+H]+,QTOF
CC1(C(=O)O)CCC2(C)CCC3(C)C(=CC(=O)C4C5(C)CCC(OC6OC(C(=O)O)C(O)C(O)C6OC6OC(C(=O)O)C(O)C(O)C6O)C(C)(C)C5CCC43C)C2C1,calibration,candidate,,LPLVUJXQOOQHMX,[M+H]+,QTOF
CC(=O)Oc1ccc(/C=C/c2cc(OC(C)=O)cc(OC(C)=O)c2)cc1,calibration,candidate,,PDAYUJSOJIMKIS,[M+H]+,QTOF
O=c1c(O)c(-c2cc(O)c(O)c(O)c2)oc2cc(O)cc(O)c12,calibration,candidate,,IKMDFBPHZNJCSN,[M+H]+,QTOF
C[C@@H]1O[C@@H](O[C@H]2[C@H](Oc3cc(O)c4c(=O)cc(-c5ccc(O)cc5)oc4c3)O[C@H](CO)[C@@H](O)[C@@H]2O)[C@H](O)[C@H](O)[C@H]1O,calibration,candidate,,RPMNUQRUHXIGHK,[M+H]+,QTOF
CC1OC(OC2C(Oc3cc(O)c4c(=O)cc(-c5ccc(O)cc5)oc4c3)OC(CO)C(O)C2O)C(O)C(O)C1O,calibration,candidate,,RPMNUQRUHXIGHK,[M+H]+,QTOF
c1ccc2c3ccn4cc5c(cc4c-3nc2c1)CCCC5,calibration,candidate,,UQVUEULZDJRMJR,[M+H]+,QTOF
COc1ccc([C@@H]2CC(=O)c3c(O)cc(O)cc3O2)cc1O,calibration,candidate,,AIONOLUJZLIMTK,[M+H]+,QTOF
COc1ccc(C2CC(=O)c3c(O)cc(O)cc3O2)cc1O,calibration,candidate,,AIONOLUJZLIMTK,[M+H]+,Orbitrap
O=C1CC(c2ccccc2)Oc2ccc(O)cc21,calibration,candidate,,XYHWPQUEOOBIOW,[M+H]+,QTOF
C[C@@H]1O[C@@H](O[C@@H]2[C@@H](O)[C@H](Oc3c(-c4ccc(O)cc4)oc4cc(O)cc(O)c4c3=O)O[C@H](CO)[C@H]2O)[C@H](O)[C@H](O)[C@H]1O,calibration,candidate,,YFPYXTNSQOUHPS,[M+H]+,QTOF
CC1OC(OC2C(O)C(CO)OC(Oc3c(-c4ccc(O)cc4)oc4cc(O)cc(O)c4c3=O)C2O)C(O)C(O)C1O,calibration,candidate,,YFPYXTNSQOUHPS,[M+H]+,QTOF
CC(C)CC(NC(=O)Cc1c[nH]c2ccccc12)C(=O)O,calibration,candidate,,HCZNPUHZYPPINM,[M+H]+,QTOF
CC1(C)C[C@H]2C3=CC[C@@H]4[C@@]5(C)CC[C@H](O)[C@](C)(CO)[C@@H]5CC[C@@]4(C)[C@]3(C)CC[C@@]2(C)[C@H](O)[C@@H]1O,calibration,candidate,,CDDWAYFUFNQLRZ,[M+H]+,QTOF
COc1c(O)cc2c(c1O)[C@@H]1O[C@H](CO)[C@@H](O)[C@H](O)[C@H]1OC2=O,calibration,candidate,,YWJXCIXBAKGUKZ,[M+H]+,QTOF
COc1c(O)cc2c(c1O)C1OC(CO)C(O)C(O)C1OC2=O,calibration,candidate,,YWJXCIXBAKGUKZ,[M+H]+,Orbitrap
COc1ccc2c(c1OC)C(=O)O[C@@H]2[C@H]1c2cc3c(cc2CCN1C)OCO3,calibration,candidate,,JZUTXVTYJDCMDU,[M+H]+,QTOF
COc1ccc2c(c1OC)C(=O)OC2C1c2cc3c(cc2CCN1C)OCO3,calibration,candidate,,JZUTXVTYJDCMDU,[M+H]+,Orbitrap
COc1cc(C[C@@H](CO)[C@H](CO)Cc2ccc(O)c(OC)c2)ccc1O,calibration,candidate,,PUETUDUXMCLALY,[M+H]+,QTOF
C[C@@H]1O[C@@H](O[C@H]2[C@H](O[C@H]3CC[C@@]4(C)[C@@H](CC[C@]5(C)[C@@H]4CC=C4[C@@H]6CC(C)(C)CC[C@]6(C(=O)O)CC[C@]45C)[C@]3(C)CO)OC[C@H](O)[C@@H]2O)[C@H](O)[C@H](O)[C@H]1O,calibration,candidate,,KEOITPILCOILGM,[M+H]+,QTOF
CC[C@H]1CN2CC[C@@]3(C(=O)Nc4ccccc43)[C@@H]2C[C@@H]1/C(=C\OC)C(=O)OC,calibration,candidate,,DAXYUDFNWXHGBE,[M+H]+,QTOF
COc1cc2c(c(OC)c1OC)-c1c(cc(OC)c(OC)c1OC)CC(C)(O)C(C)C2,calibration,candidate,,YEFOAORQXAOVJQ,[M+H]+,QTOF
CCCCCCCCCCCCCCCC(=O)OCC(O)COP(=O)(O)OCCN,fit,excluded,chem:unsupported_element:P,YVYMBNSKXOXSKW,[M+H]+,QTOF
COc1ccc(-c2cc(=O)c3c(O)cc(O[C@@H]4O[C@H](CO[C@@H]5O[C@@H](C)[C@H](O)[C@@H](O)[C@H]5O)[C@@H](O)[C@H](O)[C@H]4O)cc3o2)cc1,calibration,candidate,,YFVGIJBUXMQFOF,[M+H]+,QTOF
COc1ccc(-c2cc(=O)c3c(O)cc(OC4OC(COC5OC(C)C(O)C(O)C5O)C(O)C(O)C4O)cc3o2)cc1,calibration,candidate,,YFVGIJBUXMQFOF,[M+H]+,QTOF
C[C@@H]1O[C@@H](OC[C@H]2O[C@@H](Oc3c(-c4ccc(O)cc4)oc4cc(O[C@@H]5O[C@@H](C)[C@H](O)[C@@H](O)[C@H]5O)cc(O)c4c3=O)[C@H](O)[C@@H](O)[C@H]2O)[C@H](O)[C@H](O)[C@H]1O,calibration,candidate,,PEFASEPMJYRQBW,[M+H]+,QTOF
C[C@@H]1O[C@@H](OC[C@H]2O[C@@H](Oc3c(-c4ccc(O)cc4)oc4cc(O[C@@H]5O[C@@H](C)[C@H](O)[C@@H](O)[C@H]5O)cc(O)c4c3=O)[C@@H](O)[C@@H](O)[C@H]2O)[C@H](O)[C@H](O)[C@H]1O,calibration,candidate,,PEFASEPMJYRQBW,[M+H]+,QTOF
CC1OC(OCC2OC(Oc3c(-c4ccc(O)cc4)oc4cc(OC5OC(C)C(O)C(O)C5O)cc(O)c4c3=O)C(O)C(O)C2O)C(O)C(O)C1O,calibration,candidate,,PEFASEPMJYRQBW,[M+H]+,QTOF
COc1cc(/C=C/C=O)cc(OC)c1O,calibration,candidate,,CDICDSOGTRCHMG,[M+H]+,QTOF
O=c1cc(-c2ccc(O)cc2)oc2c(C3O[C@@H](CO)[C@H](O)[C@H]3O)c(O)c(C3O[C@H](CO)[C@@H](O)[C@H](O)[C@H]3O)c(O)c12,calibration,candidate,,TUIJPUWSXVFWSH,[M+H]+,QTOF
COc1c2c(cc3c(-c4ccc5c(c4)OCO5)c4c(cc13)C(=O)OC4)OCO2,calibration,candidate,,VINGQMQXGDIELG,[M+H]+,QTOF
COc1ccc(-c2cc(=O)c3c(O)cc(O)cc3o2)cc1,calibration,candidate,,DANYIYRPLHHOCZ,[M+H]+,QTOF
C=C(C)[C@H]1CN[C@H](C(=O)O)[C@H]1CC(=O)O,calibration,candidate,,VLSMHEGGTFMBBZ,[M+H]+,QTOF
C=C(C)C1CNC(C(=O)O)C1CC(=O)O,calibration,candidate,,VLSMHEGGTFMBBZ,[M+H]+,Orbitrap
COc1ccc2cc1Oc1ccc(cc1)CC1=NCCc3cc(OC)c(cc31)Oc1c(OC)c(OC)c(OC)c3c1[C@H](C2)N(C)CC3,calibration,candidate,,YWNUNVSMOKMJMG,[M+H]+,QTOF
COc1cc([C@@H]2c3cc4c(cc3[C@@H](O[C@@H]3O[C@@H]5CO[C@@H](C)O[C@H]5[C@H](O)[C@H]3O)[C@H]3COC(=O)[C@H]23)OCO4)cc(OC)c1O,calibration,candidate,,VJJPUSNTGOMMGY,[M+H]+,QTOF
COc1cc(C2c3cc4c(cc3C(OC3OC5COC(C)OC5C(O)C3O)C3COC(=O)C23)OCO4)cc(OC)c1O,calibration,candidate,,VJJPUSNTGOMMGY,[M+H]+,QTOF
Oc1cc(O)c2c(c1)O[C@@H](c1ccc(O)c(O)c1)[C@@H](O)C2,fit,candidate,,PFTAWBLQPZVEMU,[M+H]+,QTOF
CC1(C)CC[C@]2(C(=O)O)CC[C@]3(C)C(=CC[C@@H]4[C@@]5(C)C[C@@H](O)[C@H](O)C(C)(C)[C@@H]5CC[C@]43C)[C@@H]2C1,calibration,candidate,,MDZKJHQSJHYOHJ,[M+H]+,QTOF
CC[C@H]1CN2CC[C@@]3(O)C(=Nc4cccc(OC)c43)[C@@H]2C[C@@H]1/C(=C\OC)C(=O)OC,calibration,candidate,,RYENLSMHLCNXJT,[M+H]+,QTOF
N[C@@H](Cn1oc(=O)[nH]c1=O)C(=O)O,calibration,candidate,,ASNFTDCKZKHJSW,[M+H]+,QTOF
NC(Cn1oc(=O)[nH]c1=O)C(=O)O,calibration,candidate,,ASNFTDCKZKHJSW,[M+H]+,QTOF
CC1OC(Oc2c(-c3ccc(O)c(O)c3)oc3cc(O)cc(O)c3c2=O)C(OC2OC(CO)C(O)C(O)C2O)C(O)C1O,calibration,candidate,,DFNXNCCYQRPZMD,[M+H]+,QTOF
C/C=C1/CN2[C@@H]3C4CO[C@@H]3c3c([nH]c5cc(OC)ccc35)[C@@H]2CC14,calibration,candidate,,XJTWLFBHBFSVRS,[M+H]+,QTOF
N#CC(OC1OC(COC2OC(CO)C(O)C(O)C2O)C(O)C(O)C1O)c1ccccc1,calibration,candidate,,XUCIJNAGGSZNQT,[M+H]+,QTOF
COc1cc(C(=O)OC2CC3CCC(C2)N3)ccc1O,calibration,candidate,,GWWGRYGNRKFSSX,[M+H]+,QTOF
COC(=O)C1=CO[C@@H](C)[C@@H]2CN3CC[C@]4(C(=O)Nc5ccccc54)[C@H]3C[C@H]12,calibration,candidate,,JMIAZDVHNCCPDM,[M+H]+,QTOF
C=CCc1ccc(O)c(-c2ccc(O)c(CC=C)c2)c1,calibration,candidate,,FVYXIJYOAGAUQK,[M+H]+,QTOF
COc1cc(-c2oc3cc(OC4OC(C)C(O)C(O)C4O)cc(O)c3c(=O)c2O)ccc1O,calibration,candidate,,XLQFMBLUUSGXQY,[M+H]+,QTOF
CC(=O)N1CCCC1C(=O)O,fit,candidate,,GNMSLDIYJOSUSW,[M+H]+,Orbitrap
C=C[C@]12CN(C)[C@@H]3[C@H]4CO[C@H](C[C@H]41)[C@]1(C(=O)N(OC)c4ccccc41)[C@@H]32,calibration,candidate,,SSSCMFCWHWCCEH,[M+H]+,QTOF
COc1ccc([C@@H]2CC(=O)c3c(O)cc(O[C@@H]4O[C@H](CO)[C@@H](O)[C@H](O)[C@H]4O[C@@H]4O[C@@H](C)[C@H](O)[C@@H](O)[C@H]4O)cc3O2)cc1O,calibration,candidate,,ARGKVCXINMKCAZ,[M+H]+,QTOF
CN1C2CCC1CC(OC(=O)C(CO)c1ccccc1)C2,fit,candidate,,RKUNBYITZUJHSG,[M+H]+,QTOF
O=c1c2ccccc2nc2n1CCC2,calibration,candidate,,VARHXCYGZKSOOO,[M+H]+,QTOF
COc1cc2ccc(=O)oc2c(OC)c1O,calibration,candidate,,HOEVRHHMDJKUMZ,[M+H]+,QTOF
O=C(O)C1C(O)CCC2CN3CCc4c([nH]c5ccccc45)C3CC21,calibration,candidate,,AADVZSXPNRLYLV,[M+H]+,QTOF
COc1ccc2cc1Oc1ccc(cc1)C[C@H]1c3cc(c(OC)cc3CCN1C)Oc1c(OC)c(OC)cc3c1[C@H](C2)N(C)CC3,calibration,candidate,,WVTKBKWTSCPRNU,[M+H]+,QTOF
COc1ccc2cc1Oc1ccc(cc1)CC1c3cc(c(OC)cc3CCN1C)Oc1c(OC)c(OC)cc3c1C(C2)N(C)CC3,calibration,candidate,,WVTKBKWTSCPRNU,[M+H]+,Orbitrap
CC[C@]12C=CCN3CCc4c(n(c5ccccc45)[C@](O)(C(=O)OC)C1)[C@@H]32,calibration,candidate,,BQGJXFQCMYJENQ,[M+H]+,QTOF
CSCCCCCCCN=C=S,calibration,candidate,,LDIRGNDMTOGVRB,[M+H]+,QTOF
CC1OC(Oc2c(-c3ccc(O)c(O)c3)oc3cc(O)cc(O)c3c2=O)C(OC2OC(COC(=O)/C=C/c3ccc(O)cc3)C(O)C(O)C2O)C(O)C1O,calibration,candidate,,LSMKTLJKBSXMMR,[M+H]+,QTOF
COc1cc(-c2cc(=O)c3c(O)cc(OC4OC(CO)C(O)C(O)C4OC4OC(C)C(O)C(O)C4O)cc3o2)cc(OC)c1O,calibration,candidate,,AIBMPOJXBGZIPQ,[M+H]+,QTOF
COc1cc(C(C)=O)cc(OC)c1O,calibration,candidate,,OJOBTAOGJIWAGB,[M+H]+,QTOF
C[C@@H]1O[C@@H](O[C@H]2[C@H](Oc3cc(O)c4c(c3)O[C@H](c3ccc(O)c(O)c3)CC4=O)O[C@H](CO)[C@@H](O)[C@@H]2O)[C@H](O)[C@H](O)[C@H]1O,calibration,candidate,,OBKKEZLIABHSGY,[M+H]+,QTOF
Cc1[nH]ccc2c1[nH]c1cc(=O)ccc12,calibration,candidate,,LBBJNGFCXDOYMQ,[M+H]+,QTOF
O=c1c(O[C@@H]2O[C@H](CO)[C@H](O)[C@H](O)[C@H]2O)c(-c2ccc(O)c(O)c2)oc2cc(O)cc(O)c12,fit,candidate,,OVSQVDMCBVZWGM,[M+H]+,QTOF
CC(C)C(N)C(=O)NC(C(=O)O)C(C)C,calibration,candidate,,KRNYOVHEKOBTEF,[M+H]+,QTOF
COc1cc(-c2oc3cc(=O)cc(O)c-3cc2O[C@@H]2O[C@H](CO)[C@H](O)[C@H](O)[C@H]2O)ccc1O,calibration,candidate,,ZZWPMFROUHHAKY,[M+H]+,QTOF
CCC12CCCN3CCc4c(n(c5ccccc45)C(=O)C1)C32,calibration,candidate,,WYJAPUKIYAZSEM,[M+H]+,QTOF
CC(C)[C@](O)(C(=O)OC[C@H]1CC[N+]2([O-])CCC[C@@H]12)C(C)O,calibration,excluded,chem:unsupported_charge,DLNWZIVYKQXLTN,[M+H]+,QTOF
O=C(/C=C/c1ccc(O)cc1)c1ccc(O)cc1O,calibration,candidate,,DXDRHHKMWQZJHT,[M+H]+,QTOF
O=C(C=Cc1ccc(O)cc1)c1ccc(O)cc1O,calibration,candidate,,DXDRHHKMWQZJHT,[M+H]+,Orbitrap
COC(=O)C1CC23CCCN4CCC5(c6ccccc6NC15C2C)C43,calibration,candidate,,CZLWGXKWXLVFJU,[M+H]+,QTOF
O=C(O)c1cc2c(c3c1c([N+](=O)[O-])cc1ccc(O)cc13)OCO2,calibration,excluded,chem:unsupported_charge,NBFGYDJKTHENDP,[M+H]+,QTOF
O=C1OC[C@@H](Cc2cccc(O)c2)[C@@H]1Cc1cccc(O)c1,calibration,candidate,,HVDGDHBAMCBBLR,[M+H]+,QTOF
COc1ccc([C@@H]2CC(=O)c3c(O)cc(O[C@@H]4O[C@H](CO[C@@H]5O[C@@H](C)[C@H](O)[C@@H](O)[C@H]5O)[C@@H](O)[C@H](O)[C@H]4O)cc3O2)cc1O,calibration,candidate,,QUQPHWDTPGMPEX,[M+H]+,QTOF
COc1ccc(C2CC(=O)c3c(O)cc(OC4OC(COC5OC(C)C(O)C(O)C5O)C(O)C(O)C4O)cc3O2)cc1O,calibration,candidate,,QUQPHWDTPGMPEX,[M+H]+,QTOF
COc1c(O)cc2occ(-c3ccc(O)cc3)c(=O)c2c1O,calibration,candidate,,OBBCRPUNCUPUOS,[M+H]+,QTOF
N#C[C@H](O[C@@H]1O[C@H](CO[C@@H]2O[C@H](CO)[C@@H](O)[C@H](O)[C@H]2O)[C@@H](O)[C@H](O)[C@H]1O)c1ccccc1,calibration,candidate,,XUCIJNAGGSZNQT,[M+H]+,QTOF
COc1ccc(/C=C/C(=O)O)cc1OC,calibration,candidate,,HJBWJAPEBGSQPR,[M+H]+,QTOF
COc1ccc(C=CC(=O)O)cc1OC,calibration,candidate,,HJBWJAPEBGSQPR,[M+H]+,Orbitrap
COc1cc(-c2oc3cc(=O)cc(O)c-3cc2OC2OCC(O)C(O)C2O)ccc1O,calibration,candidate,,KRUPPTWQKIEURV,[M+H]+,QTOF
O=C(O)CC(=O)OCC1OC(Oc2c(-c3ccc(O)c(O)c3)oc3cc(O)cc(O)c3c2=O)C(O)C(O)C1O,calibration,candidate,,NBQPHANHNTWDML,[M+H]+,QTOF
COc1ccc(-c2coc3cc(O)c(CC=C(C)C)c(O)c3c2=O)cc1,calibration,candidate,,JQNSUDIGIIGIOL,[M+H]+,QTOF
COc1ccc(-c2cc(=O)c3c(O)cc(OC4O[C@H](CO)[C@@H](O)[C@H](O)C4O[C@@H]4O[C@@H](C)[C@H](O)[C@@H](O)[C@H]4O)cc3o2)cc1O,calibration,candidate,,VCCNKWWXYVWTLT,[M+H]+,QTOF
COc1ccc(-c2oc3c(CC=C(C)C)c(O[C@@H]4O[C@H](CO)[C@@H](O)[C@H](O)[C@H]4O)cc(O)c3c(=O)c2O[C@@H]2O[C@@H](C)[C@H](O)[C@@H](O)[C@H]2O)cc1,calibration,candidate,,TZJALUIVHRYQQB,[M+H]+,QTOF
OCC1O[C@@H](Oc2cc(O)cc(/C=C/c3ccc(O)cc3)c2)C(O)[C@@H](O)[C@@H]1O,calibration,candidate,,HSTZMXCBWJGKHG,[M+H]+,QTOF
CCC1C2CCN3CCC4(C(=C2C(=O)OC)Nc2ccccc24)C13,calibration,candidate,,RLAKWLFUMAABBE,[M+H]+,QTOF
C/C=C1\CN2[C@H]3C[C@H]1[C@H](CO)[C@@H]2Cc1c3[nH]c2ccccc12,calibration,candidate,,VXTDUGOBAOLMED,[M+H]+,QTOF
COc1cc(O)c2c(=O)c(O)c(-c3ccc(O)c(O)c3)oc2c1,calibration,candidate,,JGUZGNYPMHHYRK,[M+H]+,QTOF
C=C[C@@]12CN(C)[C@H]3C[C@]14C(=Nc1ccccc14)[C@@H]1C[C@@H]2[C@@H]3CO1,calibration,candidate,,VTLYEMHGPMGUOT,[M+H]+,QTOF
CC1OC(OCC2OC(Oc3c(-c4ccccc4O)oc4cc(O)cc(O)c4c3=O)C(O)C(O)C2O)C(O)C(O)C1O,calibration,candidate,,BJJCTXDEJUWVIC,[M+H]+,QTOF
CN1c2ccccc2C(=O)N2CCc3c([nH]c4ccccc34)[C@H]21,calibration,candidate,,TXDUTHBFYKGSAH,[M+H]+,QTOF
COc1ccc(C(=O)OC2CC3CCC(C2)N3C)cc1OC,calibration,candidate,,AEFPCFUCFQBXDQ,[M+H]+,QTOF
O=C1CC(c2ccc(O)c(O)c2)Oc2cc(O[C@@H]3O[C@H](CO)[C@@H](O)[C@H](O)[C@H]3O)cc(O)c21,calibration,candidate,,RAFHNDRXYHOLSH,[M+H]+,QTOF
O=C1CC(c2ccc(O)c(O)c2)Oc2cc(OC3OC(CO)C(O)C(O)C3O)cc(O)c21,calibration,candidate,,RAFHNDRXYHOLSH,[M+H]+,QTOF
C[C@@H]1O[C@@H](OC[C@H]2O[C@@H](Oc3cc(O)c4c(c3)O[C@H](c3ccc(O)cc3)CC4=O)[C@H](O)[C@@H](O)[C@@H]2O)[C@H](O)[C@H](O)[C@H]1O,calibration,candidate,,HXTFHSYLYXVTHC,[M+H]+,QTOF
O=C(O)c1ccc(=O)[nH]c1,calibration,candidate,,BLHCMGRVFXRYRN,[M+H]+,QTOF
CN1C2CCC1CC(OC(=O)C(O)c1ccccc1)C2,calibration,candidate,,ZTVIKZXZYLEVOL,[M+H]+,QTOF
CCCCCCCC(O)SCC(NC(=O)CCC(N)C(=O)O)C(=O)NCC(=O)O,calibration,candidate,,APSYQIWGNKNOQE,[M+H]+,QTOF
O=c1c(O[C@@H]2O[C@H](CO[C@@H]3OC[C@H](O)[C@H](O)[C@H]3O)[C@@H](O)[C@H](O)[C@H]2O)c(-c2ccc(O)c(O)c2)oc2cc(O)cc(O)c12,calibration,candidate,,YNMFDPCLPIMRFD,[M+H]+,QTOF
O=c1c(OC2OC(COC3OCC(O)C(O)C3O)C(O)C(O)C2O)c(-c2ccc(O)c(O)c2)oc2cc(O)cc(O)c12,calibration,candidate,,YNMFDPCLPIMRFD,[M+H]+,QTOF
CC(C)=CC/C=C(/C)[C@H]1CC[C@@]2(C)[C@@H]1[C@@H](O)CC1[C@@]3(C)CCC(O[C@@H]4O[C@H](CO)[C@@H](O)[C@H](O)[C@H]4O)C(C)(C)C3CC[C@]12C,calibration,candidate,,PHLXREOMFNVWOH,[M+H]+,QTOF
C=C1[C@@H](O)[C@]23C[C@@H]1[C@@H](O)C[C@H]2[C@@]12C4[C@@H]3C[C@@H]1[C@@](C)(CC[C@@H]2O)CN4CC,calibration,candidate,,AZAZKLKDEOMJBJ,[M+H]+,QTOF
C=C1C2CC3(C1O)C1CC4C5(C)CCC(O)C4(C1N(CC)C5)C3CC2O,calibration,candidate,,AZAZKLKDEOMJBJ,[M+H]+,QTOF
COc1ccc2c3c([nH]c2c1)C(C)=NCC3,calibration,candidate,,RERZNCLIYCABFS,[M+H]+,QTOF
COC(=O)C1=CO[C@@H](O[C@@H]2OC(CO)[C@@H](O)[C@@H](O)C2O)[C@@H]2C(CO)=CC[C@H]12,calibration,candidate,,IBFYXTRXDNAPMM,[M+H]+,QTOF
C[C@]12CC[C@H](O)C[C@H]1CC[C@@H]1[C@@H]2CC[C@]2(C)[C@@H](c3ccc(=O)oc3)C[C@H]3O[C@]132,calibration,candidate,,ATLJNLYIJOCWJE,[M+H]+,QTOF
CC(=O)Oc1ccc(C=Cc2cc(OC(C)=O)cc(OC(C)=O)c2)cc1,calibration,candidate,,PDAYUJSOJIMKIS,[M+H]+,QTOF
COc1ccc([C@@H]2CC(=O)c3c(O)cc(O)cc3O2)cc1,calibration,candidate,,HMUJXQRRKBLVOO,[M+H]+,QTOF
COc1ccc(C2CC(=O)c3c(O)cc(O)cc3O2)cc1,calibration,candidate,,HMUJXQRRKBLVOO,[M+H]+,Orbitrap
CC[C@@]1(O)C(=O)OCc2c1cc1n(c2=O)Cc2cc3c([N+](=O)[O-])cccc3nc2-1,calibration,excluded,chem:unsupported_charge,VHXNKPBCCMUMSW,[M+H]+,QTOF
COc1cccc(/C=C/C(=O)O)c1,calibration,candidate,,LZPNXAULYJPXEH,[M+H]+,QTOF
CC(NC(=O)Cc1c[nH]c2ccccc12)C(=O)O,calibration,candidate,,FBDCJLXTUCMFLF,[M+H]+,QTOF
O=c1c(O)c(-c2ccc(O)c(O)c2)oc2c(O[C@@H]3O[C@H](CO)[C@@H](O)[C@H](O)[C@H]3O)c(O)cc(O)c12,calibration,candidate,,SJRXVLUZMMDCNG,[M+H]+,QTOF
O=c1c(O)c(-c2ccc(O)c(O)c2)oc2c(OC3OC(CO)C(O)C(O)C3O)c(O)cc(O)c12,calibration,candidate,,SJRXVLUZMMDCNG,[M+H]+,QTOF
COc1ccc(-c2cc(=O)c3c(O)cc(O[C@@H]4O[C@H](CO[C@@H]5O[C@@H](C)[C@H](O)[C@@H](O)[C@H]5O)[C@@H](O)[C@H](O)[C@H]4O)cc3o2)cc1O,calibration,candidate,,GZSOSUNBTXMUFQ,[M+H]+,QTOF
COc1ccc(-c2cc(=O)c3c(O)cc(OC4OC(COC5OC(C)C(O)C(O)C5O)C(O)C(O)C4O)cc3o2)cc1O,calibration,candidate,,GZSOSUNBTXMUFQ,[M+H]+,Orbitrap
CCOC1OC(=O)c2cc3ccc4c(c3c(-c3ccc5c(c3)OCO5)c21)OCO4,calibration,candidate,,JJXCEOLNFSCNNE,[M+H]+,QTOF
CCCSSCC(NC(=O)CCC(N)C(=O)O)C(=O)NCC(=O)O,calibration,candidate,,RGNVWSYKJVPEEP,[M+H]+,QTOF
Oc1ccc(/C=C\c2cc(O)cc(O)c2)cc1,fit,candidate,,LUKBXSAWLPMMSZ,[M+H]+,QTOF
Oc1ccc(/C=C/c2cc(O)cc3c2[C@@H](c2cc(O)cc(O)c2)[C@H](c2ccc(O)cc2)O3)cc1,calibration,candidate,,FQWLMRXWKZGLFI,[M+H]+,QTOF
C[C@@H]1O[C@@H](Oc2c(-c3ccc(O)cc3)oc3cc(O)cc(O)c3c2=O)[C@H](O)[C@H](O)[C@H]1O,calibration,candidate,,SOSLMHZOJATCCP,[M+H]+,QTOF
CC1OC(Oc2c(-c3ccc(O)cc3)oc3cc(O)cc(O)c3c2=O)C(O)C(O)C1O,calibration,candidate,,SOSLMHZOJATCCP,[M+H]+,QTOF
O=C1/C(=C/c2ccc(O)c(O)c2)Oc2c1ccc(O[C@@H]1O[C@H](CO)[C@@H](O)[C@H](O)[C@H]1O)c2O,calibration,candidate,,SYRURBPRFQUYQS,[M+H]+,QTOF
O=C1C(=Cc2ccc(O)c(O)c2)Oc2c1ccc(OC1OC(CO)C(O)C(O)C1O)c2O,calibration,candidate,,SYRURBPRFQUYQS,[M+H]+,QTOF
O=C1CC(c2ccc(O)cc2)Oc2cc(O)ccc21,calibration,candidate,,FURUXTVZLHCCNA,[M+H]+,QTOF
O=c1cc[nH]c(=O)[nH]1,calibration,candidate,,ISAKRJDGNUQOIC,[M+H]+,Orbitrap
O=c1cc2oc(-c3ccc(O)cc3)ccc-2c(O)c1,calibration,candidate,,ZKMZBAABQFUXFE,[M+H]+,QTOF
CS(=O)CCCCN=C=S,calibration,excluded,chem:hypervalent,SUVMJBTUFCVSAD,[M+H]+,QTOF
O=C(O)c1ccncc1,calibration,candidate,,TWBYWOBDOCUKOW,[M+H]+,QTOF
COc1ccc(C(C)=O)c(O)c1,calibration,candidate,,UILPJVPSNHJFIK,[M+H]+,QTOF
C[C@H]1O[C@@H](O[C@H]2CC[C@@]3(C)[C@@H](CC[C@]4(C)[C@@H]3C=CC3=C5CC(C)(C)CC[C@]5(CO)[C@H](O)C[C@]34C)[C@]2(C)CO)[C@H](O)[C@@H](O[C@@H]2O[C@H](CO)[C@@H](O)[C@H](O)[C@H]2O)[C@H]1O,calibration,candidate,,WRYJYFCCMSVEPQ,[M+H]+,QTOF
COc1ccc(-c2oc3cc(O)cc(O)c3c(=O)c2O)cc1,calibration,candidate,,SQFSKOYWJBQGKQ,[M+H]+,QTOF
COc1ccc([C@@H]2CC(=O)c3c(O)cc(O[C@@H]4O[C@H](CO[C@@H]5O[C@@H](C)[C@H](O)[C@@H](O)[C@H]5O)[C@@H](O)[C@H](O)[C@H]4O)cc3O2)cc1,calibration,candidate,,RMCRQBAILCLJGU,[M+H]+,QTOF
CC(C)CC1NC(=O)C2CCCN2C1=O,calibration,candidate,,SZJNCZMRZAUNQT,[M+H]+,QTOF
N#CCc1c[nH]c2ccccc12,calibration,candidate,,DMCPFOBLJMLSNX,[M+H]+,QTOF
CC[C@]12C=CCN3CC[C@]4(C(=C(C(=O)OC)C1)Nc1ccccc14)[C@@H]32,calibration,candidate,,FNGGIPWAZSFKCN,[M+H]+,QTOF
COC(=O)[C@]1(O)C[C@@]23CCCN4CC[C@@]5(c6ccc7c(c6N[C@]15CC2)OCO7)[C@@H]43,calibration,candidate,,JVIKUDVTJCANPX,[M+H]+,QTOF
Cc1c2ccncc2c(C)c2c1[nH]c1ccccc12,calibration,candidate,,CTSPAMFJBXKSOY,[M+H]+,QTOF
O=c1c2ccccc2nc2n1CCC2O,calibration,candidate,,SDIVYZXRQHWCKF,[M+H]+,QTOF
C=C1CCC2(C(C)C)CC12,calibration,candidate,,NDVASEGYNIMXJL,[M+H]+,Orbitrap
CCOC(=O)Oc1c(OC)cc(C(=O)OC2CC3CN4CCc5c([nH]c6cc(OC)ccc56)C4CC3C(C(=O)OC)C2OC)cc1OC,calibration,candidate,,ZCDNRPPFBQDQHR,[M+H]+,QTOF
O=P(O)(O)OC[C@H]1O[C@@H](O)[C@@H](O)[C@@H](O)[C@@H]1O,fit,excluded,chem:unsupported_element:P,NBSCHQHZLSJFNQ,[M+H]+,QTOF
O=P(O)(O)OCC1OC(O)C(O)C(O)C1O,fit,excluded,chem:unsupported_element:P,NBSCHQHZLSJFNQ,[M+H]+,QTOF
O=P(O)(O)OC[C@H]1OC(O)[C@@H](O)[C@@H](O)[C@@H]1O,fit,excluded,chem:unsupported_element:P,NBSCHQHZLSJFNQ,[M+H]+,Orbitrap
C=C[C@H]1CN2CCc3c([nH]c4ccccc34)[C@H]2C[C@@H]1/C(=C\OC)C(=O)OC,calibration,candidate,,TZUGIFAYWNNSAO,[M+H]+,QTOF
COc1ccc2c(c1)OC(OC1OC(CO)C(O)C(O)C1O)C(=O)N2OC,calibration,candidate,,UOASSFRPBORTCT,[M+H]+,QTOF
COc1cc(CC(COC2OC(CO)C(O)C(O)C2O)C(COC2OC(CO)C(O)C(O)C2O)Cc2ccc(O)c(OC)c2)ccc1O,calibration,candidate,,SBVBJPHMDABKJV,[M+H]+,QTOF
O=C(O)c1cc2c(c3c1c([N+](=O)[O-])cc1ccccc13)OCO2,calibration,excluded,chem:unsupported_charge,MEEXETVZNQYRSP,[M+H]+,QTOF
CCC(C)C(NCC1(O)OC(CO)C(O)C1O)C(=O)O,calibration,candidate,,VYGRYVGDPYFVCA,[M+H]+,QTOF
O=C(O)c1cc(O)ccc1O,calibration,candidate,,WXTMDXOMEHJXQO,[M+H]+,QTOF
O=C(/C=C/c1ccccc1)c1ccccc1,calibration,candidate,,DQFBYFPFKXHELB,[M+H]+,QTOF
C[C@H]1OC(O)[C@H](O)[C@@H](O)[C@H]1O,calibration,candidate,,SHZGCJCMOBCMKK,[M+H]+,QTOF
CC1OC(O)C(O)C(O)C1O,calibration,candidate,,SHZGCJCMOBCMKK,[M+H]+,QTOF
COc1c2c(cc3c1OCO3)CCN(C)C2,calibration,candidate,,XXANNZJIZQTCBP,[M+H]+,QTOF
NCCCCNC(=O)C=Cc1ccc(O)c(O)c1,calibration,candidate,,KTZNZCYTXQYEHT,[M+H]+,QTOF
C=CCc1ccc(O)c(-c2cc(CC=C)ccc2O)c1,calibration,candidate,,VVOAZFWZEDHOOU,[M+H]+,QTOF
CN1CCc2cc3c(c4c2C1Cc1ccccc1-4)OCO3,calibration,candidate,,JCTYWRARKVGOBK,[M+H]+,QTOF
C[C@]12CC[C@H](O)C[C@H]1CC[C@@H]1[C@@H]2CC[C@]2(C)[C@@H](c3ccc(=O)oc3)CC[C@]12O,calibration,candidate,,QEEBRPGZBVVINN,[M+H]+,QTOF
CC12CCC(O)CC1CCC1C2CCC2(C)C(c3ccc(=O)oc3)CCC12O,calibration,candidate,,QEEBRPGZBVVINN,[M+H]+,QTOF
COc1cc(-c2oc3cc(O)cc(O)c3c(=O)c2O[C@@H]2O[C@H](CO)[C@@H](O)[C@H](O)[C@H]2O)cc(OC)c1O,calibration,candidate,,JMFWYRWPJVEZPV,[M+H]+,QTOF
COc1cc(-c2oc3cc(O)cc(O)c3c(=O)c2OC2OC(CO)C(O)C(O)C2O)cc(OC)c1O,calibration,candidate,,JMFWYRWPJVEZPV,[M+H]+,QTOF
COCC=C1CN2C3CC45C(=Nc6c(OC)cc(OC)c(OC)c64)OCC3C1CC25,calibration,candidate,,RIMDDIPKIZTBHU,[M+H]+,QTOF
COc1cc(-c2oc3cc(O)cc(O)c3c(=O)c2O[C@@H]2O[C@H](CO)[C@@H](O)[C@H](O)[C@H]2O)ccc1O,calibration,candidate,,CQLRUIIRRZYHHS,[M+H]+,QTOF
COc1cc(-c2oc3cc(O)cc(O)c3c(=O)c2OC2OC(CO)C(O)C(O)C2O)ccc1O,calibration,candidate,,CQLRUIIRRZYHHS,[M+H]+,QTOF
Oc1cc(O)c2c(c1)O[C@H](c1ccc(O)c(O)c1)[C@H](O)[C@H]2c1c(O)cc(O)c2c1O[C@H](c1ccc(O)c(O)c1)[C@H](O)C2,calibration,candidate,,XFZJEEAOWLFHDH,[M+H]+,QTOF
Oc1cc(O)c2c(c1)OC(c1ccc(O)c(O)c1)C(O)C2c1c(O)cc(O)c2c1OC(c1ccc(O)c(O)c1)C(O)C2,calibration,candidate,,XFZJEEAOWLFHDH,[M+H]+,QTOF
CCCCCC=CCC=CCCCCCCCC(=O)OCC(O)COP(=O)([O-])OCC[N+](C)(C)C,calibration,excluded,chem:unsupported_element:P,SPJFYYJXNPEZDW,[M+H]+,QTOF
Oc1ccc(C=Cc2cc(O)cc3c2C(c2cc(O)cc(O)c2)C(c2ccc(O)cc2)O3)cc1,calibration,candidate,,FQWLMRXWKZGLFI,[M+H]+,QTOF
C[C@]1(C(=O)O)CC[C@]2(C)CC[C@]3(C)C(=CC(=O)[C@@H]4[C@@]5(C)CC[C@H](O[C@@H]6O[C@H](C(=O)O)[C@@H](O)[C@H](O)[C@H]6O[C@@H]6O[C@H](C(=O)O)[C@@H](O)[C@H](O)[C@H]6O)[C@](C)(CO)[C@@H]5CC[C@]43C)[C@@H]2C1,calibration,candidate,,WBQVRPYEEYUEBQ,[M+H]+,QTOF
C[C@@H]1O[C@@H](O[C@@H]2[C@@H](O)[C@H](C)O[C@@H](OC[C@H]3O[C@@H](Oc4c(-c5ccc(O)cc5)oc5cc(O)cc(O)c5c4=O)[C@H](O)[C@@H](O)[C@H]3O)[C@@H]2O)[C@H](O)[C@H](O)[C@H]1O,calibration,candidate,,UYVBMGULWGRDQT,[M+H]+,QTOF
CC1OC(OC2C(O)C(C)OC(OCC3OC(Oc4c(-c5ccc(O)cc5)oc5cc(O)cc(O)c5c4=O)C(O)C(O)C3O)C2O)C(O)C(O)C1O,calibration,candidate,,UYVBMGULWGRDQT,[M+H]+,QTOF
C=C[C@@H]1CN2CC[C@@H]1C[C@H]2[C@H](O)c1ccnc2ccc(OC)cc12,fit,candidate,,LOUPRKONTZGTKE,[M+H]+,QTOF
CC(C(=O)O)C(N)C(=O)O,calibration,candidate,,LXRUAYBIUSUULX,[M+H]+,QTOF
COc1cc2c(cc1O)C[C@H]1c3c(cc(O)c(OC)c3-2)CCN1C,calibration,candidate,,LZJRNLRASBVRRX,[M+H]+,QTOF
COc1cc2c(cc1O)CC1c3c(cc(O)c(OC)c3-2)CCN1C,calibration,candidate,,LZJRNLRASBVRRX,[M+H]+,Orbitrap
O=c1cc2oc(-c3ccc(O)c(O)c3)ccc-2c(O)c1,calibration,candidate,,GDNIGMNXEKGFIP,[M+H]+,QTOF
COc1cc(/C=C/c2ccc(O)cc2)cc(OC)c1,calibration,candidate,,VLEUZFDZJKSGMX,[M+H]+,QTOF
O=C(C=Cc1ccccc1)c1ccccc1,calibration,candidate,,DQFBYFPFKXHELB,[M+H]+,QTOF
C[C@H]1CCC([C@@H](C)[C@H]2CC[C@H]3[C@@H]4CC(=O)[C@H]5C[C@@H](O)CC[C@]5(C)[C@H]4CC[C@]23C)=NC1,calibration,candidate,,QAGPPGDCPAPQLW,[M+H]+,QTOF
O[C@@H]1[C@@H](O)[C@@H]2OC[C@@H](O2)[C@H]1O,calibration,candidate,,TWNIBLMWSKIRAT,[M+H]+,QTOF
CC(C)=CCC[C@](C)(O[C@@H]1O[C@H](CO)[C@@H](O)[C@H](O)[C@H]1O)[C@H]1CC[C@]2(C)[C@@H]1[C@H](O)C[C@@H]1[C@@]3(C)CC[C@H](O)C(C)(C)[C@@H]3[C@@H](O)C[C@]12C,calibration,candidate,,XNGXWSFSJIQMNC,[M+H]+,QTOF
COC1=C[C@@H]2[C@@H]3Cc4ccc(OC)c(O)c4[C@]2(CCN3C)CC1=O,calibration,candidate,,INYYVPJSBIVGPH,[M+H]+,QTOF
COC1=CC2C3Cc4ccc(OC)c(O)c4C2(CCN3C)CC1=O,calibration,candidate,,INYYVPJSBIVGPH,[M+H]+,Orbitrap
O=c1cc(-c2ccc(O)cc2)oc2cc(O[C@@H]3O[C@H](CO)[C@@H](O)[C@H](O)[C@H]3O)c([C@@H]3O[C@H](CO)[C@@H](O)[C@H](O)[C@H]3O)c(O)c12,calibration,candidate,,HGUVPEBGCAVWID,[M+H]+,QTOF
O=c1cc(-c2ccc(O)cc2)oc2cc(OC3OC(CO)C(O)C(O)C3O)c(C3OC(CO)C(O)C(O)C3O)c(O)c12,calibration,candidate,,HGUVPEBGCAVWID,[M+H]+,Orbitrap
COc1cc([C@@H]2c3cc4c(cc3[C@H](O)[C@H]3COC(=O)[C@H]23)OCO4)cc(OC)c1OC,calibration,candidate,,YJGVMLPVUAXIQN,[M+H]+,QTOF
COc1cc(C2c3cc4c(cc3C(O)C3COC(=O)C23)OCO4)cc(OC)c1OC,calibration,candidate,,YJGVMLPVUAXIQN,[M+Na]+,Orbitrap
COc1cc(C=CC(=O)O)cc(OC)c1,calibration,candidate,,VLSRUFWCGBMYDJ,[M+H]+,QTOF
CC(=O)OC[C@H]1O[C@@H](Oc2c(-c3ccc(O)c(O)c3)oc3cc(O)cc(O)c3c2=O)[C@H](O)[C@@H](O)[C@@H]1O,calibration,candidate,,IGLUNMMNDNWZOA,[M+H]+,QTOF
CC(=O)OCC1OC(Oc2c(-c3ccc(O)c(O)c3)oc3cc(O)cc(O)c3c2=O)C(O)C(O)C1O,calibration,candidate,,IGLUNMMNDNWZOA,[M+H]+,QTOF
O=c1c(OC2OC(CO)C(O)C(O)C2O)c(-c2cc(O)c(O)c(O)c2)oc2cc(O)cc(O)c12,calibration,candidate,,FOHXFLPXBUAOJM,[M+H]+,QTOF
N[C@@H]1[C@@H](O)[C@H](O)[C@@H](CO)O[C@H]1O,fit,candidate,,MSWZFWKMSRAUBD,[M+H]+,Orbitrap
O=C/C=C/c1ccc(O)cc1,calibration,candidate,,CJXMVKYNVIGQBS,[M+H]+,QTOF
C=C1CCC[C@]2(C)C[C@]3(O)OC(=O)C(C)=C3C[C@@H]12,calibration,candidate,,FBMORZZOJSDNRQ,[M+H]+,QTOF
COc1ccc(C=Cc2cc(OC)cc(OC)c2)cc1,calibration,candidate,,GDHNBPHYVRHYCC,[M+H]+,QTOF
O=CCc1c[nH]c2ccccc12,calibration,candidate,,WHOOUMGHGSPMGR,[M+H]+,QTOF
COc1cc2c3cc1Oc1c(OC)c(OC)cc4c1C(Cc1ccc(cc1)Oc1cc(ccc1O)C[C@H]3N(C)CC2)N(C)CC4,calibration,candidate,,HGNHIFJNOKGSKI,[M+H]+,QTOF
C=C[C@@H]1C2=CCOC(=O)C2=CO[C@H]1O[C@@H]1O[C@H](CO)[C@@H](O)[C@H](O)[C@H]1O,calibration,candidate,,DUAGQYUORDTXOR,[M+H]+,QTOF
O=C1CC(c2ccccc2O)Oc2ccccc21,calibration,candidate,,KZKWCKFDCPVDFJ,[M+H]+,QTOF
COc1ccc(-c2cc(=O)c3c(O)cc(O[C@@H]4O[C@H](CO)[C@@H](O)[C@H](O)[C@H]4O[C@@H]4O[C@@H](C)[C@H](O)[C@@H](O)[C@H]4O)cc3o2)cc1,calibration,candidate,,MLWDGPFGTFOLRJ,[M+H]+,QTOF
COc1ccc(-c2cc(=O)c3c(O)cc(OC4OC(CO)C(O)C(O)C4OC4OC(C)C(O)C(O)C4O)cc3o2)cc1,calibration,candidate,,MLWDGPFGTFOLRJ,[M+H]+,QTOF
COC(=O)C1=CO[C@@H](C)[C@H]2CN3CC[C@]4(C(=O)Nc5ccccc54)[C@@H]3C[C@H]12,calibration,candidate,,JMIAZDVHNCCPDM,[M+H]+,QTOF
COc1cc(-c2oc3cc(O)cc(O)c3c(=O)c2OC2OC(COC3OC(C)C(O)C(O)C3O)C(O)C(O)C2O)ccc1O,calibration,candidate,,UIDGLYUNOUKLBM,[M+H]+,QTOF
COc1cc(-c2oc3cc(O)cc(O)c3c(=O)c2O[C@@H]2O[C@H](CO[C@@H]3O[C@@H](C)[C@H](O)[C@@H](O)[C@H]3O)[C@H](O)[C@H](O)[C@H]2O)ccc1O,calibration,candidate,,UIDGLYUNOUKLBM,[M+H]+,QTOF
COc1cc(/C=C/C(=O)N2CCC=CC2=O)cc(OC)c1OC,calibration,candidate,,VABYUUZNAVQNPG,[M+H]+,QTOF
COc1cc(C=CC(=O)N2CCC=CC2=O)cc(OC)c1OC,calibration,candidate,,VABYUUZNAVQNPG,[M+Na]+,Orbitrap
CC(=O)NCCCNCCCCNCCCN,calibration,candidate,,GUNURVWAJRRUAV,[M+H]+,QTOF
COc1cccc2c(=O)c3ccoc3n(C)c12,calibration,candidate,,VNBUMBNLPGLBML,[M+H]+,QTOF
COC(=O)C1=CO[C@@H](C)[C@@H]2CN3CC[C@]4(C(=O)Nc5ccccc54)[C@@H]3C[C@H]12,calibration,candidate,,JMIAZDVHNCCPDM,[M+H]+,QTOF
CN1c2cc(O)c(N=NC(N)=O)cc2CC1S(=O)(=O)O,calibration,excluded,chem:hypervalent,OZCACMPSTYQSMM,[M+H]+,QTOF
CC(C)=CCC/C(C)=C/CC/C(C)=C/CC[C@]1(C)CCc2cc(O)cc(C)c2O1,calibration,candidate,,ODADKLYLWWCHNB,[M+Na]+,missing
CC1(C)[C@@H](O[C@H]2O[C@H](C(=O)O)[C@@H](O)[C@H](O)[C@H]2O[C@@H]2O[C@H](C(=O)O)[C@@H](O)[C@H](O)[C@H]2O)CC[C@]2(C)[C@H]3C(=O)C=C4[C@@H]5C[C@@](C)(C(=O)O)CC[C@]5(C)CC[C@@]4(C)[C@]3(C)CC[C@@H]12,calibration,candidate,,LPLVUJXQOOQHMX,[M+H]+,Orbitrap
CC1OC(Oc2cc(O)c3c(=O)c(OC4OC(CO)C(O)C(O)C4OC4OC(C)C(O)C(O)C4O)c(-c4ccc(O)c(O)c4)oc3c2)C(O)C(O)C1O,calibration,candidate,,WLPJMCCYDZFCBL,[M+H]+,QTOF
CC(C)=CCC=C(C)C1CCC2(C)C1C(O)CC1C3(C)CCC(OC4OC(CO)C(O)C(O)C4O)C(C)(C)C3CCC12C,calibration,candidate,,PHLXREOMFNVWOH,[M+H]+,Orbitrap
Nc1ncnc2c1ncn2[C@H]1C[C@H](O)[C@@H](COP(=O)(O)O)O1,fit,excluded,chem:unsupported_element:P,KHWCHTKSEGGWEX,[M+H]+,QTOF
c1ccc(NCC2CCCN2)cc1,calibration,candidate,,MCHWKJRTMPIHRA,[M+H]+,QTOF
CCO[C@H]1O[C@@H]2c3cc4c(cc3CCN(C)[C@@H]2c2ccc3c(c21)OCO3)OCO4,calibration,candidate,,RKBDCPZCGRWNMP,[M+H]+,QTOF
CC(C)[C@@](O)(C(=O)OCC1=CCN2CC[C@H](O)[C@@H]12)[C@@H](C)O,fit,candidate,,SFVVQRJOGUKCEG,[M+H]+,QTOF
COc1c(CC=C(C)C)c(O)cc2oc(=O)c(-c3ccc(O)cc3O)cc12,calibration,candidate,,NZYSZZDSYIBYLC,[M+H]+,Orbitrap
NCCCCCC(=O)O,calibration,candidate,,SLXKOJJOQWFEFD,[M+H]+,QTOF
COc1c(O)cc(O)c2c(=O)cc(-c3ccccc3)oc12,calibration,candidate,,XLTFNNCXVBYBSX,[M+H]+,QTOF
COc1cc2c(cc1OC)C(C)=NCC2,calibration,candidate,,VASUQTGZAPZKFK,[M+H]+,QTOF
NCCP(=O)(O)O,calibration,excluded,chem:unsupported_element:P,QQVDJLLNRSOCEL,[M+H]+,Orbitrap
O=c1c(OC2OCC(O)C(O)C2O)c(-c2ccc(O)c(O)c2)oc2cc(O)cc(O)c12,calibration,candidate,,PZZRDJXEMZMZFD,[M+H]+,QTOF
O=c1c(O[C@@H]2OC[C@H](O)[C@H](O)[C@H]2O)c(-c2ccc(O)c(O)c2)oc2cc(O)cc(O)c12,calibration,candidate,,PZZRDJXEMZMZFD,[M+H]+,QTOF
C=C1CC23CC4C5C6(C)CC(O)CC57C(C2C(O)C1C(O)C37)N4C6,calibration,candidate,,PIWJSAMCEMZIDO,[M+H]+,QTOF
O=c1c(OC2OC[C@@H](O)[C@H](O)[C@H]2O)c(-c2ccc(O)c(O)c2)oc2cc(O)cc(O)c12,calibration,candidate,,PZZRDJXEMZMZFD,[M+H]+,QTOF
COc1cc(/C=C/C(=O)O)ccc1O,calibration,candidate,,KSEBMYQBYZTDHS,[M+H]+,QTOF
COc1cc(C=CC(=O)O)ccc1O,calibration,candidate,,KSEBMYQBYZTDHS,[M+H]+,QTOF
CC(C)=CCc1c(O)cc(O)c2c1OC(c1ccc(O)cc1)CC2=O,fit,candidate,,LPEPZZAVFJPLNZ,[M+H]+,QTOF
O=c1cc(-c2ccccc2)oc2cc(O)c(O)c(O)c12,calibration,candidate,,FXNFHKRTJBSTCS,[M+H]+,QTOF
COc1cc(C=O)ccc1OC(C)=O,calibration,candidate,,PZSJOBKRSVRODF,[M+H]+,QTOF
O=C(O)c1cc(O)c(O)c(O)c1,calibration,candidate,,LNTHITQWFMADLM,[M+H]+,QTOF
C[N+](C)(C)CCOP(=O)([O-])OP(=O)(O)OCC1OC(n2ccc(N)nc2=O)C(O)C1O,calibration,excluded,chem:unsupported_charge,RZZPDXZPRHQOCG,[M+H]+,QTOF
C[N+](C)(C)CCOP(=O)([O-])OP(=O)(O)OC[C@H]1O[C@@H](n2ccc(N)nc2=O)[C@H](O)[C@@H]1O,calibration,excluded,chem:unsupported_charge,RZZPDXZPRHQOCG,[M+H]+,Orbitrap
C[N+](C)(C)CCOP(=O)(O)OP(=O)([O-])OC[C@H]1O[C@@H](n2ccc(N)nc2=O)[C@H](O)[C@@H]1O,calibration,excluded,chem:unsupported_charge,RZZPDXZPRHQOCG,[M+H]+,Orbitrap
O=c1c(-c2ccc(O)cc2)coc2c([C@@H]3O[C@H](CO)[C@@H](O)[C@H](O)[C@H]3O)c(O)ccc12,calibration,candidate,,HKEAFJYKMMKDOR,[M+H]+,QTOF
COc1cc(/C=C/C(=O)O)cc(OC)c1,calibration,candidate,,VLSRUFWCGBMYDJ,[M+H]+,QTOF
CC1=C(C)C(=O)O[C@@H]([C@@H](C)[C@@]2(O)CC[C@H]3[C@@H]4[C@@H]5O[C@@H]5[C@@]5(O)CC=CC(=O)[C@]5(C)[C@H]4CC[C@@]32C)C1,calibration,candidate,,FAZIYUIDUNHZRG,[M+H]+,QTOF
CC(C)=CCc1cc(C2CC(=O)c3c(O)cc(O)cc3O2)cc(O)c1O,calibration,candidate,,SFQIGPZCFNTPOD,[M+H]+,QTOF
COC(=O)[C@H]1[C@H]2C[C@H]3c4[nH]c5cc(OC)ccc5c4CCN3C[C@H]2C[C@@H](OC(=O)c2cc(OC)c(OC)c(OC)c2)[C@@H]1OC,fit,candidate,,QEVHRUUCFGRFIF,[M+H]+,QTOF
CC1=NCCc2c1[nH]c1cc(O)ccc21,calibration,candidate,,RHVPEFQDYMMNSY,[M+H]+,QTOF
O=C1NCC(=O)N2CCC[C@@H]12,calibration,candidate,,OWOHLURDBZHNGG,[M+H]+,QTOF
O=C1c2cccc(O)c2C(=O)c2c(O)cc(CO)cc21,calibration,candidate,,YDQWDHRMZQUTBA,[M+H]+,QTOF
CC(C)=CCc1c(O)cc(O)c(CC=C(C)C)c1CCc1ccc(O)c(O)c1,calibration,candidate,,QFAPONVNJTUMHF,[M+H]+,QTOF
O=C(O)/C=C/c1cccc(O)c1,calibration,candidate,,KKSDGJDHHZEWEP,[M+H]+,QTOF
O=C(O)C=Cc1cccc(O)c1,calibration,candidate,,KKSDGJDHHZEWEP,[M+H]+,Orbitrap
CC[C@H]1CN2CC[C@]3(C(=O)Nc4ccccc43)[C@@H]2C[C@@H]1/C(=C\OC)C(=O)OC,calibration,candidate,,DAXYUDFNWXHGBE,[M+H]+,QTOF
CC(C)=CCC/C(C)=C/CC/C(C)=C/CC[C@]1(C)CCc2cc(O)c(C)c(C)c2O1,calibration,candidate,,OTXNTMVVOOBZCV,[M+H]+,QTOF
Cc1ccc2ccc3ccc(C)nc3c2n1,calibration,candidate,,IYRGXJIJGHOCFS,[M+H]+,QTOF
C=C[C@@]12CN(C)[C@H]3[C@@H]1[C@@]1(C(=O)Nc4ccccc41)[C@H]1CC2[C@@H]3CO1,fit,candidate,,NFYYATWFXNPTRM,[M+H]+,QTOF
CS(=O)C=CCCN=C=S,calibration,excluded,chem:hypervalent,QKGJFQMGPDVOQE,[M+H]+,QTOF
O=c1cc(-c2ccc(O)c(O)c2)oc2c([C@@H]3O[C@H](CO)[C@@H](O)[C@H](O)[C@H]3O)c(O)cc(O)c12,calibration,candidate,,PLAPMLGJVGLZOV,[M+H]+,QTOF
O=C(/C=C/c1ccc(O)cc1)OC[C@H]1O[C@@H](Oc2c(-c3ccc(O)cc3)oc3cc(O)cc(O)c3c2=O)[C@H](O)[C@@H](O)[C@@H]1O,calibration,candidate,,DVGGLGXQSFURLP,[M+H]+,QTOF
O=C(C=Cc1ccc(O)cc1)OCC1OC(Oc2c(-c3ccc(O)cc3)oc3cc(O)cc(O)c3c2=O)C(O)C(O)C1O,calibration,candidate,,DVGGLGXQSFURLP,[M+H]+,QTOF
CCCC1CCCCN1,fit,candidate,,NDNUANOUGZGEPO,[M+H]+,QTOF
CC1OC(OC2C(c3c(O)cc4oc(-c5ccc(O)c(O)c5)cc(=O)c4c3O)OC(CO)C(O)C2O)C(O)C(O)C1O,calibration,candidate,,IUYFTHKQEWZTHY,[M+H]+,QTOF
N[C@@H](CCCC(=O)O)C(=O)O,fit,candidate,,OYIFNHCXNCRBQI,[M+H]+,QTOF
CC[C@@H]1C[C@@H]2CN3CCC4(O)C(=Nc5ccc(OC)cc54)C(C(=O)OC)(C2)C13,calibration,candidate,,AVRFPRAAVSCSSZ,[M+H]+,QTOF
COC(=O)C1=COC(C)C2CN3CCC4(C(=O)Nc5c4ccc(OC)c5OC)C3CC12,calibration,candidate,,TTZWEOINXHJHCY,[M+H]+,QTOF
CC(=O)OC1C(C)OC(OC2C(c3c(O)cc(O)c4c(=O)cc(-c5ccc(O)cc5)oc34)OC(CO)C(O)C2O)C(O)C1O,calibration,candidate,,RJQUXMJLUPJNPG,[M+H]+,QTOF
O=c1c(O[C@@H]2OC[C@@H](O)[C@H](O)[C@H]2O)c(-c2cc(O)c(O)c(O)c2)oc2cc(O)cc(O)c12,calibration,candidate,,SBEOEJNITMVWLK,[M+H]+,QTOF
O=c1c(OC2OCC(O)C(O)C2O)c(-c2cc(O)c(O)c(O)c2)oc2cc(O)cc(O)c12,calibration,candidate,,SBEOEJNITMVWLK,[M+H]+,QTOF
COc1ccc2c3c([nH]c2c1)[C@@H]1C[C@H]2/C(=C\CO)CN1[C@@H]1[C@H]2CO[C@H]31,calibration,candidate,,OUONWRIEOZGMSQ,[M+H]+,QTOF
O=C(Cc1c[nH]c2ccccc12)N[C@@H](Cc1ccccc1)C(=O)O,calibration,candidate,,BUGQHORRADGONS,[M+H]+,QTOF
CCc1nccc2c1[nH]c1ccccc12,calibration,candidate,,YTQRHYCHEIXUIU,[M+H]+,QTOF
C[C@H]1O[C@@H](O[C@H]2CC[C@@]3(C)[C@@H](CC[C@]4(C)[C@@H]3C=CC35OC[C@@]6(CCC(C)(C)CC36)C(O)C[C@]54C)[C@]2(C)CO)[C@H](O)C(OC2OC(CO)C(O)C(O)[C@H]2O)C1O,calibration,candidate,,KYWSCMDFVARMPN,[M+H]+,QTOF
COc1cc2c(cc1OC)[C@H]1[C@@H](C)c3ccc(OC)c(OC)c3CN1CC2,calibration,candidate,,VRSRXLJTYQVOHC,[M+H]+,QTOF
COc1cc2c(cc1OC)C1C(C)c3ccc(OC)c(OC)c3CN1CC2,calibration,candidate,,VRSRXLJTYQVOHC,[M+H]+,Orbitrap
CN1CC[C@]23c4ccccc4N[C@H]1[C@]21CCN(C)[C@H]3Nc2ccccc21,calibration,candidate,,XSYCDVWYEVUDKQ,[M+H]+,QTOF
C[C@@H](O)C(=O)SC[C@H](NC(=O)CC[C@H](N)C(=O)O)C(=O)NCC(=O)O,calibration,candidate,,VDYDCVUWILIYQF,[M+H]+,QTOF
CC(O)C(=O)SCC(NC(=O)CCC(N)C(=O)O)C(=O)NCC(=O)O,calibration,candidate,,VDYDCVUWILIYQF,[M+H]+,QTOF
COc1ccc(-c2cc(=O)c3c(O)cc(OC4OC(CO)C(O)C(O)C4OC4OC(C)C(O)C(O)C4O)cc3o2)cc1O,calibration,candidate,,VCCNKWWXYVWTLT,[M+H]+,QTOF
O=C1C[C@@H](c2ccc(O)cc2)Oc2cc(O[C@@H]3O[C@H](CO)[C@@H](O)[C@H](O)[C@H]3O)cc(O)c21,calibration,candidate,,DLIKSSGEMUFQOK,[M+H]+,QTOF
O=C1CC(c2ccc(O)cc2)Oc2cc(OC3OC(CO)C(O)C(O)C3O)cc(O)c21,calibration,candidate,,DLIKSSGEMUFQOK,[M+H]+,QTOF
O=C(O)CC(=O)OCC1OC(Oc2cc(O)c3c(=O)cc(-c4ccc(O)cc4)oc3c2)C(O)C(O)C1O,calibration,candidate,,JXWAQRJFONLTSI,[M+H]+,QTOF
O=c1cc(-c2ccc(O)cc2)oc2cc(O[C@@H]3O[C@H](CO)[C@@H](O)[C@H](O)[C@H]3O)c(O)c(O)c12,calibration,candidate,,VUGRLRAUZWGZJP,[M+H]+,QTOF
COC(=O)[C@@]12C[C@H]3C[C@H]([C@H](C)O)[C@@H]1N(CCc1c2[nH]c2ccc(OC)cc12)C3,calibration,candidate,,OYMQKBZMKFJPMH,[M+H]+,QTOF
COC(=O)C1=CO[C@@H](C)[C@@H]2CN3CC[C@]4(C(=O)Nc5c4ccc(OC)c5OC)[C@@H]3C[C@H]12,calibration,candidate,,TTZWEOINXHJHCY,[M+H]+,QTOF
C[C@@H]1O[C@@H](Oc2cc(O)c3c(=O)c(O[C@@H]4O[C@@H](C)[C@H](O)[C@@H](O)[C@H]4O)c(-c4ccc(O)cc4)oc3c2)[C@H](O)[C@H](O)[C@H]1O,fit,candidate,,PUPKKEQDLNREIM,[M+H]+,QTOF
CC=C(C)C(=O)NCC(=O)O,calibration,candidate,,WRUSVQOKJIDBLP,[M+H]+,QTOF
C/C=C(\C)C(=O)NCC(=O)O,calibration,candidate,,WRUSVQOKJIDBLP,[M+H]+,Orbitrap
O=C(O)CC[C@H](NC(=O)Cc1c[nH]c2ccccc12)C(=O)O,calibration,candidate,,YRKLGWOHYXIKSF,[M+H]+,QTOF
CC(=O)O[C@H]1[C@H]2O[C@]23[C@@H]2CC[C@@H]4C[C@@H](O)CC[C@]4(C)[C@H]2CC[C@]3(C)[C@H]1c1ccc(=O)oc1,calibration,candidate,,SCULJPGYOQQXTK,[M+H]+,QTOF
CC(=O)OC1C(c2ccc(=O)oc2)C2(C)CCC3C(CCC4CC(O)CCC43C)C23OC13,calibration,candidate,,SCULJPGYOQQXTK,[M+H]+,Orbitrap
NC(CC(=O)O)Cc1ccc(O)cc1,calibration,candidate,,VUNPIAMEJXBAFP,[M+H]+,QTOF
CCN(CC)CCOC(=O)c1ccc(N)cc1,calibration,candidate,,MFDFERRIHVXMIY,[M+H]+,QTOF
O=C1NCCc2c1[nH]c1ccccc21,calibration,candidate,,FZHZQHNKCPJTNQ,[M+H]+,QTOF
N[C@H]1C(O)O[C@H](CO)[C@H](O)[C@@H]1O,fit,candidate,,MSWZFWKMSRAUBD,[M+H]+,QTOF
c1ccc2c(c1)CN1CCCC1=N2,calibration,candidate,,WUFQLZTXIWKION,[M+H]+,QTOF
O=C1C[C@@H](c2ccc(O)c(O)c2)Oc2cc(O[C@@H]3O[C@H](CO)[C@@H](O)[C@H](O)[C@H]3O)cc(O)c21,calibration,candidate,,RAFHNDRXYHOLSH,[M+H]+,missing
COc1ccc(-c2coc3cc(O[C@@H]4O[C@H](CO)[C@@H](O)[C@H](O)[C@H]4O)cc(O)c3c2=O)cc1,calibration,candidate,,LFEUICHQZGNOHD,[M+H]+,QTOF
CN(C)CC(=O)O,calibration,candidate,,FFDGPVCHZBVARC,[M+H]+,QTOF
CC(=O)N1CC(C)CCC12OC1CC3C4CC=C5CC(O)CCC5(C)C4CCC3(C)C1C2C,calibration,candidate,,JXAZKNVJWYDQJY,[M+H]+,QTOF
CN1CCCCC1c1ccc(-c2cccnc2)nc1,calibration,candidate,,TZRDBHMKTWECOV,[M+H]+,QTOF
O=c1cc(-c2ccc(O)cc2)oc2c(C3OC(CO)C(O)C(O)C3O)c(O)c(C3OCC(O)C(O)C3O)c(O)c12,calibration,candidate,,OVMFOVNOXASTPA,[M+H]+,QTOF
C=CC1C2=CCOC(=O)C2=COC1OC1OC(CO)C(O)C(O)C1O,calibration,candidate,,DUAGQYUORDTXOR,[M+H]+,QTOF
CC[C@H]1CN2CCc3cc(OC)c(OC)cc3[C@@H]2C[C@@H]1C[C@H]1NCCc2cc(O)c(OC)cc21,calibration,candidate,,DTGZHCFJNDAHEN,[M+H]+,QTOF
CCC1CN2CCc3cc(OC)c(OC)cc3C2CC1CC1NCCc2cc(O)c(OC)cc21,calibration,candidate,,DTGZHCFJNDAHEN,[M+H]+,Orbitrap
CCC(C)C(NC(=O)C(N)Cc1ccccc1)C(=O)O,calibration,candidate,,JWBLQDDHSDGEGR,[M+H]+,QTOF
COc1cc(O)c2c(=O)c(OC3OC(COC4OC(C)C(O)C(OC5OC(C)C(O)C(O)C5O)C4O)C(O)C(O)C3O)c(-c3ccc(O)c(O)c3)oc2c1,calibration,candidate,,NMGVHLDIHNFGQB,[M+H]+,QTOF
O=C(Cc1c[nH]c2ccccc12)NC(Cc1c[nH]c2ccccc12)C(=O)O,calibration,candidate,,FOSPCYZZRVNHJS,[M+H]+,QTOF
COC(=O)C1=C2Nc3ccccc3C23CCN2CCC1C(C(C)OC)C23,calibration,candidate,,LTOOPESWVADEAE,[M+H]+,QTOF
COc1cc(C=CC=O)ccc1O,fit,candidate,,DKZBBWMURDFHNE,[M+H]+,QTOF
NC(CO)CC(=O)O,calibration,candidate,,BUZICZZQJDLXJN,[M+H]+,QTOF
COC(=O)[C@@H]1C[C@]23CCC[N@@+]4([O-])CC[C@]5(c6ccccc6N[C@@]15CC2)[C@@H]34,calibration,excluded,chem:unsupported_charge,KWXHCCIXBUPHTG,[M+H]+,QTOF
CC(C)c1cccc(O)c(=O)c1,calibration,candidate,,FUWUEFKEXZQKKA,[M+H]+,Orbitrap
C[C@H]1O[C@@H](O[C@H]2CC[C@@]3(C)[C@@H](CC[C@]4(C)[C@@H]3C=C[C@]35OC[C@@]6(CCC(C)(C)C[C@H]63)[C@@H](O)C[C@]54C)[C@]2(C)CO)[C@H](O)[C@@H](O[C@@H]2O[C@H](CO)[C@@H](O)[C@H](O)[C@H]2O)[C@H]1O,calibration,candidate,,KYWSCMDFVARMPN,[M+H]+,QTOF
C[C@@H]1O[C@@H](OC[C@H]2O[C@@H](Oc3c(-c4ccc(O)cc4)oc4cc(O)cc(O)c4c3=O)[C@H](O)[C@@H](O)[C@@H]2O)[C@H](O)[C@H](O)[C@H]1O,calibration,candidate,,RTATXGUCZHCSNG,[M+H]+,QTOF
CC1OC(OCC2OC(Oc3c(-c4ccc(O)cc4)oc4cc(O)cc(O)c4c3=O)C(O)C(O)C2O)C(O)C(O)C1O,calibration,candidate,,RTATXGUCZHCSNG,[M+H]+,QTOF
COC(=O)C1=CO[C@H](C)[C@H]2CN3CC[C@]4(C(=O)Nc5ccccc54)[C@@H]3C[C@H]12,calibration,candidate,,JMIAZDVHNCCPDM,[M+H]+,QTOF
C[C@H]1[C@H](C)CC[C@]2(C(=O)O)CC[C@]3(C)C(=CC[C@@H]4[C@@]5(C)C[C@@H](O)[C@H](O)C(C)(C)[C@@H]5CC[C@]43C)[C@H]12,calibration,candidate,,HFGSQOYIOKBQOW,[M+H]+,QTOF
COc1ccc(-c2coc3cc(OC4OC(COC(=O)CC5CCNCC5)C(O)C(O)C4O)c(OC)cc3c2=O)cc1,calibration,candidate,,ZFUBXSYHXUTRFX,[M+H]+,QTOF
O=C1c2c(O)cc(O)cc2OC(c2ccc(O)cc2)C1O,calibration,candidate,,PADQINQHPQKXNL,[M+H]+,QTOF
CC1(C(=O)O)CCC2(C)CCC3(C)C(=CCC4C5(C)CCC(OC6OC(C(=O)O)C(O)C(O)C6OC6OC(C(=O)O)C(O)C(O)C6O)C(C)(C)C5CCC43C)C2C1,calibration,candidate,,BCNKILSUUHWRTG,[M+H]+,QTOF
O=C(O)[C@H]1O[C@@H](Oc2c(-c3ccc(O)cc3)oc3cc(O)cc(O)c3c2=O)[C@H](O)[C@@H](O)[C@@H]1O,calibration,candidate,,FNTJVYCFNVUBOL,[M+H]+,QTOF
O=C(O)C1OC(Oc2c(-c3ccc(O)cc3)oc3cc(O)cc(O)c3c2=O)C(O)C(O)C1O,calibration,candidate,,FNTJVYCFNVUBOL,[M+H]+,QTOF
O=c1cc(-c2ccc(O)cc2)oc2c(C3OC(CO)C(O)C3O)c(O)c(C3OC(CO)C(O)C(O)C3O)c(O)c12,calibration,candidate,,TUIJPUWSXVFWSH,[M+H]+,QTOF
O=C(O)CC1CCCN1,calibration,candidate,,ADSALMJPJUKESW,[M+H]+,QTOF
CC(=O)OC1CCC2(C)C(=CCC3C2CCC2(C)C3CC3OC4(CCC(C)CN4)C(C)C32)C1,calibration,candidate,,MCQNPWNREVNWDQ,[M+H]+,QTOF
C[C@@H]1O[C@@H](O[C@H]2[C@H](Oc3cc(O)c4c(=O)c(O)c(-c5ccc(O)cc5)oc4c3)O[C@H](CO)[C@@H](O)[C@@H]2O)[C@H](O)[C@H](O)[C@H]1O,calibration,candidate,,ZEJXENDZTYVXDP,[M+H]+,QTOF
CC1OC(OC2C(Oc3cc(O)c4c(=O)c(O)c(-c5ccc(O)cc5)oc4c3)OC(CO)C(O)C2O)C(O)C(O)C1O,calibration,candidate,,ZEJXENDZTYVXDP,[M+H]+,QTOF
O=c1c(O[C@@H]2O[C@H](CO)[C@@H](O)[C@H](O)[C@H]2O)c(-c2ccc(O[C@@H]3O[C@H](CO)[C@@H](O)[C@H](O)[C@H]3O)c(O)c2)oc2cc(O)cc(O)c12,calibration,candidate,,RPVIQWDFJPYNJM,[M+H]+,QTOF
C=C[C@H]1[C@H](O[C@@H]2O[C@H](CO)[C@@H](O)[C@H](O)[C@H]2O)OC=C2C(=O)OCC[C@]21O,calibration,candidate,,HEYZWPRKKUGDCR,[M+H]+,QTOF
O=C(O)C(O)c1ccc(O)c(O)c1,calibration,candidate,,RGHMISIYKIHAJW,[M+H]+,Orbitrap
O=C(CCc1ccc(O)c(O)c1)NCCCCNCCCNC(=O)CCc1ccc(O)c(O)c1,calibration,candidate,,RNEHQZRKZJSYOL,[M+H]+,QTOF
COc1cc(-c2oc3cc(O)cc(O)c3c(=O)c2O[C@@H]2O[C@H](CO[C@@H]3O[C@@H](C)[C@H](O)[C@@H](O)[C@H]3O)[C@@H](O)[C@H](O)[C@H]2O)ccc1O,calibration,candidate,,UIDGLYUNOUKLBM,[M+H]+,QTOF
CCC1=CC2CN3CCc4c([nH]c5ccccc45)C(C(=O)OC)(C2)C13,calibration,candidate,,CMKFQVZJOWHHDV,[M+H]+,QTOF
O=c1cc(-c2ccc(O)cc2)oc2cc(O)c(C3OCC(O)C(O)C3OC3OC(CO)C(O)C(O)C3O)c(O)c12,calibration,candidate,,LOCBOCXGFMHGIJ,[M+H]+,QTOF
COC(=O)C1=CO[C@@H](C)[C@@H]2CN3CC[C@@]4(C(=O)Nc5ccccc54)[C@H]3C[C@H]12,calibration,candidate,,JMIAZDVHNCCPDM,[M+H]+,QTOF
O=C(O)C1OC(OC2C(Oc3cc(O)c4c(=O)cc(-c5ccc(O)c(O)c5)oc4c3)OC(C(=O)O)C(O)C2O)C(O)C(O)C1O,calibration,candidate,,PBBVWJQPAZYQDB,[M+H]+,QTOF
COC(=O)[C@@H]1C[C@@]23CCCN4CC[C@@]5(c6ccccc6N[C@]15CC2)C43,calibration,candidate,,IYLRRIUNGGQRTN,[M+H]+,QTOF
COc1cc(-c2cc(=O)c3c(O)cc(OC4OC(C(=O)O)C(O)C(O)C4OC4OC(COC(=O)/C=C/c5ccc(O)cc5)C(O)C(O)C4O)cc3o2)cc(OC)c1O,calibration,candidate,,BGFPUQODHQFMFB,[M+H]+,QTOF
CC(C)[C@@](O)(C(=O)OC[C@@H]1CCN2CCC[C@@H]12)[C@H](C)O,calibration,candidate,,BWQSLRZZOVFVHJ,[M+H]+,QTOF
N[C@H](CC(=O)O)Cc1c[nH]c2ccccc12,calibration,candidate,,DUVVFMLAHWNDJD,[M+H]+,QTOF
NC(CC(=O)O)Cc1c[nH]c2ccccc12,calibration,candidate,,DUVVFMLAHWNDJD,[M+H]+,QTOF
C/C=C1/[C@@H]2C=C(C)C[C@]1(N)c1ccc(=O)[nH]c1C2,fit,candidate,,ZRJBHWIHUMBLCN,[M+H]+,QTOF
O=C(O)C1CCCCN1,calibration,candidate,,HXEACLLIILLPRG,[M+H]+,QTOF
CCC(C)C(NC(=O)Cc1c[nH]c2ccccc12)C(=O)O,calibration,candidate,,WPTUQMUCTTVOFW,[M+H]+,QTOF
CS(=O)CCCCCCCC#N,calibration,excluded,chem:hypervalent,VRYSUGWFYFXWLB,[M+H]+,QTOF
CC(C)CC(NC(=O)C(N)CO)C(=O)O,calibration,candidate,,NFDYGNFETJVMSE,[M+H]+,QTOF
COc1cc2ccc(=O)oc2cc1OC,calibration,candidate,,GUAFOGOEJLSQBT,[M+H]+,QTOF
Oc1cc(O)c2c(c1)O[C@H](c1ccc(O)c(O)c1)[C@H](O)[C@H]2c1c(O)cc(O)c2c1O[C@H](c1ccc(O)c(O)c1)[C@@H](O)C2,calibration,candidate,,XFZJEEAOWLFHDH,[M+H]+,QTOF
C=C1CC23C[C@H]4[C@@H]5[C@@]6(C)CC(OC(C)=O)C[C@]57C(N4C6)[C@@]2(O)C(O)[C@H]1C(O)[C@H]37,calibration,candidate,,XGTNTUKODZZCGL,[M+H]+,QTOF
CC1OC(Oc2cc(O)c3c(=O)c(OC4OC(CO)C(O)C(O)C4OC4OC(C)C(O)C(O)C4O)c(-c4ccc(O)cc4)oc3c2)C(O)C(O)C1O,calibration,candidate,,DDELFAUOHDSZJL,[M+H]+,QTOF
C[C@@H]1O[C@@H](Oc2cc(O)c3c(=O)c(O[C@@H]4O[C@H](CO)[C@@H](O)[C@H](O)[C@H]4O[C@@H]4O[C@@H](C)[C@H](O)[C@@H](O)[C@H]4O)c(-c4ccc(O)cc4)oc3c2)[C@H](O)[C@H](O)[C@H]1O,calibration,candidate,,DDELFAUOHDSZJL,[M+H]+,QTOF
COc1ccc2c3c([nH]c2c1)[C@H]1C[C@H]2[C@H](C[C@@H](O)[C@H](OC)[C@H]2C(=O)O)CN1CC3,calibration,candidate,,JVHNBFFHWQQPLL,[M+H]+,QTOF
COC/C=C1\CN2C3C[C@H]1[C@@H]1COC4=Nc5c(OC)cc(OC)c(OC)c5C43C[C@@H]12,calibration,candidate,,RIMDDIPKIZTBHU,[M+H]+,QTOF
Cn1cnc(CCN)c1,calibration,candidate,,FHQDWPCFSJMNCT,[M+H]+,QTOF
CCC1CN2CCC3(O)C(=Nc4cccc(OC)c43)C2CC1C(=COC)C(=O)OC,calibration,candidate,,RYENLSMHLCNXJT,[M+H]+,QTOF
CC1OC(Oc2c(-c3ccc(O)c(O)c3)oc3cc(OC4OC(CO)C(O)C(O)C4O)cc(O)c3c2=O)C(OC2OC(COC(=O)C=Cc3ccc(O)cc3)C(O)C(O)C2O)C(O)C1O,calibration,candidate,,SHRUKDVTMUBNTL,[M+H]+,QTOF
CC(C)=CCc1c(O)ccc2c1OCC(c1ccc(O)cc1O)C2=O,calibration,candidate,,JIJYZALGIIQXKE,[M+H]+,QTOF
COc1ccc2cc1Oc1ccc(cc1)CC1=NCCc3cc(OC)c(cc31)Oc1c(OC)c(OC)c(O)c3c1[C@@H](C2)N(C)CC3,calibration,candidate,,CLDCTFPNFRITPI,[M+H]+,QTOF
COC(=O)C1=CO[C@H](C)[C@H]2CN3CC[C@@]4(C(=O)Nc5ccccc54)[C@@H]3C[C@H]12,calibration,candidate,,JMIAZDVHNCCPDM,[M+H]+,QTOF
COc1cc(O)c2c(=O)c(O[C@@H]3O[C@H](CO[C@@H]4O[C@@H](C)[C@H](O)[C@@H](O[C@@H]5O[C@@H](C)[C@H](O)[C@@H](O)[C@H]5O)[C@H]4O)[C@H](O)[C@H](O)[C@H]3O)c(-c3ccc(O)c(O)c3)oc2c1,calibration,candidate,,NMGVHLDIHNFGQB,[M+H]+,QTOF
Nc1ccn([C@@H]2O[C@H](COP(=O)(O)O)[C@@H](O)[C@H]2O)c(=O)n1,calibration,excluded,chem:unsupported_element:P,IERHLVCPSMICTF,[M+H]+,QTOF
Nc1ccn(C2OC(COP(=O)(O)O)C(O)C2O)c(=O)n1,calibration,excluded,chem:unsupported_element:P,IERHLVCPSMICTF,[M+H]+,QTOF
N[C@@H](CCC(=O)N[C@@H](CS)C(=O)O)C(=O)O,calibration,candidate,,RITKHVBHSGLULN,[M+H]+,QTOF
NC(CCC(=O)NC(CS)C(=O)O)C(=O)O,calibration,candidate,,RITKHVBHSGLULN,[M+H]+,QTOF
COc1cc(-c2cc(=O)c3c(O)cc(OC4OC(C(=O)O)C(O)C(O)C4O)cc3o2)cc(OC)c1OC1OC(CO)C(O)C(O)C1O,calibration,candidate,,RXBHGYDCENBXLU,[M+H]+,QTOF
CCC1=NC2CC3(C(=O)N(OC)c4ccccc43)C3CC1C2CO3,calibration,candidate,,BIGABVPVCRHEES,[M+H]+,QTOF
CC(C)=CCC[C@](C)(O[C@@H]1O[C@H](CO)[C@@H](O)[C@H](O)[C@H]1O)[C@H]1CC[C@]2(C)[C@@H]1[C@H](O)C[C@@H]1[C@@]3(C)CC[C@H](O)C(C)(C)[C@@H]3CC[C@]12C,calibration,candidate,,FVIZARNDLVOMSU,[M+H]+,QTOF
Oc1ccc(CCc2cc(O)cc(O)c2)cc1,calibration,candidate,,HITJFUSPLYBJPE,[M+H]+,QTOF
COc1ccc(C=CC(=O)c2c(O)cc(OC3OC(CO)C(O)C(O)C3OC3OC(C)C(O)C(O)C3O)cc2O)cc1,calibration,candidate,,HWRDCYOHJBCWGW,[M+H]+,QTOF
NCCCCCN,calibration,candidate,,VHRGRCVQAFMJIZ,[M+H]+,QTOF
NCC(=O)NCC(=O)O,calibration,candidate,,YMAWOPBAYDPSLA,[M+H]+,Orbitrap
CCC1=C[C@@H]2CN3CCc4c([nH]c5ccccc45)[C@@](C(=O)OC)(C2)[C@@H]13,calibration,candidate,,CMKFQVZJOWHHDV,[M+H]+,QTOF
C=C[C@H]1CN2CC[C@H]1C[C@H]2[C@H](O)c1ccnc2ccccc12,fit,candidate,,KMPWYEUPVWOPIM,[M+H]+,QTOF
Cc1cn(C2CC3OP(=O)(O)OCC3O2)c(=O)[nH]c1=O,calibration,excluded,chem:unsupported_element:P,QSJFDOVQWZVUQG,[M+H]+,QTOF
CC(C)C(N)C(=O)NC(Cc1ccccc1)C(=O)O,calibration,candidate,,GJNDXQBALKCYSZ,[M+H]+,QTOF
O=C1c2c(O)cc(O)cc2OC(c2cc(O)c(O)c(O)c2)C1O,calibration,candidate,,KJXSIXMJHKAJOD,[M+H]+,QTOF
CC1OC(Oc2cc(O)c3c(=O)c(OC4OC(CO)C(O)C(O)C4OC4OC(CO)C(O)C(O)C4O)c(-c4ccc(O)c(O)c4)oc3c2)C(O)C(O)C1O,calibration,candidate,,CAXLTZYEJPQCKD,[M+H]+,QTOF
COc1cccc(-c2oc3cc(OC)ccc3c(=O)c2O)c1,calibration,candidate,,PFMGWOVPHHEHAL,[M+H]+,QTOF
CC1OC(Oc2cc(O)c3c(=O)c(O)c(-c4ccc(O)cc4)oc3c2)C(O)C(O)C1O,calibration,candidate,,HQNOUCSPWAGQND,[M+H]+,QTOF
O=c1cc(-c2ccc(O)cc2)oc2c(C3OC(CO)C(O)C(O)C3O)c(O)c(C3OC(CO)C(O)C(O)C3O)c(O)c12,calibration,candidate,,FIAAVMJLAGNUKW,[M+H]+,QTOF
COc1cccc(C=CC(=O)O)c1,calibration,candidate,,LZPNXAULYJPXEH,[M+H]+,QTOF
CC=CS(=O)CC(NC(=O)CCC(N)C(=O)O)C(=O)O,calibration,excluded,chem:hypervalent,LMNDKWXDMBGGAL,[M+H]+,QTOF
CCC(C)C(N)C(=O)NC(CCC(=O)O)C(=O)O,calibration,candidate,,KTGFOCFYOZQVRJ,[M+H]+,QTOF
COc1cc(C=CC(=O)OCC2OC(OC3C(c4c(O)cc5oc(-c6ccc(O)c(OC)c6)cc(=O)c5c4O)OC(CO)C(O)C3O)C(O)C(O)C2O)ccc1O,calibration,candidate,,DJZOTDSGEBENPL,[M+H]+,QTOF
COc1ccc(-c2cc(=O)c3c(O)cc(O)cc3o2)cc1-c1c(O)cc(O)c2c(=O)cc(-c3ccc(O)cc3)oc12,calibration,candidate,,IWEIJEPIYMAGTH,[M+H]+,QTOF
COC(=O)C12CC3CC(C(C)O)C1N(CCc1c2[nH]c2ccc(OC)cc12)C3,calibration,candidate,,OYMQKBZMKFJPMH,[M+H]+,QTOF
C[C@@H]1O[C@@H](Oc2c(-c3ccc(O)c(O)c3)oc3cc(O)cc(O)c3c2=O)[C@H](O)[C@H](O)[C@H]1O,calibration,candidate,,OXGUCUVFOIWWQJ,[M+H]+,QTOF
CC1OC(Oc2c(-c3ccc(O)c(O)c3)oc3cc(O)cc(O)c3c2=O)C(O)C(O)C1O,calibration,candidate,,OXGUCUVFOIWWQJ,[M+H]+,QTOF
COC(=O)C1=C2Nc3ccccc3[C@]23CCN2CC[C@H]1C([C@@H](C)OC)[C@@H]23,calibration,candidate,,LTOOPESWVADEAE,[M+H]+,QTOF
COc1cc(-c2cc(=O)c3c(O)cc(OC4OC(C(=O)O)C(O)C(O)C4OC4OC(C(=O)O)C(O)C(O)C4O)cc3o2)ccc1O,calibration,candidate,,MEUYKMSNZLTEBE,[M+H]+,QTOF
COc1ccc(-c2cc(=O)c3c(OC)cc(OC)c(-c4cc(-c5cc(=O)c6c(OC)cc(OC)cc6o5)ccc4OC)c3o2)cc1,calibration,candidate,,MZDGQNFFUITEAB,[M+H]+,QTOF
NC(N)=NCCCCNC(=O)C=Cc1ccc(O)cc1,calibration,candidate,,AKIHYQWCLCDMMI,[M+H]+,QTOF
COc1cc(C=CC=O)cc(OC)c1O,calibration,candidate,,CDICDSOGTRCHMG,[M+H]+,QTOF
COc1cc(C2Oc3c(OC)cc(C=CC(=O)NCCc4ccc(O)cc4)cc3C2C(=O)NCCc2ccc(O)cc2)ccc1O,calibration,candidate,,DROXVBRNXCRUHP,[M+H]+,QTOF
COc1ccc2c(c1)OC(OC1OC(CO)C(O)C(O)C1O)C(=O)N2O,calibration,candidate,,WTGXAWKVZMQEDA,[M+H]+,QTOF
COc1ccc(C2CC(=O)c3c(O)cc(OC4OC(COC5OC(C)C(O)C(O)C5O)C(O)C(O)C4O)cc3O2)cc1,calibration,candidate,,RMCRQBAILCLJGU,[M+Na]+,Orbitrap
Cc1ncc(COP(=O)(O)O)c(C=O)c1O,calibration,excluded,chem:unsupported_element:P,NGVDGCNFYWLIFO,[M+H]+,QTOF
CCC(O)(C(=O)O)c1cc2n(c(=O)c1COC(C)=O)Cc1cc3ccccc3nc1-2,calibration,candidate,,ZXQLECPLGKEUQV,[M+H]+,QTOF
CCC(C)C(N)C(=O)NC(C(=O)O)C(C)CC,calibration,candidate,,BCVIOZZGJNOEQS,[M+H]+,QTOF
CCC1C(=O)OCC1Cc1cncn1C,fit,candidate,,QCHFTSOMWOSFHM,[M+H]+,QTOF
O=C(O)CC(=O)OCC1OC(Oc2cc(O)c3c(=O)cc(-c4ccc(O)c(O)c4)oc3c2)C(O)C(O)C1O,calibration,candidate,,RNDGJCZQVKFBPI,[M+H]+,QTOF
CCCCCC=CCC=CCCCCCCCC(=O)OCC(O)COP(=O)(O)OCCN,calibration,excluded,chem:unsupported_element:P,DBHKHNGBVGWQJE,[M+H]+,QTOF
CN(C)C=O,calibration,candidate,,ZMXDDKWLCZADIW,[M+H]+,QTOF
CC(O)(CC(=O)O)CC(=O)O,calibration,candidate,,NPOAOTPXWNWTSH,[M+H]+,QTOF
Nc1ccn([C@H]2C[C@H](O)[C@@H](COP(=O)(O)OP(=O)(O)O)O2)c(=O)n1,calibration,excluded,chem:unsupported_element:P,FTDHDKPUHBLBTL,[M+H]+,Orbitrap
O[C@@H]1CCN2Cc3ccccc3N=C12,calibration,candidate,,YIICVSCAKJMMDJ,[M+H]+,QTOF
COC1OC2c3cc4c(cc3CCN(C)C2c2ccc3c(c21)OCO3)OCO4,calibration,candidate,,XRBIHOLQAKITPP,[M+H]+,QTOF
CSCC(NC(=O)CCC(N)C(=O)O)C(=O)O,calibration,candidate,,UPCDLBPYWXOCOK,[M+H]+,QTOF
CC1=C2C(=O)C3C(CC=C4C[C@@H](O[C@@H]5OC(CO)[C@@H](O)C(O)C5O)CCC43C)C2CC[C@]12O[C@@H]1CC(C)CN[C@H]1C2C,calibration,candidate,,HYDDDNUKNMMWBD,[M+H]+,QTOF
COc1cc(O)c2c(c1)O[C@H](c1ccc(O)cc1)CC2=O,calibration,candidate,,DJOJDHGQRNZXQQ,[M+H]+,QTOF
O=c1c(O[C@@H]2O[C@H](CO)[C@@H](O)[C@H](O)[C@H]2O[C@@H]2O[C@H](CO)[C@@H](O)[C@H](O)[C@H]2O)c(-c2ccc(O)cc2)oc2cc(O)cc(O)c12,calibration,candidate,,LKZDFKLGDGSGEO,[M+H]+,QTOF
O=C(O)CCCCCCCC(=O)O,calibration,candidate,,BDJRBEYXGGNYIS,[M+H]+,QTOF
CS(=O)CCCCCCCCC#N,calibration,excluded,chem:hypervalent,XGRYRNQISNOEGY,[M+H]+,QTOF
CC[C@H]1[C@@H]2CC3[C@@H]4N(C)c5ccccc5[C@]45C[C@@H](C2[C@H]5O)N3[C@@H]1O,calibration,candidate,,CJDRUOGAGYHKKD,[M+H]+,QTOF
NC(CCCC(N)C(=O)O)C(=O)O,calibration,candidate,,GMKMEZVLHJARHF,[M+H]+,QTOF
COc1cc(O)c2c(c1)OC(c1ccc(O)cc1)CC2=O,calibration,candidate,,DJOJDHGQRNZXQQ,[M+H]+,QTOF
CC1OC(Oc2cc(O)c3c(=O)c(OC4OC(COC5OC(CO)C(O)C(O)C5O)C(O)C(O)C4O)c(-c4ccc(O)cc4)oc3c2)C(O)C(O)C1O,calibration,candidate,,QFSDWLPMRWDFID,[M+H]+,QTOF
OCC(Cc1cccc(O)c1)C(CO)Cc1cccc(O)c1,calibration,candidate,,DWONJCNDULPHLV,[M+H]+,QTOF
C[C@H](O)[C@H](N)C(=O)O,fit,candidate,,AYFVYJQAPQTCCC,[M+H]+,QTOF
NC(Cc1ccc(O)c(Cl)c1)C(=O)O,calibration,candidate,,ACWBBAGYTKWBCD,[M+H]+,QTOF
N[C@@H](Cc1ccc(O)c(Cl)c1)C(=O)O,calibration,candidate,,ACWBBAGYTKWBCD,[M+H]+,Orbitrap
CO[C@H]1O[C@@H]2c3cc4c(cc3CCN(C)[C@@H]2c2ccc3c(c21)OCO3)OCO4,calibration,candidate,,XRBIHOLQAKITPP,[M+H]+,QTOF
COc1cc(CC2COC(=O)C2Cc2ccc(O)c(OC)c2)ccc1O,fit,candidate,,MATGKVZWFZHCLI,[M+H]+,QTOF
O=c1[nH]c(=O)c2ncn([C@@H]3O[C@H](COP(=O)(O)O)[C@@H](O)[C@H]3O)c2[nH]1,calibration,excluded,chem:unsupported_element:P,DCTLYFZHFGENCW,[M+H]+,QTOF
O=c1[nH]c(=O)c2ncn(C3OC(COP(=O)(O)O)C(O)C3O)c2[nH]1,calibration,excluded,chem:unsupported_element:P,DCTLYFZHFGENCW,[M+H]+,QTOF
NCCC(=O)O,calibration,candidate,,UCMIRNVEIXFBKS,[M+H]+,Orbitrap
CC(C)CC(N)C(=O)NC(C)C(=O)O,calibration,candidate,,HSQGMTRYSIHDAC,[M+H]+,QTOF
O=C1C[C@@H](c2ccc(O)c(O)c2)Oc2c1ccc(O[C@@H]1O[C@H](CO)[C@@H](O)[C@H](O)[C@H]1O)c2O,fit,candidate,,DGGOLFCPSUVVHX,[M+H]+,QTOF
COc1ccc2ccc(=O)oc2c1CC=C(C)C,calibration,candidate,,MBRLOUHOWLUMFF,[M+H]+,QTOF
O=C([O-])c1ccc[n+](C2OC(COP(=O)(O)O)C(O)C2O)c1,calibration,excluded,chem:unsupported_charge,JOUIQRNQJGXQDC,[M+H]+,QTOF
NC(CS)C(=O)NCC(=O)O,calibration,candidate,,ZUKPVRWZDMRIEO,[M+H]+,QTOF
N[C@@H](CS)C(=O)NCC(=O)O,calibration,candidate,,ZUKPVRWZDMRIEO,[M+H]+,Orbitrap
CCCCCCCCCCCCCCCCCCCCCCCC(=O)O,calibration,candidate,,QZZGJDVWLFXDLK,[M+Na]+,Orbitrap
COc1cc(C=Cc2ccc(O)cc2)cc(OC)c1,calibration,candidate,,VLEUZFDZJKSGMX,[M+H]+,QTOF
O=C(/C=C/c1ccc(O)c(O)c1)c1ccc(O[C@@H]2O[C@H](CO)[C@@H](O)[C@H](O)[C@H]2O)c(O)c1O,calibration,candidate,,XGEYXJDOVMEJNG,[M+H]+,QTOF
O=C(C=Cc1ccc(O)c(O)c1)c1ccc(OC2OC(CO)C(O)C(O)C2O)c(O)c1O,calibration,candidate,,XGEYXJDOVMEJNG,[M+H]+,QTOF
COc1ccc([C@@H]2CC(=O)c3c(O)cc(O[C@@H]4O[C@H](CO)[C@@H](O)[C@H](O)[C@H]4O[C@@H]4O[C@@H](C)[C@H](O)[C@@H](O)[C@H]4O)cc3O2)cc1,calibration,candidate,,NLAWPKPYBMEWIR,[M+H]+,QTOF
COc1ccc(C2CC(=O)c3c(O)cc(OC4OC(CO)C(O)C(O)C4OC4OC(C)C(O)C(O)C4O)cc3O2)cc1,calibration,candidate,,NLAWPKPYBMEWIR,[M+H]+,QTOF
CC[C@@H]1CN2CCc3c([nH]c4cccc(OC)c34)[C@@H]2C[C@@H]1/C(=C\OC)C(=O)OC,calibration,candidate,,LELBFTMXCIIKKX,[M+H]+,QTOF
Nc1c(O)cccc1C(=O)CC(N)C(=O)O,calibration,candidate,,VCKPUUFAIGNJHC,[M+H]+,QTOF
C/C=C1/CN2C3Cc4c([nH]c5cc(OC)ccc45)[C@@H]2CC1C3CO,calibration,candidate,,RBALEJFQJCAPLN,[M+H]+,QTOF
COc1c(O)cc2oc(-c3ccc(O)c(O)c3)c(OC3OC(COC4OC(CO)C(O)C(O)C4O)C(O)C(O)C3O)c(=O)c2c1O,calibration,candidate,,WRDDFOFFQDOVRV,[M+H]+,QTOF
CCCCCC=CCC=CCC=CCCCCC(=O)OCC(O)COP(=O)([O-])OCC[N+](C)(C)C,calibration,excluded,chem:unsupported_element:P,MRTUWVDDQVMUCR,[M+H]+,QTOF
NC(=O)c1ccc[n+]([C@@H]2O[C@H](COP(=O)([O-])O)[C@@H](O)[C@H]2O)c1,calibration,excluded,chem:unsupported_charge,DAYLJWODMCOQEW,[M+H]+,Orbitrap
O=c1c(OC2OC(CO)C(O)C(O)C2OC2OC(CO)C(O)C(O)C2O)c(-c2ccc(O)cc2)oc2cc(O)cc(O)c12,calibration,candidate,,LKZDFKLGDGSGEO,[M+Na]+,missing
CCCCCCCCCCCCCCC(O)C(O)C(N)CO,calibration,candidate,,AERBNCYCJBRYDG,[M+H]+,QTOF
COc1ccc2c3c([nH]c2c1)C1CC2C(CC(O)C(OC)C2C(=O)O)CN1CC3,calibration,candidate,,JVHNBFFHWQQPLL,[M+H]+,QTOF
CC1OC(OC2C(OC3CCC4(C)C(CCC5(C)C4CC=C4C6CC(C)(C)CCC6(C(=O)O)CCC45C)C3(C)CO)OCC(O)C2O)C(O)C(O)C1O,calibration,candidate,,KEOITPILCOILGM,[M+H]+,QTOF
CS(=O)CCCCCCCCN,calibration,excluded,chem:hypervalent,SSWZIHDEYOORCA,[M+H]+,QTOF
CC1OC(OC2C(Oc3cc(O)c4c(c3)OC(c3ccc(O)c(O)c3)CC4=O)OC(CO)C(O)C2O)C(O)C(O)C1O,calibration,candidate,,OBKKEZLIABHSGY,[M+H]+,QTOF
CC(C)=CCc1c(O)cc2c(c1O)C(=O)CC(c1ccccc1)O2,calibration,candidate,,UOWOIGNEFLTNAW,[M+Na]+,Orbitrap
COc1cc(C=O)cc(OC)c1O,calibration,candidate,,KCDXJAYRVLXPFO,[M+H]+,QTOF
CC(C)=CCc1cc(-c2coc3cc(O)ccc3c2=O)ccc1O,calibration,candidate,,OBGPEBYHGIUFBN,[M+H]+,QTOF
COc1ccc(C2CC(=O)c3c(O)cc(OC4OC(CO)C(O)C(O)C4OC4OC(C)C(O)C(O)C4O)cc3O2)cc1O,calibration,candidate,,ARGKVCXINMKCAZ,[M+H]+,QTOF
N[C@H](CO)Cc1cnc[nH]1,calibration,candidate,,ZQISRDCJNBUVMM,[M+H]+,QTOF
NC(CO)Cc1cnc[nH]1,calibration,candidate,,ZQISRDCJNBUVMM,[M+H]+,QTOF
NC(CC(=O)O)Cc1ccccc1,calibration,candidate,,OFVBLKINTLPEGH,[M+H]+,QTOF
N[C@@H](CC(=O)O)Cc1ccccc1,calibration,candidate,,OFVBLKINTLPEGH,[M+H]+,QTOF
COc1ccc(-c2cc(=O)c3c(O)cc(OC4OC(C(=O)O)C(O)C(O)C4O)cc3o2)cc1O,calibration,candidate,,XCKMDTYMOHXUHG,[M+H]+,QTOF
C=CCNC(=O)/C=C/c1ccc(O)c(OC)c1,calibration,candidate,,NAYMCRXFMBIDTH,[M+H]+,QTOF
O=c1c(OC2OC(CO)C(O)C(O)C2O)c(-c2ccc(OC3OC(CO)C(O)C(O)C3O)c(O)c2)oc2cc(O)cc(O)c12,calibration,candidate,,RPVIQWDFJPYNJM,[M+H]+,QTOF
COc1cc(C=CC(=O)OCC2OC(OC3C(c4c(O)cc5oc(-c6ccc(O)cc6)cc(=O)c5c4O)OC(CO)C(O)C3O)C(O)C(O)C2O)ccc1O,calibration,candidate,,VJSPPRJRRDZQLT,[M+H]+,QTOF
O=C1C[C@@H](c2ccc(O[C@@H]3O[C@H](CO)[C@@H](O)[C@H](O)[C@H]3O)cc2)Oc2cc(O)ccc21,calibration,candidate,,DEMKZLAVQYISIA,[M+H]+,QTOF
C[N+]1([O-])CCCC1c1cccnc1,calibration,excluded,chem:unsupported_charge,RWFBQHICRCUQJJ,[M+H]+,QTOF
COc1ccc(-c2coc3cc(OC4OC(COC(=O)CC(=O)O)C(O)C(O)C4O)ccc3c2=O)cc1,calibration,candidate,,RDTAGQKYPGLCBK,[M+H]+,QTOF
CC1OC(Oc2cc(O)c3c(=O)c(OC4OC(CO)C(O)C(O)C4O)c(-c4ccc(O)cc4)oc3c2)C(O)C(O)C1O,calibration,candidate,,JYXSWDCPHRTYGU,[M+H]+,QTOF
O=C(O)CC(=O)OCC1OC(Oc2c(-c3ccc(O)cc3)oc3cc(OC4OC(CO)C(O)C(O)C4O)cc(O)c3c2=O)C(O)C(O)C1O,calibration,candidate,,PSZBCORWZMVATQ,[M+H]+,QTOF
CC(C)CC(N)C(=O)NC(CC(C)C)C(=O)O,calibration,candidate,,LCPYQJIKPJDLLB,[M+H]+,QTOF
O=C(O)C=Cc1cnc[nH]1,calibration,candidate,,LOIYMIARKYCTBW,[M+H]+,QTOF
O=C(O)/C=C/c1cnc[nH]1,calibration,candidate,,LOIYMIARKYCTBW,[M+H]+,Orbitrap
COc1cc2c3cc1Oc1cc(ccc1O)C[C@@H]1c4c(cc(OC)c([O-])c4Oc4ccc(cc4)C[C@@H]3N(C)CC2)CC[N+]1(C)C,calibration,excluded,chem:unsupported_charge,JFJZZMVDLULRGK,[M+H]+,QTOF
C1CCC(C23CC(CC4CCCNC42)C2CCCCN2C3)NC1,calibration,candidate,,YUKCLPPRYNXRAF,[M+H]+,Orbitrap
Cc1occc(=O)c1OC1OC(COC(=O)CC(C)(O)CC(=O)O)C(O)C(O)C1O,calibration,candidate,,WCVUIHQUPRXYKT,[M+H]+,QTOF
O=CC=Cc1ccc(O)cc1,calibration,candidate,,CJXMVKYNVIGQBS,[M+H]+,QTOF
CC1C2CCC3C4CC=C5CC(N(C)C)CCC5(C)C4CCC32CN1C,fit,candidate,,GPLGAQQQNWMVMM,[M+Na]+,Orbitrap
C[C@@H]1O[C@@H](Oc2cc(O)c3c(=O)c(O[C@@H]4O[C@H](CO)[C@H](O)[C@H](O)[C@H]4O)c(-c4ccc(O)cc4)oc3c2)[C@H](O)[C@H](O)[C@H]1O,calibration,candidate,,JYXSWDCPHRTYGU,[M+H]+,QTOF
COc1cc(C=CC(=O)NCCCCN=C(N)N)cc(OC)c1O,calibration,candidate,,RMPWIMTWMOPCAR,[M+H]+,QTOF
COc1cc(C=CC(=O)OC(CC(=O)O)C(=O)O)cc(OC)c1O,calibration,candidate,,DUDGAPSRYCQPBG,[M+H]+,QTOF
CC(C)CC(N)CC(=O)O,calibration,candidate,,MLYMSIKVLAPCAK,[M+H]+,QTOF
CC(C)C(=O)SCCNC(=O)CCNC(=O)C(O)C(C)(C)COP(=O)(O)OP(=O)(O)OCC1OC(n2cnc3c(N)ncnc32)C(O)C1OP(=O)(O)O,calibration,excluded,chem:unsupported_element:P,AEWHYWSPVRZHCT,[M+H]+,QTOF
C[C@@H]1O[C@@H](Oc2c(-c3cc(O)c(O)c(O)c3)oc3cc(O)cc(O)c3c2=O)[C@H](O)[C@H](O)[C@H]1O,calibration,candidate,,DCYOADKBABEMIQ,[M+H]+,QTOF
CC1OC(Oc2c(-c3cc(O)c(O)c(O)c3)oc3cc(O)cc(O)c3c2=O)C(O)C(O)C1O,calibration,candidate,,DCYOADKBABEMIQ,[M+H]+,QTOF
CCC(C)C(N)C(=O)NC(CC(=O)O)C(=O)O,calibration,candidate,,WKXVAXOSIPTXEC,[M+H]+,QTOF
O=C(C=Cc1ccc(O)cc1)OC1C(Oc2c(-c3ccc(O)cc3)oc3cc(O)cc(O)c3c2=O)OC(CO)C(O)C1O,calibration,candidate,,IKONEAPXVKTZFF,[M+H]+,QTOF
Nc1nc2c(ncn2[C@@H]2O[C@@H]3COP(=O)(O)O[C@H]3[C@H]2O)c(=O)[nH]1,calibration,excluded,chem:unsupported_element:P,ZOOGRGPOEVQQDX,[M+H]+,QTOF
Nc1nc2c(ncn2C2OC3COP(=O)(O)OC3C2O)c(=O)[nH]1,calibration,excluded,chem:unsupported_element:P,ZOOGRGPOEVQQDX,[M+H]+,QTOF
Cn1cncc1C[C@H](N)C(=O)O,calibration,candidate,,JDHILDINMRGULE,[M+H]+,Orbitrap
CC1OC(Oc2cc(O)c3c(=O)c(OC4OC(C)C(OC5OC(C)C(O)C(O)C5O)C(O)C4O)c(-c4ccc(O)cc4)oc3c2)C(O)C(O)C1O,calibration,candidate,,NLJNYZLJCNVCNR,[M+H]+,QTOF
c1ccc2[nH]ccc2c1,calibration,candidate,,SIKJAQJRHWYJAI,[M+H]+,Orbitrap
C=CCSCC(NC(=O)CCC(N)C(=O)O)C(=O)O,calibration,candidate,,FUTHBNRZCFKVQZ,[M+H]+,QTOF
C=CC(C)(O)CCC=C(C)CCC=C(C)C,calibration,candidate,,FQTLCLSUCSAZDY,[M+H]+,QTOF
O=C(C=Cc1ccc(O)c(O)c1)OC1CC(O)(C(=O)O)CC(OC(=O)C=Cc2ccc(O)c(O)c2)C1O,calibration,candidate,,KRZBCHWVBQOTNZ,[M+Na]+,Orbitrap
NC(C(=O)O)c1ccccc1,calibration,candidate,,ZGUNAGUHMKGQNY,[M+H]+,QTOF
CS(=O)(=O)CCCCCCN=C=S,calibration,excluded,chem:hypervalent,CLJXLUXFLFBKAS,[M+H]+,QTOF
CCSCC[C@H](N)C(=O)O,calibration,candidate,,GGLZPLKKBSSKCX,[M+H]+,QTOF
CCSCCC(N)C(=O)O,calibration,candidate,,GGLZPLKKBSSKCX,[M+H]+,QTOF
COc1ccc(/C=C/C(=O)c2c(O)cc(O[C@@H]3OC(CO)[C@@H](O)[C@@H](O)C3O[C@@H]3OC(C)[C@H](O)[C@H](O)C3O)cc2O)cc1,calibration,candidate,,HWRDCYOHJBCWGW,[M+H]+,QTOF
CC(N)(CO)C(=O)O,calibration,candidate,,CDUUKBXTEOFITR,[M+H]+,QTOF
CC(=O)N[C@H]1[C@@H](OP(=O)(O)OP(=O)(O)OC[C@H]2O[C@@H](n3ccc(=O)[nH]c3=O)[C@H](O)[C@@H]2O)O[C@H](CO)[C@H](O)[C@@H]1O,fit,excluded,chem:unsupported_element:P,LFTYTUAZOPRMMI,[M+H]+,Orbitrap
COc1cc(CCN)ccc1O,calibration,candidate,,DIVQKHQLANKJQO,[M+H]+,Orbitrap
CCSSCC(NCC1(O)OCC(O)C(O)C1O)C(=O)NCCC(=O)O,calibration,candidate,,PFYVANXTRYLUEB,[M+H]+,QTOF
COc1cc(/C=C/C(=O)N/C=C/c2ccc(O)cc2)ccc1O,calibration,candidate,,PMRDPCAGHFQFMZ,[M+H]+,QTOF
COc1ccc(-c2coc3cc(OC4OC(COC(=O)CC5CCNCC5)C(O)C(O)C4O)ccc3c2=O)cc1,calibration,candidate,,PNOLBYVRLYUCIC,[M+H]+,QTOF
O=C(O)CC(=O)OCC1OC(Oc2c(-c3cc(O)c(O)cc3O)oc3cc(O)cc(O)c3c2=O)C(O)C(O)C1O,calibration,candidate,,HPUSNSBFKNJRQA,[M+H]+,QTOF
CC(C)=CCc1cc(C2COc3cc(O)c(CC=C(C)C)c(O)c3C2=O)ccc1O,calibration,candidate,,CEBSROOTTDEPKN,[M+H]+,QTOF
O=S(=O)(O)CCN1CCN(CCS(=O)(=O)O)CC1,calibration,excluded,chem:hypervalent,IHPYMWDTONKSCO,[M+H]+,QTOF
O=C(O)CC(=O)NC(Cc1c[nH]c2ccccc12)C(=O)O,calibration,candidate,,OVEAWSPZRGBTSS,[M+H]+,QTOF
CC(C)=CCc1c(O)ccc(-c2coc3cc(O)cc(O)c3c2=O)c1O,calibration,candidate,,KCUZCRLRQVRBBV,[M+H]+,QTOF
C=CC12CN(C)C3C4COC(CC41)C1(C(=O)Nc4ccccc41)C32,fit,candidate,,NFYYATWFXNPTRM,[M+H]+,QTOF
CCC[C@H](N)C(=O)O,fit,candidate,,SNDPXSYFESPGGJ,[M+H]+,QTOF
CCCC(N)C(=O)O,fit,candidate,,SNDPXSYFESPGGJ,[M+H]+,QTOF
C=C1CC23CC4C5C6(C)CC(OC(C)=O)CC57C2C(O)C1C(O)C3(O)C7N4C6,calibration,candidate,,XGTNTUKODZZCGL,[M+H]+,QTOF
COC(=O)C1=COC(C)C2CN3CCC4(C(=O)Nc5ccccc54)C3CC12,calibration,candidate,,JMIAZDVHNCCPDM,[M+H]+,QTOF
COc1cc(C=CC(=O)OC2C(OC3C(Oc4cc(O)c5c(=O)cc(-c6ccc(O)c(OC)c6)oc5c4)OC(C(=O)O)C(O)C3O)OC(C(=O)O)C(O)C2O)ccc1O,calibration,candidate,,CQSOKHCNRZFEOH,[M+H]+,QTOF
CC(CN)C(=O)O,calibration,candidate,,QCHPKSFMDHPSNR,[M+H]+,QTOF
CCC1(O)C(=O)OCc2c1cc1n(c2=O)Cc2cc3ccccc3nc2-1,calibration,candidate,,VSJKWCGYPAHWDS,[M+H]+,QTOF
CC(C)=CCc1cc(C(O)=CC(=O)c2cc(CC=C(C)C)c(O)cc2O)ccc1O,calibration,candidate,,FFPFIAFZJXSGDK,[M+H]+,QTOF
CC(C)C(O)(C(=O)OCC1CC[N+]2([O-])CCCC12)C(C)O,calibration,excluded,chem:unsupported_charge,DLNWZIVYKQXLTN,[M+H]+,QTOF
Nc1ccc(C(=O)NC(CCC(=O)O)C(=O)O)cc1,calibration,candidate,,GADGMZDHLQLZRI,[M+H]+,QTOF
CC(C)=CCc1c(O)ccc(C(=O)C=Cc2ccc(O)cc2)c1O,calibration,candidate,,DUWPGRAKHMEPCM,[M+H]+,QTOF
CC(=CCO)CCCC(C)CCCC(C)CCCC(C)C,calibration,candidate,,BOTWFXYSPFMFNR,[M+H]+,missing
O=C1CCC(C(=O)O)N1,calibration,candidate,,ODHCTXKNWHHXJC,[M+H]+,QTOF
C=CC1C(OC2OC(CO)C(O)C(O)C2O)OC=C2C(=O)OCCC21O,calibration,candidate,,HEYZWPRKKUGDCR,[M+H]+,QTOF
C=CC12CN(C)C3CC14C(=Nc1ccccc14)C1CC2C3CO1,calibration,candidate,,VTLYEMHGPMGUOT,[M+H]+,QTOF
N[C@@H](CCSSCC[C@H](N)C(=O)O)C(=O)O,calibration,candidate,,ZTVZLYBCZNMWCF,[M+H]+,QTOF
COc1ccc(CCNC(=O)C=Cc2ccc(O)c(OC)c2)cc1O,calibration,candidate,,ACSWAJLDOHJFNA,[M+H]+,QTOF
C=CC12CN(C)C3C4COC(CC41)C1(C(=O)N(OC)c4ccccc41)C32,calibration,candidate,,SSSCMFCWHWCCEH,[M+H]+,QTOF
COc1ccc(-c2coc3cc(OC4OC(COC(=O)CC(=O)O)C(O)C(O)C4O)cc(O)c3c2=O)cc1,calibration,candidate,,VRCBYTZZZFFKEN,[M+H]+,QTOF
COC(=O)C1(O)CC23CCCN4CCC5(c6ccc7c(c6NC15CC2)OCO7)C43,calibration,candidate,,JVIKUDVTJCANPX,[M+H]+,QTOF
CCCCCCN,calibration,candidate,,BMVXCPBXGZKUPN,[M+H]+,QTOF
Cc1ncc(CO)c(C(=O)O)c1O,calibration,candidate,,HXACOUQIXZGNBF,[M+H]+,QTOF
CC(=O)OCC[C@H](N)C(=O)O,calibration,candidate,,FCXZBWSIAGGPCB,[M+H]+,QTOF
CC(=O)OCCC(N)C(=O)O,calibration,candidate,,FCXZBWSIAGGPCB,[M+H]+,QTOF
NC(N)=NCC(=O)O,calibration,candidate,,BPMFZUMJYQTVII,[M+H]+,QTOF
O=c1cc(-c2ccc(O)cc2)oc2cc(OC3OC(CO)C(O)C(O)C3O)c(O)c(O)c12,calibration,candidate,,VUGRLRAUZWGZJP,[M+H]+,QTOF
CCCCCCCCC=CCCCCCCCC(=O)OCC(O)COP(=O)([O-])OCC[N+](C)(C)C,calibration,excluded,chem:unsupported_element:P,YAMUFBLWGFFICM,[M+H]+,QTOF
O=C(C=Cc1ccc(O)cc1)NCCCCN(CCCNC(=O)C=Cc1ccc(O)cc1)C(=O)C=Cc1ccc(O)cc1,calibration,candidate,,PFDVWJCSCYDRMZ,[M+H]+,QTOF
O=C(O)CC(=O)OCC1OC(Oc2c(-c3ccc(O)c(O)c3)oc3cc(OC4OC(CO)C(O)C(O)C4O)cc(O)c3c2=O)C(O)C(O)C1O,calibration,candidate,,ZLQYEKDHCDLAGO,[M+H]+,QTOF
CCC1CN2CCC3(C(=O)Nc4ccccc43)C2CC1C(=COC)C(=O)OC,calibration,candidate,,DAXYUDFNWXHGBE,[M+H]+,QTOF
CC(C)=CCCC(C)=CCCC(C)=CCO,calibration,candidate,,CRDAMVZIKSXKFV,[M+H]+,Orbitrap
Cn1cnc(=N)c2[nH]cnc21,calibration,candidate,,FSASIHFSFGAIJM,[M+H]+,QTOF
O=C1CC[C@@H](C(=O)O)N1,calibration,candidate,,ODHCTXKNWHHXJC,[M+H]+,Orbitrap
COc1cc(-c2cc(=O)c3c(O)cc(OC4OC(CO)C(O)C(O)C4O)cc3o2)cc(OC)c1O,calibration,candidate,,JGXFMIJHKASCIZ,[M+H]+,QTOF
Cc1ncc(CO)c(CN)c1O,calibration,candidate,,NHZMQXZHNVQTQA,[M+H]+,QTOF
CCC(C)C(NC(=O)C(N)C(C)C)C(=O)O,calibration,candidate,,PNVLWFYAPWAQMU,[M+H]+,QTOF
COc1cc(CC2C(=O)OCC2Cc2ccc(OC)c(OC)c2)ccc1O,calibration,candidate,,NQWVSMVXKMHKTF,[M+H]+,QTOF
CS(=O)CCCCCCCN=C=S,calibration,excluded,chem:hypervalent,OGYHCBGORZWBPH,[M+H]+,QTOF
O=C(O)C1OC(OC2C(Oc3cc(O)c4c(=O)cc(-c5ccc(O)cc5)oc4c3)OC(C(=O)O)C(O)C2O)C(O)C(O)C1O,calibration,candidate,,SJFTVAAHLRFBST,[M+H]+,QTOF
O=c1ccn(C2OC(CO)C(O)C2O)c(=O)[nH]1,fit,candidate,,DRTQHJPVMGBUCF,[M+H]+,QTOF
Nc1ccn([C@H]2C[C@H](O)[C@@H](CO)O2)c(=O)n1,calibration,candidate,,CKTSBUTUHBMZGZ,[M+H]+,QTOF
Nc1ccn(C2CC(O)C(CO)O2)c(=O)n1,calibration,candidate,,CKTSBUTUHBMZGZ,[M+H]+,QTOF
CC(=O)NCCCCN,calibration,candidate,,KLZGKIDSEJWEDW,[M+H]+,QTOF
CC(=O)OC[C@H](N)C(=O)O,calibration,candidate,,VZXPDPZARILFQX,[M+H]+,QTOF
CC(=O)OCC(N)C(=O)O,calibration,candidate,,VZXPDPZARILFQX,[M+H]+,QTOF
N[C@@H]1[C@@H](O)[C@H](O)[C@@H](COP(=O)(O)O)O[C@@H]1O,calibration,excluded,chem:unsupported_element:P,XHMJOUIAFHJHBW,[M+H]+,QTOF
NC1C(O)OC(COP(=O)(O)O)C(O)C1O,calibration,excluded,chem:unsupported_element:P,XHMJOUIAFHJHBW,[M+H]+,QTOF
CC(C)=CCc1c(O)cc(O)c2c1OCC(c1ccc(O)cc1O)C2=O,calibration,candidate,,MERHMOCEIBOOMA,[M+H]+,QTOF
COc1cc2oc(-c3ccc(O)cc3)cc(=O)c2c(O)c1C1OC(CO)C(O)C(O)C1O,calibration,candidate,,ABRULANJVVJLFI,[M+H]+,QTOF
O=C(C=Cc1ccc(O)cc1)Oc1cc(O)c2c(=O)c(OC3OC(CO)C(O)C(O)C3O)c(-c3ccc(O)cc3)oc2c1,calibration,candidate,,CAHLQXBTMALBQE,[M+H]+,QTOF
COc1ccc2c(c1)OC1c3ccc(O)cc3OCC21,calibration,candidate,,NSRJSISNDPOJOP,[M+H]+,Orbitrap
O=C(O)CC(=O)OCC1OC(Oc2ccc3c(=O)c(-c4ccc(O)cc4)coc3c2)C(O)C(O)C1O,fit,candidate,,MTXMHWSVSZKYBT,[M+H]+,QTOF
Cc1cc2[nH]c(=O)c(=O)n(CC(O)C(O)C(O)CO)c2cc1C,calibration,candidate,,SLOQSNHEHSCLGS,[M+H]+,QTOF
CCC(N)C(=O)O,fit,candidate,,QWCKQJZIFLGMSD,[M+H]+,QTOF
CC[C@H](N)C(=O)O,fit,candidate,,QWCKQJZIFLGMSD,[M+H]+,QTOF
CC(C)=CCc1cc(CCc2cc(O)c(CC=C(C)C)c(O)c2)ccc1O,calibration,candidate,,UMBTUNCDJTWDLW,[M+H]+,QTOF
CC1OC(Oc2cc(O)c3c(=O)c(OC4OC(C)C(O)C(O)C4O)c(-c4ccc(O)c(O)c4)oc3c2)C(O)C(O)C1O,calibration,candidate,,GXLQUHPXGLZNGE,[M+H]+,QTOF
C[C@@H]1O[C@@H](Oc2cc(O)c3c(=O)c(O[C@@H]4O[C@@H](C)[C@H](O)[C@@H](O)[C@H]4O)c(-c4ccc(O)c(O)c4)oc3c2)[C@H](O)[C@H](O)[C@H]1O,calibration,candidate,,GXLQUHPXGLZNGE,[M+H]+,QTOF
COc1cc(C=CC(=O)OC2CC(O)(C(=O)O)CC(O)C2O)ccc1O,calibration,candidate,,RAGZUCNPTLULOL,[M+H]+,QTOF
O=c1[nH]cnc2c1ncn2[C@@H]1O[C@H](COP(=O)(O)O)[C@@H](O)[C@H]1O,fit,excluded,chem:unsupported_element:P,GRSZFWQUAKGDAV,[M+H]+,QTOF
C[C@@H]1O[C@@H](Oc2cc(O)c3c(=O)c(O[C@@H]4O[C@H](CO)[C@@H](O)[C@H](O)[C@H]4O)c(-c4ccc(O)cc4)oc3c2)[C@H](O)[C@H](O)[C@H]1O,calibration,candidate,,JYXSWDCPHRTYGU,[M+H]+,QTOF
N#Cc1cccnc1,calibration,candidate,,GZPHSAQLYPIAIN,[M+H]+,QTOF
O=C1CC(c2ccc(O)cc2)Oc2c1c(O)cc(O)c2C1OC(CO)C(O)C(O)C1O,calibration,candidate,,VPQWOQSQAVBHEV,[M+H]+,QTOF
NC(CCC(=O)NC(Cc1ccccc1)C(=O)O)C(=O)O,calibration,candidate,,XHHOHZPNYFQJKL,[M+H]+,QTOF
O=C(O)CCC(NC(=O)Cc1c[nH]c2ccccc12)C(=O)O,calibration,candidate,,YRKLGWOHYXIKSF,[M+H]+,QTOF
C=CC1CN2CCc3c([nH]c4ccccc34)C2CC1C(=COC)C(=O)OC,calibration,excluded,calib_content_duplicate_fit,TZUGIFAYWNNSAO,[M+H]+,QTOF
COc1cc(C(O)C(CO)Oc2c(OC)cc(-c3cc(=O)c4c(O)cc(OC5OC(COC(=O)CC(=O)O)C(O)C(O)C5O)cc4o3)cc2OC)ccc1O,calibration,candidate,,MNSWSYAAJCOKPC,[M+H]+,QTOF
CCCCCC=CCC=CCC=CCCCCC(=O)OC(CO)COP(=O)(O)OCCN,calibration,excluded,chem:unsupported_element:P,QYXNIRQICOBIAE,[M+H]+,QTOF
CC1CCC2(C(=O)O)CCC3(C)C(=CCC4C5(C)CC(O)C(O)C(C)(C)C5CCC43C)C2C1C,calibration,candidate,,HFGSQOYIOKBQOW,[M+H]+,QTOF
CS(=O)CCCCCCCCN=C=S,calibration,excluded,chem:hypervalent,BCRXKWOQVFKZAG,[M+H]+,QTOF
O=Cc1c[nH]c2ccccc12,calibration,candidate,,OLNJUISKUQQNIM,[M+H]+,QTOF
NC(=O)c1ncn([C@@H]2O[C@H](COP(=O)(O)O)[C@@H](O)[C@H]2O)c1N,calibration,excluded,chem:unsupported_element:P,NOTGFIUVDGNKRI,[M+H]+,QTOF
NC(=O)c1ncn(C2OC(COP(=O)(O)O)C(O)C2O)c1N,calibration,excluded,chem:unsupported_element:P,NOTGFIUVDGNKRI,[M+H]+,QTOF
CC(C)CC(NC(=O)C(C)N)C(=O)O,calibration,candidate,,RDIKFPRVLJLMER,[M+H]+,QTOF
NC1(C(=O)O)CCCC1,calibration,candidate,,NILQLFBWTXNUOE,[M+H]+,QTOF
O=C(C=Cc1ccc(O)c(O)c1)NCCCCN(CCCNC(=O)C=Cc1ccc(O)cc1)C(=O)C=Cc1ccc(O)c(O)c1,calibration,candidate,,XYBWBOHZMFLRBQ,[M+H]+,QTOF
CC1OC(Oc2c(-c3ccc(O)c(O)c3)oc3cc(O)cc(O)c3c2=O)C(OC2OC(COC(=O)C=Cc3ccc(O)cc3)C(O)C(O)C2O)C(O)C1O,calibration,candidate,,LSMKTLJKBSXMMR,[M+H]+,QTOF
O=C(O)C1OC(Oc2c(-c3ccc(O)c(O)c3)oc3cc(O)cc(O)c3c2=O)C(O)C(O)C1O,calibration,candidate,,DUBCCGAQYVUYEU,[M+H]+,QTOF
O=C(O)[C@H]1O[C@@H](Oc2c(-c3ccc(O)c(O)c3)oc3cc(O)cc(O)c3c2=O)[C@H](O)[C@@H](O)[C@@H]1O,calibration,candidate,,DUBCCGAQYVUYEU,[M+H]+,QTOF
CCC(C)C(NC(=O)C1CCC(=O)N1)C(=O)O,calibration,candidate,,MKCVLTRITQNGQI,[M+H]+,QTOF
CCC1CN2CCc3c([nH]c4ccccc34)C2CC1C(=COC)C(=O)OC,calibration,candidate,,NMLUOJBSAYAYEM,[M+H]+,QTOF
CCC(C)C(N)C(=O)NC(CCC(N)=O)C(=O)O,calibration,candidate,,CNPNWGHRMBQHBZ,[M+H]+,QTOF
CC1OC(OC2CCC3(C)C(CCC4(C)C3C=CC35OCC6(CCC(C)(C)CC63)C(O)CC45C)C2(C)CO)C(O)C(OC2OC(CO)C(O)C(O)C2O)C1O,calibration,candidate,,KYWSCMDFVARMPN,[M+H]+,QTOF
O=P(O)(O)OC[C@@H](O)[C@@H](O)[C@H](O)[C@@H](O)CO,calibration,excluded,chem:unsupported_element:P,GACTWZZMVMUKNG,[M+H]+,QTOF
COc1ccc(CCC(=O)c2c(O)cc(OC3OC(CO)C(O)C(O)C3OC3OC(C)C(O)C(O)C3O)cc2O)cc1O,fit,candidate,,ITVGXXMINPYUHD,[M+H]+,Orbitrap
CCCCCCCCCCCCC(O)C(O)C(COC1OC(CO)C(O)C(O)C1O)NC(C)=O,calibration,candidate,,IAPUZRMYFXZQIM,[M+H]+,QTOF
O=C1OCC(Cc2cccc(O)c2)C1Cc1cccc(O)c1,calibration,candidate,,HVDGDHBAMCBBLR,[M+H]+,QTOF
NCCCCC(N)CC(=O)O,calibration,candidate,,PJDINCOFOROBQW,[M+H]+,QTOF
O=C(O)C1OC(Oc2ccc(-c3oc4cc(O)c(C5OC(CO)C(O)C(O)C5O)c(O)c4c(=O)c3C3OC(CO)C(O)C(O)C3O)cc2)C(O)C(O)C1O,calibration,candidate,,MKNZYNHECYGLOH,[M+H]+,QTOF
C[C@@H](N)C(=O)N[C@H](C)C(=O)O,fit,candidate,,DEFJQIDDEAULHB,[M+H]+,QTOF
CC(N)C(=O)NC(C)C(=O)O,fit,candidate,,DEFJQIDDEAULHB,[M+H]+,QTOF
CCCCC/C=C\C/C=C\C/C=C\C/C=C\CCCC(=O)O,calibration,candidate,,YZXBAPSDXZZRGB,[M+Na]+,Orbitrap
CCCCCC=CCC=CCC=CCC=CCCCC(=O)O,calibration,candidate,,YZXBAPSDXZZRGB,[M+H]+,Orbitrap
Nc1ccc(C(=O)O)cc1,calibration,candidate,,ALYNCZNDIQEVRV,[M+H]+,Orbitrap
COc1cc2c3c(c1OC)-c1cc4c(cc1CC3N(C)CC2)OCO4,calibration,candidate,,WSVWKHTVFGTTKJ,[M+H]+,QTOF
COc1ccc(-c2coc3cc(OC4OC(CO)C(O)C(O)C4O)c(OC)cc3c2=O)cc1,calibration,candidate,,YLYJXNTZVUEFJZ,[M+H]+,QTOF
CCC(C)C(N)C(=O)NC(CO)C(=O)O,calibration,candidate,,TWVKGYNQQAUNRN,[M+H]+,QTOF
CC(CSCC(NC(=O)CCC(N)C(=O)O)C(=O)O)C(=O)O,calibration,candidate,,USEJNLPKVXGAOO,[M+H]+,QTOF
CC(C)=CCc1cc(C2Oc3c(ccc(O)c3CC=C(C)C)C(=O)C2O)ccc1O,calibration,candidate,,LAQLCZKPJGMFRM,[M+H]+,QTOF
COc1c(-c2ccccc2)oc2c(OC)c(O)cc(O)c2c1=O,calibration,candidate,,OWQLBLNRUZULFV,[M+H]+,missing
COc1cc(C=CC(=O)NCCCCN)ccc1O,fit,candidate,,SFUVCMKSYKHYLD,[M+H]+,QTOF
O=CC=Cc1ccccc1,calibration,candidate,,KJPRLNWUNMBNBZ,[M+H]+,QTOF
O=C/C=C/c1ccccc1,calibration,candidate,,KJPRLNWUNMBNBZ,[M+H]+,Orbitrap
CC(C)=CCCC(C)(OC1OC(CO)C(O)C(O)C1O)C1CCC2(C)C1C(O)CC1C3(C)CCC(O)C(C)(C)C3C(O)CC12C,calibration,candidate,,XNGXWSFSJIQMNC,[M+H]+,QTOF
COc1ccc2cc1Oc1ccc(cc1)CC1=NCCc3cc(OC)c(cc31)Oc1c(OC)c(OC)c(OC)c3c1C(C2)N(C)CC3,calibration,candidate,,YWNUNVSMOKMJMG,[M+H]+,QTOF
COc1cc(C=CC(=O)NCCCCN=C(N)N)ccc1O,calibration,candidate,,UBMDAKWARMURDL,[M+H]+,QTOF
O=C1CCCC2C3CCCN4CCCC(CN12)C34,fit,candidate,,ZSBXGIUJOOQZMP,[M+H]+,QTOF
CC=C1CN2C3CC1C(CO)C2Cc1c3[nH]c2ccccc12,calibration,candidate,,VXTDUGOBAOLMED,[M+H]+,QTOF
OCCN(CCO)CCO,calibration,candidate,,GSEJCLTVZPLZKY,[M+H]+,QTOF
O=C(C=Cc1ccc(O)cc1)NCCCCNCCCNC(=O)C=Cc1ccc(O)cc1,calibration,candidate,,QYBCBMVQSCJMSA,[M+H]+,QTOF
O=[N+]([O-])c1ccc(OP(=O)(O)O)cc1,calibration,excluded,chem:unsupported_charge,XZKIHKMTEMTJQX,[M+H]+,QTOF
CC(C)CC(N)C(=O)NC(C(=O)O)C(C)C,calibration,candidate,,MDSUKZSLOATHMH,[M+H]+,QTOF
COc1cc(C=CC(=O)OC2C(OC3C(Oc4ccc(-c5cc(=O)c6c(O)cc(O)cc6o5)cc4)OC(C(=O)O)C(O)C3O)OC(C(=O)O)C(O)C2O)ccc1O,calibration,candidate,,LNCLTICCQWMCNS,[M+H]+,QTOF
NCC(=O)N1CCCC1C(=O)O,calibration,candidate,,KZNQNBZMBZJQJO,[M+H]+,QTOF
NCC(=O)N1CCC[C@H]1C(=O)O,calibration,candidate,,KZNQNBZMBZJQJO,[M+H]+,QTOF
O=C(O)c1cc(=O)[nH]c(=O)[nH]1,calibration,candidate,,PXQPEWDEAKTCGB,[M+H]+,QTOF
O=c1c(O)c(-c2ccc(O)c(O)c2)oc2cc(OC3OC(CO)C(O)C(O)C3O)c(O)c(O)c12,calibration,candidate,,IDTDRZPBDLMCLB,[M+H]+,QTOF
Nc1ncnc2c1ncn2[C@@H]1O[C@H](COP(=O)(O)OP(=O)(O)O[C@H]2O[C@H](CO)[C@@H](O)[C@H](O)[C@H]2O)[C@@H](O)[C@H]1O,calibration,excluded,chem:unsupported_element:P,WFPZSXYXPSUOPY,[M+H]+,QTOF
Nc1ncnc2c1ncn2C1OC(COP(=O)(O)OP(=O)(O)OC2OC(CO)C(O)C(O)C2O)C(O)C1O,calibration,excluded,chem:unsupported_element:P,WFPZSXYXPSUOPY,[M+H]+,QTOF
CCC1CC2CN3CCC4(O)C(=Nc5ccc(OC)cc54)C(C(=O)OC)(C2)C13,calibration,candidate,,AVRFPRAAVSCSSZ,[M+H]+,QTOF
C=CC(C)(C)c1cc(C=CC(=O)c2ccc(O)cc2)c(OC)cc1O,calibration,candidate,,KAZSKMJFUPEHHW,[M+H]+,QTOF
CCCCCC=CC=CC(=O)CCCCCCCC(=O)O,calibration,candidate,,LUZSWWYKKLTDHU,[M+H]+,QTOF
CCCCCCCCCCCC(=O)OC[C@@H](O)COP(=O)([O-])OCC[N+](C)(C)C,calibration,excluded,chem:unsupported_element:P,BWKILASWCLJPBO,[M+H]+,Orbitrap
NC(N)=NCCC(=O)O,calibration,candidate,,KMXXSJLYVJEBHI,[M+H]+,QTOF
O=C(O)C=Cc1ccccc1O,calibration,candidate,,PMOWTIHVNWZYFI,[M+H]+,QTOF
O=C(C=Cc1ccc(O)cc1)OCC1OC(OC2C(c3c(O)cc4oc(-c5ccc(O)c(O)c5)cc(=O)c4c3O)OC(CO)C(O)C2O)C(O)C(O)C1O,calibration,candidate,,MWRFISCXYNYBKS,[M+H]+,QTOF
O=c1c(OC2OC(CO)C(O)C(O)C2O)c(-c2cc(O)c(O)c(OC3OC(CO)C(O)C(O)C3O)c2)oc2cc(O)cc(O)c12,calibration,candidate,,FEWRYXXFMHQZRI,[M+H]+,QTOF
COc1cc(-c2cc(=O)c3c(O)c(C4OC(CO)C(O)C(O)C4OC4OC(CO)C(O)C(O)C4O)c(O)cc3o2)ccc1O,calibration,candidate,,AQQFWSYLUDMDBP,[M+H]+,QTOF
O=c1c(OC2OCC(O)C(O)C2O)c(-c2ccc(O)cc2)oc2cc(O)cc(O)c12,calibration,candidate,,RNVUDWOQYYWXBJ,[M+H]+,QTOF
O=c1c(O[C@@H]2OC[C@@H](O)[C@H](O)[C@H]2O)c(-c2ccc(O)cc2)oc2cc(O)cc(O)c12,calibration,candidate,,RNVUDWOQYYWXBJ,[M+H]+,missing
O=C(O)C1CCCN1C(=O)C1CCCN1,calibration,candidate,,RWCOTTLHDJWHRS,[M+H]+,QTOF
CCCCCCCCCCCCC(O)C(O)C(COC1OC(CC(C(=O)O)C(=O)O)C(O)C(O)C1O)NC(C)=O,calibration,candidate,,TZNOUJCNSUIBIN,[M+H]+,QTOF
CC=CCC=CCCC(=O)C1OC1C(N)=O,calibration,candidate,,GVEZIHKRYBHEFX,[M+H]+,Orbitrap
O=C(C=Cc1ccc(O)c(O)c1)OC1CC(O)(C(=O)O)CC(O)C1O,calibration,candidate,,CWVRJTMFETXNAD,[M+H]+,QTOF
CCC=CCC=CCC=CCCCCCCCC(=O)OCC(O)COP(=O)([O-])OCC[N+](C)(C)C,calibration,excluded,chem:unsupported_element:P,WKQNRCYKYCKESD,[M+H]+,QTOF
O=C(O)C1OC(Oc2cc3oc(-c4ccccc4)cc(=O)c3c(O)c2O)C(O)C(O)C1O,calibration,candidate,,IKIIZLYTISPENI,[M+H]+,QTOF
CC1OC(Oc2cc(O)c3c(=O)c(OC4OC(CO)C(O)C(O)C4O)c(-c4ccc(O)c(O)c4)oc3c2)C(O)C(O)C1O,calibration,candidate,,OTUCXMIQUNROBJ,[M+H]+,QTOF
O=c1oc2cc(O)ccc2c2oc3cc(O)ccc3c12,calibration,candidate,,ZZIALNLLNHEQPJ,[M+H]+,QTOF
C[C@@H]1O[C@@H](Oc2cc(O)c3c(=O)c(O[C@@H]4O[C@H](CO)[C@@H](O)[C@H](O)[C@H]4O[C@@H]4O[C@@H](C)[C@H](O)[C@@H](O)[C@H]4O)c(-c4ccc(O)c(O)c4)oc3c2)[C@H](O)[C@H](O)[C@H]1O,calibration,candidate,,WLPJMCCYDZFCBL,[M+H]+,QTOF
CC1(C)CC(=O)C2(C)CCC3(C)C(=CCC4C5(C)CCC(OC6OC(C(=O)O)C(O)C(O)C6OC6OC(CO)C(O)C(O)C6O)C(C)(CO)C5CCC43C)C2C1,calibration,candidate,,YDNHBSRZSMNZPB,[M+H]+,QTOF
O=c1c(O[C@@H]2OC[C@@H](O)[C@H](O)[C@H]2O)c(-c2ccc(O)c(O)c2)oc2cc(O)cc(O)c12,calibration,candidate,,PZZRDJXEMZMZFD,[M+H]+,Orbitrap
COc1ccc2c(c1)OC(O)C(=O)N2OC,calibration,candidate,,XCSFLMDXLJMLBA,[M+H]+,QTOF
CC(C)C(NC(=O)C(N)Cc1ccccc1)C(=O)O,calibration,candidate,,IEHDJWSAXBGJIP,[M+H]+,QTOF
NC(CCC(=O)NC(Cc1ccc(O)cc1)C(=O)O)C(=O)O,calibration,candidate,,VVLXCWVSSLFQDS,[M+H]+,QTOF
CCC12C=CCN3CCC4(C(=C(C(=O)OC)C1)Nc1ccccc14)C32,calibration,candidate,,FNGGIPWAZSFKCN,[M+H]+,QTOF
Cn1c(=O)c2[nH]c(=O)[nH]c2n(C)c1=O,calibration,candidate,,OTSBKHHWSQYEHK,[M+H]+,QTOF
COc1ccc2cc1Oc1ccc(cc1)CC1c3cc(c(OC)cc3CCN1C)Oc1c(OC)c(OC)c(OC)c3c1C(C2)N(C)CC3,calibration,candidate,,FUZMQNZACIFDBL,[M+H]+,QTOF
CCC12C=CCN3CCc4c(n(c5ccccc45)C(O)(C(=O)OC)C1)C32,calibration,candidate,,BQGJXFQCMYJENQ,[M+H]+,QTOF
CC1(C(=O)O)CCC2(C)CCC3(C)C(=CCC4C5(C)CCC(OC6OC(C(=O)O)C(O)C(O)C6OC6OC(C(=O)O)C(O)C(O)C6O)C(C)(CO)C5CCC43C)C2C1,calibration,candidate,,SLWCVFLNZDOMEZ,[M+H]+,QTOF
COc1cc(C=CC(=O)NCCc2ccc(O)cc2)ccc1O,fit,candidate,,NPNNKDMSXVRADT,[M+H]+,QTOF
NCC(O)CCC(N)C(=O)O,calibration,candidate,,YSMODUONRAFBET,[M+H]+,QTOF
CC1(C)CCC2(C(=O)O)CCC3(C)C(=CCC4C5(C)CC(O)C(O)C(C)(C(=O)OC6OC(COC(=O)CC(=O)O)C(O)C(O)C6O)C5CCC43C)C2C1,calibration,candidate,,JTKJAIJNMZCGNN,[M+H]+,QTOF
O=C1CCNC(=O)N1,calibration,candidate,,OIVLITBTBDPEFK,[M+H]+,QTOF
COc1cc(-c2cc(=O)c3c(O)cc(OC4OC(COC(=O)CC(=O)O)C(O)C(O)C4O)cc3o2)cc(OC)c1O,calibration,candidate,,KAJUQFNDHKZYAG,[M+H]+,QTOF
CC1(C)CCC2(C(=O)O)CCC3(C)C(=CCC4C5(C)CC(O)C(OC6OC(CO)C(OC7OC(CO)C(O)C(O)C7O)C(O)C6O)C(C)(CO)C5CCC43C)C2C1,calibration,candidate,,GQPGGSOQFNPVJI,[M+H]+,QTOF
CN1CCC23c4ccccc4NC1C21CCN(C)C3Nc2ccccc21,calibration,candidate,,XSYCDVWYEVUDKQ,[M+H]+,QTOF
COc1cc(-c2cc(=O)c3c(O)cc(OC4OC(COC(=O)CC(=O)O)C(O)C(O)C4O)cc3o2)ccc1O,calibration,candidate,,PLQBKZOSLQNLOX,[M+H]+,QTOF
O=C(C=Cc1ccc(O)cc1)NCCc1ccc(O)cc1,calibration,candidate,,RXGUTQNKCXHALN,[M+H]+,QTOF
CC(C)=CCc1c(O)c(-c2cc(-c3cc(=O)c4c(O)cc(O)cc4o3)ccc2O)c2oc(-c3ccc(O)cc3)cc(=O)c2c1O,calibration,candidate,,PFRUIDZIJVQVOR,[M+H]+,QTOF
CC(C)[C@@H](N)CC(=O)O,calibration,candidate,,GLUJNGJDHCTUJY,[M+H]+,QTOF
CC(C)C(N)CC(=O)O,calibration,candidate,,GLUJNGJDHCTUJY,[M+H]+,QTOF
Nc1ccn([C@@H]2O[C@@H]3COP(=O)(O)O[C@H]3[C@H]2O)c(=O)n1,calibration,excluded,chem:unsupported_element:P,WCPTXJJVVDAEMW,[M+H]+,QTOF
Nc1ccn(C2OC3COP(=O)(O)OC3C2O)c(=O)n1,calibration,excluded,chem:unsupported_element:P,WCPTXJJVVDAEMW,[M+H]+,QTOF
CS(=O)CCCCCCN=C=S,calibration,excluded,chem:hypervalent,XQZVZULJKVALRI,[M+H]+,QTOF
CCC1CN2CCc3c([nH]c4cccc(OC)c34)C2CC1C(=COC)C(=O)OC,calibration,candidate,,LELBFTMXCIIKKX,[M+H]+,QTOF
COc1cc(CNC(=O)CCCCCCC(C)C)ccc1O,calibration,candidate,,XJQPQKLURWNAAH,[M+H]+,QTOF
Cn1cncc1C[C@H](NC(=O)CCN)C(=O)O,calibration,candidate,,MYYIAHXIVFADCU,[M+H]+,QTOF
Cn1cncc1CC(NC(=O)CCN)C(=O)O,calibration,candidate,,MYYIAHXIVFADCU,[M+H]+,QTOF
O=C(O)C(Cc1ccccc1)NC(=O)C1CCCN1,calibration,candidate,,IWIANZLCJVYEFX,[M+H]+,Orbitrap
CC=C1CN2C3CC1C(CO)C2Cc1c3[nH]c2cc(OC)ccc12,calibration,candidate,,RBALEJFQJCAPLN,[M+H]+,QTOF
O=[N+]([O-])c1ccc(O)cc1,calibration,excluded,chem:unsupported_charge,BTJIUGUIPKRLHP,[M+H]+,Orbitrap
COc1cc(-c2cc(=O)c3c(O)c(C4OC(CO)C(O)C(O)C4O)c(OC)cc3o2)ccc1O,calibration,candidate,,JCIFZANQIXZLGH,[M+H]+,QTOF
CC(O)C(N)CC(=O)O,calibration,candidate,,NIVRJEWVLMOZNV,[M+H]+,QTOF
C=C1CCC(O)CC1=CC=C1CCCC2(C)C1CCC2C(C)C=CC(C)C(C)C,calibration,candidate,,MECHNRXZTMCUDQ,[M+H]+,Orbitrap
O=c1cc(-c2ccc(O)c(O)c2)oc2cc(O)c(C3OC(CO)C(O)C(O)C3OC3OC(CO)C(O)C(O)C3O)c(O)c12,calibration,candidate,,QWAZWXOCSOFIPS,[M+H]+,QTOF
CC=C1CN(C)C2CC3(C(=O)N(OC)c4ccccc43)C3CC1C2CO3,calibration,candidate,,SJKRPUOXUNOPOP,[M+H]+,QTOF
COc1ccc(-c2coc3cc(OC4OC(COC(=O)CC(=O)O)C(O)C(O)C4O)c(OC)cc3c2=O)cc1,calibration,candidate,,HOWDEROVXAADRI,[M+H]+,QTOF
CC1OC(Oc2cc(O)c3c(=O)c(O)c(-c4ccc(O)c(O)c4)oc3c2)C(O)C(O)C1O,calibration,candidate,,QPHXPNUXTNHJOF,[M+H]+,QTOF
Nc1[nH]c(=O)[nH]c(=O)c1OC1OC(CO)C(O)C(O)C1O,calibration,candidate,,JJWYIMQKLTVAGZ,[M+H]+,QTOF
N[C@@H](CSCC(=O)O)C(=O)O,fit,candidate,,GBFLZEXEOZUWRN,[M+H]+,QTOF
O=C1C(O)Oc2ccccc2N1O,calibration,candidate,,COVOPZQGJGUPEY,[M+H]+,QTOF
O=c1c(-c2ccc(O)cc2)coc2c(C3OC(CO)C(O)C(O)C3O)c(O)ccc12,calibration,candidate,,HKEAFJYKMMKDOR,[M+H]+,QTOF
OC[C@H]1O[C@H](OC[C@H]2OC(O)(CO)[C@@H](O)[C@@H]2O)[C@H](O)[C@@H](O)[C@@H]1O,calibration,candidate,,PVXPPJIGRGXGCY,[M+H]+,QTOF
OCC1OC(OCC2OC(O)(CO)C(O)C2O)C(O)C(O)C1O,calibration,candidate,,PVXPPJIGRGXGCY,[M+H]+,QTOF
NC(=O)N[C@@H]1NC(=O)NC1=O,fit,candidate,,POJWUDADGALRAB,[M+H]+,QTOF
O=c1ccc2cc(O[C@@H]3O[C@H](CO)[C@@H](O)[C@H](O)[C@H]3O)c(O)cc2o1,fit,candidate,,XHCADAYNFIFUHF,[M+H]+,QTOF
CNC1(C)C2CCC(C2)C1(C)C,calibration,candidate,,IMYZQPCYWPFTAG,[M+H]+,QTOF
CCC/C=C/C=O,calibration,candidate,,MBDOYVRWFFCFHM,[M+H]+,Orbitrap
NC(CCCCNC(=O)C=Cc1ccc(O)c(O)c1)C(=O)O,calibration,candidate,,WVFMZTORJFNZPK,[M+H]+,QTOF
O=C([O-])CC(=O)OCC1OC(OC2Cc3c(O)cc(O)cc3[O+]=C2c2ccc(O)cc2)C(O)C(O)C1O,calibration,excluded,chem:unsupported_charge,AUERTCYCVFTFJX,[M+H]+,QTOF
C[C@](O)(CC(=O)O)C(=O)O,calibration,candidate,,XFTRTWQBIOMVPK,[M+H]+,QTOF
CC(O)(CC(=O)O)C(=O)O,calibration,candidate,,XFTRTWQBIOMVPK,[M+H]+,QTOF
N[C@@H](CCOC(=O)CCC(=O)O)C(=O)O,fit,candidate,,GNISQJGXJIDKDJ,[M+H]+,Orbitrap
CC12CCC(O)CC1CCC1C2CCC2(C)C(c3ccc(=O)oc3)CC3OC312,calibration,candidate,,ATLJNLYIJOCWJE,[M+H]+,QTOF
OCC1OC(Oc2cc(O)cc(C=Cc3ccc(O)cc3)c2)C(O)C(O)C1O,calibration,candidate,,HSTZMXCBWJGKHG,[M+H]+,QTOF
O=c1cccc[nH]1,calibration,candidate,,UBQKCCHYAOITMY,[M+H]+,QTOF
O=c1cc(-c2ccc(O)c(O)c2)oc2c(C3OC(CO)C(O)C(O)C3O)c(O)c(C3OC(CO)C(O)C(O)C3O)c(O)c12,calibration,candidate,,ZLPSOQFIIQIIAX,[M+H]+,QTOF
CNC(C)C(=O)O,calibration,candidate,,GDFAOVXKHJXLEI,[M+H]+,QTOF
CN[C@@H](C)C(=O)O,calibration,candidate,,GDFAOVXKHJXLEI,[M+H]+,Orbitrap
COC(=O)C1CC23CCC[N+]4([O-])CCC5(c6ccccc6NC15CC2)C34,calibration,excluded,chem:unsupported_charge,KWXHCCIXBUPHTG,[M+H]+,QTOF
COc1c(CC=C(C)C)c(O)cc2c1C1Oc3cc(O)c(CC=C(C)C)cc3C1CO2,calibration,candidate,,WIEKYGJSRGBBTQ,[M+H]+,QTOF
O=c1c(-c2ccc(O)c(O)c2)coc2cc(O)ccc12,calibration,candidate,,DDKGKOOLFLYZDL,[M+H]+,Orbitrap
NC1(C(=O)O)CC1,calibration,candidate,,PAJPWUMXBYXFCZ,[M+H]+,QTOF
O=c1cc(-c2ccc(O)c(O)c2)oc2c(C3OC(CO)C(O)C(O)C3O)c(O)c(C3OCC(O)C(O)C3O)c(O)c12,calibration,candidate,,WYYFCTVKFALPQV,[M+H]+,QTOF
CSCCC(N)CC(=O)O,calibration,candidate,,QWVNCDVONVDGDV,[M+H]+,QTOF
CC(C)(N)C(=O)O,calibration,candidate,,FUOOLUPWFVMBKG,[M+H]+,QTOF
O=c1[nH]cnc2c1ncn2C1CC(O)C(COP(=O)(O)O)O1,calibration,excluded,chem:unsupported_element:P,PHNGFPPXDJJADG,[M+H]+,QTOF
NCCCCNC(=O)C=Cc1ccc(O)cc1,calibration,candidate,,CJHDBEPXEKGBDW,[M+H]+,QTOF
CC1CCC2C(C)C3C(CC4C5CC=C6CC(O)CCC6(C)C5CCC43C)N2C1,calibration,candidate,,JVKYZPBMZPJNAJ,[M+H]+,QTOF
CCC1(O)C(=O)OCc2c1cc1n(c2=O)Cc2cc3c([N+](=O)[O-])cccc3nc2-1,calibration,excluded,chem:unsupported_charge,VHXNKPBCCMUMSW,[M+H]+,QTOF
NCCCCC(=O)O,calibration,candidate,,JJMDCOVWQOJGCB,[M+H]+,QTOF
CC(O)(CC(=O)O)CC(=O)OCC1OC(Oc2c(-c3ccc(O)cc3)oc3cc(OC4OC(CO)C(O)C(O)C4O)cc(O)c3c2=O)C(O)C(O)C1O,calibration,candidate,,KNBPTHQAIKQFMM,[M+H]+,QTOF
CC(C)=CCc1cc(C2CC(=O)c3c(O)cc(O)cc3O2)ccc1O,calibration,candidate,,CGKWSLSAYABZTL,[M+H]+,QTOF
CC(C)=CCCC(C)(OC1OC(CO)C(O)C(O)C1O)C1CCC2(C)C1C(O)CC1C3(C)CCC(O)C(C)(C)C3CCC12C,calibration,candidate,,FVIZARNDLVOMSU,[M+H]+,Orbitrap
COc1cc(-c2cc(=O)c3c(O)cc(OC4OC(C(=O)O)C(O)C(O)C4O)cc3o2)cc(OC)c1O,calibration,candidate,,HJWFFBNADKDQPV,[M+H]+,QTOF
N[C@@H](Cc1cc(Br)c(O)c(Br)c1)C(=O)O,calibration,candidate,,COESHZUDRKCEPA,[M+H]+,QTOF
NC(Cc1cc(Br)c(O)c(Br)c1)C(=O)O,calibration,candidate,,COESHZUDRKCEPA,[M+H]+,QTOF
COc1cc(CNC(=O)CCCC/C=C/C(C)C)ccc1O,calibration,candidate,,YKPUWZUDDOIDPM,[M+H]+,QTOF
COc1cc(CNC(=O)CCCCC=CC(C)C)ccc1O,calibration,candidate,,YKPUWZUDDOIDPM,[M+H]+,Orbitrap
CC(C)CC(N)C(=O)NC(CC(C)C)C(=O)NC(Cc1ccc(O)cc1)C(=O)O,calibration,candidate,,UCNNZELZXFXXJQ,[M+H]+,QTOF
N[C@@H](CSS(=O)(=O)O)C(=O)O,calibration,excluded,chem:hypervalent,NOKPBJYHPHHWAN,[M+H]+,QTOF
NC(CSS(=O)(=O)O)C(=O)O,calibration,excluded,chem:hypervalent,NOKPBJYHPHHWAN,[M+H]+,QTOF
CC1OC(OCC2OC(Oc3cc(O)c4c(c3)OC(c3ccc(O)cc3)CC4=O)C(O)C(O)C2O)C(O)C(O)C1O,calibration,candidate,,HXTFHSYLYXVTHC,[M+H]+,QTOF
CC1(C)CCC2(C(=O)O)CCC3(C)C(=CCC4C5(C)CCC(OC6OC(C(=O)O)C(O)C(OC7OC(CO)C(O)C(O)C7O)C6O)C(C)(CO)C5CCC43C)C2C1,calibration,candidate,,JDGKHHCYVKBIIT,[M+H]+,QTOF
CC(CS)C(=O)N1CCCC1C(=O)O,fit,candidate,,FAKRSMQSSFJEIM,[M+H]+,QTOF
COc1cc(-c2oc3cc(OC4OC(CO)C(O)C(O)C4O)cc(O)c3c(=O)c2OC2OC(CO)C(O)C(O)C2O)cc(OC2OC(CO)C(O)C(O)C2O)c1O,calibration,candidate,,POYUZVAGWZVXKD,[M+H]+,QTOF
COc1cc(/C=C/C(=O)NCCCCC(N)C(=O)O)ccc1O,calibration,candidate,,VHOPIWUPYREUSE,[M+H]+,QTOF
NC(=O)CN1CC2CC(C1)c1cccc(=O)n1C2,calibration,candidate,,MRVHCCZFXHOQOT,[M+H]+,QTOF
COc1c(OC2OC(CO)C(O)C(O)C2O)cc2oc(-c3ccc(O)c(O)c3)c(O)c(=O)c2c1O,calibration,candidate,,AFCDXKGLUDDXCK,[M+H]+,QTOF
COc1ccc2cc1Oc1ccc(cc1)CC1=NCCc3cc(OC)c(cc31)Oc1c(OC)c(OC)c(O)c3c1C(C2)N(C)CC3,calibration,candidate,,CLDCTFPNFRITPI,[M+H]+,QTOF
CC1OC(OCC2OC(Oc3c(-c4ccc(O)c(O)c4)oc4cc(O)cc(O)c4c3=O)C(OC3OCC(O)C(O)C3O)C(O)C2O)C(O)C(O)C1O,calibration,candidate,,RLTNQOUWXZXZCS,[M+H]+,QTOF
O=C(O)CC(=O)OC[C@H]1O[C@@H](Oc2c(-c3ccc(O)c(O)c3)oc3cc(O)cc(O)c3c2=O)[C@H](O)[C@@H](O)[C@@H]1O,calibration,candidate,,NBQPHANHNTWDML,[M+H]+,QTOF
CC(C)=CCc1cc(C2CC(=O)c3c(O)cc(O)c(CC=C(C)C)c3O2)cc(O)c1O,calibration,candidate,,HCBKENVWCDLQOA,[M+H]+,QTOF
CC(N)(Cc1cnc[nH]1)C(=O)O,calibration,candidate,,HRRYYCWYCMJNGA,[M+H]+,QTOF
NCCCCNC(=O)c1ccccc1,calibration,candidate,,VMQHGBUSMBFWHN,[M+H]+,QTOF
CCOC1OC2c3cc4c(cc3CCN(C)C2c2ccc3c(c21)OCO3)OCO4,calibration,candidate,,RKBDCPZCGRWNMP,[M+H]+,QTOF
NCC(=O)CCC(=O)O,calibration,candidate,,ZGXJTSGNIOSYLO,[M+H]+,QTOF
COc1cc(-c2cc(=O)c3c(O)cc(OC4OC(C(=O)O)C(O)C(O)C4OC4OC(C(=O)O)C(O)C(O)C4O)cc3o2)cc(OC)c1O,calibration,candidate,,RDNMWJOGZVGRGW,[M+H]+,QTOF
CN1c2ccccc2C(=O)N2CCc3c([nH]c4ccccc34)C21,calibration,candidate,,TXDUTHBFYKGSAH,[M+H]+,QTOF
COc1ccc(-c2coc3cc(OC4OC(CO)C(O)C(O)C4O)cc(O)c3c2=O)cc1,calibration,candidate,,LFEUICHQZGNOHD,[M+H]+,QTOF
CC1(C)CCC2(C(=O)O)CCC3(C)C(=CCC4C5(C)CC(O)C(O)C(C)(C)C5CCC43C)C2C1,calibration,candidate,,MDZKJHQSJHYOHJ,[M+H]+,QTOF
CC1(C(=O)O)CCC2(C)CCC3(C)C(=CC(=O)C4C5(C)CCC(OC6OC(C(=O)O)C(O)C(O)C6OC6OC(C(=O)O)C(O)C(O)C6O)C(C)(CO)C5CCC43C)C2C1,calibration,candidate,,WBQVRPYEEYUEBQ,[M+H]+,QTOF
CCC=CCC1C(=O)C=CC1CCCCCCCC(=O)O,calibration,candidate,,PMTMAFAPLCGXGK,[M+H]+,QTOF
OCCNCCO,calibration,candidate,,ZBCBWPMODOFKDW,[M+H]+,Orbitrap
O=C(O)CC1CCC(=O)C1CC=CCCO,calibration,candidate,,RZGFUGXQKMEMOO,[M+H]+,QTOF
CCC1C2CC3C4N(C)c5ccccc5C45CC(C2C5O)N3C1O,calibration,candidate,,CJDRUOGAGYHKKD,[M+H]+,QTOF
COC(=O)C1=COC(OC2OC(CO)C(O)C(O)C2O)C2C(CO)=CCC12,calibration,candidate,,IBFYXTRXDNAPMM,[M+Na]+,Orbitrap
CC1CCC(C(C)C2CCC3C4CC(=O)C5CC(O)CCC5(C)C4CCC23C)=NC1,calibration,candidate,,QAGPPGDCPAPQLW,[M+H]+,QTOF
COc1cc(/C=C/NC(=O)/C=C/c2ccc(O)c(OC)c2)ccc1O,calibration,candidate,,IQGMDSXKRPLDBE,[M+H]+,QTOF
CC1(C)CC2C3=CCC4C5(C)CCC(O)C(C)(CO)C5CCC4(C)C3(C)CCC2(C)C(O)C1O,calibration,candidate,,CDDWAYFUFNQLRZ,[M+Na]+,Orbitrap
OC1CCN2Cc3ccccc3N=C12,calibration,candidate,,YIICVSCAKJMMDJ,[M+H]+,QTOF
O=C(Cc1c[nH]c2ccccc12)NC(Cc1ccccc1)C(=O)O,calibration,candidate,,BUGQHORRADGONS,[M+H]+,QTOF
C=CC1C(OC2OC(CO)C(O)C(O)C2O)OC=C(C(=O)OC)C1CC=O,calibration,candidate,,CSKKDSFETGLMSB,[M+H]+,QTOF
CC(O)(CC(=O)O)CC(=O)OCC1OC(Oc2c(-c3ccc(O)cc3)oc3cc(O)cc(O)c3c2=O)C(O)C(O)C1O,calibration,candidate,,ZALWWUJLKFBCQF,[M+H]+,QTOF
NC(Cc1ccc(Oc2cc(CC(N)C(=O)O)ccc2O)cc1)C(=O)O,calibration,candidate,,FWZXNPNHUWFOCM,[M+H]+,QTOF
O=C1CC(c2ccc(OC3OC(CO)C(O)C(O)C3O)cc2)Oc2cc(O)ccc21,calibration,candidate,,DEMKZLAVQYISIA,[M+H]+,QTOF
C=C1CCCC2(C)CC3(O)OC(=O)C(C)=C3CC12,calibration,candidate,,FBMORZZOJSDNRQ,[M+H]+,QTOF
CC1=C2C(=O)C3C(CC=C4CC(OC5OC(CO)C(O)C(O)C5O)CCC43C)C2CCC12OC1CC(C)CNC1C2C,calibration,candidate,,HYDDDNUKNMMWBD,[M+H]+,QTOF
CC[C@H](C)[C@@H](N)C(=O)O,fit,candidate,,AGPKZVBTJJNPAG,[M+H]+,QTOF
COc1c(C=CC(=O)c2ccc(O)c(O)c2)ccc(O)c1CC=C(C)C,calibration,candidate,,RDYZHQQZLIBKBP,[M+H]+,QTOF
CS(=O)(=O)CCC(N)C(=O)O,calibration,excluded,chem:hypervalent,UCUNFLYVYCGDHP,[M+H]+,QTOF
COc1ccc2c3c([nH]c2c1)C1CC2C(=CCO)CN1C1C3OCC21,calibration,candidate,,OUONWRIEOZGMSQ,[M+H]+,QTOF
CC=C1CN2C3CC1C1COC(c4c3[nH]c3cc(OC)ccc43)C12,calibration,candidate,,XJTWLFBHBFSVRS,[M+H]+,QTOF
O=c1cc(-c2ccc(O)cc2)oc2c(C3OCC(O)C(O)C3O)c(O)c(C3OCC(O)C(O)C3O)c(O)c12,calibration,candidate,,LDVNKZYMYPZDAI,[M+H]+,QTOF
O=C(/C=C/c1ccc(O)cc1)OC1C(OC2C(Oc3ccc(-c4cc(=O)c5c(O)cc(O)cc5o4)cc3)OC(C(=O)O)C(O)C2O)OC(C(=O)O)C(O)C1O,fit,candidate,,NCJNNMWJQIKYLO,[M+H]+,QTOF
CC(=O)OCC1OC(Oc2cc(O)c3c(=O)cc(-c4ccc(O)cc4)oc3c2)C(O)C(O)C1O,calibration,candidate,,LYFXRHUNCZZUTQ,[M+H]+,QTOF
CC(CSCC(NC(=O)CCC(N)C(=O)O)C(=O)NCC(=O)O)C(=O)O,calibration,candidate,,JQWABENXVMJJMW,[M+H]+,QTOF
O=C(O)[C@H]1O[C@@H](Oc2cc3oc(-c4ccccc4)cc(=O)c3c(O)c2O)[C@H](O)[C@@H](O)[C@@H]1O,calibration,candidate,,IKIIZLYTISPENI,[M+H]+,QTOF
CC1OC(OCC2OC(Oc3c(-c4ccc(O)c(O)c4)oc4cc(OC5OC(CO)C(O)C(O)C5O)cc(O)c4c3=O)C(O)C(O)C2O)C(O)C(O)C1O,calibration,candidate,,SPUFXPFDJYNCFD,[M+H]+,QTOF
O=c1cc(-c2ccc(O)c(O)c2)oc2c(C3OCC(O)C(O)C3O)c(O)c(C3OC(CO)C(O)C(O)C3O)c(O)c12,calibration,candidate,,XBGYTZHKGMCEGE,[M+H]+,QTOF
CC(C)C(=O)OC(CC(=O)[O-])C[N+](C)(C)C,calibration,excluded,chem:unsupported_charge,LRCNOZRCYBNMEP,[M+H]+,QTOF
NC(CCCCNC(CCC(=O)O)C(=O)O)C(=O)O,calibration,candidate,,ZDGJAHTZVHVLOT,[M+H]+,QTOF
N[C@@H](CCCCN[C@@H](CCC(=O)O)C(=O)O)C(=O)O,calibration,candidate,,ZDGJAHTZVHVLOT,[M+H]+,QTOF
CC(C)C(O)(C(=O)OCC1=CCN2CCC(O)C12)C(C)O,fit,candidate,,SFVVQRJOGUKCEG,[M+H]+,QTOF
O=C(O)C(Cc1ccccc1)NCC1(O)OC(CO)C(O)C1O,calibration,candidate,,FAVRCIXPIVJIPN,[M+H]+,QTOF
COC(=O)C1CC23CCCN4CCC5(c6ccccc6NC15CC2)C43,calibration,candidate,,IYLRRIUNGGQRTN,[M+H]+,QTOF
CC1OC(Oc2cc(O)c3c(=O)c(OC4OC(C)C(O)C(O)C4O)c(-c4ccc(O)cc4)oc3c2)C(O)C(O)C1O,fit,candidate,,PUPKKEQDLNREIM,[M+H]+,QTOF
Nc1nc2c(ncn2C2OC(COP(=O)(O)OP(=O)(O)OC3OC(CO)C(O)C(O)C3O)C(O)C2O)c(=O)[nH]1,fit,excluded,chem:unsupported_element:P,MVMSCBBUIHUTGJ,[M+H]+,Orbitrap
Nc1ncnc2c1ncn2C1CC(O)C(COP(=O)(O)OP(=O)(O)O)O1,calibration,excluded,chem:unsupported_element:P,DAEAPNUQQAICNR,[M+H]+,missing
NC(CCSSCCC(N)C(=O)O)C(=O)O,calibration,candidate,,ZTVZLYBCZNMWCF,[M+H]+,Orbitrap
Nc1ccn(C2OC(COP(=O)(O)OP(=O)(O)O)C(O)C2O)c(=O)n1,fit,excluded,chem:unsupported_element:P,ZWIADYZPOWUWEW,[M+H]+,missing
CC(=O)NC1C(O)OC(CO)C(O)C1O,fit,candidate,,OVRNDRQMDRJTHS,[M+H]+,missing
CC1CCC2(NC1)OC1CC3C4CC=C5CC(O)CCC5(C)C4CCC3(C)C1C2C,fit,candidate,,KWVISVAMQJWJSZ,[M+H]+,QTOF
OCCOCCOCCOCCOCCOCCOCCOCCOCCOCCO,calibration,candidate,,DTPCFIHYWYONMD,[M+H]+,QTOF
CC(=O)OCC(COC(C)=O)OC(C)=O,calibration,candidate,,URAYPUMNDPQOKB,[M+Na]+,Orbitrap
COc1ccccc1OCC(O)COC(N)=O,calibration,candidate,,GNXFOGHNGIVQEH,[M+H]+,Orbitrap
OCCOCCOCCOCCOCCOCCOCCOCCOCCO,calibration,candidate,,YZUUTMGDONTGTN,[M+Na]+,Orbitrap
CC(C)Cc1cccc(C(=O)O)c1C(=O)O,calibration,candidate,,WXVFMRKUWGIPRB,[M+H]+,Orbitrap
CCCCOC(C)OP(=O)(OC(C)OCCCC)OC(C)OCCCC,calibration,excluded,chem:unsupported_element:P,BGNTUSKZDOUZCZ,[M+H]+,Orbitrap
Nc1ccccc1Br,calibration,candidate,,AOPBDRUWRLBSDB,[M+H]+,Orbitrap
O=C(O)c1cnc2c(C(=O)O)c(Cl)ccc2c1,calibration,candidate,,ZYIDIAPHYHJMCU,[M+H]+,Orbitrap
COCCOCCOCCO,calibration,candidate,,JLGLQAWTXXGVEM,[M+H]+,Orbitrap
OCCOCCOCCOCCOCCOCCOCCOCCO,calibration,candidate,,GLZWNFNQMJAZGY,[M+Na]+,Orbitrap
Nc1ccccc1[N+](=O)[O-],calibration,excluded,chem:unsupported_charge,DPJCXCZTLWNFOH,[M+H]+,Orbitrap
CCCCCCCCCCCC(=O)NCCO,calibration,candidate,,QZXSMBBFBXPQHI,[M+H]+,Orbitrap
O=C1C(=O)c2c(ccc3ccccc23)-c2ccccc21,calibration,candidate,,HZGMNNQOPOLCIG,[M+H]+,Orbitrap
CC(C)c1cccc2sc3ccccc3c(=O)c12,calibration,candidate,,YIKSHDNOAYSSPX,[M+H]+,Orbitrap
CC/C(=C(/CC)c1ccc(O)cc1)c1ccc(O)cc1,calibration,candidate,,RGLYKWWBQGJZGM,[M+H]+,Orbitrap
Cc1ccccc1N,calibration,candidate,,RNVCVTLRINQCPJ,[M+H]+,Orbitrap
CCNS(=O)(=O)c1ccc(C)cc1,calibration,excluded,chem:hypervalent,OHPZPBNDOVQJMH,[M+H]+,Orbitrap
C[C@]12CCC(=O)C=C1C=C[C@@H]1[C@@H]2CC[C@@]2(C)[C@H]1CC[C@@]21CCC(=O)O1,fit,candidate,,UJVLDDZCTMKXJK,[M+H]+,Orbitrap
CCCCOCCOCCO,calibration,candidate,,OAYXUHPQHDHDDZ,[M+H]+,Orbitrap
OCCOCCOCCOCCOCCOCCO,calibration,candidate,,IIRDTKBZINWQAW,[M+H]+,QTOF
O=C1C=CC(=O)c2c1ccc1c2ccc2ccccc21,calibration,candidate,,UORKIKBNUWJNJF,[M+H]+,Orbitrap
O=C1c2ccccc2-c2ccc([N+](=O)[O-])cc21,calibration,excluded,chem:unsupported_charge,AJEAHBZZHSLIQP,[M+H]+,Orbitrap
Nc1ccc2nc3ccc(N)cc3nc2c1,calibration,candidate,,CCBDBWAKDHGKNI,[M+H]+,Orbitrap
c1ccc2c(c1)cnc1ccccc12,calibration,candidate,,RDOWQLZANAYVLL,[M+H]+,Orbitrap
O=C1c2ccccc2-c2ccc([N+](=O)[O-])c3cccc1c23,calibration,excluded,chem:unsupported_charge,QAJOWHGESRCVLY,[M+H]+,Orbitrap
c1ccc(-c2ccncc2)cc1,calibration,candidate,,JVZRCNQLWOELDU,[M+H]+,Orbitrap
Oc1ccc2ccc3cccc4ccc1c2c34,calibration,candidate,,BIJNHUAPTJVVNQ,[M+H]+,Orbitrap
O=c1[nH]ccc2ccccc12,calibration,candidate,,VDBNYAPERZTOOF,[M+H]+,Orbitrap
O=C1c2cccc(O)c2C(=O)c2cccc(O)c21,calibration,candidate,,JPICKYUTICNNNJ,[M+H]+,Orbitrap
O=C1c2ccccc2C(=O)c2cc(O)ccc21,calibration,candidate,,GCDBEYOJCZLKMC,[M+H]+,Orbitrap
Oc1ccc2ccc3c4ccccc4cc4ccc1c2c43,calibration,candidate,,SPUUWWRWIAEPDB,[M+H]+,Orbitrap
O=C1NC(=O)c2ccccc21,calibration,candidate,,XKJCHHZQLQNZHY,[M+H]+,Orbitrap
CN(C(=O)N(C)c1ccccc1)c1ccccc1,calibration,candidate,,ADCBKYIHQQCFHE,[M+H]+,Orbitrap
O=C1c2ccccc2-c2ccccc21,calibration,candidate,,YLQWCDOCJODRMT,[M+H]+,Orbitrap
O=C1c2ccccc2C(=O)c2c(O)cccc21,calibration,candidate,,BTLXPCBPYBNQNR,[M+H]+,Orbitrap
O=c1c2cccc3ccc4cccc1c4c32,calibration,candidate,,IFCBMPOMNSORDG,[M+H]+,Orbitrap
Nc1ccc2ccc3ccc(N)c4ccc1c2c34,calibration,candidate,,BLYOXQBERINFDU,[M+H]+,Orbitrap
Oc1ccc2ncccc2c1,calibration,candidate,,OVYWMEWYEJLIER,[M+H]+,Orbitrap
Nc1cc2nc3ccccc3nc2cc1N,calibration,candidate,,VZPGINJWPPHRLS,[M+H]+,Orbitrap
Oc1ccc2c(c1)C13CCCCC1(O)C(C2)N(CC1CC(O)C1)CC3,calibration,candidate,,NCMXKIHJYUFTRL,[M+H]+,QTOF
CCN(CC)CCOC(=O)C(c1ccccc1)C1CCCCC1,calibration,candidate,,AGJBLWCLQCKRJP,[M+H]+,QTOF
CCC(=O)N(c1ccccc1)C1(COC)CCN(CCc2cccs2)CC1,calibration,candidate,,GGCSSNBKKAUURC,[M+H]+,QTOF
CC1=C(CCC(=O)O)c2cc3nc(cc4[nH]c(cc5[nH]c(cc1n2)c(C)c5C(C)O)c(C)c4C(C)O)C(C)=C3CCC(=O)O,calibration,candidate,,KFKRXESVMDBTNQ,[M+H]+,QTOF
CCN(CC)CCn1cnc2c1c(=O)n(C)c(=O)n2C,calibration,candidate,,AWKLBIOQCIORSB,[M+H]+,QTOF
CCCC(C)(COC(N)=O)COC(N)=O,calibration,candidate,,NPPQSCRMBWNHMW,[M+H]+,QTOF
CCC(=O)N(c1ccccc1)C1(C(=O)OC)CCN(CCC(=O)OC)CC1,calibration,candidate,,ZTVQQQVZCWLTDF,[M+H]+,QTOF
CCSc1ccc2c(c1)N(CCCN1CCN(C)CC1)c1ccccc1S2,calibration,candidate,,XCTYLCDETUVOIP,[M+H]+,QTOF
CCC(=O)OC1CCC2C3CCC4=CC(=O)CCC4(C)C3CCC12C,fit,candidate,,PDMMFKSKQVNJMI,[M+H]+,QTOF
CCOC(=O)C1(c2ccccc2)CCN(CCc2ccc(N)cc2)CC1,calibration,candidate,,LKYQLAWMNBFNJT,[M+H]+,QTOF
CCCCC[C@H](O)CC(=O)CCc1ccc(O)c(OC)c1,fit,candidate,,NLDDIKRKFXEWBK,[M+H]+,QTOF
C=CCCCCCCCCC(=O)OC1CCC2C3CCC4=CC(=O)C=CC4(C)C3CCC12C,calibration,candidate,,AHMMSNQYOPMLSX,[M+H]+,QTOF
CS(=O)(=O)Nc1ccc([N+](=O)[O-])cc1Oc1ccccc1,calibration,excluded,chem:unsupported_charge,HYWYRSMBCFDLJT,[M+H]+,QTOF
CSCCC(NC(=O)C(Cc1ccccc1)NC(=O)CNC(=O)CNC(=O)C(N)Cc1ccc(O)cc1)C(=O)O,calibration,candidate,,YFGBQHOOROIVKG,[M+H]+,QTOF
CCOC(=O)C(CCc1ccccc1)NC(C)C(=O)N1CCCC1C(=O)O,fit,candidate,,GBXSMTUPTTWBMN,[M+H]+,QTOF
CCCC(Cc1ccccc1)N1CCCC1,calibration,candidate,,OJCPSBCUMRIPFL,[M+H]+,QTOF
CCC(CO)NC(=O)C1C=C2c3cccc4[nH]cc(c34)CC2N(C)C1,calibration,candidate,,UNBRKDKAWYKMIV,[M+H]+,QTOF
O=C(O)c1cc(=O)c2c(OCC(O)COc3cccc4oc(C(=O)O)cc(=O)c34)cccc2o1,calibration,candidate,,IMZMKUWMOSJXDT,[M+H]+,QTOF
CC(=O)c1ccc2c(c1)Sc1ccccc1N2CCCN1CCN(CCO)CC1,calibration,candidate,,FVHDZPDLOWZOOV,[M+H]+,QTOF
CNC1C(OC2OC(CO)C(N)C(O)C2O)OC2CC(N)C(OC3C(N)CC(N)C(O)C3O)OC2C1O,calibration,candidate,,XZNUGFQTQHRASN,[M+H]+,QTOF
CNC(C)C(O)c1ccccc1,fit,candidate,,KWGRBVOPPLSCSI,[M+H]+,QTOF
CCC(=O)OC(Cc1ccccc1)(c1ccccc1)C(C)CNC,calibration,candidate,,IKACRWYHQXOSGM,[M+H]+,QTOF
O=C(O)CCc1nc(-c2ccccc2)c(-c2ccccc2)o1,calibration,candidate,,OFPXSFXSNFPTHF,[M+H]+,QTOF
CC(Cc1ccc(O)cc1)NCC(O)c1cc(O)cc(O)c1,calibration,candidate,,LSLYOANBFKQKPT,[M+H]+,QTOF
CCN(CC)CCOC(=O)C(c1ccccc1)c1ccccc1,calibration,candidate,,JGOAIQNSOGZNBX,[M+H]+,QTOF
COc1cc(C)c(Cc2cnc(N)nc2N)cc1OC,calibration,candidate,,KEEYRKYKLYARHO,[M+H]+,QTOF
O=C1C[C@@H]2OCC=C3C[N+]4([O-])CC[C@]56c7ccccc7N1[C@H]5[C@H]2[C@H]3C[C@@H]64,calibration,excluded,chem:unsupported_charge,ADTDBAKUQAKBGZ,[M+H]+,QTOF
CC(CCc1ccc(O)cc1)NCCc1ccc(O)c(O)c1,calibration,candidate,,JRWZLRBJNMZMFE,[M+H]+,QTOF
Nc1c(CC(=O)O)cccc1C(=O)c1ccccc1,calibration,candidate,,SOYCMDCMZDHQFP,[M+H]+,QTOF
CC(C)CCCC(C)C1CCC2C3CC=C4CC(O)CCC4(C)C3CCC12C,calibration,candidate,,HVYWMOMLDIMFJA,[M+H]+,QTOF
CC12C=CC(=O)C=C1CCC1C2C(O)CC2(C)C1CCC2(O)C(=O)CO,fit,candidate,,OIGNJSKKLXVSLS,[M+H]+,QTOF
CC(NC(CCc1ccccc1)C(=O)O)C(=O)N1CCCC1C(=O)O,calibration,candidate,,LZFZMUMEGBBDTC,[M+H]+,QTOF
CNC1C(O)C(NC)C2OC3(O)C(=O)CC(C)OC3OC2C1O,calibration,candidate,,UNFWWIHTNXNPBV,[M+H]+,QTOF
COc1ccc2c(=O)c(C)c(-c3ccccc3)oc2c1CN(C)C,calibration,candidate,,ZXFQRFXLFWWKLX,[M+H]+,QTOF
CC(C)CC(NC(=O)C(Cc1ccccc1)NC(=O)CNC(=O)CNC(=O)C(N)Cc1ccc(O)cc1)C(=O)O,calibration,candidate,,URLZCHNOLZSCCA,[M+H]+,QTOF
CC1CC2C(C(O)CC3(C)C2CCC3(O)C(=O)CO)C2(C)C=CC(=O)C=C12,fit,candidate,,VHRSUDSXCMQTMA,[M+H]+,QTOF
Nc1ncnc2c1ncn2C1OC(COP(=O)(O)OP(=O)(O)O)C(O)C1O,calibration,excluded,chem:unsupported_element:P,XTWYTFMLZFPYCI,[M+H]+,QTOF
O=C1CCC2(O)C3Cc4ccc(O)c5c4C2(CCN3CC2CC2)C1O5,fit,candidate,,DQCKKXVULJGBQN,[M+H]+,QTOF
CC(C)(C)CC(=O)OCC(=O)C1(O)CCC2C3CCC4=CC(=O)C=CC4(C)C3C(O)CC21C,calibration,candidate,,HUMXXHTVHHLNRO,[M+H]+,QTOF
OCc1cc(C(O)CNCCCCCCOCCCCc2ccccc2)ccc1O,calibration,candidate,,GIIZNNXWQWCKIB,[M+H]+,QTOF
CCC[C@H](N[C@@H](C)C(=O)N1[C@H](C(=O)O)C[C@@H]2CCCC[C@@H]21)C(=O)OCC,fit,candidate,,IPVQLZZIHOAWMC,[M+H]+,Orbitrap
CC(=O)c1ccc2c(c1)N(CCCN1CCC(CCO)CC1)c1ccccc1S2,calibration,candidate,,BTFMCMVEUCGQDX,[M+H]+,QTOF
CC(=O)c1ccc2c(c1)N(CCCN(C)C)c1ccccc1S2,calibration,candidate,,NOSIYYJFMPDDSA,[M+H]+,QTOF
CC(COc1ccccc1)NC(C)C(O)c1ccc(O)cc1,calibration,candidate,,BMUKKTUHUDJSNZ,[M+H]+,QTOF
CN(C)CCN(Cc1ccccc1)c1ccccn1,calibration,candidate,,UFLGIAIHIAPJJC,[M+H]+,QTOF
CN1CCN(CCC=C2c3ccccc3Sc3ccc(S(=O)(=O)N(C)C)cc32)CC1,calibration,excluded,chem:hypervalent,GFBKORZTTCHDGY,[M+H]+,QTOF
CN1CCN(CC/C=C2/c3ccccc3Sc3ccc(S(=O)(=O)N(C)C)cc32)CC1,calibration,excluded,chem:hypervalent,GFBKORZTTCHDGY,[M+H]+,Orbitrap
COC1CC(OC2CCC3(C=O)C4CCC5(C)C(C6=CC(=O)OC6)CCC5(O)C4CCC3(O)C2)OC(C)C1O,calibration,candidate,,XQCGNURMLWFQJR,[M+H]+,QTOF
O=C1c2c(O)cc(O)cc2OC(c2ccc(O)cc2)C1c1c(O)cc(O)c2c(=O)cc(-c3ccc(O)c(O)c3)oc12,calibration,candidate,,GFWPWSNIXRDQJC,[M+H]+,QTOF
COc1c(OC(C)=O)cc2oc(-c3ccc(OC(C)=O)cc3)cc(=O)c2c1OC(C)=O,calibration,candidate,,HIOZFEXHRPPNDN,[M+H]+,QTOF
COc1cc2oc(-c3ccc(O[C@@H]4O[C@H](CO)[C@@H](O)[C@H](O)[C@H]4O)cc3)cc(=O)c2c(O)c1OC,calibration,candidate,,RETJLKUBHXTIGH,[M+H]+,QTOF
COc1ccc(-c2cc(=O)c3c(O)cc(OC4OC(COC5OC(CO)C(O)C5O)C(O)C(O)C4O)cc3o2)cc1O,calibration,candidate,,GHYGFLACCCIQKR,[M+H]+,QTOF
Cc1c(CS(=O)CO)[nH]ccc1=O,calibration,excluded,chem:hypervalent,WUBKCPXLWABXHI,[M+H]+,Orbitrap
CCN(CC)CCNC(=O)c1c(C)[nH]c(C=C2C(=O)Nc3ccc(O)cc32)c1C,calibration,candidate,,YBNMTJYLJWAMGJ,[M+H]+,Orbitrap
CC(C)NCC(O)COc1ccc(OCCOC(C)C)cc1,calibration,candidate,,JEAOXXHSOYFPLR,[M+H]+,Orbitrap
O=C(O)C1OC(Nc2ccc(-c3cccc4c(=O)cc(N5CCOCC5)oc34)c3sc4ccccc4c23)C(O)C(O)C1O,calibration,candidate,,HFYKQUUKTPHBCS,[M+H]+,Orbitrap
CCN(CC)CCNC(=O)c1c(C)[nH]c(/C=C2\C(=O)Nc3ccc(F)cc32)c1C,fit,candidate,,WINHZLLDWRZWRT,[M+H]+,Orbitrap
CCNCCNC(=O)c1c(C)[nH]c(C=C2C(=O)Nc3ccc(F)cc32)c1C,calibration,candidate,,LIZNIAKSBJKPQC,[M+H]+,Orbitrap
COc1ccc2nc(S(=O)(=O)Cc3ncc(C)c(OC)c3C)[nH]c2c1,calibration,excluded,chem:hypervalent,IXEQEYRTSRFZEO,[M+H]+,Orbitrap
CCNC(=O)CNC(=O)c1c(C)[nH]c(C=C2C(=O)Nc3ccc(F)cc32)c1C,calibration,candidate,,RLZXDWFMBVCZEM,[M+H]+,Orbitrap
CC(=O)Nc1ccc(OS(=O)(=O)O)cc1O,calibration,excluded,chem:hypervalent,HRLQZTOIKWEZBN,[M+H]+,Orbitrap
CC[N+]([O-])(CC)CCNC(=O)c1c(C)[nH]c(C=C2C(=O)Nc3ccc(F)cc32)c1C,calibration,excluded,chem:unsupported_charge,DNCVCKYIYMUMFC,[M+H]+,Orbitrap
Nc1ccc(-c2cccc3c(=O)cc(N4CCOCC4)oc23)c2sc3ccccc3c12,calibration,candidate,,GPSOIIUVPZLZJB,[M+H]+,Orbitrap
CC(C)c1c(C(=O)Nc2ccccc2)c(-c2ccccc2)c(-c2ccc(F)cc2)n1CCC(O)CC(O)CC(=O)O,fit,candidate,,XUKUURHRXDUEBC,[M+H]+,Orbitrap
CCN(CC)CCNC(=O)c1c(C)[nH]c(Cc2c(O)[nH]c3ccc(F)cc23)c1C,calibration,candidate,,BQMKKRSREUVTEB,[M+H]+,Orbitrap
CCNCC(O)NC(=O)c1c(C)[nH]c(C=C2C(=O)Nc3ccc(F)cc32)c1C,calibration,candidate,,QUJFMDVNASGNAN,[M+H]+,Orbitrap
Cc1c(OCC(F)(F)F)ccnc1CS(C)=O,calibration,excluded,chem:hypervalent,NACYETXENFMBCN,[M+H]+,Orbitrap
Cc1c(OCC(F)(F)F)ccnc1CO,calibration,candidate,,GNILTGRCVCMPFJ,[M+H]+,Orbitrap
CCOC(=O)[C@H](CCc1ccccc1)N[C@@H](C)C(=O)N1[C@H](C(=O)O)C[C@@H]2CCC[C@@H]21,fit,candidate,,HDACQVRGBOVJII,[M+H]+,Orbitrap
COc1ccc2nc(S(=O)Cc3ncc(CO)c(OC)c3C)[nH]c2c1,calibration,excluded,chem:hypervalent,CMZHQFXXAAIBKE,[M+H]+,Orbitrap
CC(C)c1c(C(=O)Nc2ccccc2)c(-c2ccccc2)c(-c2ccc(F)cc2)n1CCC1CC(O)CC(=O)O1,calibration,candidate,,OUCSEDFVYPBLLF,[M+H]+,Orbitrap
CC(=O)Nc1ccc(OS(=O)(=O)O)cc1,calibration,excluded,chem:hypervalent,IGTYILLPRJOVFY,[M+H]+,Orbitrap
Cc1c(OCC(F)(F)F)ccnc1CS(=O)CO,calibration,excluded,chem:hypervalent,KBASACMMMIECCX,[M+H]+,Orbitrap
COc1ccc2nc(S(=O)(=O)Cc3c(C)c(OC)c(C)c[n+]3[O-])[nH]c2c1,calibration,excluded,chem:unsupported_charge,ZBGMHRIYIGAEGJ,[M+H]+,Orbitrap
Cc1[nH]c(C=C2C(=O)Nc3ccc(F)cc32)c(C)c1C(=O)NCC(=O)O,calibration,candidate,,PCPTUYGTADXVFI,[M+H]+,Orbitrap
CC(=O)Nc1ccc(OC2OC(C(=O)O)C(O)C(O)C2O)cc1,fit,candidate,,IPROLSVTVHAQLE,[M+H]+,Orbitrap
O=C(c1ccccc1)c1ccc2n1CC[C@H]2C(=O)O,fit,candidate,,OZWKMVRBQXNZKK,[M+H]+,QTOF
C[C@@H]1C[C@@H]([C@H](O)CC2CC(=O)NC(=O)C2)C(=O)[C@@H](C)C1,calibration,candidate,,YPHMISFOHDHNIV,[M+H]+,QTOF
CC1CC(C)C(=O)C(C(O)CC2CC(=O)NC(=O)C2)C1,calibration,candidate,,YPHMISFOHDHNIV,[M+H]+,Orbitrap
Cc1ccc2oc(=O)c(-c3ccc(Cl)cc3)c(C)c2c1,calibration,candidate,,RGNMXSPMIDBLKW,[M+H]+,QTOF
C=CC1CN2CCC1CC2C(O)c1ccnc2ccccc12,fit,candidate,,KMPWYEUPVWOPIM,[M+H]+,QTOF
N[C@@H](Cc1c[nH]c2ccc(O)cc12)C(=O)O,calibration,candidate,,LDCYZAJDBXYCGN,[M+H]+,QTOF
NC(Cc1c[nH]c2ccc(O)cc12)C(=O)O,calibration,candidate,,LDCYZAJDBXYCGN,[M+H]+,Orbitrap
COc1cc2cc(Oc3ccc4ccc(=O)oc4c3)c(=O)oc2cc1O,calibration,candidate,,JRHMMVBOTXEHGJ,[M+H]+,QTOF
OCC1OC(n2cnc3cc(Cl)c(Cl)cc32)C(O)C1O,calibration,candidate,,XHSQDZXAVJRBMX,[M+H]+,QTOF
N=C(N=C(N)N)N1CCOCC1,calibration,candidate,,KJHOZAZQWVKILO,[M+H]+,QTOF
N=C(N)N=C(N)N1CCOCC1,calibration,candidate,,KJHOZAZQWVKILO,[M+H]+,Orbitrap
COc1cccc(-c2oc3ccccc3c(=O)c2O)c1,calibration,candidate,,GYLGASXCHFNKHD,[M+H]+,QTOF
COc1ccc(-c2oc3cc(O)ccc3c(=O)c2O)cc1OC,calibration,candidate,,LTSJJOKAWSCMBC,[M+H]+,QTOF
O=C1CC(c2ccc(O)cc2)Oc2ccccc21,calibration,candidate,,ZLHVIYHWWQYJID,[M+H]+,QTOF
CC[C@H]1CN2CC[C@H]1C[C@@H]2[C@@H](O)c1ccnc2ccc(OC)cc12,calibration,candidate,,LJOQGZACKSYWCH,[M+H]+,QTOF
CCC(=O)Oc1cc2c(C)cc(=O)oc2cc1Cl,calibration,candidate,,GFMFCUGMHTWVTG,[M+H]+,QTOF
O=c1oc2c3c4c(cc2c2c1CCC2)CCCN4CCC3,calibration,candidate,,LLSRPENMALNOFW,[M+H]+,QTOF
COC12CC(COC(=O)c3cncc(Br)c3)CN(C)C1Cc1cn(C)c3cccc2c13,calibration,candidate,,YSEXMKHXIOCEJA,[M+H]+,QTOF
COc1ccc(C(=O)Nc2ccn(C3C[C@@H](O)[C@H](CO)O3)c(=O)n2)cc1,calibration,candidate,,ZASFNFUJGOZQBW,[M+H]+,QTOF
COc1cc2ccc(=O)oc2cc1OC1OC(COC2OC(C)C(O)C(O)C2O)C(O)C(O)C1OC1OC(C)C(O)C(O)C1O,calibration,candidate,,LLQBCHODNVGKSF,[M+H]+,QTOF
Cc1ccc(CC(Cc2nc3ccccc3[nH]2)c2nc3ccccc3[nH]2)cc1,calibration,candidate,,GAODIMGJPXDDHA,[M+H]+,QTOF
COc1ccc2c(=O)c(-c3ccccc3)coc2c1,calibration,candidate,,IECSQLKWZBEUGA,[M+H]+,QTOF
O=C(/C=C/c1ccc(O)cc1)c1ccccc1O,calibration,candidate,,FGPJTMCJNPRZGF,[M+H]+,QTOF
O=C(C=Cc1ccc(O)cc1)c1ccccc1O,calibration,candidate,,FGPJTMCJNPRZGF,[M+H]+,Orbitrap
CCc1cn(C2CC(O)C(CO)O2)c(=O)[nH]c1=O,calibration,candidate,,XACKNLSZYYIACO,[M+H]+,QTOF
COC(=O)[C@H]1[C@H]2C[C@H]3c4[nH]c5ccccc5c4CCN3C[C@H]2CC[C@@H]1O,fit,candidate,,BLGXFZZNTVWLAY,[M+H]+,QTOF
OC[C@H]1O[C@@H](n2cnc3c(NCc4ccco4)ncnc32)[C@H](O)[C@@H]1O,calibration,candidate,,CAGLGYNQQSIUGX,[M+H]+,QTOF
OCC1OC(n2cnc3c(NCc4ccco4)ncnc32)C(O)C1O,calibration,candidate,,CAGLGYNQQSIUGX,[M+H]+,Orbitrap
CC(=O)OC1CC2(C)C(C(C)=O)CCC2C2CCC3=CC(=O)CCC3(C)C12,calibration,candidate,,IWRPVTXREVYBHT,[M+H]+,QTOF
NC(Cc1c[nH]c2cc(F)ccc12)C(=O)O,calibration,candidate,,YMEXGEAJNZRQEH,[M+H]+,QTOF
COc1cc(O)c(C(=O)C=Cc2cc(OC)c(OC)cc2OC)c(OC)c1,calibration,candidate,,VHCQVGQULWFQTM,[M+H]+,QTOF
Nc1ccn(C2CC(O)C(COP(=O)(O)O)O2)c(=O)n1,calibration,excluded,chem:unsupported_element:P,NCMVOABPESMRCP,[M+H]+,QTOF
CCN(CC)c1ncnc2c1ncn2C1OC(CO)C(O)C1O,calibration,candidate,,AVNJCDRLZOVEDM,[M+H]+,QTOF
COc1cc2ccc(=O)oc2cc1OC1OC(COC2OC(C)C(O)C(O)C2O)C(O)C(O)C1O,calibration,candidate,,FCIZPHNZRNLUJD,[M+H]+,QTOF
COc1ccc2c(CN(C)CCC#N)cc(=O)oc2c1,calibration,candidate,,FMDMLXZPCLVWSQ,[M+H]+,QTOF
COc1cc2c(C(=O)c3ccccc3)c3c4c(cc(OC)c(OC)c4c2cc1OC)CCN3C,calibration,candidate,,MYSNZENUPZGNLK,[M+H]+,QTOF
COc1cc2ccc(=O)oc2cc1OC1OC(COC2OC(C)C(O)C(O)C2O)C(O)C(O)C1OC(C)=O,calibration,candidate,,VJPARTQOILTISJ,[M+H]+,QTOF
CNC(Cc1c[nH]c2ccccc12)C(=O)O,calibration,candidate,,CZCIKBSVHDNIDH,[M+H]+,QTOF
CC(C)(C)OC(=O)NC(Cc1cnc[nH]1)C(=O)O,calibration,candidate,,AYMLQYFMYHISQO,[M+H]+,QTOF
COc1ccc2c3c1OC1C(O)C=CC(C=C2)C31CCN(C)C,calibration,candidate,,ZOCTZZQDDXGIRB,[M+H]+,QTOF
COc1cc(-c2cc(=O)c3c(O)c(OC)c(OC4OC(COC5OC(C)C(O)C(O)C5O)C(O)C(O)C4O)cc3o2)ccc1O,calibration,candidate,,PYPKJBUJNZMSTH,[M+H]+,QTOF
CC(=O)Oc1cc(OC(C)=O)c2c(=O)cc(-c3ccc(OC(C)=O)c(OC(C)=O)c3)oc2c1,calibration,candidate,,MABQMQKDSPCURQ,[M+H]+,QTOF
Cc1cccc(-c2cc(=O)c3cc(C)ccc3o2)c1,calibration,candidate,,JAFAHOKDGKCLNO,[M+H]+,QTOF
CC(=O)Oc1cc(OC(C)=O)c2c(=O)c(OC(C)=O)c(-c3ccc(OC(C)=O)c(OC(C)=O)c3)oc2c1,calibration,candidate,,JQUHMSXLZZWRHU,[M+H]+,QTOF
COc1ccc(-c2coc3ccc(OC4OC(COC(C)=O)C(OC(C)=O)C(OC(C)=O)C4OC(C)=O)c(OC(C)=O)c3c2=O)cc1,calibration,candidate,,RFTHIXXAUSTEOS,[M+H]+,QTOF
O=C(c1ccccc1)N1CC2CC(C1)c1cccc(=O)n1C2,calibration,candidate,,HODDQHCNQOBZKP,[M+H]+,QTOF
Cc1cc(=O)oc2ccc(O)cc12,calibration,candidate,,IRUHWRSITUYICV,[M+H]+,QTOF
COc1cc2c(C=O)c3c4c(cc(OC)c(OC)c4c2cc1OC)CCN3C,calibration,candidate,,IXHDNZKSQDEGGB,[M+H]+,QTOF
C=CCNc1ncnc2c1ncn2C1OC(CO)C(O)C1O,calibration,candidate,,WTYYPLSFICPDGL,[M+H]+,QTOF
COc1cc2c(cc1OC)-c1c(OC)c(OC)cc3ccnc(c13)C2=O,calibration,candidate,,ZYKCETVKVRJFGD,[M+H]+,QTOF
COc1ccc2oc(-c3cccc(OC)c3OC)cc(=O)c2c1,calibration,candidate,,JAJRYQVSBTWNTH,[M+H]+,QTOF
COc1ccc(-c2cc(=O)c3c(O)c(OC)c(OC4OC(COC5OC(C)C(O)C(O)C5O)C(O)C(O)C4O)cc3o2)cc1,calibration,candidate,,DUXQKCCELUKXOE,[M+H]+,QTOF
CCOC(=O)C1=CC2(CC)CCCN3CCc4c(n1c1ccccc41)C32,calibration,candidate,,DDNCQMVWWZOMLN,[M+H]+,QTOF
O=c1cc(-c2ccccc2)oc2cccc(O)c12,calibration,candidate,,IYBLVRRCNVHZQJ,[M+H]+,QTOF
O=c1cc(-c2ccccc2)oc2c1ccc1ccccc12,calibration,candidate,,VFMMPHCGEFXGIP,[M+H]+,Orbitrap
CCOc1ccc2oc(=O)c(-c3ccc(O)cc3)c(C)c2c1,calibration,candidate,,MOBDZHABRVPJCH,[M+H]+,QTOF
O=C1CC(c2ccccc2)Oc2cc(O)cc(O)c21,calibration,candidate,,URFCJEUYXNAHFI,[M+H]+,QTOF
COc1ccc(-c2oc3ccccc3c(=O)c2O)cc1OC,calibration,candidate,,BXLAVJWSFYZDPF,[M+H]+,QTOF
CC(=O)N1CC2CC(C1)c1cccc(=O)n1C2,calibration,candidate,,WCRIKJOQMRFVPX,[M+H]+,QTOF
CC(=O)OC1C(=O)C2(C)C(O)CC3OCC3(OC(C)=O)C2C(OC(=O)c2ccccc2)C2(O)CC(OC(=O)C(O)C(NC(=O)c3ccccc3)c3ccccc3)C(C)=C1C2(C)C,fit,candidate,,RCINICONZNJXQF,[M+H]+,QTOF
O=C1CC(c2ccccc2O)Oc2ccc(O)cc21,calibration,candidate,,JMSUEPQZGKBECJ,[M+H]+,QTOF
COc1cc(OC)c2c(c1)OC(c1ccc(O)cc1)CC2=O,calibration,candidate,,REBBZOCNEVVAPX,[M+H]+,QTOF
O=c1cccc2n1CC1CC2CN(c2nc(N3CCCC3)nc(N3CCCC3)n2)C1,calibration,candidate,,NZPAMSHQYRPUFB,[M+H]+,QTOF
O=c1c(O)c(-c2ccc(O)cc2)oc2cc(O)ccc12,calibration,candidate,,OBWHQJYOOCRPST,[M+H]+,Orbitrap
OCC1OC(n2cnc3cncnc32)C(O)C1O,calibration,candidate,,MRWXACSTFXYYMV,[M+H]+,QTOF
COc1cc(OC)c(C(=O)/C=C/c2ccc(OC)c(OC)c2)c(OC)c1,calibration,candidate,,TVKGYMYAOVADOP,[M+H]+,QTOF
COc1ccc(CCNc2nc(Cl)nc(N3CC4CC(C3)c3cccc(=O)n3C4)n2)cc1OC,calibration,candidate,,DRVRFMGQMHIZLI,[M+H]+,QTOF
CC(C)=CCc1c(O)cc(O)c2c1OC(c1ccccc1)CC2=O,calibration,candidate,,DAWSYIQAGQMLFS,[M+H]+,QTOF
CCCN1C[C@H](CSC)C[C@@H]2c3cccc4[nH]cc(c34)C[C@H]21,calibration,candidate,,YEHCICAEULNIGD,[M+H]+,QTOF
CCCN1CC(CSC)CC2c3cccc4[nH]cc(c34)CC21,calibration,candidate,,YEHCICAEULNIGD,[M+H]+,Orbitrap
COc1cccc2c1C(=O)CC(c1ccccc1)O2,calibration,candidate,,YLLFUILNISGLHO,[M+H]+,QTOF
COc1ccc2c(C)cc(=O)oc2c1,calibration,candidate,,UDFPKNSWSYBIHO,[M+H]+,QTOF
COc1cc(-c2oc3c(O)c(OC4OC(COC(C)=O)C(O)C(O)C4OC4OC(C)C(O)C(O)C4O)cc(O)c3c(=O)c2O)ccc1O,calibration,candidate,,LLPAOCBYQCXXKS,[M+H]+,QTOF
COc1cc(=O)n(C)c2c(OCC(O)C(C)(C)O)cccc12,calibration,candidate,,IUPYLWAXGAJZQC,[M+H]+,QTOF
COc1ccccc1CC(Cc1nc2ccccc2[nH]1)c1nc2ccccc2[nH]1,calibration,candidate,,FQFJIJMMCVBRBL,[M+H]+,QTOF
CC1OC(=O)C2CC3CCCCC3C(C=CC3CCCC(C)N3C)C12,calibration,candidate,,FMPNFDSPHNUFOS,[M+H]+,QTOF
COc1ccc(-c2oc3cc(OC)c(OC(C)=O)c(OC)c3c(=O)c2OC)cc1OC(C)=O,calibration,candidate,,FWZKNPRCZCUJMQ,[M+H]+,QTOF
COc1cc(OC)c2c(C)cc(=O)oc2c1,calibration,candidate,,WFSKVHPOKPQJSU,[M+H]+,QTOF
O=c1cc(-c2cccc(O)c2)oc2cc(O)ccc12,calibration,candidate,,DYARIVMCYYQNNQ,[M+H]+,Orbitrap
COc1cccc(-c2cc(=O)c3ccc(O)cc3o2)c1,calibration,candidate,,PTXIWVJSAQPKEY,[M+H]+,QTOF
COc1cc(O)c2c(=O)cc(-c3ccccc3)oc2c1,calibration,candidate,,IRZVHDLBAYNPCT,[M+H]+,Orbitrap
CC(=O)Oc1ccc(-c2coc3cc(OC4OC(COC5OCC(OC(C)=O)C(OC(C)=O)C5OC(C)=O)C(OC(C)=O)C(OC(C)=O)C4OC(C)=O)cc(OC(C)=O)c3c2=O)cc1,calibration,candidate,,PWNURKDPPRSGQU,[M+H]+,QTOF
NC(Cc1ccc2ccccc2c1)C(=O)O,calibration,candidate,,JPZXHKDZASGCLU,[M+H]+,QTOF
C=C(CO)[C@H]1Cc2c(ccc3c2O[C@@H]2COc4cc(OC)c(OC)cc4[C@@H]2C3=O)O1,calibration,candidate,,ZJMLELXRQUXRIU,[M+H]+,QTOF
COc1c(-c2ccccc2)oc2c(ccc3occc32)c1=O,calibration,candidate,,LKPQNZRGGNOPPU,[M+H]+,QTOF
COc1ccc(-c2oc3cc(OC)ccc3c(=O)c2O)cc1,calibration,candidate,,IFHXSMSQHPVVSF,[M+H]+,Orbitrap
COc1cc(-c2oc3ccccc3c(=O)c2O)cc(OC)c1OC,calibration,candidate,,MWFLTXAQDCOKEK,[M+H]+,QTOF
COc1cc(OC)c2c(c1)OC(c1ccccc1)CC2=O,calibration,candidate,,IAFBOKYTDSDNHV,[M+H]+,QTOF
NC(Cc1cnc[nH]1)C(=O)NC(CO)C(=O)O,calibration,candidate,,KRBMQYPTDYSENE,[M+H]+,QTOF
C/C=C/C(=O)OCC1OC(Oc2cc(O)c3c(=O)cc(-c4ccc(O)c(OC)c4)oc3c2)C(O)C(O)C1O,calibration,candidate,,OAZSPRBLFZZMMR,[M+H]+,QTOF
COc1cc2c(cc1OC)C(=O)Cc1ccc3c(c1CN(C)CC2)OCO3,calibration,candidate,,XPOJSWHIKCNLEQ,[M+H]+,QTOF
O=c1c(O)c(-c2cccc(O)c2)oc2ccccc12,calibration,candidate,,QZESEGHSLFKZIV,[M+H]+,Orbitrap
NC(CS(=O)(=O)O)C(=O)O,calibration,excluded,chem:hypervalent,XVOYSCVBGLVSOL,[M+H]+,QTOF
C/C(=C\COc1cc(=O)[nH]c2ccccc12)CCC(O)C(C)(C)O,calibration,candidate,,PBWIOAMUZKICDN,[M+H]+,QTOF
CC(=CCOc1cc(=O)[nH]c2ccccc12)CCC(O)C(C)(C)O,calibration,candidate,,PBWIOAMUZKICDN,[M+H]+,Orbitrap
COc1ccccc1-c1cc(=O)c2c(OC)cccc2o1,calibration,candidate,,QNKIRTADURZGPG,[M+H]+,QTOF
COc1cc2c(cc1OC)C(=O)N(C)CC2,calibration,candidate,,BDIZBBGNYDRCCA,[M+H]+,QTOF
Cc1cn(C2OC(CO)C(O)C2O)c(=O)nc1N,fit,candidate,,ZAYHVCMSTBRABG,[M+H]+,QTOF
CC(C)Oc1ccc2c(=O)c(-c3ccccc3)coc2c1,calibration,candidate,,SFBODOKJTYAUCM,[M+H]+,QTOF
COc1ccc2c(OC)c3ccoc3nc2c1OC,calibration,candidate,,SLSIBLKBHNKZTB,[M+H]+,QTOF
CN[C@@H]1[C@H]2C3CCN2C[C@H]1O3,calibration,candidate,,OPMNROCQHKJDAQ,[M+H]+,QTOF
COc1cc2c(cc1OC)-c1c(OC)c(OC)c(C=O)c3c1[C@H](C2)N(C)CC3,calibration,candidate,,CLSKRRFGIZCINS,[M+H]+,QTOF
COc1cc2c(cc1OC)-c1c(OC)c(OC)c(C=O)c3c1C(C2)N(C)CC3,calibration,candidate,,CLSKRRFGIZCINS,[M+H]+,Orbitrap
O=c1cc(-c2ccccc2O)oc2c1ccc1ccccc12,calibration,candidate,,ZKMLQDNHMSFULN,[M+H]+,QTOF
OCC1OC(Oc2ccc3c(c2)OCC2c4cc5c(cc4OC32)OCO5)C(O)C(O)C1O,calibration,candidate,,VGSYCWGXBYZLLE,[M+H]+,QTOF
O=c1cc(-c2ccccc2O)oc2ccc(O)cc12,calibration,candidate,,YCGXYGWBHFKQHY,[M+H]+,QTOF
COc1cccc(-c2cc(=O)c3c(O)cccc3o2)c1,calibration,candidate,,IPQOBEBHJDIMQR,[M+H]+,QTOF
CCC12CCCN3CCC4(c5ccc(OC)c(O)c5N(C(C)=O)C4CC1)C32,calibration,candidate,,CITPXCNSMZMNIW,[M+H]+,QTOF
COc1cc2oc(=O)cc(C)c2cc1OC,calibration,candidate,,GBYDSYPGGDKWGZ,[M+H]+,QTOF
COC(=O)[C@H]1[C@H]2C[C@H]3c4[nH]c5ccccc5c4CCN3C[C@@H]2CC[C@@H]1O,fit,candidate,,BLGXFZZNTVWLAY,[M+H]+,QTOF
CNCC(O)c1ccc(O)c(O)c1,fit,candidate,,UCTWMZQNUQWSLP,[M+H]+,QTOF
CC1CCCC(O)CCC/C=C/c2cc(O)cc(O)c2C(=O)O1,fit,candidate,,FPQFYIAXQDXNOR,[M+H]+,QTOF
O=c1c2ccccc2nc2n1CC[C@@H]2O,calibration,candidate,,SDIVYZXRQHWCKF,[M+H]+,QTOF
CN1CC(=O)N2[C@H](c3ccc4c(c3)OCO4)c3[nH]c4ccccc4c3C[C@@H]2C1=O,fit,candidate,,WOXKDUGGOYFFRN,[M+H]+,Orbitrap
C=C[C@H]1CN2CC[C@H]1C[C@@H]2[C@@H](O)c1ccnc2ccc(OC)cc12,fit,candidate,,LOUPRKONTZGTKE,[M+H]+,QTOF
COc1ccc(-c2cc(=O)c3c(O)c(OC)c(O[C@@H]4O[C@H](CO[C@@H]5O[C@@H](C)[C@H](O)[C@@H](O)[C@H]5O)[C@@H](O)[C@H](O)[C@H]4O)cc3o2)cc1,calibration,candidate,,DUXQKCCELUKXOE,[M+Na]+,QTOF
OC[C@H]1O[C@H](OC[C@H]2O[C@@H](O)[C@H](O)[C@@H](O)[C@@H]2O)[C@H](O)[C@@H](O)[C@H]1O,fit,candidate,,DLRVVLDZNNYCBX,[M+Na]+,Orbitrap
O=c1c(O[C@@H]2OC[C@H](O)C(O)C2O)c(-c2ccc(O)cc2)oc2cc(O)cc(O)c12,calibration,candidate,,RNVUDWOQYYWXBJ,[M+H]+,QTOF
COC(=O)C1=CO[C@@H](O[C@@H]2O[C@H](CO)[C@@H](O)[C@H](O)[C@H]2O)[C@@H]2C(CO)=CC[C@H]12,calibration,candidate,,IBFYXTRXDNAPMM,[M+Na]+,Orbitrap
COC1=CC(=O)C[C@@H](C)[C@]12Oc1cc(OC)cc(OC)c1C2=O,fit,candidate,,QPCYNIYZPDJCMB,[M+H]+,QTOF
CO[C@H]1C[C@H](O[C@H]2CC[C@]3(C=O)[C@H]4CC[C@]5(C)[C@@H](C6=CC(=O)OC6)CC[C@]5(O)[C@@H]4CC[C@]3(O)C2)O[C@H](C)[C@H]1O,calibration,candidate,,XQCGNURMLWFQJR,[M+H]+,QTOF
CN1C(=O)c2ccccc2NC(=O)[C@@H]1Cc1ccccc1,fit,candidate,,KSQNKZMAMGACTL,[M+H]+,QTOF
C[C@]12CCC(=O)C=C1CC[C@@H]1[C@@H]2CC[C@@]2(C)[C@H]1CC[C@]2(O)C(=O)CO,fit,candidate,,WHBHBVVOGNECLV,[M+H]+,QTOF
C[C@H](CCC(=O)O)[C@H]1CC[C@H]2[C@@H]3[C@H](O)C[C@@H]4C[C@H](O)CC[C@]4(C)[C@H]3C[C@H](O)[C@]12C,fit,candidate,,BHQCQFFYRZLCQQ,[M+H]+,QTOF
O=C(/C=C/c1ccc(O)c(O)c1)O[C@@H]1C[C@](O)(C(=O)O)C[C@@H](O)[C@H]1O,calibration,candidate,,CWVRJTMFETXNAD,[M+H]+,QTOF
Cc1c(C(=O)O)c(O)cc2c1C(=O)c1c(O)c([C@@H]3O[C@H](CO)[C@@H](O)[C@H](O)[C@H]3O)c(O)c(O)c1C2=O,fit,candidate,,DGQLVPJVXFOQEV,[M+Na]+,QTOF
COc1cc(O)cc2c1C(=O)C[C@@H](c1ccccc1)O2,fit,candidate,,QQQCWVDPMPFUGF,[M+H]+,Orbitrap
O=C1CC(c2ccc(O[C@@H]3O[C@H](CO)[C@@H](O)[C@H](O)[C@H]3O)cc2)Oc2cc(O)ccc21,calibration,candidate,,DEMKZLAVQYISIA,[M+H]+,QTOF
C[C@@H]1O[C@@H](OC2C(Oc3cc(O)c4c(c3)OC(c3ccc(O)cc3)CC4=O)OC(CO)C(O)C2O)[C@H](O)[C@H](O)[C@H]1O,fit,candidate,,DFPMSGMNTNDNHN,[M+H]+,QTOF
COc1cc2ccc(=O)oc2cc1O[C@@H]1O[C@H](CO[C@@H]2O[C@@H](C)[C@H](O)[C@@H](O)[C@H]2O)[C@@H](O)[C@H](O)[C@H]1O[C@@H]1O[C@@H](C)[C@H](O)[C@@H](O)[C@H]1O,calibration,candidate,,LLQBCHODNVGKSF,[M+H]+,QTOF
COc1ccc(C2CC(=O)c3c(O)cc(O[C@@H]4O[C@H](CO[C@@H]5O[C@@H](C)[C@H](O)[C@@H](O)[C@H]5O)[C@@H](O)[C@H](O)[C@H]4O)cc3O2)cc1O,calibration,candidate,,QUQPHWDTPGMPEX,[M+H]+,QTOF
Oc1ccc(/C=C/c2cc(O)cc3c2[C@H](c2cc(O)cc(O)c2)[C@H](c2ccc(O)cc2)O3)cc1,calibration,candidate,,FQWLMRXWKZGLFI,[M+H]+,QTOF
O=c1c(O[C@@H]2O[C@H](CO)[C@H](O)[C@H](O)[C@H]2O)c(-c2cc(O)c(O)c(O)c2)oc2cc(O)cc(O)c12,calibration,candidate,,FOHXFLPXBUAOJM,[M+H]+,QTOF
COc1cc(-c2oc3cc(O)cc(O)c3c(=O)c2OC2OC(CO[C@@H]3O[C@@H](C)[C@H](O)[C@@H](O)[C@H]3O)C(O)C(O)C2O)ccc1O,calibration,candidate,,UIDGLYUNOUKLBM,[M+H]+,QTOF
Cc1occc(=O)c1O[C@@H]1O[C@H](COC(=O)CC(C)(O)CC(=O)O)[C@@H](O)[C@H](O)[C@H]1O,calibration,candidate,,WCVUIHQUPRXYKT,[M+Na]+,QTOF
C[C@H]1O[C@@H](O[C@H]2C[C@@H](O)[C@]3(CO)C4C(O)C[C@]5(C)[C@@H](C6=CC(=O)OC6)CC[C@]5(O)C4CC[C@]3(O)C2)[C@@H](O)[C@@H](O)[C@H]1O,fit,candidate,,LPMXVESGRSUGHW,[M+H]+,QTOF
O=c1c(O[C@@H]2O[C@H](CO[C@@H]3OC[C@@H](O)[C@H](O)[C@H]3O)[C@@H](O)[C@H](O)[C@H]2O)c(-c2ccc(O)c(O)c2)oc2cc(O)cc(O)c12,calibration,candidate,,YNMFDPCLPIMRFD,[M+H]+,QTOF
CC1CCCC(=O)CCC/C=C/c2cc(O)cc(O)c2C(=O)O1,fit,candidate,,MBMQEIFVQACCCH,[M+H]+,QTOF
CC1(C)C2CC[C@]3(C)[C@H](C(=O)C=C4[C@@H]5C[C@@](C)(C(=O)O)CC[C@]5(C)CC[C@]43C)[C@@]2(C)CC[C@@H]1O,fit,candidate,,MPDGHEJMBKOTSU,[M+H]+,QTOF
CC/C=C\[C@H](O)[C@H](O)C1=C(C)C(=O)[C@]2(O1)C(=O)N[C@@](OC)(C(=O)c1ccccc1)C2O,fit,candidate,,SLYDIPAXCVVRNY,[M+Na]+,QTOF
CCC(C)[C@H]1C(=O)O[C@H](C(C)C)C(=O)N(C)[C@@H](C(C)C)C(=O)O[C@H](C(C)C)C(=O)N(C)[C@@H](C(C)C)C(=O)O[C@H](C(C)C)C(=O)N1C,fit,candidate,,UQCSETXJXJTMKO,[M+H]+,QTOF
CN1C(=O)c2ccccc2NC(=O)[C@]12O[C@@H]2c1cccc(O)c1,fit,candidate,,BDDNYDPRCCDQQJ,[M+H]+,QTOF
C[C@@H]1CCC2C(C)(C)[C@H](O)CC[C@]2(C)[C@@]12Cc1c(O)cc3c(c1O2)CNC3=O,fit,candidate,,ZSVLMDBFFSSVAK,[M+H]+,QTOF
CN1C(=O)c2ccccc2NC(=O)/C1=C\c1ccccc1,fit,candidate,,FYVKHLSOIIPVEH,[M+H]+,QTOF
CC1(C(=O)O)CC[C@]2(C)CC[C@]3(C)C(=CC(=O)C4[C@@]5(C)CC[C@H](O[C@@H]6O[C@H](C(=O)O)[C@@H](O)[C@H](O)[C@H]6O[C@@H]6O[C@H](C(=O)O)[C@@H](O)[C@H](O)[C@H]6O)C(C)(C)C5CC[C@]43C)[C@@H]2C1,calibration,candidate,,LPLVUJXQOOQHMX,[M+H]+,QTOF
O=C1c2c(O)cc(O)cc2O[C@@H](c2ccc(O)cc2)[C@@H]1O,calibration,candidate,,PADQINQHPQKXNL,[M+H]+,QTOF
Oc1cc(O)c2c(c1)O[C@@H](c1cc(O)c(O)c(O)c1)[C@@H](O)C2,fit,candidate,,XMOCLSLCDHWDHP,[M+H]+,QTOF
C[C@@H]1CCC/C=C/[C@H]2C[C@@H](O)C[C@@H]2[C@@H](O)/C=C/C(=O)O1,fit,candidate,,KQNZDYYTLMIZCT,[M+H]+,QTOF
CC=C1C2C=C(C)CC1(N)c1ccc(=O)[nH]c1C2,fit,candidate,,ZRJBHWIHUMBLCN,[M+H]+,Orbitrap
C/C=C1/C2C=C(C)CC1(N)c1ccc(=O)[nH]c1C2,fit,candidate,,ZRJBHWIHUMBLCN,[M+H]+,Orbitrap
CC1(O)CCOC(=O)C1,fit,candidate,,JYVXNLLUYHCIIH,[M+H]+,Orbitrap
NC(=O)CC[C@@H](N)C(=O)O,fit,candidate,,ZDXPYRJPNDTMRX,[M+H]+,Orbitrap
CCC1=CC2CN3CCc4c([nH]c5ccccc45)[C@@](C(=O)OC)(C2)[C@@H]13,calibration,candidate,,CMKFQVZJOWHHDV,[M+H]+,Orbitrap
CC1=C2C(=O)C3[C@@H](CC=C4C[C@@H](O)CC[C@@]43C)[C@@H]2CC[C@]12O[C@@H]1C[C@H](C)CN[C@H]1[C@H]2C,fit,candidate,,CLEXYFLHGFJONT,[M+H]+,Orbitrap
C[C@@H]1C[C@@H]2O[C@H]2/C=C\C=C\C(=O)Cc2c(Cl)c(O)cc(O)c2C(=O)O1,fit,candidate,,WYZWZEOGROVVHK,[M+H]+,missing
OC[C@H]1O[C@@H](Oc2ccc3c(c2)OC[C@H]2c4cc5c(cc4O[C@@H]32)OCO5)[C@H](O)[C@@H](O)[C@@H]1O,calibration,candidate,,VGSYCWGXBYZLLE,[M+H]+,Orbitrap
C[C@@H]1O[C@@H](Oc2c(-c3ccc(O)c(O)c3)oc3cc(O)cc(O)c3c2=O)C(O[C@@H]2O[C@H](COC(=O)/C=C/c3ccc(O)cc3)[C@@H](O)[C@H](O)[C@H]2O)[C@H](O)[C@H]1O,calibration,candidate,,LSMKTLJKBSXMMR,[M+H]+,Orbitrap
C=CC(C)(C)[C@@]12C[C@H]3C(=O)N/C(=C\c4cnc[nH]4)C(=O)N3[C@@H]1Nc1ccccc12,fit,candidate,,SPWSUFUPTSJWNG,[M+H]+,Orbitrap
O=c1c(O[C@@H]2OC[C@H](O)[C@H](O)[C@H]2O)c(-c2ccc(O)cc2)oc2cc(O)cc(O)c12,calibration,candidate,,RNVUDWOQYYWXBJ,[M+H]+,missing
C[C@H]1OC(O[C@H]2[C@H](O)CC(O[C@H]3[C@@H](O)C[C@H](O[C@H]4CC[C@@]5(C)[C@H](CC[C@@H]6[C@@H]5C[C@@H](O)[C@]5(C)[C@@H](C7=CC(=O)OC7)CC[C@]65O)C4)O[C@@H]3C)O[C@@H]2C)C[C@H](O)[C@@H]1O,fit,candidate,,LTMHDMANZUZIPE,[M+Na]+,Orbitrap
C[C@@H]1O[C@@H](O[C@H]2[C@H](Oc3cc(O)c4c(c3)OC(c3ccc(O)cc3)CC4=O)O[C@H](CO)[C@@H](O)[C@@H]2O)[C@H](O)[C@H](O)[C@H]1O,fit,candidate,,DFPMSGMNTNDNHN,[M+H]+,QTOF
C[C@@H]1O[C@@H](OC[C@H]2O[C@@H](Oc3cc(O)c4c(c3)OC(c3ccc(O)c(O)c3)CC4=O)[C@H](O)[C@@H](O)[C@@H]2O)[C@H](O)[C@H](O)[C@H]1O,calibration,candidate,,OMQADRGFMLGFJF,[M+H]+,missing
CC(C)CCC[C@@H](C)[C@H]1CC[C@H]2[C@@H]3CC=C4C[C@@H](O)CC[C@]4(C)[C@H]3CC[C@]12C,calibration,candidate,,HVYWMOMLDIMFJA,[M+Na]+,Orbitrap
COc1cc(/C=C/C(=O)O[C@@H]2C[C@@](O)(C(=O)O)C[C@@H](O)[C@@H]2O)ccc1O,calibration,candidate,,RAGZUCNPTLULOL,[M+H]+,Orbitrap
C=C[C@H]1CN2CC[C@H]1C[C@@H]2C(O)c1ccnc2ccc(OC)cc12,fit,candidate,,LOUPRKONTZGTKE,[M+H]+,Orbitrap
O=c1c(-c2ccc(O)cc2)coc2c(C3OC(CO)C(O)C(O)C3O)c(O)cc(O)c12,fit,candidate,,HIWJJOYYZFELEZ,[M+H]+,Orbitrap
CC[C@H]1CN2CC[C@H]1C[C@H]2[C@H](O)c1ccnc2ccc(OC)cc12,calibration,candidate,,LJOQGZACKSYWCH,[M+H]+,Orbitrap
CC[C@@]1(O)C(=O)OCc2c1cc1n(c2=O)Cc2cc3ccccc3nc2-1,calibration,candidate,,VSJKWCGYPAHWDS,[M+H]+,Orbitrap
CN[C@@H]1[C@H](O)[C@H](NC)[C@H]2O[C@@]3(O)C(=O)C[C@@H](C)O[C@H]3O[C@@H]2[C@H]1O,calibration,candidate,,UNFWWIHTNXNPBV,[M+H]+,Orbitrap
NCCCC(N)C(=O)O,fit,candidate,,AHLPHDHHMVZTML,[M+H]+,Orbitrap
CCC1CN2CCC1CC2C(O)c1ccnc2ccc(OC)cc12,calibration,candidate,,LJOQGZACKSYWCH,[M+H]+,Orbitrap
OC[C@@H](O)C(O)[C@H](O)CO,fit,candidate,,HEBKCHPVOIAQTA,[M+H]+,Orbitrap
COc1cc2c(cc1OC)C1Cc3ccc(OC)c(OC)c3CN1CC2,fit,candidate,,AEQDJSLRWYMAQI,[M+H]+,Orbitrap
COc1cc2c(c(OC)c1OC)-c1c(cc(OC)c(OC)c1OC)C[C@](C)(O)[C@@H](C)C2,calibration,candidate,,YEFOAORQXAOVJQ,[M+H]+,missing
CN1C(=O)c2ccccc2NC(=O)[C@]12O[C@@H]2c1ccccc1,fit,candidate,,APLKWZASYUZSBL,[M+H]+,Orbitrap
CC[C@]12CCCN3CCc4c(n(c5ccccc45)C(=O)C1)[C@@H]32,calibration,candidate,,WYJAPUKIYAZSEM,[M+H]+,Orbitrap
OC[C@H]1O[C@H](OC[C@H]2OC(O)[C@H](O)[C@@H](O)[C@@H]2O)[C@H](O)[C@@H](O)[C@H]1O,fit,candidate,,DLRVVLDZNNYCBX,[M+Na]+,Orbitrap
OC[C@H]1O[C@@H](OC[C@H]2OC(O)[C@H](O)[C@@H](O)[C@@H]2O)[C@H](O)[C@@H](O)[C@@H]1O,fit,candidate,,DLRVVLDZNNYCBX,[M+Na]+,Orbitrap
CCCCCCCCCCCCCCCC(=O)O[C@@H](CC(=O)[O-])C[N+](C)(C)C,fit,excluded,chem:unsupported_charge,XOMRRQXKHMYMOC,[M+H]+,Orbitrap
C=C[C@H]1CN2CCC1C[C@H]2[C@H](O)c1ccnc2ccc(OC)cc12,fit,candidate,,LOUPRKONTZGTKE,[M+H]+,Orbitrap
C=C[C@H]1CN2CC[C@@H]1C[C@H]2[C@H](O)c1ccnc2ccc(OC)cc12,fit,candidate,,LOUPRKONTZGTKE,[M+H]+,QTOF
O=C1CC(c2ccc(O)cc2)Oc2cc(O[C@@H]3O[C@H](CO)[C@@H](O)[C@H](O)[C@H]3O)cc(O)c21,calibration,candidate,,DLIKSSGEMUFQOK,[M+H]+,QTOF
COc1ccc(-c2oc3c(CC=C(C)C)c(OC4OC(CO)C(O)C(O)C4O)cc(O)c3c(=O)c2OC2OC(C)C(O)C(O)C2O)cc1,calibration,candidate,,TZJALUIVHRYQQB,[M+H]+,QTOF
C[C@@H]1O[C@@H](Oc2cc(O)c3c(=O)c(O[C@@H]4O[C@@H](C)[C@H](O)[C@H](O)[C@H]4O)c(-c4ccc(O)cc4)oc3c2)[C@H](O)[C@@H](O)[C@H]1O,fit,candidate,,PUPKKEQDLNREIM,[M+H]+,QTOF
C=C[C@H]1CN2CCC1C[C@@H]2[C@@H](O)c1ccnc2ccccc12,fit,candidate,,KMPWYEUPVWOPIM,[M+H]+,QTOF
O=C(O)[C@@H]1CCCCN1,calibration,candidate,,HXEACLLIILLPRG,[M+H]+,QTOF
CC(=O)N[C@@H](CCC(=O)O)C(=O)O,fit,candidate,,RFMMMVDNIPUKGG,[M+H]+,Orbitrap
CC(=O)N[C@H]1[C@@H](OP(=O)(O)OP(=O)(O)OC[C@H]2OC(n3ccc(=O)[nH]c3=O)[C@H](O)[C@@H]2O)O[C@H](CO)[C@H](O)[C@@H]1O,fit,excluded,chem:unsupported_element:P,LFTYTUAZOPRMMI,[M+H]+,Orbitrap
Nc1ncnc2c1ncn2[C@H]1C[C@H](O)[C@@H](COP(=O)(O)OP(=O)(O)O)O1,calibration,excluded,chem:unsupported_element:P,DAEAPNUQQAICNR,[M+H]+,Orbitrap
O=C(O)/C=C\c1ccc(O)c(O)c1,fit,candidate,,QAIPRVGONGVQAS,[M+H]+,Orbitrap
O=C1c2c(O)cccc2C(C2OC(CO)C(O)C(O)C2O)c2cc(CO)cc(O)c21,fit,candidate,,AFHJQYHRLPMKHU,[M+H]+,QTOF
C=CC1CN2CCC1CC2[C@@H](O)c1ccnc2ccccc12,fit,candidate,,KMPWYEUPVWOPIM,[M+H]+,Orbitrap
NC(=O)CC(N)C(=O)O,fit,candidate,,DCXYFEDJOCDNAF,[M+H]+,QTOF
NC(CS)C(=O)O,fit,candidate,,XUJNEKJLAYXESH,[M+H]+,QTOF
CC(N)C(=O)O,fit,candidate,,QNAYBMKLOCPYGJ,[M+H]+,QTOF
C=C(C)C1CC=C(C)C(=O)C1,fit,candidate,,ULDHMXUKGWMISQ,[M+H]+,QTOF
CCOC(=O)c1cncn1[C@H](C)c1ccccc1,fit,candidate,,NPUKDXXFDDZOKR,[M+H]+,Orbitrap
Nc1ccn([C@H]2C[C@H](O)[C@@H](COP(=O)(O)O)O2)c(=O)n1,calibration,excluded,chem:unsupported_element:P,NCMVOABPESMRCP,[M+H]+,Orbitrap
CC(=O)OCC(=O)[C@H]1CC[C@H]2[C@@H]3CCC4=CC(=O)CC[C@]4(C)[C@H]3CC[C@]12C,fit,candidate,,VPGRYOFKCNULNK,[M+H]+,Orbitrap
O=c1ccn(C2OC(COP(=O)(O)O)C(O)C2O)c(=O)[nH]1,fit,excluded,chem:unsupported_element:P,DJJCXFVJDGTHFX,[M+H]+,Orbitrap
N[C@@H](Cc1cc(I)c(Oc2ccc(O)cc2)c(I)c1)C(=O)O,fit,candidate,,ZHSOTLOTTDYIIK,[M+H]+,Orbitrap
NC[C@H](O)CC[C@H](N)C(=O)O,calibration,candidate,,YSMODUONRAFBET,[M+H]+,Orbitrap
N[C@@H]1C(O)O[C@H](CO)[C@@H](O)[C@@H]1O,fit,candidate,,MSWZFWKMSRAUBD,[M+H]+,Orbitrap
N[C@H]1CCSC1=O,fit,candidate,,KIWQWJKWBHZMDT,[M+H]+,Orbitrap
Nc1ncnc2c1ncn2[C@@H]1O[C@H](CO)[C@H]2OP(=O)(O)O[C@H]21,fit,excluded,chem:unsupported_element:P,KMYWVDDIPVNLME,[M+H]+,Orbitrap
C[C@H](NC(=O)Cc1c[nH]c2ccccc12)C(=O)O,calibration,candidate,,FBDCJLXTUCMFLF,[M+H]+,Orbitrap
COc1ccc([C@@H]2Sc3ccccc3N(CCN(C)C)C(=O)[C@@H]2OC(C)=O)cc1,fit,candidate,,HSUGRBWQSSZJOP,[M+H]+,Orbitrap
OC[C@H]1OC(O)[C@H](O)[C@H](O)[C@H]1O,fit,candidate,,WQZGKKKJIJFFOK,[M+H]+,Orbitrap
CC(=O)N[C@H]1C(O)O[C@H](CO)[C@H](O)[C@@H]1O,fit,candidate,,OVRNDRQMDRJTHS,[M+H]+,Orbitrap
CN(C)CC/C=C1\c2ccccc2COc2ccccc21,fit,candidate,,ODQWQRRAPPTVAG,[M+H]+,Orbitrap
OC[C@@H](O)[C@H](O)[C@H](O)[C@@H](O)CO,fit,candidate,,FBPFZTCFMRRESA,[M+H]+,Orbitrap
CC(=O)N[C@H]1[C@H]([C@H](O)[C@H](O)CO)OC(O)(C(=O)O)C[C@@H]1O,fit,candidate,,SQVRNKJHWKZAKO,[M+H]+,Orbitrap
CC(=O)N[C@@H]1C(O)O[C@H](CO)[C@@H](O)[C@@H]1O,fit,candidate,,OVRNDRQMDRJTHS,[M+H]+,Orbitrap
CC[C@@H](C)[C@H](N)C(=O)O,fit,candidate,,AGPKZVBTJJNPAG,[M+H]+,Orbitrap
OC[C@H]1O[C@H](O[C@H]2[C@H](O)[C@@H](O)[C@H](O)O[C@@H]2CO)[C@H](O)[C@@H](O)[C@@H]1O,fit,candidate,,GUBGYTABKSRVRQ,[M+H]+,QTOF
Nc1ncnc2c1ncn2[C@@H]1O[C@H](COP(=O)(O)OP(=O)(O)O)[C@@H](O)[C@H]1O,calibration,excluded,chem:unsupported_element:P,XTWYTFMLZFPYCI,[M+H]+,Orbitrap
N[C@@H](CCC[C@H](N)C(=O)O)C(=O)O,calibration,candidate,,GMKMEZVLHJARHF,[M+H]+,QTOF
O=C(O)[C@H]1C[C@@H](O)CN1,fit,candidate,,PMMYEEVYMWASQN,[M+H]+,Orbitrap
C[C@@H](N)C(=O)O,fit,candidate,,QNAYBMKLOCPYGJ,[M+H]+,Orbitrap
C[C@@H]1NCCc2cc(O)c(O)cc21,fit,candidate,,IBRKLUSXDYATLG,[M+H]+,Orbitrap
OC[C@H]1O[C@@H](O[C@H]2[C@H](O)[C@@H](O)[C@H](O)O[C@@H]2CO)[C@H](O)[C@@H](O)[C@@H]1O,fit,candidate,,GUBGYTABKSRVRQ,[M+H]+,Orbitrap
CC(C)(CO)[C@@H](O)C(=O)NCCCO,fit,candidate,,SNPLKNRPJHDVJA,[M+H]+,QTOF
CCCCC/C=C\C/C=C\CCCCCCCC(=O)O[C@H](CC(=O)[O-])C[N+](C)(C)C,fit,excluded,chem:unsupported_charge,MJLXQSQYKZWZCB,[M+H]+,QTOF
CC(C)C(=O)O[C@H](CC(=O)[O-])C[N+](C)(C)C,calibration,excluded,chem:unsupported_charge,LRCNOZRCYBNMEP,[M+H]+,QTOF
CCCCC/C=C/C(=O)O[C@@H](CC(=O)[O-])C[N+](C)(C)C,fit,excluded,chem:unsupported_charge,LOSHAHDSFZXVCT,[M+H]+,QTOF
CC(C)C[C@H](NC(=O)[C@@H](N)CC(C)C)C(=O)O,calibration,candidate,,LCPYQJIKPJDLLB,[M+H]+,QTOF
CC(=O)Nc1ccc(O[C@@H]2O[C@H](C(=O)O)[C@@H](O)[C@H](O)[C@H]2O)cc1,fit,candidate,,IPROLSVTVHAQLE,[M+H]+,QTOF
CC(C)C[C@H](N)C(=O)N[C@@H](C)C(=O)O,calibration,candidate,,HSQGMTRYSIHDAC,[M+H]+,QTOF
CCCCCCCCCCCCCCCCCC(=O)O[C@H](CC(=O)[O-])C[N+](C)(C)C,fit,excluded,chem:unsupported_charge,FNPHNLNTJNMAEE,[M+H]+,QTOF
CCCCC/C=C/C(=O)O[C@H](CC(=O)[O-])C[N+](C)(C)C,fit,excluded,chem:unsupported_charge,LOSHAHDSFZXVCT,[M+H]+,QTOF
CCCCCCCCCC(=O)O[C@H](CC(=O)[O-])C[N+](C)(C)C,fit,excluded,chem:unsupported_charge,LZOSYCMHQXPBFU,[M+H]+,QTOF
C[C@]12CCC(=O)C=C1CC[C@@H]1[C@@H]2[C@@H](O)C[C@@]2(C)[C@H]1CC[C@@]2(O)C(=O)CO,fit,candidate,,JYGXADMDTFJGBT,[M+H]+,Orbitrap
CC(=O)NC(CO)C(=O)O,fit,candidate,,JJIHLJJYMXLCOY,[M+H]+,QTOF
OC[C@H]1O[C@H](O[C@H]2[C@H](O)[C@H](O)[C@@H](O)O[C@@H]2CO)[C@H](O)[C@@H](O)[C@@H]1O,fit,candidate,,GUBGYTABKSRVRQ,[M+Na]+,QTOF
CNc1ncnc2c1ncn2C1OC(CO)C(O)C1O,fit,candidate,,VQAYFKKCNSOZKM,[M+H]+,Orbitrap
O=c1cc(-c2ccc(O)cc2)oc2c([C@@H]3O[C@H](CO)[C@@H](O)[C@H](O)[C@H]3O)c(O)c([C@@H]3O[C@H](CO)[C@@H](O)[C@H](O)[C@H]3O)c(O)c12,calibration,candidate,,FIAAVMJLAGNUKW,[M+H]+,Orbitrap
O=C(O)[C@@H]1C[C@H](O)CN1,fit,candidate,,PMMYEEVYMWASQN,[M+H]+,QTOF
CS(=N)(=O)CC[C@H](N)C(=O)O,fit,excluded,chem:hypervalent,SXTAYKAGBXMACB,[M+H]+,QTOF
COc1cc([C@@H](O)CN)ccc1O,fit,candidate,,YNYAYWLBAHXHLL,[M+H]+,QTOF
NC(=O)[C@@H]1CCCN1C(=O)[C@H](Cc1cnc[nH]1)NC(=O)[C@@H]1CCC(=O)N1,fit,candidate,,XNSAINXGIQZQOO,[M+H]+,QTOF
N[C@H]1C(O)O[C@H](COP(=O)(O)O)[C@@H](O)[C@@H]1O,calibration,excluded,chem:unsupported_element:P,XHMJOUIAFHJHBW,[M+H]+,QTOF
CO/N=C(\C(=O)OC)c1ccccc1CO/N=C(\C)c1cccc(C(F)(F)F)c1,fit,candidate,,ONCZDRURRATYFI,[M+H]+,Orbitrap
O[C@@H](c1cc(C(F)(F)F)nc2c(C(F)(F)F)cccc12)[C@H]1CCCCN1,fit,candidate,,XEEQGYMUWCZPDN,[M+H]+,Orbitrap
CC(=O)NC[C@@H]1CN(c2ccc(N3CCOCC3)c(F)c2)C(=O)O1,fit,candidate,,TYZROVQLWOKYKF,[M+H]+,Orbitrap
COc1cc(N[C@@H](C)CCCN)c2ncccc2c1,fit,candidate,,INDBQLZJXZLFIT,[M+H]+,Orbitrap
CC[C@H](CO)NCCN[C@H](CC)CO,fit,candidate,,AEUTYOVWOVBAKS,[M+H]+,Orbitrap
O=C(C1CCCCC1)N1CC(=O)N2CCc3ccccc3[C@@H]2C1,fit,candidate,,FSVJFNAIGNNGKK,[M+H]+,Orbitrap
O=C1OC[C@H](Cc2cccc(O)c2)[C@H]1Cc1cccc(O)c1,calibration,candidate,,HVDGDHBAMCBBLR,[M+H]+,missing
CCc1cccc(C)c1N(C(=O)CCl)[C@@H](C)COC,fit,candidate,,WVQBLGZPHOPPFO,[M+H]+,Orbitrap
C[C@]12C=CC3=C4CCC(=O)C=C4CC[C@H]3[C@@H]1CC[C@@H]2O,fit,candidate,,MEHHPFQKXOUFFV,[M+H]+,Orbitrap
C#C[C@]1(O)CC[C@H]2[C@@H]3CCC4=CC(=O)CC[C@@H]4[C@H]3CC[C@@]21CC,fit,candidate,,WWYNJERNGUHSAO,[M+H]+,Orbitrap
O=C(/C=C/c1ccc(O)c(O)c1)O[C@@H]1C[C@@](O)(C(=O)O)C[C@@H](O)[C@@H]1O,calibration,candidate,,CWVRJTMFETXNAD,[M+H]+,missing
C=C[C@H]1CN2CCC1C[C@H]2[C@H](O)c1ccnc2ccccc12,fit,candidate,,KMPWYEUPVWOPIM,[M+H]+,QTOF
O=c1cc(-c2ccc(O)cc2)oc2c([C@@H]3O[C@H](CO)[C@@H](O)[C@H](O)[C@H]3O)c(O)c([C@@H]3OC[C@H](O)[C@H](O)[C@H]3O)c(O)c12,calibration,candidate,,OVMFOVNOXASTPA,[M+H]+,QTOF
CC(=O)O[C@H]1C(=O)[C@@]2(C)C([C@H](OC(=O)c3ccccc3)[C@]3(O)C[C@H](OC(=O)[C@H](O)[C@@H](NC(=O)c4ccccc4)c4ccccc4)C(C)=C1C3(C)C)[C@]1(OC(C)=O)CO[C@@H]1C[C@@H]2O,fit,candidate,,RCINICONZNJXQF,[M+H]+,QTOF
C[C@H]1CCCC=C[C@@H]2C[C@H](O)C[C@H]2[C@H](O)C=CC(=O)O1,fit,candidate,,KQNZDYYTLMIZCT,[M+H]+,QTOF
OC[C@H]1O[C@@H](Oc2cc(O)cc(/C=C/c3ccc(O)cc3)c2)[C@H](O)[C@@H](O)[C@@H]1O,calibration,candidate,,HSTZMXCBWJGKHG,[M+H]+,QTOF
CC1(C)O[C@@H]2[C@@H](CO[C@@]3(COS(N)(=O)=O)OC(C)(C)O[C@@H]23)O1,fit,excluded,chem:hypervalent,KJADKKWYZYXHBB,[M+H]+,QTOF
CCC(=O)O[C@](Cc1ccccc1)(c1ccccc1)[C@H](C)CN(C)C,fit,candidate,,XLMALTXPSGQGBX,[M+H]+,Orbitrap
CCCCCCCCCCCCCC[C@@H](O)[C@@H](O)[C@@H](N)CO,calibration,candidate,,AERBNCYCJBRYDG,[M+H]+,Orbitrap
CC(=O)N[C@@H](C=O)[C@@H](O)[C@H](O)[C@H](O)CO,fit,candidate,,MBLBDJOUHNCFQT,[M+H]+,QTOF
O=C1C[C@@H](c2ccc(O)cc2)Oc2cc(O)ccc21,calibration,candidate,,FURUXTVZLHCCNA,[M+H]+,QTOF
CCN1CCC[C@H]1CNC(=O)c1cc(S(N)(=O)=O)ccc1OC,fit,excluded,chem:hypervalent,BGRJTUBHPOOWDU,[M+H]+,QTOF
CC[C@@H](C(N)=O)N1CCCC1=O,fit,candidate,,HPHUVLMMVZITSG,[M+H]+,Orbitrap
OC[C@H]1OC(O)[C@H](O)[C@@H](O)[C@@H]1O,fit,candidate,,WQZGKKKJIJFFOK,[M+Na]+,Orbitrap
N[C@@H](CCC(=O)N[C@@H](Cc1ccc(O)cc1)C(=O)O)C(=O)O,calibration,candidate,,VVLXCWVSSLFQDS,[M+H]+,QTOF
COc1ccc2c3c1O[C@H]1C[C@@H](O)C=C[C@@]31CCN(C)C2,fit,candidate,,ASUTZQLVASHGKV,[M+H]+,Orbitrap
C#C[C@]1(O)CC[C@H]2[C@@H]3CCc4cc(O)ccc4[C@H]3CC[C@@]21C,fit,candidate,,BFPYWIDHMRZLRN,[M+H]+,QTOF
COc1ccc2nc([S@@](=O)Cc3ncc(C)c(OC)c3C)[nH]c2c1,fit,excluded,chem:bracket_valence,SUBDBMMJDZJVOS,[M+H]+,QTOF
CN(C)CCC[C@@]1(c2ccc(F)cc2)OCc2cc(C#N)ccc21,fit,candidate,,WSEQXVZVJXJVFP,[M+H]+,QTOF
C[C@H](N[C@@H](CCc1ccccc1)C(=O)O)C(=O)N1CCC[C@H]1C(=O)O,calibration,candidate,,LZFZMUMEGBBDTC,[M+H]+,QTOF
COC(=O)[C@@H]1[C@H]2CC[C@@H](C[C@@H]1O)N2C,fit,candidate,,QIQNNBXHAYSQRY,[M+H]+,QTOF
CC(C)C[C@@H]1NC(=O)[C@@H]2CCCN2C1=O,calibration,candidate,,SZJNCZMRZAUNQT,[M+H]+,QTOF
Nc1ccn([C@@H]2O[C@H](CO)[C@@H](O)[C@@H]2O)c(=O)n1,fit,candidate,,UHDGCWIWMRVCDJ,[M+H]+,QTOF
CCOC(=O)[C@H]1[C@@H](OC(=O)c2ccccc2)C[C@@H]2CC[C@H]1N2C,fit,candidate,,NMPOSNRHZIWLLL,[M+H]+,Orbitrap
CN1[C@H]2CC[C@@H]1[C@@H](C(=O)O)[C@@H](OC(=O)c1ccccc1)C2,fit,candidate,,GVGYEFKIHJTNQZ,[M+H]+,QTOF
C[C@H]1C[C@H]2[C@@H]3CCC4=CC(=O)C=C[C@]4(C)[C@@]3(Cl)[C@@H](O)C[C@]2(C)[C@@]1(O)C(=O)CO,fit,candidate,,NBMKJKDGKREAPL,[M+H]+,QTOF
C[C@](N)(Cc1cnc[nH]1)C(=O)O,calibration,candidate,,HRRYYCWYCMJNGA,[M+H]+,QTOF
CC(C)C[C@H](NC(=O)[C@H](C)N)C(=O)O,calibration,candidate,,RDIKFPRVLJLMER,[M+H]+,Orbitrap
C[C@H]1CCC[C@H](O)CCCCCc2cc(O)cc(O)c2C(=O)O1,fit,candidate,,DWTTZBARDOXEAM,[M+H]+,Orbitrap
CC(=O)N[C@H]1[C@@H](OP(=O)(O)OP(=O)(O)OC[C@H]2OC(n3ccc(=O)[nH]c3=O)[C@H](O)[C@@H]2O)O[C@H](CO)[C@@H](O)[C@@H]1O,fit,excluded,chem:unsupported_element:P,LFTYTUAZOPRMMI,[M+H]+,Orbitrap
CCCCCCCCCCCCC/C=C/C(O)C(N)CO,fit,candidate,,WWUZIQQURGPMPG,[M+H]+,Orbitrap
Nc1ncnc2c1ncn2[C@@H]1O[C@H](COP(=O)(O)OP(=O)(O)OC[C@H]2O[C@@H](O)[C@H](O)[C@@H]2O)[C@@H](O)[C@H]1O,fit,excluded,chem:unsupported_element:P,SRNWOUGRCWSEMX,[M+H]+,Orbitrap
OC[C@H]1O[C@H](O[C@H]2[C@H](O)[C@@H](O)C(O)O[C@@H]2CO)[C@H](O)[C@@H](O)[C@@H]1O,fit,candidate,,GUBGYTABKSRVRQ,[M+Na]+,Orbitrap
CC(=O)N[C@@H]1[C@@H](O)[C@@H](O)[C@@H](CO)O[C@@H]1O,fit,candidate,,OVRNDRQMDRJTHS,[M+H]+,Orbitrap
CC(=O)N[C@H](Cc1c[nH]c2ccccc12)C(=O)O,fit,candidate,,DZTHIGRZJZPRDV,[M+Na]+,Orbitrap
CCCCCC(=O)CC(=O)N[C@H]1CCOC1=O,fit,candidate,,FXCMGCFNLNFLSH,[M+H]+,Orbitrap
CCCC(=O)CC(=O)N[C@H]1CCOC1=O,fit,candidate,,YRYOXRMDHALAFL,[M+H]+,missing
CCCCCCCC(=O)N[C@H]1CCOC1=O,fit,candidate,,JKEJEOJPJVRHMQ,[M+H]+,missing
CCCCCCCCCCCC(=O)CC(=O)N[C@H]1CCOC1=O,fit,candidate,,YQFJJDSGBAAUPW,[M+H]+,missing
O=C1c2c(O)cc(O)cc2O[C@H](c2cc(O)c(O)c(O)c2)[C@H]1O,calibration,candidate,,KJXSIXMJHKAJOD,[M+H]+,missing
CCCCC[C@@H](O)CC(=O)CCc1ccc(O)c(OC)c1,fit,candidate,,NLDDIKRKFXEWBK,[M+H]+,missing
COc1ccc2cc(N(C)C(=O)C3=NOC4C(O)C=CC(O)C4(O)C3)c(=O)oc2c1OC,fit,candidate,,PCMUPOUDXMFDRE,[M+Na]+,missing
O=C(/C=C/c1ccc(O)c(O)c1)O[C@@H]1CC(O)(C(=O)O)C[C@@H](OC(=O)/C=C/c2ccc(O)c(O)c2)C1O,calibration,candidate,,KRZBCHWVBQOTNZ,[M+Na]+,missing
O=c1c(O)c(-c2ccc(O)cc2)oc2cc(O[C@H]3O[C@H](CO)[C@@H](O)[C@H](O)[C@H]3O)cc(O)c12,fit,candidate,,YPWHZCPMOQGCDQ,[M+H]+,missing
COc1cc2c(cc1OC)[C@@H]1Cc3ccc(OC)c(OC)c3CN1CC2,fit,candidate,,AEQDJSLRWYMAQI,[M+H]+,missing
CN1C2CC(OC(=O)C(CO)c3ccccc3)CC1C1OC12,fit,candidate,,STECJAGHUSJQJN,[M+H]+,Orbitrap
O=C(/C=C/c1ccc(O)cc1)NCCc1ccc(O)cc1,calibration,candidate,,RXGUTQNKCXHALN,[M+H]+,Orbitrap
CCCCCCCCCCCCCCCCC(=O)OCC(COP(=O)([O-])OCC[N+](C)(C)C)OC(=O)CCCCCCCCCCCCCCCC,fit,excluded,chem:unsupported_element:P,RTWAYAIMWLNAJW,[M+H]+,missing
COc1cc(=O)oc(/C=C/C=C/C=C/C(C)=C/[C@@]2(C)O[C@H](C)[C@](C)(O)[C@H]2O)c1C,fit,candidate,,JLSVDPQAIKFBTO,[M+Na]+,missing
CN[C@@H](Cc1c[nH]c2ccccc12)C(=O)O,calibration,candidate,,CZCIKBSVHDNIDH,[M+H]+,missing
CCCCCCCCC=CCCCCCCCC(=O)NCCO,fit,candidate,,BOWVQLFMWHZBEF,[M+H]+,missing
COC(=O)[C@@H]1[C@H]2C[C@@H]3c4[nH]c5ccccc5c4CCN3C[C@@H]2CC[C@@H]1O,fit,candidate,,BLGXFZZNTVWLAY,[M+H]+,missing
CC[C@H]1CN2CC[C@]3(C(=O)Nc4ccccc43)C2C[C@@H]1/C(=C\OC)C(=O)OC,calibration,candidate,,DAXYUDFNWXHGBE,[M+H]+,missing
C=C[C@H]1CN2CCc3c([nH]c4ccccc34)[C@@H]2C[C@@H]1/C(=C\OC)C(=O)OC,calibration,candidate,,TZUGIFAYWNNSAO,[M+H]+,missing
CC[C@@H]1CN2CCc3c([nH]c4ccccc34)[C@@H]2C[C@@H]1/C(=C\OC)C(=O)OC,calibration,candidate,,NMLUOJBSAYAYEM,[M+H]+,missing
COC(=O)[C@@H]1[C@H]2C[C@H]3c4[nH]c5ccccc5c4CCN3C[C@H]2CC[C@@H]1O,fit,candidate,,BLGXFZZNTVWLAY,[M+H]+,missing
COC(=O)C1=CO[C@@H](C)[C@@H]2CN3CCc4c([nH]c5ccccc45)[C@H]3C[C@H]12,fit,candidate,,GRTOGORTSDXSFK,[M+H]+,QTOF
CC[C@H]1[C@@H]2C[C@H]3[C@@H]4N(C)c5ccccc5[C@]45C[C@@H]([C@H]2[C@H]5O)N3[C@@H]1O,calibration,candidate,,CJDRUOGAGYHKKD,[M+H]+,missing
O=c1c(O)c(-c2ccc(O)cc2)oc2cc(OC3OC(CO)C(O)C(O)C3O)cc(O)c12,fit,candidate,,YPWHZCPMOQGCDQ,[M+H]+,missing
O=C(O)C[C@H]1CCC(=O)[C@@H]1C/C=C\CCO,calibration,candidate,,RZGFUGXQKMEMOO,[M+H]+,missing
C=CC(C)(C)c1[nH]c2cccc3c2c1C[C@@H]1[C@@H]3[C@@H](OC(C)=O)[C@H](C)CN1C,fit,candidate,,OSICWVVWEXKSBD,[M+H]+,missing
CC1(C)C2CC[C@]3(C)C(C(=O)C=C4[C@H]5C[C@@](C)(C(=O)O)CC[C@]5(C)CC[C@]43C)[C@@]2(C)CC[C@@H]1O,fit,candidate,,MPDGHEJMBKOTSU,[M+H]+,Orbitrap
COC1C(OC(=O)/C=C/C=C/C=C/C=C/C(=O)O)CCC2(CO2)C1C1(C)OC1CC=C(C)C,fit,candidate,,NGGMYCMLYOUNGM,[M+Na]+,missing
CC/C=C\C[C@H]1C(=O)C=C[C@@H]1CCCCCCCC(=O)O,calibration,candidate,,PMTMAFAPLCGXGK,[M+H]+,missing
CC/C=C/C(O)C(O)C1=C(C)C(=O)C2(O1)C(=O)NC(OC)(C(=O)c1ccccc1)C2O,fit,candidate,,SLYDIPAXCVVRNY,[M+Na]+,missing
CC[C@@H](C)[C@H]1C(=O)O[C@H](C(C)C)C(=O)N(C)[C@@H](C(C)C)C(=O)O[C@H](C(C)C)C(=O)N(C)[C@@H](C(C)C)C(=O)O[C@H](C(C)C)C(=O)N1C,fit,candidate,,UQCSETXJXJTMKO,[M+Na]+,missing
C1CCN2CC3C[C@@H](CN4CCCC[C@@H]34)[C@H]2C1,fit,candidate,,SLRCCWJSBJZJBV,[M+H]+,missing
CC/C=C\C(O)C(O)C1=C(C)C(=O)C2(O1)C(=O)NC(OC)(C(=O)c1ccccc1)C2O,fit,candidate,,SLYDIPAXCVVRNY,[M+Na]+,missing
COC1=CC(=O)C[C@@H](C)[C@@]12Oc1c(Cl)c(OC)cc(OC)c1C2=O,fit,candidate,,DDUHZTYCFQRHIY,[M+Na]+,missing
CC(=O)OCC(Cc1ccccc1)NC(=O)C(Cc1ccccc1)NC(=O)c1ccccc1,fit,candidate,,VZPAURMDJZOGHU,[M+Na]+,missing
CC[C@@H](C)[C@H]1C(=O)O[C@H](C(C)C)C(=O)N(C)[C@@H]([C@@H](C)CC)C(=O)O[C@H](C(C)C)C(=O)N(C)[C@@H]([C@H](C)CC)C(=O)O[C@H](C(C)C)C(=O)N1C,fit,candidate,,TWHBYJSVDCWICV,[M+H]+,missing
CC1=C[C@H]2O[C@@H]3C[C@H]4OC(=O)/C=C\C=C\C(=O)OCC/C(C)=C/C(=O)OC[C@@]2(CC1)[C@]4(C)[C@]31CO1,fit,candidate,,GXCGYHWSYNQVHU,[M+Na]+,missing
CC(=O)OC[C@]12C[C@H](OC(=O)CC(C)C)C(C)=C[C@H]1O[C@@H]1[C@H](O)[C@@H](OC(C)=O)[C@@]2(C)[C@@]12CO2,fit,candidate,,BXFOFFBJRFZBQZ,[M+Na]+,missing
C=C[C@H]1[C@H](O[C@@H]2O[C@H](CO)[C@@H](O)[C@H](O)[C@H]2O)OC=C(C(=O)OC)[C@H]1CC=O,calibration,candidate,,CSKKDSFETGLMSB,[M+Na]+,missing
CC/C=C\[C@H](O)[C@H](O)C1=C(C)C(=O)[C@]2(O1)C(=O)N[C@@](OC)(C(=O)c1ccccc1)[C@@H]2O,fit,candidate,,SLYDIPAXCVVRNY,[M+Na]+,missing
CC1(C)CC[C@]2(C(=O)O)CC[C@]3(C)C(=CCC4[C@@]5(C)C[C@@H](O)[C@H](O)C(C)(C)C5CC[C@]43C)C2C1,calibration,candidate,,MDZKJHQSJHYOHJ,[M+H]+,missing
N#C[C@@H](O[C@@H]1O[C@H](CO[C@@H]2O[C@H](CO)[C@@H](O)[C@H](O)[C@H]2O)[C@@H](O)[C@H](O)[C@H]1O)c1ccccc1,calibration,candidate,,XUCIJNAGGSZNQT,[M+Na]+,missing
C[C@@H]1CCC2[C@@H](C)C(=O)OC3O[C@@]4(C)CCC1[C@]32OO4,fit,candidate,,BLUAFEHZUWYNDE,[M+H]+,missing
C=CC(C)(C)C12C=C(O)C(=O)N3/C(=C\c4cnc[nH]4)C(=O)NC31N(OC)c1ccccc12,fit,candidate,,JTJJJLSLKZFEPJ,[M+H]+,Orbitrap
CC1=CC2OC3[C@H](O)C[C@@](C)([C@]34CO4)[C@@]2(CO)[C@H](O)C1=O,fit,candidate,,LINOMUASTDIRTM,[M+H]+,missing
CC[C@H]1C2CC3[C@@H]4N(C)c5ccccc5[C@]45C[C@@H]([C@H]2[C@H]5O)N3[C@H]1O,calibration,candidate,,CJDRUOGAGYHKKD,[M+H]+,Orbitrap
CC[C@H]1C2CC3[C@@H]4N(C)c5ccccc5[C@]45C[C@@H]([C@H]2[C@H]5O)N3[C@@H]1O,calibration,candidate,,CJDRUOGAGYHKKD,[M+H]+,Orbitrap
OCC1OC(Oc2cc(O)cc(/C=C/c3ccc(O)cc3)c2)C(O)C(O)C1O,calibration,candidate,,HSTZMXCBWJGKHG,[M+H]+,missing
COC1CC(O[C@H]2CC[C@]3(C)C4CC[C@]5(C)[C@@H](C6=CC(=O)OC6)[C@@H](OC(C)=O)C[C@]5(O)C4CC[C@@H]3C2)OC(C)C1O,fit,candidate,,JLPDBLFIVFSOCC,[M+H]+,QTOF
C[C@]12CC[C@H](O)C[C@@H]1CC[C@@H]1[C@@H]2CC[C@]2(C)[C@@H](C3=CC(=O)OC3)CC[C@]12O,fit,candidate,,XZTUSOXSLKTKJQ,[M+H]+,Orbitrap
O=c1cc(-c2ccc(O)c(O)c2)oc2c(C3O[C@H](CO)[C@H](O)[C@H](O)[C@H]3O)c(O)cc(O)c12,calibration,candidate,,PLAPMLGJVGLZOV,[M+H]+,Orbitrap
C[C@@H]1O[C@@H](OC[C@H]2O[C@@H](Oc3c(-c4ccc(O)c(O)c4)oc4cc(O)cc(O)c4c3=O)[C@H](O)[C@@H](O)[C@H]2O)[C@H](O)[C@H](O)[C@H]1O,fit,candidate,,IKGXIBQEEMLURG,[M+H]+,missing
COc1ccc(C2CC(=O)c3c(O)cc(O[C@@H]4O[C@H](CO[C@@H]5O[C@@H](C)[C@H](O)[C@@H](O)[C@H]5O)[C@@H](O)[C@H](O)[C@H]4O)cc3O2)cc1,calibration,candidate,,RMCRQBAILCLJGU,[M+H]+,Orbitrap
O=c1cc(-c2ccc(O)c(O)c2)oc2c(C3OC(CO)C(O)C(O)C3O)c(O)cc(O)c12,calibration,candidate,,PLAPMLGJVGLZOV,[M+H]+,Orbitrap
COc1ccc2c(c1)O[C@H]1c3ccc(O)cc3OC[C@@H]21,calibration,candidate,,NSRJSISNDPOJOP,[M+H]+,QTOF
C[C@@H]1O[C@@H](OC[C@H]2O[C@@H](Oc3cc(O)c4c(c3)OC(c3ccc(O)cc3)CC4=O)[C@H](O)[C@@H](O)[C@@H]2O)[C@H](O)[C@H](O)[C@H]1O,calibration,candidate,,HXTFHSYLYXVTHC,[M+H]+,missing
Cc1c(O)c(C(=O)O)c(O)c2c1[C@H](C)[C@@H](C)OC2=O,fit,candidate,,VVVMDYGNIVXIIG,[M+Na]+,missing
COc1cc2ccc(=O)oc2cc1O[C@@H]1O[C@H](CO[C@@H]2O[C@@H](C)[C@H](O)[C@@H](O)[C@H]2O)[C@@H](O)[C@H](O)[C@H]1OC(C)=O,calibration,candidate,,VJPARTQOILTISJ,[M+H]+,missing
COc1ccc(-c2coc3cc(O[C@@H]4O[C@H](COC(=O)CC(=O)O)[C@@H](O)[C@H](O)[C@H]4O)ccc3c2=O)cc1,calibration,candidate,,RDTAGQKYPGLCBK,[M+H]+,Orbitrap
O=C(O)CC(=O)OC[C@H]1O[C@@H](Oc2cc(O)c3c(=O)c(-c4ccc(O)cc4)coc3c2)[C@H](O)[C@@H](O)[C@@H]1O,calibration,candidate,,FRAUJUKWSKMNJY,[M+H]+,missing
O=c1cc(-c2ccc(O)cc2)oc2cc(OC3OC(CO)C(O)C(O)C3OC3OCC(O)(CO)C3O)cc(O)c12,fit,candidate,,NTDLXWMIWOECHG,[M+H]+,missing
O=c1c(O[C@@H]2O[C@H](CO)[C@H](O)[C@H](O)[C@H]2O)c(-c2ccc(O)cc2)oc2cc(O)cc(O)c12,fit,candidate,,JPUKWEQWGBDDQB,[M+H]+,missing
CCCCCCCC(O)CC(=O)N[C@H]1CCOC1=O,fit,candidate,,DOICJCCMIBBSOO,[M+H]+,missing
C[C@@H]1O[C@@H](OC[C@H]2O[C@@H](Oc3c(-c4ccc(O)cc4)oc4cc(O)cc(O)c4c3=O)[C@H](O)[C@@H](O)[C@H]2O)[C@H](O)[C@H](O)[C@H]1O,calibration,candidate,,RTATXGUCZHCSNG,[M+H]+,missing
O=c1[nH]c(=O)c2ncn([C@@H]3O[C@@H](COP(=O)(O)O)[C@@H](O)[C@H]3O)c2[nH]1,calibration,excluded,chem:unsupported_element:P,DCTLYFZHFGENCW,[M+H]+,missing
CC(=O)NC1C(O)CC(O)(C(=O)O)OC1C(O)C(O)CO,fit,candidate,,SQVRNKJHWKZAKO,[M+H]+,missing
CC[C@H](C)C(=O)O[C@H]1CCC=C2C=C[C@H](C)[C@H](CC[C@@H]3C[C@@H](O)CC(=O)O3)C21,fit,candidate,,AJLFOPYRIVGYMJ,[M+H]+,missing
O=C(N[C@H](COC(=O)[C@H](Cc1ccccc1)NC(=O)c1ccccc1)Cc1ccccc1)c1ccccc1,fit,candidate,,CVULDJMCSSACEO,[M+H]+,missing
CC/C=C\[C@H](O)[C@H](O)C1=C(C)C(=O)C2(O1)C(=O)N[C@@](OC)(C(=O)c1ccccc1)[C@@H]2O,fit,candidate,,SLYDIPAXCVVRNY,[M+Na]+,missing
CC(C)Cc1ccc(C(C)C(=O)O)cc1,fit,candidate,,HEFNNWSXXWATRW,[M+H]+,missing
CC1(C)O[C@@H]2CC3C4C[C@H](F)C5=CC(=O)C=CC5(C)C4C(O)CC3(C)[C@]2(C(=O)CO)O1,fit,candidate,,XSFJVAJPIHIPKU,[M+H]+,missing
CCC(=O)OC1(C(=O)CCl)[C@@H](C)C[C@H]2[C@@H]3CCC4=CC(=O)C=C[C@]4(C)[C@@]3(F)[C@@H](O)C[C@@]21C,fit,candidate,,CBGUOGMQLZIXBE,[M+H]+,missing
CC12C=CC(=O)C=C1CCC1C2C(=O)C[C@@]2(C)C1CCC2(O)C(=O)CO,fit,candidate,,XOFYZVNMUHMLCC,[M+H]+,missing
CC1CC2C3CCC4=CC(=O)C=CC4(C)[C@@]3(Cl)C(O)CC2(C)C1(O)C(=O)CO,fit,candidate,,NBMKJKDGKREAPL,[M+H]+,missing
CC1=C2C3OC(=O)C(C)C3CC[C@@]2(C)C=CC1=O,fit,candidate,,XJHDMGJURBVLLE,[M+H]+,missing
CC(=O)[C@H]1CC[C@H]2[C@@H]3CCC4=CC(=O)CC[C@]4(C)[C@H]3[C@H](O)C[C@]12C,fit,candidate,,BFZHCUBIASXHPK,[M+H]+,missing
C[C@H]1C[C@@H](C)C(=O)[C@@H]([C@H](O)CC2CC(=O)NC(=O)C2)C1,calibration,candidate,,YPHMISFOHDHNIV,[M+H]+,QTOF
C[C@]12CC3CC(N)(C1)C[C@@](C)(C3)C2,fit,candidate,,BUGYDGFZZOZRHP,[M+H]+,missing
C/C=C1/CN2CC[C@]34C(=C(C=O)[C@@H]1C[C@H]23)Nc1c(O)cccc14,calibration,candidate,,JDOFCMASVRMYJU,[M+H]+,missing
CN1CC[C@@]23CCCC[C@H]2C1Cc1ccc(O)cc13,fit,candidate,,JAQUASYNZVUNQP,[M+H]+,missing
C=C1C[C@@]23C[C@@H]4C5[C@@]6(C)C[C@H](O)C[C@@]57C2[C@H](O)[C@@H]1[C@H](O)C3[C@H]7N4C6,calibration,candidate,,PIWJSAMCEMZIDO,[M+H]+,missing
CC1CCC(C(C)[C@H]2CCC3C4CC(=O)C5C[C@@H](O)CC[C@]5(C)C4CC[C@@]32C)=NC1,calibration,candidate,,QAGPPGDCPAPQLW,[M+H]+,missing
COC(=O)C1=CO[C@@H](C)[C@@H]2CN3CC[C@]4(C(=O)Nc5c4ccc(OC)c5OC)[C@H]3C[C@H]12,calibration,candidate,,TTZWEOINXHJHCY,[M+H]+,missing
CC(C)C(O)(C(=O)OC[C@@H]1CC[N+]2([O-])CCCC12)C(C)O,calibration,excluded,chem:unsupported_charge,DLNWZIVYKQXLTN,[M+H]+,missing
C#C[C@]1(O)CC[C@H]2[C@@H]3CCC4=CC(=O)CC[C@@H]4[C@@H]3CC[C@@]21C,fit,candidate,,VIKNJXKGJWUCNN,[M+H]+,missing
CN1C2CCC1CC(OC(=O)[C@H](CO)c1ccccc1)C2,fit,candidate,,RKUNBYITZUJHSG,[M+H]+,QTOF
C[C@H](CCC(=O)O)[C@@H]1CC[C@H]2[C@@H]3CC[C@@H]4C[C@H](O)CC[C@]4(C)[C@H]3CC[C@@]21C,fit,candidate,,SMEROWZSTRWXGI,[M+Na]+,QTOF
O=C(O)CCCC[C@H]1SC[C@@H]2NC(=O)N[C@@H]21,fit,candidate,,YBJHBAHKTGYVGT,[M+H]+,missing
NC[C@H](CC(=O)O)c1ccc(Cl)cc1,fit,candidate,,KPYSYYIEGFHWSV,[M+H]+,Orbitrap
CC1(C)S[C@H]2[C@H](NC(=O)[C@H](N)c3ccc(O)cc3)C(=O)N2[C@H]1C(=O)O,fit,candidate,,LSQZJLSUYDQPKJ,[M+H]+,missing
CCC(=O)O[C@@]1(C(=O)CCl)[C@@H](C)C[C@H]2[C@@H]3CCC4=CC(=O)C=C[C@]4(C)[C@]3(F)[C@H](O)C[C@@]21C,fit,candidate,,CBGUOGMQLZIXBE,[M+H]+,missing
CS(=O)(=O)c1ccc([C@@H](O)[C@@H](CO)NC(=O)C(Cl)Cl)cc1,fit,excluded,chem:hypervalent,OTVAEFIXJLOWRX,[M+H]+,QTOF
CC(=O)O[C@@]1(C(C)=O)CC[C@H]2[C@@H]3C[C@H](C)C4=CC(=O)CC[C@]4(C)[C@@H]3CC[C@@]21C,fit,candidate,,PSGAAPLEWMOORI,[M+H]+,missing
CC1(C)O[C@@H]2C[C@H]3[C@@H]4C[C@H](F)C5=CC(=O)C=C[C@]5(C)[C@]4(F)[C@H](O)C[C@]3(C)[C@@]2(C(=O)CO)O1,fit,candidate,,FEBLZLNTKCEFIT,[M+H]+,missing
C#C[C@@]1(O)CC[C@H]2[C@@H]3CCc4cc(OC)ccc4[C@@H]3CC[C@@]21C,fit,candidate,,IMSSROKUHAOUJS,[M+H]+,QTOF
CC[C@H](C)C(=O)O[C@@H]1C[C@@H](C)C=C2C=C[C@H](C)[C@@H](CC[C@@H]3C[C@@H](O)CC(=O)O3)[C@H]21,fit,candidate,,PCZOHLXUXFIOCF,[M+H]+,missing
C[C@H](CS)C(=O)N1CCC[C@@H]1C(=O)O,fit,candidate,,FAKRSMQSSFJEIM,[M+H]+,missing
CCC(=O)O[C@@]1(C(=O)SCF)[C@H](C)C[C@H]2[C@@H]3C[C@H](F)C4=CC(=O)C=C[C@]4(C)[C@]3(F)[C@H](O)C[C@@]21C,fit,candidate,,WMWTYOKRWGGJOA,[M+Na]+,missing
C[C@@H]1C[C@H]2[C@@H]3CCC4=CC(=O)C=C[C@]4(C)[C@]3(Cl)[C@H](O)C[C@]2(C)[C@]1(OC(=O)c1ccco1)C(=O)CCl,fit,candidate,,WOFMFGQZHJDGCX,[M+H]+,missing
C[C@@H]1COc2c(N3CCN(C)CC3)c(F)cc3c(=O)c(C(=O)O)cn1c23,fit,candidate,,GSDSWSVVBLHKDQ,[M+H]+,missing
C[C@]12C=CC(=O)C=C1CC[C@H]1[C@@H]3C[C@@H](O)[C@@](O)(C(=O)CO)[C@@]3(C)C[C@@H](O)[C@]12F,fit,candidate,,GFNANZIMVAIWHM,[M+H]+,missing
CCOC(=O)[C@H](CCc1ccccc1)N[C@@H](C)C(=O)N1[C@@H](C(=O)O)C[C@@H]2CCC[C@@H]21,fit,candidate,,HDACQVRGBOVJII,[M+Na]+,missing
CCC(C)(C)C(=O)O[C@@H]1C[C@@H](C)C=C2C=C[C@H](C)[C@@H](CC[C@@H]3C[C@@H](O)CC(=O)O3)[C@H]21,fit,candidate,,RYMZZMVNJRMUDD,[M+H]+,missing
CO[C@H]1/C=C/O[C@]2(C)Oc3c(C)c(O)c4c(O)c(c5c(nc6cc(C)ccn65)c4c3C2=O)NC(=O)/C(C)=C\C=C\[C@@H](C)[C@H](O)[C@H](C)[C@@H](O)[C@@H](C)[C@H](OC(C)=O)[C@@H]1C,fit,candidate,,NZCRJKRKKOLAOJ,[M+Na]+,missing
C[C@]12C=CC(=O)C=C1CC[C@@H]1[C@H]2[C@H](O)C[C@@]2(C)[C@H]1CC[C@@]2(O)C(=O)CO,fit,candidate,,OIGNJSKKLXVSLS,[M+H]+,QTOF
C[C@H]1C[C@@H]2[C@@H]([C@H](O)C[C@@]3(C)[C@H]2CC[C@@]3(O)C(=O)CO)[C@@]2(C)C=CC(=O)C=C12,fit,candidate,,VHRSUDSXCMQTMA,[M+H]+,missing
C#C[C@@]1(O)CC[C@H]2[C@@H]3CCC4=CC(=O)CC[C@@H]4[C@@H]3CC[C@@]21CC,fit,candidate,,WWYNJERNGUHSAO,[M+H]+,missing
Cc1nc2n(c(=O)c1CCN1CCC(c3noc4cc(F)ccc34)CC1)CCC[C@H]2O,fit,candidate,,PMXMIIMHBWHSKN,[M+H]+,missing
CC(=O)[C@@H]1CC[C@H]2[C@@H]3CCC4=CC(=O)CC[C@]4(C)[C@@H]3CC[C@]12C,fit,candidate,,RJKFOVLPORLFTN,[M+H]+,missing
CC1(C)O[C@@H]2C[C@H]3[C@@H]4CCC5=CC(=O)C=C[C@]5(C)[C@@H]4[C@H](O)C[C@]3(C)[C@@]2(C(=O)CO)O1,fit,candidate,,WBGKWQHBNHJJPZ,[M+H]+,missing
C[C@]12CC[C@H]3c4ccc(O)cc4CC[C@H]3[C@@H]1CCC2=O,fit,candidate,,DNXHEGUUPJUMQT,[M+H]+,QTOF
CCN1CCN(C(=O)N[C@@H](C(=O)N[C@@H]2C(=O)N3C(C(=O)O)=C(CSc4nnnn4C)CS[C@H]23)c2ccc(O)cc2)C(=O)C1=O,fit,candidate,,GCFBRXLSHGKWDP,[M+H]+,missing
C[C@H]1C[C@H]2[C@@H]3CCC4=CC(=O)C=C[C@]4(C)[C@]3(F)[C@H](O)C[C@]2(C)[C@]1(O)C(=O)CO,fit,candidate,,UREBDLICKHMUKA,[M+H]+,missing
C[C@]12CCC(=O)C=C1[C@@H]1C[C@@H]1[C@H]1[C@@H]3[C@@H]4C[C@@H]4[C@]4(CCC(=O)O4)[C@@]3(C)CC[C@H]12,fit,candidate,,METQSPRSQINEEU,[M+H]+,missing
C#C[C@@]1(O)C=C[C@H]2[C@@H]3CCC4=CC(=O)CC[C@@H]4[C@@H]3CC[C@@]21CC,fit,candidate,,SIGSPDASOTUPFS,[M+H]+,missing
CCc1cccc2c3c([nH]c12)[C@](CC)(CC(=O)O)OCC3,fit,candidate,,NNYBQONXHNTVIJ,[M+H]+,missing
CC(=O)O[C@@]1(C(C)=O)CC[C@H]2[C@@H]3C=C(C)C4=CC(=O)CC[C@]4(C)[C@@H]3CC[C@@]21C,fit,candidate,,RQZAXGRLVPAYTJ,[M+H]+,missing
CCC[C@@H]1O[C@@H]2C[C@H]3[C@@H]4CCC5=CC(=O)C=C[C@]5(C)[C@@H]4[C@H](O)C[C@]3(C)[C@@]2(C(=O)CO)O1,fit,candidate,,VOVIALXJUBGFJZ,[M+H]+,missing
C[C@@H]1C(=O)O[C@@H]2O[C@@]3(C)CC[C@H]4[C@@H](C)CC[C@@H]1[C@@]24OO3,fit,candidate,,BLUAFEHZUWYNDE,[M+H]+,missing
C[C@@]12CCC3=C4CCC(=O)C=C4CC[C@H]3[C@@H]1CC[C@@]2(O)CC#N,fit,candidate,,AZFLJNIPTRTECV,[M+H]+,missing
COc1cc([C@H]2c3cc4c(cc3[C@@H](O[C@@H]3O[C@@H]5CO[C@@H](C)O[C@H]5[C@H](O)[C@@H]3O)[C@H]3COC(=O)[C@H]23)OCO4)cc(OC)c1O,calibration,candidate,,VJJPUSNTGOMMGY,[M+H]+,missing
C=C1C[C@@H]2[C@@H](CC[C@@]3(C)C(=O)CC[C@@H]23)[C@@]2(C)C=CC(=O)C=C12,fit,candidate,,BFYIZQONLCFLEV,[M+H]+,missing
CCCCCOC(=O)Nc1nc(=O)n([C@@H]2O[C@H](C)[C@@H](O)[C@@H]2O)cc1F,fit,candidate,,GAGWJHPBXLXJQN,[M+H]+,missing
CC(=O)O[C@H]1C(=O)[C@@]2(C)C([C@H](OC(=O)c3ccccc3)[C@]3(O)C[C@H](OC(=O)[C@H](O)[C@@H](NC(=O)c4ccccc4)c4ccccc4)C(C)=C1C3(C)C)[C@]1(OC(C)=O)CO[C@@H]1C[C@H]2O,fit,candidate,,RCINICONZNJXQF,[M+H]+,missing
CC(=O)C1(O)CCC2C3CC(C)C4=CC(=O)C=CC4(C)C3(F)C(O)CC21C,fit,candidate,,FAOZLTXFLGPHNG,[M+H]+,missing
CC(=O)OCC(=O)C12OC3(CCCC3)OC1CC1C3CCC4=CC(=O)C=CC4(C)C3(F)C(O)CC12C,fit,candidate,,ILKJAFIWWBXGDU,[M+H]+,missing
C[C@H]1O[C@@H](O[C@H]2[C@@H](O)C[C@H](O[C@H]3[C@@H](O)C[C@H](O[C@H]4CC[C@@]5(C)[C@H](CC[C@@H]6[C@@H]5C[C@@H](O)[C@]5(C)C(C7=CC(=O)OC7)CC[C@]65O)C4)O[C@@H]3C)O[C@@H]2C)C[C@H](O)[C@@H]1O,fit,candidate,,LTMHDMANZUZIPE,[M+H]+,missing
C=CC(C)(C)C12CC(O)C(=O)N3/C(=C/c4cnc[nH]4)C(=O)NC31N(OC)c1ccccc12,fit,candidate,,HHLNXXASUKFCCX,[M+H]+,Orbitrap
C=CC(C)(C)[C@]12C=C(O)C(=O)N3/C(=C/c4cnc[nH]4)C(=O)N[C@@]31N(O)c1ccccc12,fit,candidate,,YEVSOYBNHBOQJZ,[M+H]+,Orbitrap
C[C@@H]1O[C@@H](OC2C(Oc3c(-c4ccc(O)cc4)oc4cc(O)cc(O)c4c3=O)OC(CO)C(O)C2O)[C@H](O)[C@H](O)[C@H]1O,fit,candidate,,OHOBPOYHROOXEI,[M+H]+,Orbitrap
CC1=CC2/C=C(\C)CCC(O)C(O)/C=C/C(=O)OC23C(=O)NC(CC(C)C)C3C1C,fit,candidate,,TYOGSRFPSVCJQL,[M+H]+,Orbitrap
CC(C)(C)OC(=O)N[C@@H](Cc1cnc[nH]1)C(=O)O,calibration,candidate,,AYMLQYFMYHISQO,[M+H]+,Orbitrap
N[C@@H]1CC[C@@H](c2ccc(Cl)c(Cl)c2)c2ccccc21,fit,candidate,,SRPXSILJHWNFMK,[M+H]+,Orbitrap
CCCCN1CCCC[C@H]1C(=O)Nc1c(C)cccc1C,fit,candidate,,LEBVLXFERQHONN,[M+H]+,Orbitrap
CSCC[C@H](NC(=O)[C@H](Cc1ccccc1)NC(=O)CNC(=O)CNC(=O)[C@@H](N)Cc1ccc(O)cc1)C(=O)O,calibration,candidate,,YFGBQHOOROIVKG,[M+H]+,Orbitrap
CC(=O)[C@H]1CC[C@H]2[C@@H]3CCC4=CC(=O)CC[C@]4(C)[C@H]3[C@@H](O)C[C@]12C,fit,candidate,,BFZHCUBIASXHPK,[M+H]+,Orbitrap
C[C@H](CCC(=O)NCC(=O)O)[C@H]1CC[C@H]2[C@@H]3[C@@H](O)C[C@@H]4C[C@H](O)CC[C@]4(C)[C@H]3CC[C@]12C,fit,candidate,,GHCZAUBVMUEKKP,[M+H]+,Orbitrap
CC(CCC(=O)NCC(=O)O)C1CCC2C3C(O)CC4CC(O)CCC4(C)C3CCC12C,fit,candidate,,GHCZAUBVMUEKKP,[M+H]+,Orbitrap
CC(C)(C)CC(=O)OCC(=O)[C@@]1(O)CC[C@H]2[C@@H]3CCC4=CC(=O)C=C[C@]4(C)[C@H]3[C@@H](O)C[C@@]21C,calibration,candidate,,HUMXXHTVHHLNRO,[M+H]+,Orbitrap
CC(=O)O[C@H]1C(=O)[C@]2(C)[C@H](O)C[C@H]3OC[C@@]3(OC(C)=O)[C@H]2[C@H](OC(=O)c2ccccc2)[C@]2(O)C[C@H](OC(=O)[C@H](O)[C@@H](NC(=O)c3ccccc3)c3ccccc3)C(C)=C1C2(C)C,fit,candidate,,RCINICONZNJXQF,[M+H]+,Orbitrap
CC[C@@H]1CN2CC[C@@]3(C(=O)Nc4ccccc43)[C@@H]2C[C@@H]1/C(=C\OC)C(=O)OC,calibration,candidate,,DAXYUDFNWXHGBE,[M+H]+,Orbitrap
COc1cc(CNC(=O)CCCC/C=C\C(C)C)ccc1O,calibration,candidate,,YKPUWZUDDOIDPM,[M+H]+,Orbitrap
C=C[C@]12CN(C)[C@@H]3[C@H]4CO[C@H](C[C@H]41)[C@]1(C(=O)Nc4ccccc41)[C@@H]32,fit,candidate,,NFYYATWFXNPTRM,[M+H]+,Orbitrap
CC/C(=C(\c1ccc(O)cc1)c1ccc(OCCN(C)C)cc1)c1ccccc1,fit,candidate,,TXUZVZSFRXZGTL,[M+H]+,Orbitrap
C[C@H](C(=O)O)c1cccc(C(=O)c2ccccc2)c1,fit,candidate,,DKYWVDODHFEZIM,[M+H]+,Orbitrap
O[C@H]1CCN2Cc3ccccc3N=C12,calibration,candidate,,YIICVSCAKJMMDJ,[M+H]+,Orbitrap
CN1[C@@H]2CC[C@H]1CC(OC(=O)C(O)c1ccccc1)C2,calibration,candidate,,ZTVIKZXZYLEVOL,[M+H]+,Orbitrap
CC(C)[C@H](N)C(=O)N[C@@H](Cc1ccccc1)C(=O)O,calibration,candidate,,GJNDXQBALKCYSZ,[M+H]+,Orbitrap
Cc1c(OCC(F)(F)F)ccnc1C[S@@](=O)c1nc2ccccc2[nH]1,fit,excluded,chem:bracket_valence,MJIHNNLFOKEZEW,[M+H]+,Orbitrap
NC(=O)N1c2ccccc2C[C@H](O)c2ccccc21,fit,candidate,,BMPDWHIDQYTSHX,[M+H]+,Orbitrap
COC(=O)N/N=C\c1c[n+]([O-])c2ccccc2[n+]1[O-],fit,excluded,chem:unsupported_charge,OVGGLBAWFMIPPY,[M+H]+,Orbitrap
Cc1ccc(/C=C2\C(=O)C3(C)CCC2C3(C)C)cc1,fit,candidate,,HEOCBCNFKCOKBX,[M+H]+,Orbitrap
O=C(c1ccccc1)c1ccc2n1CC[C@@H]2C(=O)O,fit,candidate,,OZWKMVRBQXNZKK,[M+H]+,Orbitrap
C[C@H](CCC(=O)NCC(=O)O)[C@H]1CC[C@H]2[C@@H]3CC[C@@H]4C[C@H](O)CC[C@]4(C)[C@H]3C[C@H](O)[C@]12C,fit,candidate,,WVULKSPCQVQLCU,[M+H]+,Orbitrap
COc1cc(C[C@@H](CO[C@@H]2O[C@H](CO)[C@@H](O)[C@H](O)[C@H]2O)[C@H](CO[C@@H]2O[C@H](CO)[C@@H](O)[C@H](O)[C@H]2O)Cc2ccc(O)c(OC)c2)ccc1O,calibration,candidate,,SBVBJPHMDABKJV,[M+H]+,Orbitrap
O=C(O)/C=C\c1cnc[nH]1,calibration,candidate,,LOIYMIARKYCTBW,[M+H]+,Orbitrap
C[C@@H]1C[C@H]2[C@@H]3CCC4=CC(=O)C=C[C@]4(C)[C@@]3(F)[C@@H](O)C[C@]2(C)[C@@]1(O)C(=O)COP(=O)(O)O,fit,excluded,chem:unsupported_element:P,VQODGRNSFPNSQE,[M+H]+,Orbitrap
O=c1c(O)c(-c2ccc(O)c(O)c2)oc2cc(O[C@@H]3O[C@H](CO)[C@@H](O)[C@H](O)[C@H]3O)c(O)c(O)c12,calibration,candidate,,IDTDRZPBDLMCLB,[M+H]+,Orbitrap
CC(C)c1c(C(=O)Nc2ccccc2)c(-c2ccccc2)c(-c2ccc(F)cc2)n1CC[C@H](O)C[C@H](O)CC(=O)O,fit,candidate,,XUKUURHRXDUEBC,[M+H]+,Orbitrap
CC(C)NC[C@H](O)COc1ccc(CCOCC2CC2)cc1,fit,candidate,,NWIUTZDMDHAVTP,[M+H]+,Orbitrap
CO[C@@H]1[C@H](OC(=O)/C=C/C=C/C=C/C=C/C(=O)O)CC[C@]2(CO2)[C@H]1[C@@]1(C)O[C@@H]1CC=C(C)C,fit,candidate,,NGGMYCMLYOUNGM,[M+H]+,Orbitrap
O=C1CCC[C@@H]2[C@H]3CCCN4CCC[C@H](CN12)[C@@H]34,fit,candidate,,ZSBXGIUJOOQZMP,[M+H]+,Orbitrap
CC[C@@H]1CN2CC[C@]3(C(=O)Nc4ccccc43)[C@@H]2C[C@@H]1/C(=C\OC)C(=O)OC,calibration,candidate,,DAXYUDFNWXHGBE,[M+H]+,Orbitrap
CO[C@@H]1[C@@H](O[C@@H]2O[C@H](C)[C@@H](O[C@H]3C[C@@](C)(O)[C@@H](OC(=O)CC(C)C)[C@H](C)O3)[C@H](N(C)C)[C@H]2O)[C@@H](CC=O)C[C@@H](C)[C@@H](O)/C=C/C=C/C[C@@H](C)OC(=O)C[C@H]1OC(C)=O,fit,candidate,,XJSFLOJWULLJQS,[M+H]+,Orbitrap
C[C@H]1O[C@@H](O[C@H]2CC[C@@]3(C)[C@@H](CC[C@]4(C)[C@@H]3C=C[C@]35OC[C@@]6(CCC(C)(C)C[C@H]63)[C@H](O)C[C@]54C)[C@]2(C)CO)[C@H](O)[C@@H](O[C@@H]2O[C@H](CO)[C@@H](O)[C@H](O)[C@H]2O)[C@H]1O,calibration,candidate,,KYWSCMDFVARMPN,[M+H]+,Orbitrap
O=c1[nH]cnc2c1ncn2[C@H]1C[C@H](O)[C@@H](CO)O1,fit,candidate,,VGONTNSXDCQUGY,[M+H]+,Orbitrap
Nc1ncnc2c1ncn2[C@@H]1O[C@H](CO)[C@@H](O)[C@@H]1O,fit,candidate,,OIRDTQYFTABQOQ,[M+H]+,Orbitrap
C[C@H](CCC(=O)NCC(=O)O)C1CCC2C3C(CC[C@@]21C)[C@@]1(C)CC[C@@H](O)C[C@H]1[C@H](O)[C@@H]3O,fit,candidate,,ZQYUKJFJPJDMMR,[M+H]+,Orbitrap
CCC(=O)OCC(=O)[C@@]1(OC(=O)CC)[C@@H](C)C[C@H]2[C@@H]3CCC4=CC(=O)C=C[C@]4(C)[C@@]3(F)[C@@H](O)C[C@@]21C,fit,candidate,,CIWBQSYVNNPZIQ,[M+H]+,Orbitrap
O=C(O)[C@H]1CCCN1,fit,candidate,,ONIBWKKTOPOVIA,[M+H]+,Orbitrap
C[C@H]1C[C@H]2[C@@H]3C[C@H](F)C4=CC(=O)C=C[C@]4(C)[C@@]3(F)[C@@H](O)C[C@]2(C)[C@@]1(O)C(=O)CO,fit,candidate,,WXURHACBFYSXBI,[M+H]+,Orbitrap
CC(C)NC[C@@H](O)COc1ccc(CC(N)=O)cc1,fit,candidate,,METKIMKYRPQLGS,[M+H]+,Orbitrap
C=C[C@@]12CN(C)[C@H]3C[C@@]14C(=Nc1ccccc14)[C@H]1C[C@@H]2[C@@H]3CO1,calibration,candidate,,VTLYEMHGPMGUOT,[M+H]+,Orbitrap
C=CCCCCCCCCC(=O)O[C@H]1CC[C@H]2[C@@H]3CCC4=CC(=O)C=C[C@]4(C)[C@H]3CC[C@]12C,calibration,candidate,,AHMMSNQYOPMLSX,[M+H]+,Orbitrap
CCOC(=O)C1=C(COCCN)NC(C)=C(C(=O)OC)[C@@H]1c1ccccc1Cl,fit,candidate,,HTIQEAQVCYTUBX,[M+H]+,Orbitrap
CCOC(=O)Oc1c(OC)cc(C(=O)O[C@@H]2C[C@@H]3CN4CCc5c([nH]c6cc(OC)ccc56)[C@H]4C[C@@H]3[C@H](C(=O)OC)[C@H]2OC)cc1OC,calibration,candidate,,ZCDNRPPFBQDQHR,[M+H]+,Orbitrap
Nc1ccn([C@@H]2C[C@@H](O)[C@H](CO)O2)c(=O)n1,calibration,candidate,,CKTSBUTUHBMZGZ,[M+H]+,Orbitrap
CC=C1[C@H]2C=C(C)C[C@]1(N)c1ccc(=O)[nH]c1C2,fit,candidate,,ZRJBHWIHUMBLCN,[M+H]+,Orbitrap
CO[C@]12C[C@@H](COC(=O)c3cncc(Br)c3)CN(C)[C@@H]1Cc1cn(C)c3cccc2c13,calibration,candidate,,YSEXMKHXIOCEJA,[M+H]+,Orbitrap
CC[C@@H](CO)NC(=O)[C@@H]1C=C2c3cccc4[nH]cc(c34)C[C@H]2N(C)C1,calibration,candidate,,UNBRKDKAWYKMIV,[M+H]+,Orbitrap
CC(C)=CCc1c(O)ccc(C(=O)/C=C/c2ccc(O)cc2)c1O,calibration,candidate,,DUWPGRAKHMEPCM,[M+H]+,Orbitrap
CCOC(=O)C1=C[C@]2(CC)CCCN3CCc4c(n1c1ccccc41)[C@@H]32,calibration,candidate,,DDNCQMVWWZOMLN,[M+H]+,Orbitrap
OC[C@@H](O)CN1CCN(c2ccccc2)CC1,fit,candidate,,PTVWPYVOOKLBCG,[M+H]+,Orbitrap
CCNCCNC(=O)c1c(C)[nH]c(/C=C2\C(=O)Nc3ccc(F)cc32)c1C,calibration,candidate,,LIZNIAKSBJKPQC,[M+H]+,Orbitrap
CC(C)(C)C(O)/C(=C\c1ccc(Cl)cc1)n1cncn1,fit,candidate,,YNWVFADWVLCOPU,[M+H]+,Orbitrap
CC(C)NC[C@H](O)COc1cccc2ccccc12,fit,candidate,,AQHHHDLHHXJYJD,[M+H]+,Orbitrap
CC(C)C[C@@H](N)C(=O)O,fit,candidate,,ROHFNLRQFUQHCH,[M+H]+,Orbitrap
N[C@H](Cc1ccccc1)C(=O)O,fit,candidate,,COLNVLDHVKWLRT,[M+H]+,Orbitrap
O=C(O)[C@H]1CCCCN1,calibration,candidate,,HXEACLLIILLPRG,[M+H]+,Orbitrap
N[C@H](Cc1ccc(O)cc1)C(=O)O,fit,candidate,,OUYCCCASQSFEME,[M+H]+,Orbitrap
C[C@@H](Cn1cnc2c(N)ncnc21)OCP(=O)(O)O,fit,excluded,chem:unsupported_element:P,SGOIRFVFHAKUTI,[M+H]+,Orbitrap
CN[C@@H]1[C@@H](O[C@H]2O[C@H](CO)[C@@H](N)[C@H](O)[C@H]2O)O[C@H]2C[C@@H](N)[C@@H](O[C@H]3[C@H](O)[C@@H](O)[C@H](N)C[C@@H]3N)O[C@@H]2[C@@H]1O,calibration,candidate,,XZNUGFQTQHRASN,[M+H]+,Orbitrap
N[C@H](CC(=O)O)C(=O)O,fit,candidate,,CKLJMWTZIZZHCS,[M+H]+,Orbitrap
CC(C)C[C@H](NC(=O)[C@H](Cc1ccccc1)NC(=O)CNC(=O)CNC(=O)[C@@H](N)Cc1ccc(O)cc1)C(=O)O,calibration,candidate,,URLZCHNOLZSCCA,[M+H]+,Orbitrap
N[C@@H](CCC(=O)N[C@@H](Cc1ccccc1)C(=O)O)C(=O)O,calibration,candidate,,XHHOHZPNYFQJKL,[M+H]+,Orbitrap
NCCCC[C@@H](N)C(=O)O,fit,candidate,,KDXKERNSBIXSRK,[M+H]+,Orbitrap
Cc1onc(-c2c(Cl)cccc2Cl)c1C(=O)N[C@@H]1C(=O)N2[C@@H]1SC(C)(C)[C@@H]2C(=O)O,fit,candidate,,YFAGHNZHGGCZAX,[M+H]+,Orbitrap
C[C@H](CCC(=O)NCCS(=O)(=O)O)[C@H]1CC[C@H]2[C@@H]3[C@H](O)CC4C[C@H](O)CC[C@]4(C)[C@H]3C[C@H](O)[C@]12C,fit,excluded,chem:hypervalent,WBWWGRHZICKQGZ,[M+H]+,Orbitrap
N[C@@H](CS(=O)(=O)O)C(=O)O,calibration,excluded,chem:hypervalent,XVOYSCVBGLVSOL,[M+H]+,Orbitrap
CCCCCCCCCCCCCCCC(=O)OCC(COP(=O)(O)OCCN)OC(=O)CCCCCCCCCCCCCCC,fit,excluded,chem:unsupported_element:P,SLKDGVPOSSLUAI,[M+H]+,Orbitrap
O=C1CC[C@H](C(=O)O)N1,calibration,candidate,,ODHCTXKNWHHXJC,[M+H]+,Orbitrap
COc1ccc2c(c1OC)C(=O)O[C@H]2[C@H]1c2c(cc3c(c2OC)OCO3)CCN1C,fit,candidate,,AKNNEGZIBPJZJG,[M+H]+,QTOF
Cc1c(C(C)C2NCC(C)CC2O)ccc2c1CC1C2CC=C2CC(O)CCC21C,fit,candidate,,MALFODICFSIXPO,[M+H]+,Orbitrap
CN1CCc2cc3c(c4c2[C@H]1Cc1ccccc1-4)OCO3,calibration,candidate,,JCTYWRARKVGOBK,[M+H]+,QTOF
CC=C(C)C(=O)OC1CCC2(C)C3CCC4C5(O)CC(O)C6(O)C(CN7CC(C)CCC7C6(C)O)C5(O)CC42OC13O,fit,candidate,,DBUCFOVFALNEOO,[M+H]+,Orbitrap
C=C(C)C1CCC2=CC(=O)CC(C)C2(C)C1,fit,candidate,,WTOYNNBCKUYIKC,[M+H]+,Orbitrap
C[C@]12CCC(=O)C=C1CC[C@@H]1C2CC[C@@]2(C)C1CC[C@]2(O)C(=O)CO,fit,candidate,,WHBHBVVOGNECLV,[M+H]+,Orbitrap
CC(CCC(=O)NCCS(=O)(=O)O)C1CCC2C3CCC4CC(O)CCC4(C)C3CC(O)C12C,fit,excluded,chem:hypervalent,AWDRATDZQPNJFN,[M+H]+,Orbitrap
COc1cc2c(c3oc4cccc(O)c4c(=O)c13)C1C=COC1O2,fit,candidate,,UTSVPXMQSFGQTM,[M+H]+,Orbitrap
CC1(C)OC2CC3C4CC(F)C5=CC(=O)C=CC5(C)C4(F)C(O)CC3(C)C2(C(=O)CO)O1,fit,candidate,,FEBLZLNTKCEFIT,[M+H]+,Orbitrap
COc1ccc(C(=O)Nc2ccn(C3CC(O)C(CO)O3)c(=O)n2)cc1,calibration,candidate,,ZASFNFUJGOZQBW,[M+H]+,Orbitrap
NC(Cc1cc(I)c(Oc2ccc(O)c(I)c2)c(I)c1)C(=O)O,fit,candidate,,AUYYCJSJGJYCDS,[M+H]+,Orbitrap
CC1CCC2C(C)C(=O)OC3OC4(C)CCC1C32OO4,fit,candidate,,BLUAFEHZUWYNDE,[M+Na]+,Orbitrap
C=C(CO)C1Cc2c(ccc3c2OC2COc4cc(OC)c(OC)cc4C2C3=O)O1,calibration,candidate,,ZJMLELXRQUXRIU,[M+H]+,Orbitrap
COC1C(OC(N)=O)C(O)C(Oc2ccc3c(O)c(NC(=O)c4ccc(O)c(CC=C(C)C)c4)c(=O)oc3c2C)OC1(C)C,fit,candidate,,YJQPYGGHQPGBLI,[M+H]+,Orbitrap
CC12CCC(=O)C=C1CCC1C2C(O)CC2(C=O)C(C(=O)CO)CCC12,fit,candidate,,PQSUYGKTWSAVDQ,[M+H]+,Orbitrap
COc1ccc2cc1Oc1ccc(cc1)C[C@H]1c3cc(c(OC)cc3CCN1C)Oc1c(OC)c(OC)cc3c1[C@@H](C2)N(C)CC3,calibration,candidate,,WVTKBKWTSCPRNU,[M+H]+,QTOF
COc1cc(-c2cc(=O)c3c(O)cc(OC4OC(CO)C(O)C(O)C4O)cc3o2)ccc1O,fit,candidate,,GAMYVSCDDLXAQW,[M+H]+,Orbitrap
CCC(=C(CC)c1ccc(O)cc1)c1ccc(O)cc1,calibration,candidate,,RGLYKWWBQGJZGM,[M+H]+,Orbitrap
C[C@H](CCC(=O)NCC(=O)O)[C@H]1CCC2C3CC[C@@H]4C[C@H](O)CC[C@]4(C)C3C[C@H](O)[C@@]21C,fit,candidate,,WVULKSPCQVQLCU,[M+Na]+,Orbitrap
C[C@H](CCC(=O)NCC(=O)O)[C@H]1CC[C@H]2[C@@H]3[C@H](O)[C@H](O)[C@@H]4C[C@H](O)CC[C@]4(C)[C@H]3CC[C@]12C,fit,candidate,,ZQYUKJFJPJDMMR,[M+Na]+,QTOF
C[C@H](CCC(=O)NCC(=O)O)[C@H]1CC[C@H]2[C@@H]3CC[C@@H]4C[C@H](O)CC[C@]4(C)[C@H]3CC[C@]12C,fit,candidate,,XBSQTYHEGZTYJE,[M+H]+,Orbitrap
C[C@H](CCC(=O)O)[C@H]1CC[C@H]2[C@@H]3CC[C@@H]4CC(=O)CC[C@]4(C)[C@H]3CC[C@]12C,fit,candidate,,KIQFUORWRVZTHT,[M+H]+,QTOF
C[C@H](CCC(=O)O)[C@H]1CC[C@H]2[C@@H]3CC[C@H]4C[C@H](O)CC[C@]4(C)[C@H]3C[C@@H](O)[C@]12C,fit,candidate,,KXGVEGMKQFWNSR,[M+Na]+,QTOF
C[C@H](CCC(=O)O)[C@H]1CC[C@H]2[C@@H]3CC[C@H]4C[C@H](O)CC[C@]4(C)[C@H]3CC[C@]12C,fit,candidate,,SMEROWZSTRWXGI,[M+H]+,QTOF
C[C@H](CCC(=O)NCCS(=O)(=O)O)[C@H]1CC[C@H]2[C@@H]3[C@@H](O)C[C@@H]4C[C@H](O)CC[C@]4(C)[C@H]3C[C@@H](O)[C@]12C,fit,excluded,chem:hypervalent,WBWWGRHZICKQGZ,[M+Na]+,QTOF
C[C@H](CCC(=O)O)[C@H]1CC[C@H]2[C@@H]3[C@@H](O)C[C@@H]4C[C@@H](O)CC[C@]4(C)[C@H]3CC[C@]12C,fit,candidate,,RUDATBOHQWOJDD,[M+Na]+,QTOF
C[C@H](CCC(=O)O)[C@H]1CC[C@H]2[C@@H]3[C@@H](O)C[C@@H]4C[C@@H](O)CC[C@]4(C)[C@H]3C[C@@H](O)[C@]12C,fit,candidate,,BHQCQFFYRZLCQQ,[M+Na]+,QTOF
C[C@H](CCC(=O)O)[C@H]1CC[C@H]2[C@@H]3[C@@H](O)[C@@H](O)[C@@H]4C[C@H](O)CC[C@]4(C)[C@H]3CC[C@]12C,fit,candidate,,DKPMWHFRUGMUKF,[M+H]+,QTOF
C[C@H](CCC(=O)O)[C@H]1CC[C@H]2[C@@H]3[C@@H](O)C[C@@H]4C[C@H](O)CC[C@]4(C)[C@H]3C[C@H](O)[C@]12C,fit,candidate,,BHQCQFFYRZLCQQ,[M+H]+,QTOF
C[C@H](CCC(=O)NCCS(=O)(=O)O)[C@H]1CC[C@H]2[C@@H]3[C@@H](O)[C@@H](O)[C@@H]4C[C@H](O)CC[C@]4(C)[C@H]3CC[C@]12C,fit,excluded,chem:hypervalent,XSOLDPYUICCHJX,[M+Na]+,QTOF
C[C@H](CCC(=O)O)[C@H]1CC[C@H]2[C@@H]3[C@H](O)C[C@H]4C[C@H](O)CC[C@]4(C)[C@H]3CC[C@]12C,fit,candidate,,RUDATBOHQWOJDD,[M+Na]+,QTOF
C[C@H](CCC(=O)O)[C@H]1CC[C@H]2[C@@H]3[C@H](O)[C@@H](O)[C@@H]4C[C@@H](O)CC[C@]4(C)[C@H]3CC[C@]12C,fit,candidate,,DKPMWHFRUGMUKF,[M+Na]+,QTOF
C[C@H](CCC(=O)O)[C@H]1CC[C@H]2[C@@H]3[C@@H](O)[C@H](O)[C@@H]4C[C@H](O)CC[C@]4(C)[C@H]3CC[C@]12C,fit,candidate,,DKPMWHFRUGMUKF,[M+Na]+,QTOF
C[C@H](CCC(=O)O)[C@H]1CC[C@H]2[C@@H]3[C@H](O)[C@H](O)[C@@H]4C[C@@H](O)CC[C@]4(C)[C@H]3CC[C@]12C,fit,candidate,,DKPMWHFRUGMUKF,[M+Na]+,QTOF
C[C@H](CCC(=O)O)[C@H]1CC[C@H]2[C@@H]3[C@@H](O)[C@@H](O)[C@@H]4C[C@@H](O)CC[C@]4(C)[C@H]3CC[C@]12C,fit,candidate,,DKPMWHFRUGMUKF,[M+Na]+,QTOF
C[C@H](CCC(=O)O)[C@H]1CC[C@H]2[C@@H]3[C@H](O)[C@@H](O)[C@@H]4C[C@H](O)CC[C@]4(C)[C@H]3CC[C@]12C,fit,candidate,,DKPMWHFRUGMUKF,[M+Na]+,QTOF
C[C@H](CCC(=O)NCCS(=O)(=O)O)[C@H]1CC[C@H]2[C@@H]3[C@H](O)[C@@H](O)[C@@H]4C[C@H](O)CC[C@]4(C)[C@H]3CC[C@]12C,fit,excluded,chem:hypervalent,XSOLDPYUICCHJX,[M+Na]+,QTOF
C[C@H](CCC(=O)NCCS(=O)(=O)O)[C@H]1CC[C@H]2[C@@H]3CC[C@@H]4C[C@H](O)CC[C@]4(C)[C@H]3C[C@@H](O)[C@]12C,fit,excluded,chem:hypervalent,AWDRATDZQPNJFN,[M+Na]+,QTOF
C[C@H](CCC(=O)O)[C@H]1CC[C@H]2[C@@H]3[C@@H](O)[C@H](O)[C@@H]4C[C@@H](O)CC[C@]4(C)[C@H]3CC[C@]12C,fit,candidate,,DKPMWHFRUGMUKF,[M+Na]+,QTOF
C[C@H](CCC(=O)O)[C@H]1CC[C@H]2[C@@H]3[C@H](O)C[C@@H]4C[C@@H](O)CC[C@]4(C)[C@H]3CC[C@]12C,fit,candidate,,RUDATBOHQWOJDD,[M+Na]+,QTOF
C[C@H](CCC(=O)NCCS(=O)(=O)O)[C@H]1CC[C@H]2[C@@H]3[C@@H](O)C[C@@H]4C[C@@H](O)CC[C@]4(C)[C@H]3CC[C@]12C,fit,excluded,chem:hypervalent,BHTRKEVKTKCXOH,[M+Na]+,QTOF
C[C@H](CCC(=O)O)[C@H]1CC[C@H]2[C@@H]3[C@@H](O)C[C@@H]4C[C@H](O)CC[C@]4(C)[C@H]3C[C@@H](O)[C@]12C,fit,candidate,,BHQCQFFYRZLCQQ,[M+Na]+,QTOF
C[C@H](CCC(=O)NCCS(=O)(=O)O)[C@H]1CC[C@H]2[C@@H]3[C@@H](O)C[C@@H]4C[C@H](O)CC[C@]4(C)[C@H]3C[C@H](O)[C@]12C,fit,excluded,chem:hypervalent,WBWWGRHZICKQGZ,[M+Na]+,QTOF
C[C@H](CCC(=O)O)[C@H]1CC[C@H]2[C@@H]3CC[C@H]4C[C@@H](O)CC[C@]4(C)[C@H]3CC[C@]12C,fit,candidate,,SMEROWZSTRWXGI,[M+H]+,QTOF
C[C@H](CCC(=O)NCCS(=O)(=O)O)[C@H]1CC[C@H]2[C@@H]3CCC4C[C@H](O)CC[C@]4(C)[C@H]3C[C@H](O)[C@]12C,fit,excluded,chem:hypervalent,AWDRATDZQPNJFN,[M+H]+,Orbitrap
C[C@H](CCC(=O)NCCS(=O)(=O)O)C1CC[C@H]2[C@@H]3[C@H](O)CC4C[C@H](O)CC[C@]4(C)[C@H]3C[C@H](O)[C@]12C,fit,excluded,chem:hypervalent,WBWWGRHZICKQGZ,[M+Na]+,Orbitrap
C[C@H](CCC(=O)NCCS(=O)(=O)O)[C@H]1CC[C@H]2[C@@H]3[C@H](O)CC4C[C@H](O)CC[C@]4(C)[C@H]3CC[C@]12C,fit,excluded,chem:hypervalent,BHTRKEVKTKCXOH,[M+H]+,Orbitrap
C[C@H](CCC(=O)NCCS(=O)(=O)O)C1CC[C@H]2[C@@H]3[C@H](O)[C@H](O)C4C[C@H](O)CC[C@]4(C)[C@H]3CC[C@]12C,fit,excluded,chem:hypervalent,XSOLDPYUICCHJX,[M+H]+,Orbitrap
C[C@H](CCC(=O)NCCS(=O)(=O)O)C1CC[C@H]2[C@@H]3[C@@H](O)[C@H](O)C4C[C@H](O)CC[C@]4(C)[C@H]3CC[C@]12C,fit,excluded,chem:hypervalent,XSOLDPYUICCHJX,[M+H]+,Orbitrap
C[C@H](CCC(=O)NCCS(=O)(=O)O)C1CC[C@H]2[C@@H]3[C@H](O)[C@@H](O)C4C[C@H](O)CC[C@]4(C)[C@H]3CC[C@]12C,fit,excluded,chem:hypervalent,XSOLDPYUICCHJX,[M+H]+,Orbitrap
C[C@H](CCC(=O)NCCS(=O)(=O)O)C1CC[C@H]2[C@@H]3[C@@H](O)[C@@H](O)C4C[C@H](O)CC[C@]4(C)[C@H]3CC[C@]12C,fit,excluded,chem:hypervalent,XSOLDPYUICCHJX,[M+H]+,Orbitrap
C[C@H](CCC(=O)NCCS(=O)(=O)O)C1CC[C@H]2[C@@H]3[C@@H](O)CC4C[C@H](O)CC[C@]4(C)[C@H]3C[C@H](O)[C@]12C,fit,excluded,chem:hypervalent,WBWWGRHZICKQGZ,[M+H]+,Orbitrap
C[C@H](CCC(=O)NCCS(=O)(=O)O)C1CC[C@H]2[C@@H]3[C@@H](O)CC4C[C@H](O)CC[C@]4(C)[C@H]3C[C@@H](O)[C@]12C,fit,excluded,chem:hypervalent,WBWWGRHZICKQGZ,[M+H]+,Orbitrap
C[C@H](CCC(=O)NCCS(=O)(=O)O)[C@H]1CC[C@H]2[C@@H]3[C@@H](O)CC4C[C@H](O)CC[C@]4(C)[C@H]3CC[C@]12C,fit,excluded,chem:hypervalent,BHTRKEVKTKCXOH,[M+H]+,Orbitrap
C[C@H](CCC(=O)NCCS(=O)(=O)O)[C@H]1CC[C@H]2[C@@H]3CCC4C[C@H](O)CC[C@]4(C)[C@H]3CC[C@]12C,fit,excluded,chem:hypervalent,QBYUNVOYXHFVKC,[M+H]+,Orbitrap
C[C@H](CCC(=O)NCCS(=O)(=O)O)[C@H]1CC[C@H]2[C@@H]3CCC4C[C@@H](O)CC[C@]4(C)[C@H]3C[C@H](O)[C@]12C,fit,excluded,chem:hypervalent,AWDRATDZQPNJFN,[M+H]+,Orbitrap
C[C@H](CCC(=O)NCCS(=O)(=O)O)[C@H]1CC[C@H]2[C@@H]3[C@H](O)CC4C[C@@H](O)CC[C@]4(C)[C@H]3CC[C@]12C,fit,excluded,chem:hypervalent,BHTRKEVKTKCXOH,[M+Na]+,Orbitrap
N[C@H](CCC(=O)O)C(=O)O,fit,candidate,,WHUUTDBJXJRKMK,[M+H]+,Orbitrap
CC(=O)N[C@@H]1[C@@H](O)[C@H](O)[C@@H](CO)O[C@@H]1O,fit,candidate,,OVRNDRQMDRJTHS,[M+H]+,Orbitrap
CC(=O)N[C@@H](C=O)[C@@H](O)[C@@H](O)[C@H](O)CO,fit,candidate,,MBLBDJOUHNCFQT,[M+H]+,Orbitrap
Nc1ncnc2c1ncn2[C@@H]1O[C@@H]2COP(=O)(O)O[C@@H]2C1O,fit,excluded,chem:unsupported_element:P,IVOMOUWHDPKRLL,[M+H]+,Orbitrap
CC1CCC2(OC1)OC1CC3C4CC=C5CC(O)CCC5(C)C4CCC3(C)C1C2C,fit,candidate,,WQLVFSAGQJTQCK,[M+Na]+,Orbitrap
Cc1c(C)c2c(c(C)c1O)CCC(C)(CCCC(C)CCCC(C)CCCC(C)C)O2,fit,candidate,,GVJHHUAWPYXKBD,[M+Na]+,Orbitrap
CC(C=CC=C(C)C=CC1=C(C)CC(O)CC1(C)C)=CC=CC=C(C)C=CC=C(C)C=CC1=C(C)CC(O)CC1(C)C,fit,candidate,,JKQXZKUSFCKOGQ,[M+Na]+,Orbitrap
COc1cc2c(=O)c(-c3ccc(O)cc3)coc2cc1OC1OC(CO)C(O)C(O)C1O,fit,candidate,,OZBAVEKZGSOMOJ,[M+H]+,Orbitrap
C=C(CCC(C(=O)O)C1C(O)CC2(C)C3=C(CCC12C)C1(C)CCC(OC(C)=O)C(C)(C)C1CC3)C(C)C,fit,candidate,,VDYCLYGKCGVBHN,[M+H]+,Orbitrap
OC1C=C2CCN3Cc4cc5c(cc4C(C1O)C23)OCO5,fit,candidate,,XGVJWXAYKUHDOO,[M+Na]+,Orbitrap
O=C1CCCC2C3CC(CN12)C1CC(O)CCN1C3,fit,candidate,,JVYKIBAJVKEZSQ,[M+Na]+,Orbitrap
O=C1C=CCC2C3CCCN4CCCC(CN12)C34,fit,candidate,,AAGFPTSOPGCENQ,[M+Na]+,Orbitrap
Oc1cc(O)c2c(c1)OC(c1cc(O)c(O)c(O)c1)C(O)C2,fit,candidate,,XMOCLSLCDHWDHP,[M+Na]+,Orbitrap
CC12CCC3c4ccc(O)cc4CCC3C1CC(O)C2O,fit,candidate,,PROQIPRRNZUXQM,[M+H]+,Orbitrap
CC(C=CC=C(C)C=CC1=C(C)CC(O)CC1(C)C)=CC=CC=C(C)C=CC=C(C)C=CC1C(C)=CC(O)CC1(C)C,fit,candidate,,KBPHJBAIARWVSC,[M+Na]+,Orbitrap
COc1cc2c(=O)c(-c3ccc(O)cc3)coc2cc1OC1OC(COC(C)=O)C(O)C(O)C1O,fit,candidate,,DUBPGEJGGVZKDD,[M+H]+,Orbitrap
COC1CC(OC2CCC3(C)C(CCC4C3CCC3(C)C(C5=CC(=O)OC5)C(OC(C)=O)CC43O)C2)OC(C)C1O,fit,candidate,,JLPDBLFIVFSOCC,[M+H]+,Orbitrap
C=C(CCC(C(=O)O)C1C(O)CC2(C)C3=CCC(C(=C)C)C(C)(CCC(=O)O)C3=CCC12C)C(C)C,fit,candidate,,KVAQLXUMUVEKGR,[M+H]+,Orbitrap
O=c1cccc2n1CC1CNCC2C1,fit,candidate,,ANJTVLIZGCUXLD,[M+H]+,Orbitrap
CC(=O)OC1CCC2(C)C3=C(CCC2C1(C)C)C1(C)CC(O)C(C(CCC=C(C)C)C(=O)O)C1(C)CC3,fit,candidate,,SRDNLMOBFKJOSD,[M+Na]+,Orbitrap
Nc1[nH]c(=O)nc2c1ncn2C1OC(CO)C(O)C1O,fit,candidate,,MIKUYHXYGGJMLM,[M+H]+,Orbitrap
CC(=O)OC1CCC2(C)C3=CCC4(C)C(C(CCC=C(C)C)C(=O)O)C(O)CC4(C)C3=CCC2C1(C)C,fit,candidate,,DLBLMTCYISHWGP,[M+Na]+,Orbitrap
COc1cc2c3c(c1OC)-c1ccccc1CC3N(C)CC2,fit,candidate,,ORJVQPIHKOARKV,[M+H]+,Orbitrap
C=C(CCC(C(=O)O)C1C(O)CC2(C)C3=CCC4C(C)(C)C(=O)CCC4(C)C3=CCC12C)C(C)C,fit,candidate,,KPKYWYZPIVAHKU,[M+Na]+,Orbitrap
CC1OC(OC2CCC3(C)C(CCC4(C)C3C=CC3=C5CC(C)(C)CCC5(CO)C(O)CC34C)C2(C)CO)C(O)C(OC2OC(CO)C(O)C(O)C2O)C1O,calibration,candidate,,WRYJYFCCMSVEPQ,[M+H]+,Orbitrap
CC(CCC(=O)O)C1CCC2C3CCC4CC(O)CCC4(C)C3CC(O)C12C,fit,candidate,,KXGVEGMKQFWNSR,[M+Na]+,Orbitrap
CC(=O)OC1CC(C)(C)C(=C=CC(C)=CC=CC(C)=CC=CC=C(C)C=CC=C(C)C(=O)CC23OC2(C)CC(O)CC3(C)C)C(C)(O)C1,fit,candidate,,SJWWTRQNNRNTPU,[M+Na]+,Orbitrap
C[C@@H]1CC[C@]2(C(=O)O)CC[C@]3(C)C(=CCC4[C@@]5(C)C[C@@H](O)[C@@H](O)C(C)(C)C5CC[C@]43C)C2[C@H]1C,calibration,candidate,,HFGSQOYIOKBQOW,[M+H]+,QTOF
CN[C@H](C)[C@H](O)c1ccccc1,fit,candidate,,KWGRBVOPPLSCSI,[M+H]+,QTOF
CCCCCCCCC=CCCCCCCCC(=O)NC(CC(C)C)C(=O)O,fit,candidate,,UMOAAMQGRRCHPA,[M+H]+,QTOF
CCCCCCCCC=CCCCCCCCC(=O)NC(Cc1ccccc1)C(=O)O,fit,candidate,,UWKNPULCJWBBDD,[M+H]+,QTOF
CON=C1CC2(CC3CC(CC=C(C)CC(C)C=CC=C4COC5C(O)C(C)=CC(C(=O)O3)C45O)O2)OC(C(C)=CC(C)C)C1C,fit,candidate,,YZBLFMPOMVTDJY,[M+H]+,Orbitrap
CCCCCCCC/C=C\CCCCCCCC(=O)OC[C@@H](O)COP(=O)([O-])OCC[N+](C)(C)C,calibration,excluded,chem:unsupported_element:P,YAMUFBLWGFFICM,[M+H]+,QTOF
CCCCCCCCCCCCCCCC(=O)OC[C@@H](O)COP(=O)([O-])OCC[N+](C)(C)C,fit,excluded,chem:unsupported_element:P,ASWBNKHCZGQVJV,[M+Na]+,QTOF
[NH3+][C@H](Cc1cc(I)c(Oc2ccc(O)cc2)c(I)c1)C(=O)[O-],fit,excluded,chem:unsupported_charge,ZHSOTLOTTDYIIK,[M+H]+,Orbitrap
CC1(C)C2CC[C@]3(C)C(C(=O)C=C4C5C[C@@](C)(C(=O)O)CC[C@]5(C)CC[C@]43C)[C@@]2(C)CC[C@@H]1O[C@@H]1O[C@H](C(=O)O)[C@@H](O)[C@H](O)[C@H]1O[C@H]1O[C@H](C(=O)O)[C@@H](O)[C@H](O)[C@H]1O,calibration,candidate,,LPLVUJXQOOQHMX,[M+H]+,QTOF
C=CC1CN2CCC1CC2[C@@H](O)c1ccnc2ccc(OC)cc12,fit,candidate,,LOUPRKONTZGTKE,[M+H]+,QTOF
CC[C@H]1CN2CCc3cc(OC)c(OC)cc3[C@@H]2C[C@@H]1C[C@@H]1NCCc2cc(OC)c(OC)cc21,fit,candidate,,AUVVAXYIELKVAI,[M+H]+,QTOF
CCCCCCCCCC(=O)N[C@H]1CCOC1=O,fit,candidate,,TZWZKDULKILUPV,[M+H]+,Orbitrap
CCCCCC(=O)N[C@H]1CCOC1=O,fit,candidate,,ZJFKKPDLNLCPNP,[M+H]+,Orbitrap
CCCC(=O)N[C@H]1CCOC1=O,fit,candidate,,VFFNZZXXTGXBOG,[M+H]+,Orbitrap
O=c1cc(-c2ccc(O)cc2)oc2c([C@H]3OC[C@H](O)[C@@H](O)[C@H]3O)c(O)c([C@@H]3OC[C@H](O)[C@@H](O)[C@H]3O)c(O)c12,calibration,candidate,,LDVNKZYMYPZDAI,[M+Na]+,QTOF
O=C(O)[C@H](Cc1ccccc1)NCC1(O)O[C@H](CO)[C@@H](O)[C@@H]1O,calibration,candidate,,FAVRCIXPIVJIPN,[M+H]+,QTOF
O=C1c2c(O)cc(O)cc2O[C@H](c2ccc(O)cc2)[C@H]1O,calibration,candidate,,PADQINQHPQKXNL,[M+H]+,QTOF
CC12C=CC(=O)C=C1CCC1C2CCC2(C)C1CC[C@@]2(C)O,fit,candidate,,XWALNWXLMVGSFR,[M+Na]+,QTOF
C[C@H]1CCCC(O)CCCCCc2cc(O)cc(O)c2C(=O)O1,fit,candidate,,DWTTZBARDOXEAM,[M+H]+,QTOF
C[C@H]1O[C@H](Oc2c(-c3ccc(O)c(O)c3)oc3cc(O)cc(O)c3c2=O)[C@@H](O)[C@@H](O)[C@@H]1O,calibration,candidate,,OXGUCUVFOIWWQJ,[M+H]+,Orbitrap
CC[C@]12C=CCN3CC[C@]4(C(=C(C(=O)OC)C1)Nc1ccccc14)C32,calibration,candidate,,FNGGIPWAZSFKCN,[M+H]+,Orbitrap
C=CC12CN(C)C3C4COC(C[C@H]41)[C@@]1(C(=O)Nc4ccccc41)C32,fit,candidate,,NFYYATWFXNPTRM,[M+H]+,Orbitrap
CC1=C[C@H]2O[C@@H]3C[C@H]4OC(=O)/C=C\C=C\[C@H]([C@@H](C)O)OCC/C(C)=C/C(=O)OC[C@@]2(CC1)[C@]4(C)[C@]31CO1,fit,candidate,,KEEQQEKLEZRLDS,[M+H]+,QTOF
OCC1OC(Oc2cc(O)cc(/C=C\c3ccc(O)cc3)c2)C(O)C(O)C1O,calibration,candidate,,HSTZMXCBWJGKHG,[M+H]+,Orbitrap
COC(=O)C1=CO[C@@H](C)[C@H]2CN3CC[C@@]4(C(=O)Nc5ccccc54)[C@@H]3C[C@H]12,calibration,candidate,,JMIAZDVHNCCPDM,[M+H]+,QTOF
COC(=O)C1=CO[C@@H](C)[C@@H]2CN3CC[C@@]4(C(=O)Nc5ccccc54)[C@@H]3C[C@H]12,calibration,candidate,,JMIAZDVHNCCPDM,[M+H]+,QTOF
C[C@@H]1O[C@@H](Oc2c(-c3ccc(O)c(O)c3)oc3cc(O)cc(O)c3c2=O)[C@H](O[C@@H]2O[C@H](CO)[C@@H](O)[C@H](O)[C@H]2O)[C@H](O)[C@H]1O,calibration,candidate,,DFNXNCCYQRPZMD,[M+H]+,QTOF
O=c1c(O[C@@H]2OC(CO)[C@@H](O)[C@H](O)[C@H]2O)c(-c2cc(O)c(O)c(O)c2)oc2cc(O)cc(O)c12,calibration,candidate,,FOHXFLPXBUAOJM,[M+H]+,QTOF
COc1cc(-c2cc(=O)c3c(O)cc(O[C@@H]4O[C@H](CO)[C@@H](O)C(O)[C@H]4O)cc3o2)ccc1O,fit,candidate,,GAMYVSCDDLXAQW,[M+H]+,QTOF
C[C@@H]1O[C@@H](Oc2c(-c3ccc(O)c(O)c3)oc3cc(O[C@@H]4O[C@H](CO)[C@@H](O)C(O)[C@H]4O)cc(O)c3c2=O)C(O[C@@H]2O[C@H](COC(=O)/C=C/c3ccc(O)cc3)[C@@H](O)[C@H](O)[C@H]2O)[C@H](O)[C@H]1O,calibration,candidate,,SHRUKDVTMUBNTL,[M+H]+,QTOF
O=c1cc(-c2ccc(O)c(O)c2)oc2cc(O[C@@H]3O[C@H](CO)[C@@H](O)C(O)[C@H]3O)cc(O)c12,fit,candidate,,PEFNSGRTCBGNAN,[M+H]+,QTOF
CC[C@H]1[C@@H]2CCN3CC[C@@]4(C(=C2C(=O)OC)Nc2ccccc24)[C@@H]13,calibration,candidate,,RLAKWLFUMAABBE,[M+H]+,QTOF
CC1=C[C@@H]2[C@@H]3[C@H](CC(=O)[C@]24C(=O)N[C@@H](CC(C)C)[C@@H]4[C@@H]1C)[C@@H]1O[C@@]3(C)CC[C@H]1O,fit,candidate,,AQZDMONQDXTWHN,[M+H]+,Orbitrap
COc1cc2c3cc1Oc1c(OC)c(OC)cc4c1[C@H](Cc1ccc(cc1)Oc1cc(ccc1O)C[C@H]3N(C)CC2)N(C)CC4,calibration,candidate,,HGNHIFJNOKGSKI,[M+H]+,QTOF
CCCCCCCCCCCCCCCC(=O)OC[C@@H](O)CO,fit,candidate,,QHZLMUACJMDIAE,[M+H]+,QTOF
O=C(/C=C/c1ccc(O)c(O)c1)OC1CC(O)(C(=O)O)CC(O)C1O,calibration,candidate,,CWVRJTMFETXNAD,[M+H]+,QTOF
CN(C)C(N)=NCCCC(N)C(=O)O,fit,candidate,,YDGMGEXADBMOMJ,[M+H]+,Orbitrap
OC[C@H]1OC(OC[C@H]2OC(O[C@]3(CO)O[C@H](CO)[C@@H](O)[C@@H]3O)[C@H](O)[C@@H](O)[C@@H]2O)[C@H](O)[C@@H](O)[C@H]1O,fit,candidate,,MUPFEKGTMRGPLJ,[M+Na]+,Orbitrap
CC1CCC[C@H](O)CCCCCc2cc(O)cc(O)c2C(=O)O1,fit,candidate,,DWTTZBARDOXEAM,[M+H]+,QTOF
C/C=C1/[C@H]2C=C(C)C[C@]1(N)c1ccc(=O)[nH]c1C2,fit,candidate,,ZRJBHWIHUMBLCN,[M+H]+,QTOF
CNC(=O)Oc1ccc2c(c1)[C@]1(C)CCN(C)C1N2C,fit,candidate,,PIJVFDBKTWXHHD,[M+H]+,QTOF
CO[C@H]1C=CO[C@@]2(C)Oc3c(C)c(O)c4c(O)c(c5c(nc6cc(C)ccn65)c4c3C2=O)NC(=O)C(C)=CC=C[C@H](C)[C@H](O)[C@@H](C)[C@@H](O)[C@@H](C)[C@H](OC(C)=O)[C@@H]1C,fit,candidate,,NZCRJKRKKOLAOJ,[M+H]+,QTOF
CN1CCN(C(=O)O[C@H]2c3nccnc3C(=O)N2c2ccc(Cl)cn2)CC1,fit,candidate,,GBBSUAFBMRNDJC,[M+H]+,QTOF
CN1CCN2c3ncccc3Cc3ccccc3[C@@H]2C1,fit,candidate,,RONZAEMNMFQXRA,[M+H]+,QTOF
CCOC(=O)[C@@H](CCc1ccccc1)N[C@@H](C)C(=O)N1CCC[C@H]1C(=O)O,fit,candidate,,GBXSMTUPTTWBMN,[M+H]+,QTOF
Nc1nc(F)nc2c1ncn2[C@@H]1O[C@H](CO)[C@@H](O)[C@@H]1O,fit,candidate,,HBUBKKRHXORPQB,[M+H]+,QTOF
CC1O[C@@H](OCC2O[C@@H](Oc3cc(O)c4c(c3)OC(c3ccc(O)cc3)CC4=O)[C@H](O)[C@@H](O)[C@@H]2O)[C@H](O)[C@H](O)[C@H]1O,calibration,candidate,,HXTFHSYLYXVTHC,[M+H]+,QTOF
C=CC12CN(C)[C@@H]3C4CO[C@H](C[C@H]41)[C@]1(C(=O)Nc4ccccc41)[C@@H]32,fit,candidate,,NFYYATWFXNPTRM,[M+H]+,QTOF
CC[C@H]1CN2CCC1C[C@@H]2[C@H](O)c1ccnc2ccc(OC)cc12,calibration,candidate,,LJOQGZACKSYWCH,[M+H]+,QTOF
CC(C)NC[C@@H](O)COc1cccc2ccccc12,fit,candidate,,AQHHHDLHHXJYJD,[M+H]+,QTOF
CN(C)CC/C=C1\c2ccccc2CSc2ccccc21,fit,candidate,,PHTUQLWOUWZIMZ,[M+H]+,QTOF
O=c1cc(-c2ccc(O)cc2)oc2c(C3O[C@H](CO)[C@@H](O)[C@H](O)[C@H]3O)c(O)cc(O)c12,fit,candidate,,SGEWCQFRYRRZDC,[M+H]+,QTOF
CN1CC[C@@]2(C)c3cc(O)ccc3N(C)[C@@H]12,fit,candidate,,HKGWQUVGHPDEBZ,[M+H]+,QTOF
CN1CCN(CC/C=C2\c3ccccc3Sc3ccc(S(=O)(=O)N(C)C)cc32)CC1,calibration,excluded,chem:hypervalent,GFBKORZTTCHDGY,[M+H]+,QTOF
Nc1nc(F)nc2c1ncn2[C@@H]1O[C@H](CO)[C@@H](O)[C@H]1O,fit,candidate,,HBUBKKRHXORPQB,[M+H]+,QTOF
CC[C@]12CCCN3CCc4c(n(c5ccccc45)[C@](O)(C(=O)OC)C1)[C@@H]32,fit,candidate,,RXPRRQLKFXBCSJ,[M+H]+,QTOF
C[C@H]1CCCC(=O)CCCC=Cc2cc(O)cc(O)c2C(=O)O1,fit,candidate,,MBMQEIFVQACCCH,[M+H]+,QTOF
Nc1ncnc2c1ncn2C1O[C@H](CO)[C@@H](O)[C@@H]1O,fit,candidate,,OIRDTQYFTABQOQ,[M+H]+,QTOF
CCOC(=O)[C@@H](CCc1ccccc1)N[C@H](C)C(=O)N1[C@H](C(=O)O)C[C@@H]2CCC[C@@H]21,fit,candidate,,HDACQVRGBOVJII,[M+H]+,QTOF
C#CCN[C@H](C)Cc1ccccc1,fit,candidate,,UUFAJPMQSFXDFR,[M+H]+,QTOF
CN(C)CCC[C@]1(c2ccc(F)cc2)OCc2cc(C#N)ccc21,fit,candidate,,WSEQXVZVJXJVFP,[M+H]+,QTOF
CC[C@H]1CN2CCC1C[C@@H]2[C@@H](O)c1ccnc2ccc(OC)cc12,calibration,candidate,,LJOQGZACKSYWCH,[M+H]+,QTOF
CC[C@H]1C2C[C@H]3[C@@H]4N(C)c5ccccc5C45C[C@H](C2[C@H]5O)N3[C@@H]1O,calibration,candidate,,CJDRUOGAGYHKKD,[M+H]+,QTOF
CN1CCc2cccc3c2[C@@H]1Cc1ccc(O)c(O)c1-3,fit,candidate,,VMWNQDUVQKEIOC,[M+H]+,QTOF
C=C[C@@H]1CN2CCC1C[C@@H]2[C@@H](O)c1ccnc2ccc(OC)cc12,fit,candidate,,LOUPRKONTZGTKE,[M+H]+,QTOF
CC(C)C[C@H](NC(=O)OCC1c2ccccc2-c2ccccc21)C(=O)O,fit,candidate,,CBPJQFCAFFNICX,[M+H]+,QTOF
COc1ccc([C@@H]2CC(=O)c3c(O)cc(O[C@@H]4OC(CO[C@@H]5OC(C)[C@H](O)[C@H](O)C5O)[C@@H](O)[C@@H](O)C4O)cc3O2)cc1O,calibration,candidate,,QUQPHWDTPGMPEX,[M+H]+,QTOF
Cc1nccn1C[C@@H]1CCc2c(c3ccccc3n2C)C1=O,fit,candidate,,FELGMEQIXOGIFQ,[M+H]+,QTOF
COc1ccc2c(c1OC)C(=O)O[C@H]2[C@@H]1c2cc3c(cc2CCN1C)OCO3,calibration,candidate,,JZUTXVTYJDCMDU,[M+H]+,QTOF
CC(C)c1ccc2c(c1)CC[C@H]1[C@](C)(CN)CCC[C@]21C,fit,candidate,,JVVXZOOGOGPDRZ,[M+H]+,QTOF
O[C@@H]1[C@@H](O)C=C2CCN3Cc4cc5c(cc4[C@H]1C23)OCO5,fit,candidate,,XGVJWXAYKUHDOO,[M+H]+,QTOF
C=C[C@@]12CN(C)[C@H]3[C@H]1[C@@]1(C(=O)Nc4ccccc41)C1CC2[C@@H]3CO1,fit,candidate,,NFYYATWFXNPTRM,[M+H]+,QTOF
O=C(O)[C@@H]1[C@H]2C[C@H]3c4[nH]c5ccccc5c4CCN3C[C@@H]2CC[C@@H]1O,calibration,candidate,,AADVZSXPNRLYLV,[M+H]+,QTOF
C#C[C@]1(O)CCC2C3CCC4=Cc5oncc5CC4(C)C3CCC21C,fit,candidate,,POZRVZJJTULAOH,[M+H]+,QTOF
CC[C@H]1CN2CCC1C[C@H]2[C@H](O)c1ccnc2ccc(OC)cc12,calibration,candidate,,LJOQGZACKSYWCH,[M+H]+,QTOF
CC(C)NC[C@H](O)COc1cccc2[nH]ccc12,fit,candidate,,JZQKKSLKJUAGIC,[M+H]+,QTOF
CC(C)NC[C@H](O)COc1ccc(CC(N)=O)cc1,fit,candidate,,METKIMKYRPQLGS,[M+H]+,QTOF
CCCCCCCCCCCCCC(=O)OC[C@@H](O)COP(=O)([O-])OCC[N+](C)(C)C,fit,excluded,chem:unsupported_element:P,VXUOFDJKYGDUJI,[M+Na]+,QTOF
COc1ccc(-c2coc3cc(O[C@@H]4OC(CO)[C@@H](O)C(O)[C@@H]4O)c(OC)cc3c2=O)cc1,calibration,candidate,,YLYJXNTZVUEFJZ,[M+H]+,QTOF
CC[C@H](C)[C@H](N)C(=O)N[C@@H](CCC(=O)O)C(=O)O,calibration,candidate,,KTGFOCFYOZQVRJ,[M+H]+,QTOF
CC(C)C[C@H](N)C(=O)N[C@H](C(=O)O)C(C)C,calibration,candidate,,MDSUKZSLOATHMH,[M+H]+,QTOF
CC[C@H](C)[C@H](NC(=O)[C@@H](N)C(C)C)C(=O)O,calibration,candidate,,PNVLWFYAPWAQMU,[M+H]+,QTOF
CCCCC/C=C\C=C\C(=O)CCCCCCCC(=O)O,calibration,candidate,,LUZSWWYKKLTDHU,[M+H]+,QTOF
CNC(=O)O/N=C\C(C)(C)SC,fit,candidate,,QGLZXHRNAYXIBU,[M+Na]+,QTOF
CCCCCCCC/C=C/CCCCCCCC(=O)OCC(O)CO,fit,candidate,,RZRNAYUHWVFMIP,[M+H]+,QTOF
CC[C@H](C)[C@H](NC(=O)[C@@H](N)Cc1ccccc1)C(=O)O,calibration,candidate,,JWBLQDDHSDGEGR,[M+H]+,QTOF
CC1=C(/C=C/C(C)=C\C=C\C(C)=C\C=O)C(C)(C)CCC1,fit,candidate,,NCYCYZXNIZJOKI,[M+H]+,QTOF
CC(C)(C)[C@@H](O)[C@@H](Cc1ccc(Cl)cc1)n1cncn1,fit,candidate,,RMOGWMIKYWRTKW,[M+H]+,QTOF
CC(=O)OC[C@]12C[C@H](OC(=O)CC(C)C)C(C)=C[C@H]1OC1[C@H](O)[C@@H](OC(C)=O)[C@@]2(C)[C@@]12CO2,fit,candidate,,BXFOFFBJRFZBQZ,[M+Na]+,QTOF
CC(C)[C@H](N)C(=O)N[C@H](C(=O)O)C(C)C,calibration,candidate,,KRNYOVHEKOBTEF,[M+H]+,QTOF
CC[C@H](C)[C@H](NC(=O)[C@@H]1CCC(=O)N1)C(=O)O,calibration,candidate,,MKCVLTRITQNGQI,[M+H]+,QTOF
CC(C)C[C@H](NC(=O)[C@@H](N)CO)C(=O)O,calibration,candidate,,NFDYGNFETJVMSE,[M+H]+,QTOF
Nc1ncnc2c1ncn2[C@@H]1O[C@H](COP(=O)(O)OP(=O)(O)OC[C@H]2OC(O)[C@H](O)[C@@H]2O)[C@@H](O)[C@H]1O,fit,excluded,chem:unsupported_element:P,SRNWOUGRCWSEMX,[M+H]+,QTOF
OCC1O[C@@H](O[C@@H]2C(CO)O[C@H](O)[C@H](O)C2O)[C@@H](O)C(O)[C@H]1O,fit,candidate,,GUBGYTABKSRVRQ,[M+H]+,QTOF
C[C@@H]1O[C@@H](O[C@H]2C(Oc3cc(O)c4c(=O)c(O)c(-c5ccc(O)cc5)oc4c3)O[C@H](CO)[C@@H](O)[C@@H]2O)[C@H](O)C(O)[C@H]1O,calibration,candidate,,ZEJXENDZTYVXDP,[M+H]+,QTOF
N[C@@H](CCC(=O)NC(CS)C(=O)O)C(=O)O,calibration,candidate,,RITKHVBHSGLULN,[M+H]+,QTOF
CCCCCCCCC=CCCCCCCCC(=O)OC(CC(=O)[O-])C[N+](C)(C)C,fit,excluded,chem:unsupported_charge,IPOLTUVFXFHAHI,[M+H]+,Orbitrap
CC(CCC(=O)O)C1CCC2C3C(O)C(O)C4CC(O)CCC4(C)C3CCC12C,fit,candidate,,DKPMWHFRUGMUKF,[M+H]+,Orbitrap
O[C@@H]1[C@@H]2c3cc4c(cc3CN3CCC(=C[C@H]1O)[C@@H]23)OCO4,fit,candidate,,XGVJWXAYKUHDOO,[M+H]+,QTOF
CC1(C)[C@@H](O)CC[C@]2(C)[C@H]3C(=O)C=C4[C@@H]5C[C@](C)(C(=O)O)CC[C@]5(C)CC[C@@]4(C)[C@]3(C)CC[C@@H]12,fit,candidate,,MPDGHEJMBKOTSU,[M+H]+,QTOF
CC(C)(C)[C@@H](O)/C(=C\c1ccc(Cl)cc1Cl)n1cncn1,fit,candidate,,FBOUIAKEJMZPQG,[M+H]+,QTOF
CC(C)[C@H]1CC[C@@H](Cc2ccc(Cl)cc2)[C@]1(O)Cn1cncn1,fit,candidate,,QTYCMDBMOLSEAM,[M+H]+,QTOF
CC(C)(C)[C@H](O)[C@H](Cc1ccc(Cl)cc1)n1cncn1,fit,candidate,,RMOGWMIKYWRTKW,[M+H]+,QTOF
CCN(CC)C(=O)/C(Cl)=C(\C)OP(=O)(OC)OC,fit,excluded,chem:unsupported_element:P,RGCLLPNLLBQHPF,[M+H]+,QTOF
CCNP(=S)(OC)O/C(C)=C/C(=O)OC(C)C,fit,excluded,chem:unsupported_element:P,BZNDWPRGXNILMS,[M+H]+,QTOF
CCNC(=O)NC(=O)C(C#N)=NOC,fit,candidate,,XERJKGMBORTKEO,[M+H]+,QTOF
Cc1ccc(C(C)NC(=O)[C@H](NC(=O)OC(C)C)C(C)C)cc1,fit,candidate,,NWUWYYSKZYIQAE,[M+H]+,QTOF
CCNc1nc(N[C@H](C)CC)nc(OC)n1,fit,candidate,,ZJMZZNVGNSWOOM,[M+H]+,QTOF
COC(=O)/C(C)=C/OP(=S)(OC)OC,fit,excluded,chem:unsupported_element:P,NTAHCMPOMKHKEU,[M+H]+,QTOF
Cc1cn([C@@H]2C[C@@H](O)[C@H](CO)O2)c(=O)[nH]c1=O,fit,candidate,,IQFYYKKMVGJFEH,[M+H]+,QTOF
COc1ccccc1OC[C@@H](O)CO,fit,candidate,,HSRJKNPTNIJEKV,[M+Na]+,QTOF
CCCC(N[C@@H](C)C(=O)N1[C@@H](C(=O)O)C[C@@H]2CCCC[C@@H]21)C(=O)OCC,fit,candidate,,IPVQLZZIHOAWMC,[M+Na]+,QTOF
CC1(C)[C@@H](O[C@H]2O[C@H](C(=O)O)[C@@H](O)[C@H](O)[C@@H]2O[C@@H]2O[C@H](C(=O)O)[C@@H](O)[C@H](O)[C@H]2O)CC[C@@]2(C)[C@H]3C(=O)C=C4[C@@H]5C[C@@](C)(C(=O)O)CC[C@]5(C)CC[C@@]4(C)[C@]3(C)CC[C@@H]12,calibration,candidate,,LPLVUJXQOOQHMX,[M+H]+,QTOF
C=C[C@H]1CN2CC[C@H]1C[C@H]2[C@@H](O)c1ccnc2ccc(OC)cc12,fit,candidate,,LOUPRKONTZGTKE,[M+H]+,QTOF
CCCN1C[C@@H](CSC)C[C@@H]2c3cccc4[nH]cc(c34)C[C@H]21,calibration,candidate,,YEHCICAEULNIGD,[M+H]+,QTOF
C[C@H]1O[C@@H](O[C@@H]2C[C@H](O)[C@]3(CO)[C@H]4[C@H](O)C[C@]5(C)[C@H](C6=CC(=O)OC6)CC[C@]5(O)[C@@H]4CC[C@]3(O)C2)[C@@H](O)[C@H](O)[C@H]1O,fit,candidate,,LPMXVESGRSUGHW,[M+H]+,QTOF
CN1[C@@H]2CC[C@@H]1CC(OC(=O)C(O)c1ccccc1)C2,calibration,candidate,,ZTVIKZXZYLEVOL,[M+H]+,QTOF
CN[C@@H]1CC[C@@H](c2ccc(Cl)c(Cl)c2)c2ccccc21,fit,candidate,,VGKDLMBJGBXTGI,[M+H]+,QTOF
COc1cc2c(cc1O)C[C@@H]1c3c(cc(O)c(OC)c3-2)CCN1C,calibration,candidate,,LZJRNLRASBVRRX,[M+H]+,QTOF
COc1ccc2c3c1O[C@H]1[C@@H](O)C=C[C@H]4C(C2)N(C)CC[C@@]341,fit,candidate,,OROGSEYTTFOCAN,[M+H]+,QTOF
COc1ccc2c(c1O)-c1c(OC)c(OC)cc3c1[C@@H](C2)N(C)CC3,fit,candidate,,QELDJEKNFOQJOY,[M+H]+,QTOF
COc1ccc(C[C@H]2c3cc(OC)c(OC)cc3CCN2C)cc1OC,fit,candidate,,KGPAYJZAMGEDIQ,[M+H]+,QTOF
CN1CC[C@]23c4c5ccc(O)c4O[C@H]2[C@@H](O)C=C[C@H]3C1C5,fit,candidate,,BQJCRHHNABKAKU,[M+H]+,QTOF
COc1ccc2cc1Oc1ccc(cc1)C[C@@H]1c3cc(c(OC)cc3CCN1C)Oc1c(OC)c(OC)cc3c1[C@@H](C2)N(C)CC3,calibration,candidate,,WVTKBKWTSCPRNU,[M+H]+,QTOF
CC/C=C\C/C=C\C/C=C\CCCCCCCC(=O)OC[C@@H](O)COP(=O)([O-])OCC[N+](C)(C)C,calibration,excluded,chem:unsupported_element:P,WKQNRCYKYCKESD,[M+H]+,Orbitrap
CC(=O)OC[C@H]1O[C@@H](Oc2c(-c3ccc(O)c(O)c3)oc3cc(O)cc(O)c3c2=O)C(O)C(O)[C@@H]1O,calibration,candidate,,IGLUNMMNDNWZOA,[M+H]+,QTOF
C[C@H]1O[C@@H](Oc2cc(O)c3c(=O)c(O[C@@H]4O[C@H](CO)[C@H](O)[C@H](O)[C@H]4O)c(-c4ccc(O)cc4)oc3c2)[C@H](O)[C@@H](O)[C@H]1O,calibration,candidate,,JYXSWDCPHRTYGU,[M+H]+,QTOF
CC1O[C@@H](OC2C(O)[C@H](Oc3c(-c4ccc(O)cc4)oc4cc(O)cc(O)c4c3=O)OC(CO)[C@H]2O)[C@@H](O)C(O)[C@H]1O,calibration,candidate,,YFPYXTNSQOUHPS,[M+H]+,QTOF
CC1O[C@@H](OC2C(O)[C@H](O)C(CO)O[C@H]2Oc2c(-c3ccc(O)cc3)oc3cc(O[C@@H]4OC(C)[C@H](O)[C@H](O)C4O)cc(O)c3c2=O)[C@@H](O)C(O)[C@H]1O,calibration,excluded,calib_content_duplicate_fit,DDELFAUOHDSZJL,[M+H]+,QTOF
CC1O[C@@H](Oc2cc(O)c3c(=O)c(O[C@@H]4OC(CO)[C@@H](O)C(O)C4O)c(-c4ccc(O)c(O)c4)oc3c2)C(O)[C@@H](O)[C@H]1O,calibration,candidate,,OTUCXMIQUNROBJ,[M+H]+,QTOF
